 # CO2 visible 
 # For interval boundaries, see corresponding files  
 #Temperature(K)  100,  150,  200,  250,  300,  350,  400,  600, 
 #P(bar) 1.00e-05, 1.00e-04, 1.00e-03, 1.00e-02, 1.00e-01, 1.00e+00, 1.00e+01, 1.00e+02, 

  Quadrature weights w(quad)        Quadrature abscissas (g)
   1.65231051440290516e-01           6.59602519928250280e-02
   3.09768948559709378e-01           3.13509004297193250e-01
   3.09768948559709378e-01           6.36490995702806650e-01
   1.65231051440290516e-01           8.84039748007174886e-01
   8.69637112843634277e-03           9.53471592210148655e-01
   1.63036288715636482e-02           9.66500473910378632e-01
   1.63036288715636482e-02           9.83499526089621323e-01
   8.69637112843634277e-03           9.96528407789851300e-01
!--------------------------------------------------------------------------------------------------------------------------

          1
          100.0
  0.00001   3.95684e-60 3.95684e-60 3.95684e-60 3.95684e-60 3.95684e-60 3.95684e-60 3.95684e-60 3.95684e-60 
  0.00010   3.95684e-60 3.95684e-60 3.95684e-60 3.95684e-60 3.95684e-60 3.95684e-60 3.95684e-60 3.95684e-60 
  0.00100   3.95684e-60 3.95684e-60 3.95684e-60 3.95684e-60 3.95684e-60 3.95684e-60 3.95684e-60 3.95684e-60 
  0.01000   3.95684e-60 3.95684e-60 3.95684e-60 3.95684e-60 3.95684e-60 3.95684e-60 3.95684e-60 3.95684e-60 
  0.10000   3.95684e-60 3.95684e-60 3.95684e-60 3.95684e-60 3.95684e-60 3.95684e-60 3.95684e-60 3.95684e-60 
  1.00000   3.95684e-60 3.95684e-60 3.95684e-60 3.95684e-60 3.95684e-60 3.95684e-60 3.95684e-60 3.95684e-60 
 10.00000   3.95684e-60 3.95684e-60 3.95684e-60 3.95684e-60 3.95684e-60 3.95684e-60 3.95684e-60 3.95684e-60 
100.00000   3.95684e-60 3.95684e-60 3.95684e-60 3.95684e-60 3.95684e-60 3.95684e-60 3.95684e-60 3.95684e-60 

          1
          150.0
  0.00001   3.95684e-60 3.95684e-60 3.95684e-60 3.95684e-60 3.95684e-60 3.95684e-60 3.95684e-60 3.95684e-60 
  0.00010   3.95684e-60 3.95684e-60 3.95684e-60 3.95684e-60 3.95684e-60 3.95684e-60 3.95684e-60 3.95684e-60 
  0.00100   3.95684e-60 3.95684e-60 3.95684e-60 3.95684e-60 3.95684e-60 3.95684e-60 3.95684e-60 3.95684e-60 
  0.01000   3.95684e-60 3.95684e-60 3.95684e-60 3.95684e-60 3.95684e-60 3.95684e-60 3.95684e-60 3.95684e-60 
  0.10000   3.95684e-60 3.95684e-60 3.95684e-60 3.95684e-60 3.95684e-60 3.95684e-60 3.95684e-60 3.95684e-60 
  1.00000   3.95684e-60 3.95684e-60 3.95684e-60 3.95684e-60 3.95684e-60 3.95684e-60 3.95684e-60 3.95684e-60 
 10.00000   3.95684e-60 3.95684e-60 3.95684e-60 3.95684e-60 3.95684e-60 3.95684e-60 3.95684e-60 3.95684e-60 
100.00000   3.95684e-60 3.95684e-60 3.95684e-60 3.95684e-60 3.95684e-60 3.95684e-60 3.95684e-60 3.95684e-60 

          1
          200.0
  0.00001   3.95684e-60 3.95684e-60 3.95684e-60 3.95684e-60 3.95684e-60 3.95684e-60 3.95684e-60 3.95684e-60 
  0.00010   3.95684e-60 3.95684e-60 3.95684e-60 3.95684e-60 3.95684e-60 3.95684e-60 3.95684e-60 3.95684e-60 
  0.00100   3.95684e-60 3.95684e-60 3.95684e-60 3.95684e-60 3.95684e-60 3.95684e-60 3.95684e-60 3.95684e-60 
  0.01000   3.95684e-60 3.95684e-60 3.95684e-60 3.95684e-60 3.95684e-60 3.95684e-60 3.95684e-60 3.95684e-60 
  0.10000   3.95684e-60 3.95684e-60 3.95684e-60 3.95684e-60 3.95684e-60 3.95684e-60 3.95684e-60 3.95684e-60 
  1.00000   3.95684e-60 3.95684e-60 3.95684e-60 3.95684e-60 3.95684e-60 3.95684e-60 3.95684e-60 3.95684e-60 
 10.00000   3.95684e-60 3.95684e-60 3.95684e-60 3.95684e-60 3.95684e-60 3.95684e-60 3.95684e-60 3.95684e-60 
100.00000   3.95684e-60 3.95684e-60 3.95684e-60 3.95684e-60 3.95684e-60 3.95684e-60 3.95684e-60 3.95684e-60 

          1
          250.0
  0.00001   3.95684e-60 3.95684e-60 3.95684e-60 3.95684e-60 3.95684e-60 3.95684e-60 3.95684e-60 3.95684e-60 
  0.00010   3.95684e-60 3.95684e-60 3.95684e-60 3.95684e-60 3.95684e-60 3.95684e-60 3.95684e-60 3.95684e-60 
  0.00100   3.95684e-60 3.95684e-60 3.95684e-60 3.95684e-60 3.95684e-60 3.95684e-60 3.95684e-60 3.95684e-60 
  0.01000   3.95684e-60 3.95684e-60 3.95684e-60 3.95684e-60 3.95684e-60 3.95684e-60 3.95684e-60 3.95684e-60 
  0.10000   3.95684e-60 3.95684e-60 3.95684e-60 3.95684e-60 3.95684e-60 3.95684e-60 3.95684e-60 3.95684e-60 
  1.00000   3.95684e-60 3.95684e-60 3.95684e-60 3.95684e-60 3.95684e-60 3.95684e-60 3.95684e-60 3.95684e-60 
 10.00000   3.95684e-60 3.95684e-60 3.95684e-60 3.95684e-60 3.95684e-60 3.95684e-60 3.95684e-60 3.95684e-60 
100.00000   3.95684e-60 3.95684e-60 3.95684e-60 3.95684e-60 3.95684e-60 3.95684e-60 3.95684e-60 3.95684e-60 

          1
          300.0
  0.00001   3.95684e-60 3.95684e-60 3.95684e-60 3.95684e-60 3.95684e-60 3.95684e-60 3.95684e-60 3.95684e-60 
  0.00010   3.95684e-60 3.95684e-60 3.95684e-60 3.95684e-60 3.95684e-60 3.95684e-60 3.95684e-60 3.95684e-60 
  0.00100   3.95684e-60 3.95684e-60 3.95684e-60 3.95684e-60 3.95684e-60 3.95684e-60 3.95684e-60 3.95684e-60 
  0.01000   3.95684e-60 3.95684e-60 3.95684e-60 3.95684e-60 3.95684e-60 3.95684e-60 3.95684e-60 3.95684e-60 
  0.10000   3.95684e-60 3.95684e-60 3.95684e-60 3.95684e-60 3.95684e-60 3.95684e-60 3.95684e-60 3.95684e-60 
  1.00000   3.95684e-60 3.95684e-60 3.95684e-60 3.95684e-60 3.95684e-60 3.95684e-60 3.95684e-60 3.95684e-60 
 10.00000   3.95684e-60 3.95684e-60 3.95684e-60 3.95684e-60 3.95684e-60 3.95684e-60 3.95684e-60 3.95684e-60 
100.00000   3.95684e-60 3.95684e-60 3.95684e-60 3.95684e-60 3.95684e-60 3.95684e-60 3.95684e-60 3.95684e-60 

          1
          350.0
  0.00001   3.95684e-60 3.95684e-60 3.95684e-60 3.95684e-60 3.95684e-60 3.95684e-60 3.95684e-60 3.95684e-60 
  0.00010   3.95684e-60 3.95684e-60 3.95684e-60 3.95684e-60 3.95684e-60 3.95684e-60 3.95684e-60 3.95684e-60 
  0.00100   3.95684e-60 3.95684e-60 3.95684e-60 3.95684e-60 3.95684e-60 3.95684e-60 3.95684e-60 3.95684e-60 
  0.01000   3.95684e-60 3.95684e-60 3.95684e-60 3.95684e-60 3.95684e-60 3.95684e-60 3.95684e-60 3.95684e-60 
  0.10000   3.95684e-60 3.95684e-60 3.95684e-60 3.95684e-60 3.95684e-60 3.95684e-60 3.95684e-60 3.95684e-60 
  1.00000   3.95684e-60 3.95684e-60 3.95684e-60 3.95684e-60 3.95684e-60 3.95684e-60 3.95684e-60 3.95684e-60 
 10.00000   3.95684e-60 3.95684e-60 3.95684e-60 3.95684e-60 3.95684e-60 3.95684e-60 3.95684e-60 3.95684e-60 
100.00000   3.95684e-60 3.95684e-60 3.95684e-60 3.95684e-60 3.95684e-60 3.95684e-60 3.95684e-60 3.95684e-60 

          1
          400.0
  0.00001   3.95684e-60 3.95684e-60 3.95684e-60 3.95684e-60 3.95684e-60 3.95684e-60 3.95684e-60 3.95684e-60 
  0.00010   3.95684e-60 3.95684e-60 3.95684e-60 3.95684e-60 3.95684e-60 3.95684e-60 3.95684e-60 3.95684e-60 
  0.00100   3.95684e-60 3.95684e-60 3.95684e-60 3.95684e-60 3.95684e-60 3.95684e-60 3.95684e-60 3.95684e-60 
  0.01000   3.95684e-60 3.95684e-60 3.95684e-60 3.95684e-60 3.95684e-60 3.95684e-60 3.95684e-60 3.95684e-60 
  0.10000   3.95684e-60 3.95684e-60 3.95684e-60 3.95684e-60 3.95684e-60 3.95684e-60 3.95684e-60 3.95684e-60 
  1.00000   3.95684e-60 3.95684e-60 3.95684e-60 3.95684e-60 3.95684e-60 3.95684e-60 3.95684e-60 3.95684e-60 
 10.00000   3.95684e-60 3.95684e-60 3.95684e-60 3.95684e-60 3.95684e-60 3.95684e-60 3.95684e-60 3.95684e-60 
100.00000   3.95684e-60 3.95684e-60 3.95684e-60 3.95684e-60 3.95684e-60 3.95684e-60 3.95684e-60 3.95684e-60 

          1
          600.0
  0.00001   3.95684e-60 3.95684e-60 3.95684e-60 3.95684e-60 3.95684e-60 3.95684e-60 3.95684e-60 3.95684e-60 
  0.00010   3.95684e-60 3.95684e-60 3.95684e-60 3.95684e-60 3.95684e-60 3.95684e-60 3.95684e-60 3.95684e-60 
  0.00100   3.95684e-60 3.95684e-60 3.95684e-60 3.95684e-60 3.95684e-60 3.95684e-60 3.95684e-60 3.95684e-60 
  0.01000   3.95684e-60 3.95684e-60 3.95684e-60 3.95684e-60 3.95684e-60 3.95684e-60 3.95684e-60 3.95684e-60 
  0.10000   3.95684e-60 3.95684e-60 3.95684e-60 3.95684e-60 3.95684e-60 3.95684e-60 3.95684e-60 3.95684e-60 
  1.00000   3.95684e-60 3.95684e-60 3.95684e-60 3.95684e-60 3.95684e-60 3.95684e-60 3.95684e-60 3.95684e-60 
 10.00000   3.95684e-60 3.95684e-60 3.95684e-60 3.95684e-60 3.95684e-60 3.95684e-60 3.95684e-60 3.95684e-60 
100.00000   3.95684e-60 3.95684e-60 3.95684e-60 3.95684e-60 3.95684e-60 3.95684e-60 3.95684e-60 3.95684e-60 

          2
          100.0
  0.00001   3.95684e-60 3.95684e-60 3.95684e-60 3.95684e-60 3.95684e-60 3.95684e-60 3.95684e-60 3.95684e-60 
  0.00010   3.95684e-60 3.95684e-60 3.95684e-60 3.95684e-60 3.95684e-60 3.95684e-60 3.95684e-60 3.95684e-60 
  0.00100   3.95684e-60 3.95684e-60 3.95684e-60 3.95684e-60 3.95684e-60 3.95684e-60 3.95684e-60 3.95684e-60 
  0.01000   3.95684e-60 3.95684e-60 3.95684e-60 3.95684e-60 3.95684e-60 3.95684e-60 3.95684e-60 3.95684e-60 
  0.10000   3.95684e-60 3.95684e-60 3.95684e-60 3.95684e-60 3.95684e-60 3.95684e-60 3.95684e-60 3.95684e-60 
  1.00000   3.95684e-60 3.95684e-60 3.95684e-60 3.95684e-60 3.95684e-60 3.95684e-60 3.95684e-60 3.95684e-60 
 10.00000   3.95684e-60 3.95684e-60 3.95684e-60 3.95684e-60 3.95684e-60 3.95684e-60 3.95684e-60 3.95684e-60 
100.00000   3.95684e-60 3.95684e-60 3.95684e-60 3.95684e-60 3.95684e-60 3.95684e-60 3.95684e-60 3.95684e-60 

          2
          150.0
  0.00001   3.95684e-60 3.95684e-60 3.95684e-60 3.95684e-60 3.95684e-60 3.95684e-60 3.95684e-60 3.95684e-60 
  0.00010   3.95684e-60 3.95684e-60 3.95684e-60 3.95684e-60 3.95684e-60 3.95684e-60 3.95684e-60 3.95684e-60 
  0.00100   3.95684e-60 3.95684e-60 3.95684e-60 3.95684e-60 3.95684e-60 3.95684e-60 3.95684e-60 3.95684e-60 
  0.01000   3.95684e-60 3.95684e-60 3.95684e-60 3.95684e-60 3.95684e-60 3.95684e-60 3.95684e-60 3.95684e-60 
  0.10000   3.95684e-60 3.95684e-60 3.95684e-60 3.95684e-60 3.95684e-60 3.95684e-60 3.95684e-60 3.95684e-60 
  1.00000   3.95684e-60 3.95684e-60 3.95684e-60 3.95684e-60 3.95684e-60 3.95684e-60 3.95684e-60 3.95684e-60 
 10.00000   3.95684e-60 3.95684e-60 3.95684e-60 3.95684e-60 3.95684e-60 3.95684e-60 3.95684e-60 3.95684e-60 
100.00000   3.95684e-60 3.95684e-60 3.95684e-60 3.95684e-60 3.95684e-60 3.95684e-60 3.95684e-60 3.95684e-60 

          2
          200.0
  0.00001   3.95684e-60 3.95684e-60 3.95684e-60 3.95684e-60 3.95684e-60 3.95684e-60 3.95684e-60 3.95684e-60 
  0.00010   3.95684e-60 3.95684e-60 3.95684e-60 3.95684e-60 3.95684e-60 3.95684e-60 3.95684e-60 3.95684e-60 
  0.00100   3.95684e-60 3.95684e-60 3.95684e-60 3.95684e-60 3.95684e-60 3.95684e-60 3.95684e-60 3.95684e-60 
  0.01000   3.95684e-60 3.95684e-60 3.95684e-60 3.95684e-60 3.95684e-60 3.95684e-60 3.95684e-60 3.95684e-60 
  0.10000   3.95684e-60 3.95684e-60 3.95684e-60 3.95684e-60 3.95684e-60 3.95684e-60 3.95684e-60 3.95684e-60 
  1.00000   3.95684e-60 3.95684e-60 3.95684e-60 3.95684e-60 3.95684e-60 3.95684e-60 3.95684e-60 3.95684e-60 
 10.00000   3.95684e-60 3.95684e-60 3.95684e-60 3.95684e-60 3.95684e-60 3.95684e-60 3.95684e-60 3.95684e-60 
100.00000   3.95684e-60 3.95684e-60 3.95684e-60 3.95684e-60 3.95684e-60 3.95684e-60 3.95684e-60 3.95684e-60 

          2
          250.0
  0.00001   3.95684e-60 3.95684e-60 3.95684e-60 3.95684e-60 3.95684e-60 3.95684e-60 3.95684e-60 3.95684e-60 
  0.00010   3.95684e-60 3.95684e-60 3.95684e-60 3.95684e-60 3.95684e-60 3.95684e-60 3.95684e-60 3.95684e-60 
  0.00100   3.95684e-60 3.95684e-60 3.95684e-60 3.95684e-60 3.95684e-60 3.95684e-60 3.95684e-60 3.95684e-60 
  0.01000   3.95684e-60 3.95684e-60 3.95684e-60 3.95684e-60 3.95684e-60 3.95684e-60 3.95684e-60 3.95684e-60 
  0.10000   3.95684e-60 3.95684e-60 3.95684e-60 3.95684e-60 3.95684e-60 3.95684e-60 3.95684e-60 3.95684e-60 
  1.00000   3.95684e-60 3.95684e-60 3.95684e-60 3.95684e-60 3.95684e-60 3.95684e-60 3.95684e-60 3.95684e-60 
 10.00000   3.95684e-60 3.95684e-60 3.95684e-60 3.95684e-60 3.95684e-60 3.95684e-60 3.95684e-60 3.95684e-60 
100.00000   3.95684e-60 3.95684e-60 3.95684e-60 3.95684e-60 3.95684e-60 3.95684e-60 3.95684e-60 3.95684e-60 

          2
          300.0
  0.00001   3.95684e-60 3.95684e-60 3.95684e-60 3.95684e-60 3.95684e-60 3.95684e-60 3.95684e-60 3.95684e-60 
  0.00010   3.95684e-60 3.95684e-60 3.95684e-60 3.95684e-60 3.95684e-60 3.95684e-60 3.95684e-60 3.95684e-60 
  0.00100   3.95684e-60 3.95684e-60 3.95684e-60 3.95684e-60 3.95684e-60 3.95684e-60 3.95684e-60 3.95684e-60 
  0.01000   3.95684e-60 3.95684e-60 3.95684e-60 3.95684e-60 3.95684e-60 3.95684e-60 3.95684e-60 3.95684e-60 
  0.10000   3.95684e-60 3.95684e-60 3.95684e-60 3.95684e-60 3.95684e-60 3.95684e-60 3.95684e-60 3.95684e-60 
  1.00000   3.95684e-60 3.95684e-60 3.95684e-60 3.95684e-60 3.95684e-60 3.95684e-60 3.95684e-60 3.95684e-60 
 10.00000   3.95684e-60 3.95684e-60 3.95684e-60 3.95684e-60 3.95684e-60 3.95684e-60 3.95684e-60 3.95684e-60 
100.00000   3.95684e-60 3.95684e-60 3.95684e-60 3.95684e-60 3.95684e-60 3.95684e-60 3.95684e-60 3.95684e-60 

          2
          350.0
  0.00001   3.95684e-60 3.95684e-60 3.95684e-60 3.95684e-60 3.95684e-60 3.95684e-60 3.95684e-60 3.95684e-60 
  0.00010   3.95684e-60 3.95684e-60 3.95684e-60 3.95684e-60 3.95684e-60 3.95684e-60 3.95684e-60 3.95684e-60 
  0.00100   3.95684e-60 3.95684e-60 3.95684e-60 3.95684e-60 3.95684e-60 3.95684e-60 3.95684e-60 3.95684e-60 
  0.01000   3.95684e-60 3.95684e-60 3.95684e-60 3.95684e-60 3.95684e-60 3.95684e-60 3.95684e-60 3.95684e-60 
  0.10000   3.95684e-60 3.95684e-60 3.95684e-60 3.95684e-60 3.95684e-60 3.95684e-60 3.95684e-60 3.95684e-60 
  1.00000   3.95684e-60 3.95684e-60 3.95684e-60 3.95684e-60 3.95684e-60 3.95684e-60 3.95684e-60 3.95684e-60 
 10.00000   3.95684e-60 3.95684e-60 3.95684e-60 3.95684e-60 3.95684e-60 3.95684e-60 3.95684e-60 3.95684e-60 
100.00000   3.95684e-60 3.95684e-60 3.95684e-60 3.95684e-60 3.95684e-60 3.95684e-60 3.95684e-60 3.95684e-60 

          2
          400.0
  0.00001   3.95684e-60 3.95684e-60 3.95684e-60 3.95684e-60 3.95684e-60 3.95684e-60 3.95684e-60 3.95684e-60 
  0.00010   3.95684e-60 3.95684e-60 3.95684e-60 3.95684e-60 3.95684e-60 3.95684e-60 3.95684e-60 3.95684e-60 
  0.00100   3.95684e-60 3.95684e-60 3.95684e-60 3.95684e-60 3.95684e-60 3.95684e-60 3.95684e-60 3.95684e-60 
  0.01000   3.95684e-60 3.95684e-60 3.95684e-60 3.95684e-60 3.95684e-60 3.95684e-60 3.95684e-60 3.95684e-60 
  0.10000   3.95684e-60 3.95684e-60 3.95684e-60 3.95684e-60 3.95684e-60 3.95684e-60 3.95684e-60 3.95684e-60 
  1.00000   3.95684e-60 3.95684e-60 3.95684e-60 3.95684e-60 3.95684e-60 3.95684e-60 3.95684e-60 3.95684e-60 
 10.00000   3.95684e-60 3.95684e-60 3.95684e-60 3.95684e-60 3.95684e-60 3.95684e-60 3.95684e-60 3.95684e-60 
100.00000   3.95684e-60 3.95684e-60 3.95684e-60 3.95684e-60 3.95684e-60 3.95684e-60 3.95684e-60 3.95684e-60 

          2
          600.0
  0.00001   3.95684e-60 3.95684e-60 3.95684e-60 3.95684e-60 3.95684e-60 3.95684e-60 3.95684e-60 3.95684e-60 
  0.00010   3.95684e-60 3.95684e-60 3.95684e-60 3.95684e-60 3.95684e-60 3.95684e-60 3.95684e-60 3.95684e-60 
  0.00100   3.95684e-60 3.95684e-60 3.95684e-60 3.95684e-60 3.95684e-60 3.95684e-60 3.95684e-60 3.95684e-60 
  0.01000   3.95684e-60 3.95684e-60 3.95684e-60 3.95684e-60 3.95684e-60 3.95684e-60 3.95684e-60 3.95684e-60 
  0.10000   3.95684e-60 3.95684e-60 3.95684e-60 3.95684e-60 3.95684e-60 3.95684e-60 3.95684e-60 3.95684e-60 
  1.00000   3.95684e-60 3.95684e-60 3.95684e-60 3.95684e-60 3.95684e-60 3.95684e-60 3.95684e-60 3.95684e-60 
 10.00000   3.95684e-60 3.95684e-60 3.95684e-60 3.95684e-60 3.95684e-60 3.95684e-60 3.95684e-60 3.95684e-60 
100.00000   3.95684e-60 3.95684e-60 3.95684e-60 3.95684e-60 3.95684e-60 3.95684e-60 3.95684e-60 3.95684e-60 

          3
          100.0
  0.00001   3.95684e-60 3.95684e-60 3.95684e-60 3.95684e-60 3.95684e-60 3.95684e-60 3.95684e-60 3.95684e-60 
  0.00010   3.95684e-60 3.95684e-60 3.95684e-60 3.95684e-60 3.95684e-60 3.95684e-60 3.95684e-60 3.95684e-60 
  0.00100   3.95684e-60 3.95684e-60 3.95684e-60 3.95684e-60 3.95684e-60 3.95684e-60 3.95684e-60 3.95684e-60 
  0.01000   3.95684e-60 3.95684e-60 3.95684e-60 3.95684e-60 3.95684e-60 3.95684e-60 3.95684e-60 3.95684e-60 
  0.10000   3.95684e-60 3.95684e-60 3.95684e-60 3.95684e-60 3.95684e-60 3.95684e-60 3.95684e-60 3.95684e-60 
  1.00000   3.95684e-60 3.95684e-60 3.95684e-60 3.95684e-60 3.95684e-60 3.95684e-60 3.95684e-60 3.95684e-60 
 10.00000   3.95684e-60 3.95684e-60 3.95684e-60 3.95684e-60 3.95684e-60 3.95684e-60 3.95684e-60 3.95684e-60 
100.00000   3.95684e-60 3.95684e-60 3.95684e-60 3.95684e-60 3.95684e-60 3.95684e-60 3.95684e-60 3.95684e-60 

          3
          150.0
  0.00001   3.95684e-60 3.95684e-60 3.95684e-60 3.95684e-60 3.95684e-60 3.95684e-60 3.95684e-60 3.95684e-60 
  0.00010   3.95684e-60 3.95684e-60 3.95684e-60 3.95684e-60 3.95684e-60 3.95684e-60 3.95684e-60 3.95684e-60 
  0.00100   3.95684e-60 3.95684e-60 3.95684e-60 3.95684e-60 3.95684e-60 3.95684e-60 3.95684e-60 3.95684e-60 
  0.01000   3.95684e-60 3.95684e-60 3.95684e-60 3.95684e-60 3.95684e-60 3.95684e-60 3.95684e-60 3.95684e-60 
  0.10000   3.95684e-60 3.95684e-60 3.95684e-60 3.95684e-60 3.95684e-60 3.95684e-60 3.95684e-60 3.95684e-60 
  1.00000   3.95684e-60 3.95684e-60 3.95684e-60 3.95684e-60 3.95684e-60 3.95684e-60 3.95684e-60 3.95684e-60 
 10.00000   3.95684e-60 3.95684e-60 3.95684e-60 3.95684e-60 3.95684e-60 3.95684e-60 3.95684e-60 3.95684e-60 
100.00000   3.95684e-60 3.95684e-60 3.95684e-60 3.95684e-60 3.95684e-60 3.95684e-60 3.95684e-60 3.95684e-60 

          3
          200.0
  0.00001   3.95684e-60 3.95684e-60 3.95684e-60 3.95684e-60 3.95684e-60 3.95684e-60 3.95684e-60 3.95684e-60 
  0.00010   3.95684e-60 3.95684e-60 3.95684e-60 3.95684e-60 3.95684e-60 3.95684e-60 3.95684e-60 3.95684e-60 
  0.00100   3.95684e-60 3.95684e-60 3.95684e-60 3.95684e-60 3.95684e-60 3.95684e-60 3.95684e-60 3.95684e-60 
  0.01000   3.95684e-60 3.95684e-60 3.95684e-60 3.95684e-60 3.95684e-60 3.95684e-60 3.95684e-60 3.95684e-60 
  0.10000   3.95684e-60 3.95684e-60 3.95684e-60 3.95684e-60 3.95684e-60 3.95684e-60 3.95684e-60 3.95684e-60 
  1.00000   3.95684e-60 3.95684e-60 3.95684e-60 3.95684e-60 3.95684e-60 3.95684e-60 3.95684e-60 3.95684e-60 
 10.00000   3.95684e-60 3.95684e-60 3.95684e-60 3.95684e-60 3.95684e-60 3.95684e-60 3.95684e-60 3.95684e-60 
100.00000   3.95684e-60 3.95684e-60 3.95684e-60 3.95684e-60 3.95684e-60 3.95684e-60 3.95684e-60 3.95684e-60 

          3
          250.0
  0.00001   3.95684e-60 3.95684e-60 3.95684e-60 3.95684e-60 3.95684e-60 3.95684e-60 3.95684e-60 3.95684e-60 
  0.00010   3.95684e-60 3.95684e-60 3.95684e-60 3.95684e-60 3.95684e-60 3.95684e-60 3.95684e-60 3.95684e-60 
  0.00100   3.95684e-60 3.95684e-60 3.95684e-60 3.95684e-60 3.95684e-60 3.95684e-60 3.95684e-60 3.95684e-60 
  0.01000   3.95684e-60 3.95684e-60 3.95684e-60 3.95684e-60 3.95684e-60 3.95684e-60 3.95684e-60 3.95684e-60 
  0.10000   3.95684e-60 3.95684e-60 3.95684e-60 3.95684e-60 3.95684e-60 3.95684e-60 3.95684e-60 3.95684e-60 
  1.00000   3.95684e-60 3.95684e-60 3.95684e-60 3.95684e-60 3.95684e-60 3.95684e-60 3.95684e-60 3.95684e-60 
 10.00000   3.95684e-60 3.95684e-60 3.95684e-60 3.95684e-60 3.95684e-60 3.95684e-60 3.95684e-60 3.95684e-60 
100.00000   3.95684e-60 3.95684e-60 3.95684e-60 3.95684e-60 3.95684e-60 3.95684e-60 3.95684e-60 3.95684e-60 

          3
          300.0
  0.00001   3.95684e-60 3.95684e-60 3.95684e-60 3.95684e-60 3.95684e-60 3.95684e-60 3.95684e-60 3.95684e-60 
  0.00010   3.95684e-60 3.95684e-60 3.95684e-60 3.95684e-60 3.95684e-60 3.95684e-60 3.95684e-60 3.95684e-60 
  0.00100   3.95684e-60 3.95684e-60 3.95684e-60 3.95684e-60 3.95684e-60 3.95684e-60 3.95684e-60 3.95684e-60 
  0.01000   3.95684e-60 3.95684e-60 3.95684e-60 3.95684e-60 3.95684e-60 3.95684e-60 3.95684e-60 3.95684e-60 
  0.10000   3.95684e-60 3.95684e-60 3.95684e-60 3.95684e-60 3.95684e-60 3.95684e-60 3.95684e-60 3.95684e-60 
  1.00000   3.95684e-60 3.95684e-60 3.95684e-60 3.95684e-60 3.95684e-60 3.95684e-60 3.95684e-60 3.95684e-60 
 10.00000   3.95684e-60 3.95684e-60 3.95684e-60 3.95684e-60 3.95684e-60 3.95684e-60 3.95684e-60 3.95684e-60 
100.00000   3.95684e-60 3.95684e-60 3.95684e-60 3.95684e-60 3.95684e-60 3.95684e-60 3.95684e-60 3.95684e-60 

          3
          350.0
  0.00001   3.95684e-60 3.95684e-60 3.95684e-60 3.95684e-60 3.95684e-60 3.95684e-60 3.95684e-60 3.95684e-60 
  0.00010   3.95684e-60 3.95684e-60 3.95684e-60 3.95684e-60 3.95684e-60 3.95684e-60 3.95684e-60 3.95684e-60 
  0.00100   3.95684e-60 3.95684e-60 3.95684e-60 3.95684e-60 3.95684e-60 3.95684e-60 3.95684e-60 3.95684e-60 
  0.01000   3.95684e-60 3.95684e-60 3.95684e-60 3.95684e-60 3.95684e-60 3.95684e-60 3.95684e-60 3.95684e-60 
  0.10000   3.95684e-60 3.95684e-60 3.95684e-60 3.95684e-60 3.95684e-60 3.95684e-60 3.95684e-60 3.95684e-60 
  1.00000   3.95684e-60 3.95684e-60 3.95684e-60 3.95684e-60 3.95684e-60 3.95684e-60 3.95684e-60 3.95684e-60 
 10.00000   3.95684e-60 3.95684e-60 3.95684e-60 3.95684e-60 3.95684e-60 3.95684e-60 3.95684e-60 3.95684e-60 
100.00000   3.95684e-60 3.95684e-60 3.95684e-60 3.95684e-60 3.95684e-60 3.95684e-60 3.95684e-60 3.95684e-60 

          3
          400.0
  0.00001   3.95684e-60 3.95684e-60 3.95684e-60 3.95684e-60 3.95684e-60 3.95684e-60 3.95684e-60 3.95684e-60 
  0.00010   3.95684e-60 3.95684e-60 3.95684e-60 3.95684e-60 3.95684e-60 3.95684e-60 3.95684e-60 3.95684e-60 
  0.00100   3.95684e-60 3.95684e-60 3.95684e-60 3.95684e-60 3.95684e-60 3.95684e-60 3.95684e-60 3.95684e-60 
  0.01000   3.95684e-60 3.95684e-60 3.95684e-60 3.95684e-60 3.95684e-60 3.95684e-60 3.95684e-60 3.95684e-60 
  0.10000   3.95684e-60 3.95684e-60 3.95684e-60 3.95684e-60 3.95684e-60 3.95684e-60 3.95684e-60 3.95684e-60 
  1.00000   3.95684e-60 3.95684e-60 3.95684e-60 3.95684e-60 3.95684e-60 3.95684e-60 3.95684e-60 3.95684e-60 
 10.00000   3.95684e-60 3.95684e-60 3.95684e-60 3.95684e-60 3.95684e-60 3.95684e-60 3.95684e-60 3.95684e-60 
100.00000   3.95684e-60 3.95684e-60 3.95684e-60 3.95684e-60 3.95684e-60 3.95684e-60 3.95684e-60 3.95684e-60 

          3
          600.0
  0.00001   3.95684e-60 3.95684e-60 3.95684e-60 3.95684e-60 3.95684e-60 3.95684e-60 3.95684e-60 3.95684e-60 
  0.00010   3.95684e-60 3.95684e-60 3.95684e-60 3.95684e-60 3.95684e-60 3.95684e-60 3.95684e-60 3.95684e-60 
  0.00100   3.95684e-60 3.95684e-60 3.95684e-60 3.95684e-60 3.95684e-60 3.95684e-60 3.95684e-60 3.95684e-60 
  0.01000   3.95684e-60 3.95684e-60 3.95684e-60 3.95684e-60 3.95684e-60 3.95684e-60 3.95684e-60 3.95684e-60 
  0.10000   3.95684e-60 3.95684e-60 3.95684e-60 3.95684e-60 3.95684e-60 3.95684e-60 3.95684e-60 3.95684e-60 
  1.00000   3.95684e-60 3.95684e-60 3.95684e-60 3.95684e-60 3.95684e-60 3.95684e-60 3.95684e-60 3.95684e-60 
 10.00000   3.95684e-60 3.95684e-60 3.95684e-60 3.95684e-60 3.95684e-60 3.95684e-60 3.95684e-60 3.95684e-60 
100.00000   3.95684e-60 3.95684e-60 3.95684e-60 3.95684e-60 3.95684e-60 3.95684e-60 3.95684e-60 3.95684e-60 

          4
          100.0
  0.00001   3.95684e-60 3.95684e-60 3.95684e-60 3.95684e-60 3.95684e-60 3.95684e-60 3.95684e-60 3.95684e-60 
  0.00010   3.95684e-60 3.95684e-60 3.95684e-60 3.95684e-60 3.95684e-60 3.95684e-60 3.95684e-60 3.95684e-60 
  0.00100   3.95684e-60 3.95684e-60 3.95684e-60 3.95684e-60 3.95684e-60 3.95684e-60 3.95684e-60 3.95684e-60 
  0.01000   3.95684e-60 3.95684e-60 3.95684e-60 3.95684e-60 3.95684e-60 3.95684e-60 3.95684e-60 3.95684e-60 
  0.10000   3.95684e-60 3.95684e-60 3.95684e-60 3.95684e-60 3.95684e-60 3.95684e-60 3.95684e-60 3.95684e-60 
  1.00000   3.95684e-60 3.95684e-60 3.95684e-60 3.95684e-60 3.95684e-60 3.95684e-60 3.95684e-60 3.95684e-60 
 10.00000   3.95684e-60 3.95684e-60 3.95684e-60 3.95684e-60 3.95684e-60 3.95684e-60 3.95684e-60 3.95684e-60 
100.00000   3.95684e-60 3.95684e-60 3.95684e-60 3.95684e-60 3.95684e-60 3.95684e-60 3.95684e-60 3.95684e-60 

          4
          150.0
  0.00001   3.95684e-60 3.95684e-60 3.95684e-60 3.95684e-60 3.95684e-60 3.95684e-60 3.95684e-60 3.95684e-60 
  0.00010   3.95684e-60 3.95684e-60 3.95684e-60 3.95684e-60 3.95684e-60 3.95684e-60 3.95684e-60 3.95684e-60 
  0.00100   3.95684e-60 3.95684e-60 3.95684e-60 3.95684e-60 3.95684e-60 3.95684e-60 3.95684e-60 3.95684e-60 
  0.01000   3.95684e-60 3.95684e-60 3.95684e-60 3.95684e-60 3.95684e-60 3.95684e-60 3.95684e-60 3.95684e-60 
  0.10000   3.95684e-60 3.95684e-60 3.95684e-60 3.95684e-60 3.95684e-60 3.95684e-60 3.95684e-60 3.95684e-60 
  1.00000   3.95684e-60 3.95684e-60 3.95684e-60 3.95684e-60 3.95684e-60 3.95684e-60 3.95684e-60 3.95684e-60 
 10.00000   3.95684e-60 3.95684e-60 3.95684e-60 3.95684e-60 3.95684e-60 3.95684e-60 3.95684e-60 3.95684e-60 
100.00000   3.95684e-60 3.95684e-60 3.95684e-60 3.95684e-60 3.95684e-60 3.95684e-60 3.95684e-60 3.95684e-60 

          4
          200.0
  0.00001   3.95684e-60 3.95684e-60 3.95684e-60 3.95684e-60 3.95684e-60 3.95684e-60 3.95684e-60 3.95684e-60 
  0.00010   3.95684e-60 3.95684e-60 3.95684e-60 3.95684e-60 3.95684e-60 3.95684e-60 3.95684e-60 3.95684e-60 
  0.00100   3.95684e-60 3.95684e-60 3.95684e-60 3.95684e-60 3.95684e-60 3.95684e-60 3.95684e-60 3.95684e-60 
  0.01000   3.95684e-60 3.95684e-60 3.95684e-60 3.95684e-60 3.95684e-60 3.95684e-60 3.95684e-60 3.95684e-60 
  0.10000   3.95684e-60 3.95684e-60 3.95684e-60 3.95684e-60 3.95684e-60 3.95684e-60 3.95684e-60 3.95684e-60 
  1.00000   3.95684e-60 3.95684e-60 3.95684e-60 3.95684e-60 3.95684e-60 3.95684e-60 3.95684e-60 3.95684e-60 
 10.00000   3.95684e-60 3.95684e-60 3.95684e-60 3.95684e-60 3.95684e-60 3.95684e-60 3.95684e-60 3.95684e-60 
100.00000   3.95684e-60 3.95684e-60 3.95684e-60 3.95684e-60 3.95684e-60 3.95684e-60 3.95684e-60 3.95684e-60 

          4
          250.0
  0.00001   3.95684e-60 3.95684e-60 3.95684e-60 3.95684e-60 3.95684e-60 3.95684e-60 3.95684e-60 3.95684e-60 
  0.00010   3.95684e-60 3.95684e-60 3.95684e-60 3.95684e-60 3.95684e-60 3.95684e-60 3.95684e-60 3.95684e-60 
  0.00100   3.95684e-60 3.95684e-60 3.95684e-60 3.95684e-60 3.95684e-60 3.95684e-60 3.95684e-60 3.95684e-60 
  0.01000   3.95684e-60 3.95684e-60 3.95684e-60 3.95684e-60 3.95684e-60 3.95684e-60 3.95684e-60 3.95684e-60 
  0.10000   3.95684e-60 3.95684e-60 3.95684e-60 3.95684e-60 3.95684e-60 3.95684e-60 3.95684e-60 3.95684e-60 
  1.00000   3.95684e-60 3.95684e-60 3.95684e-60 3.95684e-60 3.95684e-60 3.95684e-60 3.95684e-60 3.95684e-60 
 10.00000   3.95684e-60 3.95684e-60 3.95684e-60 3.95684e-60 3.95684e-60 3.95684e-60 3.95684e-60 3.95684e-60 
100.00000   3.95684e-60 3.95684e-60 3.95684e-60 3.95684e-60 3.95684e-60 3.95684e-60 3.95684e-60 3.95684e-60 

          4
          300.0
  0.00001   3.95684e-60 3.95684e-60 3.95684e-60 3.95684e-60 3.95684e-60 3.95684e-60 3.95684e-60 3.95684e-60 
  0.00010   3.95684e-60 3.95684e-60 3.95684e-60 3.95684e-60 3.95684e-60 3.95684e-60 3.95684e-60 3.95684e-60 
  0.00100   3.95684e-60 3.95684e-60 3.95684e-60 3.95684e-60 3.95684e-60 3.95684e-60 3.95684e-60 3.95684e-60 
  0.01000   3.95684e-60 3.95684e-60 3.95684e-60 3.95684e-60 3.95684e-60 3.95684e-60 3.95684e-60 3.95684e-60 
  0.10000   3.95684e-60 3.95684e-60 3.95684e-60 3.95684e-60 3.95684e-60 3.95684e-60 3.95684e-60 3.95684e-60 
  1.00000   3.95684e-60 3.95684e-60 3.95684e-60 3.95684e-60 3.95684e-60 3.95684e-60 3.95684e-60 3.95684e-60 
 10.00000   3.95684e-60 3.95684e-60 3.95684e-60 3.95684e-60 3.95684e-60 3.95684e-60 3.95684e-60 3.95684e-60 
100.00000   3.95684e-60 3.95684e-60 3.95684e-60 3.95684e-60 3.95684e-60 3.95684e-60 3.95684e-60 3.95684e-60 

          4
          350.0
  0.00001   3.95684e-60 3.95684e-60 3.95684e-60 3.95684e-60 3.95684e-60 3.95684e-60 3.95684e-60 3.95684e-60 
  0.00010   3.95684e-60 3.95684e-60 3.95684e-60 3.95684e-60 3.95684e-60 3.95684e-60 3.95684e-60 3.95684e-60 
  0.00100   3.95684e-60 3.95684e-60 3.95684e-60 3.95684e-60 3.95684e-60 3.95684e-60 3.95684e-60 3.95684e-60 
  0.01000   3.95684e-60 3.95684e-60 3.95684e-60 3.95684e-60 3.95684e-60 3.95684e-60 3.95684e-60 3.95684e-60 
  0.10000   3.95684e-60 3.95684e-60 3.95684e-60 3.95684e-60 3.95684e-60 3.95684e-60 3.95684e-60 3.95684e-60 
  1.00000   3.95684e-60 3.95684e-60 3.95684e-60 3.95684e-60 3.95684e-60 3.95684e-60 3.95684e-60 3.95684e-60 
 10.00000   3.95684e-60 3.95684e-60 3.95684e-60 3.95684e-60 3.95684e-60 3.95684e-60 3.95684e-60 3.95684e-60 
100.00000   3.95684e-60 3.95684e-60 3.95684e-60 3.95684e-60 3.95684e-60 3.95684e-60 3.95684e-60 3.95684e-60 

          4
          400.0
  0.00001   3.95684e-60 3.95684e-60 3.95684e-60 3.95684e-60 3.95684e-60 3.95684e-60 3.95684e-60 3.95684e-60 
  0.00010   3.95684e-60 3.95684e-60 3.95684e-60 3.95684e-60 3.95684e-60 3.95684e-60 3.95684e-60 3.95684e-60 
  0.00100   3.95684e-60 3.95684e-60 3.95684e-60 3.95684e-60 3.95684e-60 3.95684e-60 3.95684e-60 3.95684e-60 
  0.01000   3.95684e-60 3.95684e-60 3.95684e-60 3.95684e-60 3.95684e-60 3.95684e-60 3.95684e-60 3.95684e-60 
  0.10000   3.95684e-60 3.95684e-60 3.95684e-60 3.95684e-60 3.95684e-60 3.95684e-60 3.95684e-60 3.95684e-60 
  1.00000   3.95684e-60 3.95684e-60 3.95684e-60 3.95684e-60 3.95684e-60 3.95684e-60 3.95684e-60 3.95684e-60 
 10.00000   3.95684e-60 3.95684e-60 3.95684e-60 3.95684e-60 3.95684e-60 3.95684e-60 3.95684e-60 3.95684e-60 
100.00000   3.95684e-60 3.95684e-60 3.95684e-60 3.95684e-60 3.95684e-60 3.95684e-60 3.95684e-60 3.95684e-60 

          4
          600.0
  0.00001   3.95684e-60 3.95684e-60 3.95684e-60 3.95684e-60 3.95684e-60 3.95684e-60 3.95684e-60 3.95684e-60 
  0.00010   3.95684e-60 3.95684e-60 3.95684e-60 3.95684e-60 3.95684e-60 3.95684e-60 3.95684e-60 3.95684e-60 
  0.00100   3.95684e-60 3.95684e-60 3.95684e-60 3.95684e-60 3.95684e-60 3.95684e-60 3.95684e-60 3.95684e-60 
  0.01000   3.95684e-60 3.95684e-60 3.95684e-60 3.95684e-60 3.95684e-60 3.95684e-60 3.95684e-60 3.95684e-60 
  0.10000   3.95684e-60 3.95684e-60 3.95684e-60 3.95684e-60 3.95684e-60 3.95684e-60 3.95684e-60 3.95684e-60 
  1.00000   3.95684e-60 3.95684e-60 3.95684e-60 3.95684e-60 3.95684e-60 3.95684e-60 3.95684e-60 3.95684e-60 
 10.00000   3.95684e-60 3.95684e-60 3.95684e-60 3.95684e-60 3.95684e-60 3.95684e-60 3.95684e-60 3.95684e-60 
100.00000   3.95684e-60 3.95684e-60 3.95684e-60 3.95684e-60 3.95684e-60 3.95684e-60 3.95684e-60 3.95684e-60 

          5
          100.0
  0.00001   3.95684e-60 3.95684e-60 3.95684e-60 3.95684e-60 3.95684e-60 3.95684e-60 3.95684e-60 3.95684e-60 
  0.00010   3.95684e-60 3.95684e-60 3.95684e-60 3.95684e-60 3.95684e-60 3.95684e-60 3.95684e-60 3.95684e-60 
  0.00100   3.95684e-60 3.95684e-60 3.95684e-60 3.95684e-60 3.95684e-60 3.95684e-60 3.95684e-60 3.95684e-60 
  0.01000   3.95684e-60 3.95684e-60 3.95684e-60 3.95684e-60 3.95684e-60 3.95684e-60 3.95684e-60 3.95684e-60 
  0.10000   3.95684e-60 3.95684e-60 3.95684e-60 3.95684e-60 3.95684e-60 3.95684e-60 3.95684e-60 3.95684e-60 
  1.00000   3.95684e-60 3.95684e-60 3.95684e-60 3.95684e-60 3.95684e-60 3.95684e-60 3.95684e-60 3.95684e-60 
 10.00000   3.95684e-60 3.95684e-60 3.95684e-60 3.95684e-60 3.95684e-60 3.95684e-60 3.95684e-60 3.95684e-60 
100.00000   3.95684e-60 3.95684e-60 3.95684e-60 3.95684e-60 3.95684e-60 3.95684e-60 3.95684e-60 3.95684e-60 

          5
          150.0
  0.00001   3.95684e-60 3.95684e-60 3.95684e-60 3.95684e-60 3.95684e-60 3.95684e-60 3.95684e-60 3.95684e-60 
  0.00010   3.95684e-60 3.95684e-60 3.95684e-60 3.95684e-60 3.95684e-60 3.95684e-60 3.95684e-60 3.95684e-60 
  0.00100   3.95684e-60 3.95684e-60 3.95684e-60 3.95684e-60 3.95684e-60 3.95684e-60 3.95684e-60 3.95684e-60 
  0.01000   3.95684e-60 3.95684e-60 3.95684e-60 3.95684e-60 3.95684e-60 3.95684e-60 3.95684e-60 3.95684e-60 
  0.10000   3.95684e-60 3.95684e-60 3.95684e-60 3.95684e-60 3.95684e-60 3.95684e-60 3.95684e-60 3.95684e-60 
  1.00000   3.95684e-60 3.95684e-60 3.95684e-60 3.95684e-60 3.95684e-60 3.95684e-60 3.95684e-60 3.95684e-60 
 10.00000   3.95684e-60 3.95684e-60 3.95684e-60 3.95684e-60 3.95684e-60 3.95684e-60 3.95684e-60 3.95684e-60 
100.00000   3.95684e-60 3.95684e-60 3.95684e-60 3.95684e-60 3.95684e-60 3.95684e-60 3.95684e-60 3.95684e-60 

          5
          200.0
  0.00001   3.95684e-60 3.95684e-60 3.95684e-60 3.95684e-60 3.95684e-60 3.95684e-60 3.95684e-60 3.95684e-60 
  0.00010   3.95684e-60 3.95684e-60 3.95684e-60 3.95684e-60 3.95684e-60 3.95684e-60 3.95684e-60 3.95684e-60 
  0.00100   3.95684e-60 3.95684e-60 3.95684e-60 3.95684e-60 3.95684e-60 3.95684e-60 3.95684e-60 3.95684e-60 
  0.01000   3.95684e-60 3.95684e-60 3.95684e-60 3.95684e-60 3.95684e-60 3.95684e-60 3.95684e-60 3.95684e-60 
  0.10000   3.95684e-60 3.95684e-60 3.95684e-60 3.95684e-60 3.95684e-60 3.95684e-60 3.95684e-60 3.95684e-60 
  1.00000   3.95684e-60 3.95684e-60 3.95684e-60 3.95684e-60 3.95684e-60 3.95684e-60 3.95684e-60 3.95684e-60 
 10.00000   3.95684e-60 3.95684e-60 3.95684e-60 3.95684e-60 3.95684e-60 3.95684e-60 3.95684e-60 3.95684e-60 
100.00000   3.95684e-60 3.95684e-60 3.95684e-60 3.95684e-60 3.95684e-60 3.95684e-60 3.95684e-60 3.95684e-60 

          5
          250.0
  0.00001   3.95684e-60 3.95684e-60 3.95684e-60 3.95684e-60 3.95684e-60 3.95684e-60 3.95684e-60 3.95684e-60 
  0.00010   3.95684e-60 3.95684e-60 3.95684e-60 3.95684e-60 3.95684e-60 3.95684e-60 3.95684e-60 3.95684e-60 
  0.00100   3.95684e-60 3.95684e-60 3.95684e-60 3.95684e-60 3.95684e-60 3.95684e-60 3.95684e-60 3.95684e-60 
  0.01000   3.95684e-60 3.95684e-60 3.95684e-60 3.95684e-60 3.95684e-60 3.95684e-60 3.95684e-60 3.95684e-60 
  0.10000   3.95684e-60 3.95684e-60 3.95684e-60 3.95684e-60 3.95684e-60 3.95684e-60 3.95684e-60 3.95684e-60 
  1.00000   3.95684e-60 3.95684e-60 3.95684e-60 3.95684e-60 3.95684e-60 3.95684e-60 3.95684e-60 3.95684e-60 
 10.00000   3.95684e-60 3.95684e-60 3.95684e-60 3.95684e-60 3.95684e-60 3.95684e-60 3.95684e-60 3.95684e-60 
100.00000   3.95684e-60 3.95684e-60 3.95684e-60 3.95684e-60 3.95684e-60 3.95684e-60 3.95684e-60 3.95684e-60 

          5
          300.0
  0.00001   3.95684e-60 3.95684e-60 3.95684e-60 3.95684e-60 3.95684e-60 3.95684e-60 3.95684e-60 3.95684e-60 
  0.00010   3.95684e-60 3.95684e-60 3.95684e-60 3.95684e-60 3.95684e-60 3.95684e-60 3.95684e-60 3.95684e-60 
  0.00100   3.95684e-60 3.95684e-60 3.95684e-60 3.95684e-60 3.95684e-60 3.95684e-60 3.95684e-60 3.95684e-60 
  0.01000   3.95684e-60 3.95684e-60 3.95684e-60 3.95684e-60 3.95684e-60 3.95684e-60 3.95684e-60 3.95684e-60 
  0.10000   3.95684e-60 3.95684e-60 3.95684e-60 3.95684e-60 3.95684e-60 3.95684e-60 3.95684e-60 3.95684e-60 
  1.00000   3.95684e-60 3.95684e-60 3.95684e-60 3.95684e-60 3.95684e-60 3.95684e-60 3.95684e-60 3.95684e-60 
 10.00000   3.95684e-60 3.95684e-60 3.95684e-60 3.95684e-60 3.95684e-60 3.95684e-60 3.95684e-60 3.95684e-60 
100.00000   3.95684e-60 3.95684e-60 3.95684e-60 3.95684e-60 3.95684e-60 3.95684e-60 3.95684e-60 3.95684e-60 

          5
          350.0
  0.00001   3.95684e-60 3.95684e-60 3.95684e-60 3.95684e-60 3.95684e-60 3.95684e-60 3.95684e-60 3.95684e-60 
  0.00010   3.95684e-60 3.95684e-60 3.95684e-60 3.95684e-60 3.95684e-60 3.95684e-60 3.95684e-60 3.95684e-60 
  0.00100   3.95684e-60 3.95684e-60 3.95684e-60 3.95684e-60 3.95684e-60 3.95684e-60 3.95684e-60 3.95684e-60 
  0.01000   3.95684e-60 3.95684e-60 3.95684e-60 3.95684e-60 3.95684e-60 3.95684e-60 3.95684e-60 3.95684e-60 
  0.10000   3.95684e-60 3.95684e-60 3.95684e-60 3.95684e-60 3.95684e-60 3.95684e-60 3.95684e-60 3.95684e-60 
  1.00000   3.95684e-60 3.95684e-60 3.95684e-60 3.95684e-60 3.95684e-60 3.95684e-60 3.95684e-60 3.95684e-60 
 10.00000   3.95684e-60 3.95684e-60 3.95684e-60 3.95684e-60 3.95684e-60 3.95684e-60 3.95684e-60 3.95684e-60 
100.00000   3.95684e-60 3.95684e-60 3.95684e-60 3.95684e-60 3.95684e-60 3.95684e-60 3.95684e-60 3.95684e-60 

          5
          400.0
  0.00001   3.95684e-60 3.95684e-60 3.95684e-60 3.95684e-60 3.95684e-60 3.95684e-60 3.95684e-60 3.95684e-60 
  0.00010   3.95684e-60 3.95684e-60 3.95684e-60 3.95684e-60 3.95684e-60 3.95684e-60 3.95684e-60 3.95684e-60 
  0.00100   3.95684e-60 3.95684e-60 3.95684e-60 3.95684e-60 3.95684e-60 3.95684e-60 3.95684e-60 3.95684e-60 
  0.01000   3.95684e-60 3.95684e-60 3.95684e-60 3.95684e-60 3.95684e-60 3.95684e-60 3.95684e-60 3.95684e-60 
  0.10000   3.95684e-60 3.95684e-60 3.95684e-60 3.95684e-60 3.95684e-60 3.95684e-60 3.95684e-60 3.95684e-60 
  1.00000   3.95684e-60 3.95684e-60 3.95684e-60 3.95684e-60 3.95684e-60 3.95684e-60 3.95684e-60 3.95684e-60 
 10.00000   3.95684e-60 3.95684e-60 3.95684e-60 3.95684e-60 3.95684e-60 3.95684e-60 3.95684e-60 3.95684e-60 
100.00000   3.95684e-60 3.95684e-60 3.95684e-60 3.95684e-60 3.95684e-60 3.95684e-60 3.95684e-60 3.95684e-60 

          5
          600.0
  0.00001   3.95684e-60 3.95684e-60 3.95684e-60 3.95684e-60 3.95684e-60 3.95684e-60 3.95684e-60 3.95684e-60 
  0.00010   3.95684e-60 3.95684e-60 3.95684e-60 3.95684e-60 3.95684e-60 3.95684e-60 3.95684e-60 3.95684e-60 
  0.00100   3.95684e-60 3.95684e-60 3.95684e-60 3.95684e-60 3.95684e-60 3.95684e-60 3.95684e-60 3.95684e-60 
  0.01000   3.95684e-60 3.95684e-60 3.95684e-60 3.95684e-60 3.95684e-60 3.95684e-60 3.95684e-60 3.95684e-60 
  0.10000   3.95684e-60 3.95684e-60 3.95684e-60 3.95684e-60 3.95684e-60 3.95684e-60 3.95684e-60 3.95684e-60 
  1.00000   3.95684e-60 3.95684e-60 3.95684e-60 3.95684e-60 3.95684e-60 3.95684e-60 3.95684e-60 3.95684e-60 
 10.00000   3.95684e-60 3.95684e-60 3.95684e-60 3.95684e-60 3.95684e-60 3.95684e-60 3.95684e-60 3.95684e-60 
100.00000   3.95684e-60 3.95684e-60 3.95684e-60 3.95684e-60 3.95684e-60 3.95684e-60 3.95684e-60 3.95684e-60 

          6
          100.0
  0.00001   2.34090e-45 2.34090e-45 2.34090e-45 2.34090e-45 2.34090e-45 2.34090e-45 2.34090e-45 2.34090e-45 
  0.00010   2.30804e-45 2.30804e-45 2.30804e-45 2.30804e-45 2.30804e-45 2.30804e-45 2.30804e-45 2.30804e-45 
  0.00100   2.01586e-45 2.01586e-45 2.01586e-45 2.01586e-45 2.01586e-45 2.01586e-45 2.01586e-45 2.01586e-45 
  0.01000   7.93219e-46 7.93219e-46 7.93219e-46 7.93219e-46 7.93219e-46 7.93219e-46 7.93219e-46 7.93219e-46 
  0.10000   9.43825e-47 9.43825e-47 9.43825e-47 9.43825e-47 9.43825e-47 9.43825e-47 9.43825e-47 9.43825e-47 
  1.00000   1.00632e-47 1.00632e-47 1.00632e-47 1.00632e-47 1.00632e-47 1.00632e-47 1.00632e-47 1.00632e-47 
 10.00000   3.40936e-48 3.40936e-48 3.40936e-48 3.40936e-48 3.40936e-48 3.40936e-48 3.40936e-48 3.40936e-48 
100.00000   6.88582e-49 6.88582e-49 6.88582e-49 6.88582e-49 6.88582e-49 6.88582e-49 6.88582e-49 6.88582e-49 

          6
          150.0
  0.00001   1.60340e-45 1.60340e-45 1.60340e-45 1.60340e-45 1.60340e-45 1.60340e-45 1.60340e-45 1.60340e-45 
  0.00010   1.58944e-45 1.58944e-45 1.58944e-45 1.58944e-45 1.58944e-45 1.58944e-45 1.58944e-45 1.58944e-45 
  0.00100   1.45984e-45 1.45984e-45 1.45984e-45 1.45984e-45 1.45984e-45 1.45984e-45 1.45984e-45 1.45984e-45 
  0.01000   7.50789e-46 7.50789e-46 7.50789e-46 7.50789e-46 7.50789e-46 7.50789e-46 7.50789e-46 7.50789e-46 
  0.10000   1.03999e-46 1.03999e-46 1.03999e-46 1.03999e-46 1.03999e-46 1.03999e-46 1.03999e-46 1.03999e-46 
  1.00000   1.08559e-47 1.08559e-47 1.08559e-47 1.08559e-47 1.08559e-47 1.08559e-47 1.08559e-47 1.08559e-47 
 10.00000   3.12484e-48 3.12484e-48 3.12484e-48 3.12484e-48 3.12484e-48 3.12484e-48 3.12484e-48 3.12484e-48 
100.00000   8.66046e-49 8.66046e-49 8.66046e-49 8.66046e-49 8.66046e-49 8.66046e-49 8.66046e-49 8.66046e-49 

          6
          200.0
  0.00001   1.19357e-45 1.19357e-45 1.19357e-45 1.19357e-45 1.19357e-45 1.19357e-45 1.19357e-45 1.19357e-45 
  0.00010   1.18616e-45 1.18616e-45 1.18616e-45 1.18616e-45 1.18616e-45 1.18616e-45 1.18616e-45 1.18616e-45 
  0.00100   1.11592e-45 1.11592e-45 1.11592e-45 1.11592e-45 1.11592e-45 1.11592e-45 1.11592e-45 1.11592e-45 
  0.01000   6.71522e-46 6.71522e-46 6.71522e-46 6.71522e-46 6.71522e-46 6.71522e-46 6.71522e-46 6.71522e-46 
  0.10000   1.08681e-46 1.08681e-46 1.08681e-46 1.08681e-46 1.08681e-46 1.08681e-46 1.08681e-46 1.08681e-46 
  1.00000   1.13081e-47 1.13081e-47 1.13081e-47 1.13081e-47 1.13081e-47 1.13081e-47 1.13081e-47 1.13081e-47 
 10.00000   2.86735e-48 2.86735e-48 2.86735e-48 2.86735e-48 2.86735e-48 2.86735e-48 2.86735e-48 2.86735e-48 
100.00000   9.73271e-49 9.73271e-49 9.73271e-49 9.73271e-49 9.73271e-49 9.73271e-49 9.73271e-49 9.73271e-49 

          6
          250.0
  0.00001   9.35232e-46 9.35232e-46 9.35232e-46 9.35232e-46 9.35232e-46 9.35232e-46 9.35232e-46 9.35232e-46 
  0.00010   9.30800e-46 9.30800e-46 9.30800e-46 9.30800e-46 9.30800e-46 9.30800e-46 9.30800e-46 9.30800e-46 
  0.00100   8.88243e-46 8.88243e-46 8.88243e-46 8.88243e-46 8.88243e-46 8.88243e-46 8.88243e-46 8.88243e-46 
  0.01000   5.91567e-46 5.91567e-46 5.91567e-46 5.91567e-46 5.91567e-46 5.91567e-46 5.91567e-46 5.91567e-46 
  0.10000   1.10640e-46 1.10640e-46 1.10640e-46 1.10640e-46 1.10640e-46 1.10640e-46 1.10640e-46 1.10640e-46 
  1.00000   1.15640e-47 1.15640e-47 1.15640e-47 1.15640e-47 1.15640e-47 1.15640e-47 1.15640e-47 1.15640e-47 
 10.00000   2.64674e-48 2.64674e-48 2.64674e-48 2.64674e-48 2.64674e-48 2.64674e-48 2.64674e-48 2.64674e-48 
100.00000   1.04459e-48 1.04459e-48 1.04459e-48 1.04459e-48 1.04459e-48 1.04459e-48 1.04459e-48 1.04459e-48 

          6
          300.0
  0.00001   7.44713e-46 7.44713e-46 7.44713e-46 7.44713e-46 7.44713e-46 7.44713e-46 7.44713e-46 7.44713e-46 
  0.00010   7.41932e-46 7.41932e-46 7.41932e-46 7.41932e-46 7.41932e-46 7.41932e-46 7.41932e-46 7.41932e-46 
  0.00100   7.15004e-46 7.15004e-46 7.15004e-46 7.15004e-46 7.15004e-46 7.15004e-46 7.15004e-46 7.15004e-46 
  0.01000   5.13835e-46 5.13835e-46 5.13835e-46 5.13835e-46 5.13835e-46 5.13835e-46 5.13835e-46 5.13835e-46 
  0.10000   1.10247e-46 1.10247e-46 1.10247e-46 1.10247e-46 1.10247e-46 1.10247e-46 1.10247e-46 1.10247e-46 
  1.00000   1.16748e-47 1.16748e-47 1.16748e-47 1.16748e-47 1.16748e-47 1.16748e-47 1.16748e-47 1.16748e-47 
 10.00000   2.46115e-48 2.46115e-48 2.46115e-48 2.46115e-48 2.46115e-48 2.46115e-48 2.46115e-48 2.46115e-48 
100.00000   1.08449e-48 1.08449e-48 1.08449e-48 1.08449e-48 1.08449e-48 1.08449e-48 1.08449e-48 1.08449e-48 

          6
          350.0
  0.00001   6.03295e-46 6.03295e-46 6.03295e-46 6.03295e-46 6.03295e-46 6.03295e-46 6.03295e-46 6.03295e-46 
  0.00010   6.01425e-46 6.01425e-46 6.01425e-46 6.01425e-46 6.01425e-46 6.01425e-46 6.01425e-46 6.01425e-46 
  0.00100   5.83211e-46 5.83211e-46 5.83211e-46 5.83211e-46 5.83211e-46 5.83211e-46 5.83211e-46 5.83211e-46 
  0.01000   4.43097e-46 4.43097e-46 4.43097e-46 4.43097e-46 4.43097e-46 4.43097e-46 4.43097e-46 4.43097e-46 
  0.10000   1.08048e-46 1.08048e-46 1.08048e-46 1.08048e-46 1.08048e-46 1.08048e-46 1.08048e-46 1.08048e-46 
  1.00000   1.16668e-47 1.16668e-47 1.16668e-47 1.16668e-47 1.16668e-47 1.16668e-47 1.16668e-47 1.16668e-47 
 10.00000   2.30526e-48 2.30526e-48 2.30526e-48 2.30526e-48 2.30526e-48 2.30526e-48 2.30526e-48 2.30526e-48 
100.00000   1.09972e-48 1.09972e-48 1.09972e-48 1.09972e-48 1.09972e-48 1.09972e-48 1.09972e-48 1.09972e-48 

          6
          400.0
  0.00001   4.96924e-46 4.96924e-46 4.96924e-46 4.96924e-46 4.96924e-46 4.96924e-46 4.96924e-46 4.96924e-46 
  0.00010   4.95641e-46 4.95641e-46 4.95641e-46 4.95641e-46 4.95641e-46 4.95641e-46 4.95641e-46 4.95641e-46 
  0.00100   4.83093e-46 4.83093e-46 4.83093e-46 4.83093e-46 4.83093e-46 4.83093e-46 4.83093e-46 4.83093e-46 
  0.01000   3.81129e-46 3.81129e-46 3.81129e-46 3.81129e-46 3.81129e-46 3.81129e-46 3.81129e-46 3.81129e-46 
  0.10000   1.03641e-46 1.03641e-46 1.03641e-46 1.03641e-46 1.03641e-46 1.03641e-46 1.03641e-46 1.03641e-46 
  1.00000   1.13986e-47 1.13986e-47 1.13986e-47 1.13986e-47 1.13986e-47 1.13986e-47 1.13986e-47 1.13986e-47 
 10.00000   2.16085e-48 2.16085e-48 2.16085e-48 2.16085e-48 2.16085e-48 2.16085e-48 2.16085e-48 2.16085e-48 
100.00000   1.09777e-48 1.09777e-48 1.09777e-48 1.09777e-48 1.09777e-48 1.09777e-48 1.09777e-48 1.09777e-48 

          6
          600.0
  0.00001   2.42295e-46 2.42295e-46 2.42295e-46 2.42295e-46 2.42295e-46 2.42295e-46 2.42295e-46 2.42295e-46 
  0.00010   2.41923e-46 2.41923e-46 2.41923e-46 2.41923e-46 2.41923e-46 2.41923e-46 2.41923e-46 2.41923e-46 
  0.00100   2.38251e-46 2.38251e-46 2.38251e-46 2.38251e-46 2.38251e-46 2.38251e-46 2.38251e-46 2.38251e-46 
  0.01000   2.05893e-46 2.05893e-46 2.05893e-46 2.05893e-46 2.05893e-46 2.05893e-46 2.05893e-46 2.05893e-46 
  0.10000   7.72018e-47 7.72018e-47 7.72018e-47 7.72018e-47 7.72018e-47 7.72018e-47 7.72018e-47 7.72018e-47 
  1.00000   9.71439e-48 9.71439e-48 9.71439e-48 9.71439e-48 9.71439e-48 9.71439e-48 9.71439e-48 9.71439e-48 
 10.00000   1.70901e-48 1.70901e-48 1.70901e-48 1.70901e-48 1.70901e-48 1.70901e-48 1.70901e-48 1.70901e-48 
100.00000   9.99974e-49 9.99974e-49 9.99974e-49 9.99974e-49 9.99974e-49 9.99974e-49 9.99974e-49 9.99974e-49 

          7
          100.0
  0.00001   2.34090e-45 2.34090e-45 2.34090e-45 2.34090e-45 2.34090e-45 2.34090e-45 2.34090e-45 2.34090e-45 
  0.00010   2.30804e-45 2.30804e-45 2.30804e-45 2.30804e-45 2.30804e-45 2.30804e-45 2.30804e-45 2.30804e-45 
  0.00100   2.01586e-45 2.01586e-45 2.01586e-45 2.01586e-45 2.01586e-45 2.01586e-45 2.01586e-45 2.01586e-45 
  0.01000   7.93219e-46 7.93219e-46 7.93219e-46 7.93219e-46 7.93219e-46 7.93219e-46 7.93219e-46 7.93219e-46 
  0.10000   9.43825e-47 9.43825e-47 9.43825e-47 9.43825e-47 9.43825e-47 9.43825e-47 9.43825e-47 9.43825e-47 
  1.00000   1.00632e-47 1.00632e-47 1.00632e-47 1.00632e-47 1.00632e-47 1.00632e-47 1.00632e-47 1.00632e-47 
 10.00000   3.40936e-48 3.40936e-48 3.40936e-48 3.40936e-48 3.40936e-48 3.40936e-48 3.40936e-48 3.40936e-48 
100.00000   6.88582e-49 6.88582e-49 6.88582e-49 6.88582e-49 6.88582e-49 6.88582e-49 6.88582e-49 6.88582e-49 

          7
          150.0
  0.00001   1.60340e-45 1.60340e-45 1.60340e-45 1.60340e-45 1.60340e-45 1.60340e-45 1.60340e-45 1.60340e-45 
  0.00010   1.58944e-45 1.58944e-45 1.58944e-45 1.58944e-45 1.58944e-45 1.58944e-45 1.58944e-45 1.58944e-45 
  0.00100   1.45984e-45 1.45984e-45 1.45984e-45 1.45984e-45 1.45984e-45 1.45984e-45 1.45984e-45 1.45984e-45 
  0.01000   7.50789e-46 7.50789e-46 7.50789e-46 7.50789e-46 7.50789e-46 7.50789e-46 7.50789e-46 7.50789e-46 
  0.10000   1.03999e-46 1.03999e-46 1.03999e-46 1.03999e-46 1.03999e-46 1.03999e-46 1.03999e-46 1.03999e-46 
  1.00000   1.08559e-47 1.08559e-47 1.08559e-47 1.08559e-47 1.08559e-47 1.08559e-47 1.08559e-47 1.08559e-47 
 10.00000   3.12484e-48 3.12484e-48 3.12484e-48 3.12484e-48 3.12484e-48 3.12484e-48 3.12484e-48 3.12484e-48 
100.00000   8.66046e-49 8.66046e-49 8.66046e-49 8.66046e-49 8.66046e-49 8.66046e-49 8.66046e-49 8.66046e-49 

          7
          200.0
  0.00001   1.19357e-45 1.19357e-45 1.19357e-45 1.19357e-45 1.19357e-45 1.19357e-45 1.19357e-45 1.19357e-45 
  0.00010   1.18616e-45 1.18616e-45 1.18616e-45 1.18616e-45 1.18616e-45 1.18616e-45 1.18616e-45 1.18616e-45 
  0.00100   1.11592e-45 1.11592e-45 1.11592e-45 1.11592e-45 1.11592e-45 1.11592e-45 1.11592e-45 1.11592e-45 
  0.01000   6.71522e-46 6.71522e-46 6.71522e-46 6.71522e-46 6.71522e-46 6.71522e-46 6.71522e-46 6.71522e-46 
  0.10000   1.08681e-46 1.08681e-46 1.08681e-46 1.08681e-46 1.08681e-46 1.08681e-46 1.08681e-46 1.08681e-46 
  1.00000   1.13081e-47 1.13081e-47 1.13081e-47 1.13081e-47 1.13081e-47 1.13081e-47 1.13081e-47 1.13081e-47 
 10.00000   2.86735e-48 2.86735e-48 2.86735e-48 2.86735e-48 2.86735e-48 2.86735e-48 2.86735e-48 2.86735e-48 
100.00000   9.73271e-49 9.73271e-49 9.73271e-49 9.73271e-49 9.73271e-49 9.73271e-49 9.73271e-49 9.73271e-49 

          7
          250.0
  0.00001   9.35232e-46 9.35232e-46 9.35232e-46 9.35232e-46 9.35232e-46 9.35232e-46 9.35232e-46 9.35232e-46 
  0.00010   9.30800e-46 9.30800e-46 9.30800e-46 9.30800e-46 9.30800e-46 9.30800e-46 9.30800e-46 9.30800e-46 
  0.00100   8.88243e-46 8.88243e-46 8.88243e-46 8.88243e-46 8.88243e-46 8.88243e-46 8.88243e-46 8.88243e-46 
  0.01000   5.91567e-46 5.91567e-46 5.91567e-46 5.91567e-46 5.91567e-46 5.91567e-46 5.91567e-46 5.91567e-46 
  0.10000   1.10640e-46 1.10640e-46 1.10640e-46 1.10640e-46 1.10640e-46 1.10640e-46 1.10640e-46 1.10640e-46 
  1.00000   1.15640e-47 1.15640e-47 1.15640e-47 1.15640e-47 1.15640e-47 1.15640e-47 1.15640e-47 1.15640e-47 
 10.00000   2.64674e-48 2.64674e-48 2.64674e-48 2.64674e-48 2.64674e-48 2.64674e-48 2.64674e-48 2.64674e-48 
100.00000   1.04459e-48 1.04459e-48 1.04459e-48 1.04459e-48 1.04459e-48 1.04459e-48 1.04459e-48 1.04459e-48 

          7
          300.0
  0.00001   7.44713e-46 7.44713e-46 7.44713e-46 7.44713e-46 7.44713e-46 7.44713e-46 7.44713e-46 7.44713e-46 
  0.00010   7.41932e-46 7.41932e-46 7.41932e-46 7.41932e-46 7.41932e-46 7.41932e-46 7.41932e-46 7.41932e-46 
  0.00100   7.15004e-46 7.15004e-46 7.15004e-46 7.15004e-46 7.15004e-46 7.15004e-46 7.15004e-46 7.15004e-46 
  0.01000   5.13835e-46 5.13835e-46 5.13835e-46 5.13835e-46 5.13835e-46 5.13835e-46 5.13835e-46 5.13835e-46 
  0.10000   1.10247e-46 1.10247e-46 1.10247e-46 1.10247e-46 1.10247e-46 1.10247e-46 1.10247e-46 1.10247e-46 
  1.00000   1.16748e-47 1.16748e-47 1.16748e-47 1.16748e-47 1.16748e-47 1.16748e-47 1.16748e-47 1.16748e-47 
 10.00000   2.46115e-48 2.46115e-48 2.46115e-48 2.46115e-48 2.46115e-48 2.46115e-48 2.46115e-48 2.46115e-48 
100.00000   1.08449e-48 1.08449e-48 1.08449e-48 1.08449e-48 1.08449e-48 1.08449e-48 1.08449e-48 1.08449e-48 

          7
          350.0
  0.00001   6.03295e-46 6.03295e-46 6.03295e-46 6.03295e-46 6.03295e-46 6.03295e-46 6.03295e-46 6.03295e-46 
  0.00010   6.01425e-46 6.01425e-46 6.01425e-46 6.01425e-46 6.01425e-46 6.01425e-46 6.01425e-46 6.01425e-46 
  0.00100   5.83211e-46 5.83211e-46 5.83211e-46 5.83211e-46 5.83211e-46 5.83211e-46 5.83211e-46 5.83211e-46 
  0.01000   4.43097e-46 4.43097e-46 4.43097e-46 4.43097e-46 4.43097e-46 4.43097e-46 4.43097e-46 4.43097e-46 
  0.10000   1.08048e-46 1.08048e-46 1.08048e-46 1.08048e-46 1.08048e-46 1.08048e-46 1.08048e-46 1.08048e-46 
  1.00000   1.16668e-47 1.16668e-47 1.16668e-47 1.16668e-47 1.16668e-47 1.16668e-47 1.16668e-47 1.16668e-47 
 10.00000   2.30526e-48 2.30526e-48 2.30526e-48 2.30526e-48 2.30526e-48 2.30526e-48 2.30526e-48 2.30526e-48 
100.00000   1.09972e-48 1.09972e-48 1.09972e-48 1.09972e-48 1.09972e-48 1.09972e-48 1.09972e-48 1.09972e-48 

          7
          400.0
  0.00001   4.96924e-46 4.96924e-46 4.96924e-46 4.96924e-46 4.96924e-46 4.96924e-46 4.96924e-46 4.96924e-46 
  0.00010   4.95641e-46 4.95641e-46 4.95641e-46 4.95641e-46 4.95641e-46 4.95641e-46 4.95641e-46 4.95641e-46 
  0.00100   4.83093e-46 4.83093e-46 4.83093e-46 4.83093e-46 4.83093e-46 4.83093e-46 4.83093e-46 4.83093e-46 
  0.01000   3.81129e-46 3.81129e-46 3.81129e-46 3.81129e-46 3.81129e-46 3.81129e-46 3.81129e-46 3.81129e-46 
  0.10000   1.03641e-46 1.03641e-46 1.03641e-46 1.03641e-46 1.03641e-46 1.03641e-46 1.03641e-46 1.03641e-46 
  1.00000   1.13986e-47 1.13986e-47 1.13986e-47 1.13986e-47 1.13986e-47 1.13986e-47 1.13986e-47 1.13986e-47 
 10.00000   2.16085e-48 2.16085e-48 2.16085e-48 2.16085e-48 2.16085e-48 2.16085e-48 2.16085e-48 2.16085e-48 
100.00000   1.09777e-48 1.09777e-48 1.09777e-48 1.09777e-48 1.09777e-48 1.09777e-48 1.09777e-48 1.09777e-48 

          7
          600.0
  0.00001   2.42295e-46 2.42295e-46 2.42295e-46 2.42295e-46 2.42295e-46 2.42295e-46 2.42295e-46 2.42295e-46 
  0.00010   2.41923e-46 2.41923e-46 2.41923e-46 2.41923e-46 2.41923e-46 2.41923e-46 2.41923e-46 2.41923e-46 
  0.00100   2.38251e-46 2.38251e-46 2.38251e-46 2.38251e-46 2.38251e-46 2.38251e-46 2.38251e-46 2.38251e-46 
  0.01000   2.05893e-46 2.05893e-46 2.05893e-46 2.05893e-46 2.05893e-46 2.05893e-46 2.05893e-46 2.05893e-46 
  0.10000   7.72018e-47 7.72018e-47 7.72018e-47 7.72018e-47 7.72018e-47 7.72018e-47 7.72018e-47 7.72018e-47 
  1.00000   9.71439e-48 9.71439e-48 9.71439e-48 9.71439e-48 9.71439e-48 9.71439e-48 9.71439e-48 9.71439e-48 
 10.00000   1.70901e-48 1.70901e-48 1.70901e-48 1.70901e-48 1.70901e-48 1.70901e-48 1.70901e-48 1.70901e-48 
100.00000   9.99974e-49 9.99974e-49 9.99974e-49 9.99974e-49 9.99974e-49 9.99974e-49 9.99974e-49 9.99974e-49 

          8
          100.0
  0.00001   2.36376e-45 2.45341e-45 2.57037e-45 2.66002e-45 2.12621e-37 1.52908e-36 1.35604e-35 2.44113e-33 
  0.00010   2.33059e-45 2.41902e-45 2.53438e-45 2.62280e-45 2.12889e-36 1.52915e-35 1.35566e-34 1.09803e-32 
  0.00100   2.03563e-45 2.11313e-45 2.21424e-45 2.29174e-45 2.12718e-35 1.52790e-34 1.35389e-33 7.65268e-32 
  0.01000   8.01171e-46 8.32344e-46 8.73017e-46 9.04191e-46 2.12984e-34 1.53089e-33 1.35236e-32 5.85488e-31 
  0.10000   9.53756e-47 9.92684e-47 1.04347e-46 1.08240e-46 2.12935e-33 1.52850e-32 1.33854e-31 3.30513e-30 
  1.00000   1.01740e-47 1.06082e-47 1.11748e-47 1.16090e-47 2.08406e-32 1.38921e-31 8.46700e-31 3.46538e-30 
 10.00000   3.44587e-48 3.58896e-48 3.77565e-48 3.91874e-48 1.27378e-31 4.41317e-31 1.30424e-30 3.65240e-30 
100.00000   6.95820e-49 7.24193e-49 7.61211e-49 7.89584e-49 1.35426e-31 2.58368e-31 4.26852e-31 5.81978e-31 

          8
          150.0
  0.00001   1.61912e-45 1.68075e-45 1.76117e-45 1.82281e-45 1.86784e-37 1.32456e-36 1.10622e-35 2.04540e-32 
  0.00010   1.60503e-45 1.66615e-45 1.74589e-45 1.80700e-45 1.86449e-36 1.32225e-35 1.10422e-34 3.81352e-32 
  0.00100   1.47419e-45 1.53044e-45 1.60384e-45 1.66010e-45 1.86506e-35 1.32276e-34 1.10261e-33 1.09098e-31 
  0.01000   7.58293e-46 7.87708e-46 8.26087e-46 8.55503e-46 1.86830e-34 1.32445e-33 1.10267e-32 6.15171e-31 
  0.10000   1.05092e-46 1.09376e-46 1.14965e-46 1.19249e-46 1.86731e-33 1.32387e-32 1.09656e-31 3.43676e-30 
  1.00000   1.09760e-47 1.14464e-47 1.20603e-47 1.25307e-47 1.84442e-32 1.25636e-31 7.97826e-31 3.62041e-30 
 10.00000   3.15864e-48 3.29110e-48 3.46393e-48 3.59639e-48 1.24295e-31 4.53146e-31 1.25529e-30 3.92607e-30 
100.00000   8.75197e-49 9.11065e-49 9.57864e-49 9.93732e-49 1.67029e-31 3.29960e-31 6.12771e-31 8.77677e-31 

          8
          200.0
  0.00001   1.20531e-45 1.25131e-45 1.31134e-45 1.35734e-45 1.53095e-37 1.07721e-36 8.75146e-36 6.20115e-32 
  0.00010   1.19782e-45 1.24355e-45 1.30322e-45 1.34894e-45 1.53132e-36 1.07686e-35 8.72676e-35 1.00181e-31 
  0.00100   1.12691e-45 1.16999e-45 1.22621e-45 1.26930e-45 1.53006e-35 1.07544e-34 8.69924e-34 1.94050e-31 
  0.01000   6.78220e-46 7.04480e-46 7.38742e-46 7.65002e-46 1.53087e-34 1.07543e-33 8.70991e-33 6.61425e-31 
  0.10000   1.09823e-46 1.14303e-46 1.20147e-46 1.24627e-46 1.53161e-33 1.07712e-32 8.67686e-32 3.20204e-30 
  1.00000   1.14334e-47 1.19244e-47 1.25650e-47 1.30560e-47 1.51751e-32 1.03980e-31 6.79698e-31 3.68659e-30 
 10.00000   2.89858e-48 3.02097e-48 3.18065e-48 3.30305e-48 1.08029e-31 4.17829e-31 1.10723e-30 3.87855e-30 
100.00000   9.83578e-49 1.02398e-48 1.07669e-48 1.11709e-48 1.74712e-31 3.54587e-31 7.01040e-31 1.05747e-30 

          8
          250.0
  0.00001   9.44478e-46 9.80725e-46 1.02802e-45 1.06426e-45 1.23397e-37 8.63757e-37 6.91077e-36 1.18701e-31 
  0.00010   9.40004e-46 9.76085e-46 1.02316e-45 1.05924e-45 1.23431e-36 8.65554e-36 6.86268e-35 1.73994e-31 
  0.00100   8.97037e-46 9.31514e-46 9.76497e-46 1.01097e-45 1.23476e-35 8.64754e-35 6.83526e-34 2.92384e-31 
  0.01000   5.97493e-46 6.20728e-46 6.51043e-46 6.74277e-46 1.23409e-34 8.65562e-34 6.82544e-33 7.19939e-31 
  0.10000   1.11804e-46 1.16366e-46 1.22319e-46 1.26882e-46 1.23485e-33 8.65415e-33 6.81400e-32 2.87417e-30 
  1.00000   1.16921e-47 1.21945e-47 1.28499e-47 1.33523e-47 1.22660e-32 8.42669e-32 5.60073e-31 3.64980e-30 
 10.00000   2.67571e-48 2.78922e-48 2.93733e-48 3.05084e-48 9.17773e-32 3.74433e-31 9.67725e-31 3.65054e-30 
100.00000   1.05566e-48 1.09906e-48 1.15568e-48 1.19907e-48 1.69119e-31 3.50665e-31 7.21544e-31 1.15033e-30 

          8
          300.0
  0.00001   7.52137e-46 7.81244e-46 8.19220e-46 8.48326e-46 9.92089e-38 6.94038e-37 5.58381e-36 1.90288e-31 
  0.00010   7.49330e-46 7.78332e-46 8.16171e-46 8.45173e-46 9.93060e-37 6.94296e-36 5.44988e-35 2.50956e-31 
  0.00100   7.22141e-46 7.50119e-46 7.86623e-46 8.14601e-46 9.91149e-36 6.94503e-35 5.41100e-34 3.80519e-31 
  0.01000   5.19011e-46 5.39305e-46 5.65782e-46 5.86076e-46 9.92285e-35 6.94444e-34 5.39359e-33 7.70904e-31 
  0.10000   1.11406e-46 1.15953e-46 1.21884e-46 1.26430e-46 9.91487e-34 6.93299e-33 5.38556e-32 2.56350e-30 
  1.00000   1.18041e-47 1.23111e-47 1.29725e-47 1.34794e-47 9.86140e-33 6.80652e-32 4.57611e-31 3.46203e-30 
 10.00000   2.48817e-48 2.59407e-48 2.73223e-48 2.83812e-48 7.64906e-32 3.26718e-31 8.49491e-31 3.33481e-30 
100.00000   1.09598e-48 1.14104e-48 1.19983e-48 1.24489e-48 1.57072e-31 3.31177e-31 7.02283e-31 1.18145e-30 

          8
          350.0
  0.00001   6.09346e-46 6.33066e-46 6.64015e-46 6.87735e-46 7.98496e-38 5.56458e-37 4.54148e-36 2.68431e-31 
  0.00010   6.07457e-46 6.31107e-46 6.61963e-46 6.85612e-46 7.98619e-37 5.56748e-36 4.39300e-35 3.25907e-31 
  0.00100   5.89066e-46 6.12019e-46 6.41966e-46 6.64919e-46 7.97113e-36 5.57226e-35 4.31009e-34 4.50642e-31 
  0.01000   4.47580e-46 4.65152e-46 4.88078e-46 5.05651e-46 7.97474e-35 5.57218e-34 4.29598e-33 8.04931e-31 
  0.10000   1.09184e-46 1.13638e-46 1.19449e-46 1.23903e-46 7.98322e-34 5.57032e-33 4.28060e-32 2.25410e-30 
  1.00000   1.17959e-47 1.23020e-47 1.29623e-47 1.34684e-47 7.94256e-33 5.47076e-32 3.71652e-31 3.18984e-30 
 10.00000   2.33062e-48 2.43001e-48 2.55969e-48 2.65908e-48 6.35518e-32 2.83462e-31 7.52165e-31 3.00230e-30 
100.00000   1.11138e-48 1.15706e-48 1.21666e-48 1.26235e-48 1.42336e-31 3.05903e-31 6.59805e-31 1.15747e-30 

          8
          400.0
  0.00001   5.01930e-46 5.21553e-46 5.47155e-46 5.66777e-46 6.45251e-38 4.48663e-37 3.73375e-36 3.36495e-31 
  0.00010   5.00634e-46 5.20208e-46 5.45747e-46 5.65321e-46 6.44706e-37 4.49159e-36 3.57640e-35 3.89233e-31 
  0.00100   4.87963e-46 5.07055e-46 5.31965e-46 5.51057e-46 6.44454e-36 4.49225e-35 3.46962e-34 5.02893e-31 
  0.01000   3.84997e-46 4.00160e-46 4.19944e-46 4.35107e-46 6.44503e-35 4.49095e-34 3.44070e-33 8.07813e-31 
  0.10000   1.04731e-46 1.09001e-46 1.14574e-46 1.18844e-46 6.45329e-34 4.49259e-33 3.42394e-32 1.99589e-30 
  1.00000   1.15246e-47 1.20186e-47 1.26631e-47 1.31570e-47 6.42405e-33 4.42105e-32 3.02577e-31 2.91647e-30 
 10.00000   2.18465e-48 2.27794e-48 2.39966e-48 2.49295e-48 5.25458e-32 2.42847e-31 6.53193e-31 2.66772e-30 
100.00000   1.10940e-48 1.15498e-48 1.21445e-48 1.26004e-48 1.27305e-31 2.77326e-31 6.08498e-31 1.10258e-30 

          8
          600.0
  0.00001   2.44762e-46 2.54434e-46 2.67052e-46 2.76723e-46 2.89241e-38 1.99699e-37 2.16395e-36 4.95387e-31 
  0.00010   2.44387e-46 2.54044e-46 2.66643e-46 2.76300e-46 2.89216e-37 1.99640e-36 1.77266e-35 5.11145e-31 
  0.00100   2.40678e-46 2.50192e-46 2.62606e-46 2.72120e-46 2.89140e-36 1.99546e-35 1.61348e-34 5.66097e-31 
  0.01000   2.07999e-46 2.16254e-46 2.27024e-46 2.35279e-46 2.88888e-35 1.99961e-34 1.53883e-33 7.12547e-31 
  0.10000   7.80119e-47 8.11872e-47 8.53300e-47 8.85053e-47 2.89135e-34 1.99789e-33 1.51373e-32 1.23070e-30 
  1.00000   9.82125e-48 1.02400e-47 1.07864e-47 1.12052e-47 2.88490e-33 1.98231e-32 1.38586e-31 1.83857e-30 
 10.00000   1.72785e-48 1.80170e-48 1.89806e-48 1.97191e-48 2.50244e-32 1.28429e-31 3.86914e-31 1.55980e-30 
100.00000   1.01053e-48 1.05192e-48 1.10593e-48 1.14732e-48 7.57142e-32 1.72915e-31 3.93244e-31 8.09443e-31 

          9
          100.0
  0.00001   2.49390e-45 2.44468e-39 6.76708e-37 2.09385e-35 2.06167e-34 6.72614e-34 1.78462e-30 3.95940e-29 
  0.00010   2.45916e-45 2.43465e-38 6.76213e-36 2.08798e-34 1.92600e-33 5.13846e-33 1.85552e-30 3.95907e-29 
  0.00100   2.14843e-45 2.44498e-37 6.76535e-35 2.08273e-33 1.84148e-32 4.35840e-32 2.20635e-30 3.96231e-29 
  0.01000   8.46561e-46 2.43353e-36 6.75914e-34 2.07832e-32 1.78055e-31 3.86744e-31 3.92339e-30 3.92766e-29 
  0.10000   1.00995e-46 2.43431e-35 6.76258e-33 2.02909e-31 1.49338e-30 2.75357e-30 9.13688e-30 2.95815e-29 
  1.00000   1.07970e-47 2.44535e-34 6.41053e-32 1.05033e-30 2.78090e-30 3.46577e-30 5.65198e-30 1.57144e-29 
 10.00000   3.65427e-48 2.39208e-33 2.56740e-31 1.27148e-30 2.33061e-30 2.73502e-30 3.48295e-30 5.90907e-30 
100.00000   7.37370e-49 8.75576e-33 1.63384e-31 3.80628e-31 5.96866e-31 6.28466e-31 6.82173e-31 7.33823e-31 

          9
          150.0
  0.00001   1.70854e-45 2.55280e-39 6.28323e-37 1.76616e-35 2.17516e-34 1.60096e-33 4.18400e-30 4.29919e-29 
  0.00010   1.69383e-45 2.54989e-38 6.27281e-36 1.75237e-34 1.81023e-33 7.08506e-33 4.19712e-30 4.29915e-29 
  0.00100   1.55600e-45 2.55014e-37 6.27273e-35 1.74497e-33 1.65060e-32 4.37625e-32 4.33348e-30 4.29273e-29 
  0.01000   8.01071e-46 2.55086e-36 6.28393e-34 1.74159e-32 1.56909e-31 3.58970e-31 5.45488e-30 4.13725e-29 
  0.10000   1.11252e-46 2.55102e-35 6.27069e-33 1.71723e-31 1.41496e-30 2.73014e-30 1.00421e-29 2.99593e-29 
  1.00000   1.16449e-47 2.55028e-34 6.15312e-32 1.04449e-30 2.88881e-30 3.62789e-30 5.99929e-30 1.62452e-29 
 10.00000   3.35116e-48 2.51623e-33 2.83334e-31 1.29035e-30 2.31891e-30 2.73954e-30 3.75667e-30 7.33967e-30 
100.00000   9.27690e-49 1.13892e-32 2.16294e-31 4.81322e-31 8.67837e-31 9.30716e-31 1.02242e-30 1.10174e-30 

          9
          200.0
  0.00001   1.27215e-45 2.22748e-39 5.42121e-37 1.46221e-35 5.44505e-34 5.54651e-33 5.76687e-30 4.09098e-29 
  0.00010   1.26436e-45 2.22974e-38 5.43227e-36 1.42923e-34 2.00350e-33 1.21160e-32 5.77378e-30 4.08963e-29 
  0.00100   1.18966e-45 2.23048e-37 5.43167e-35 1.40519e-33 1.51021e-32 5.08011e-32 5.85295e-30 4.07746e-29 
  0.01000   7.16476e-46 2.22581e-36 5.43229e-34 1.40196e-32 1.36686e-31 3.33208e-31 6.54058e-30 3.94216e-29 
  0.10000   1.16230e-46 2.23081e-35 5.43301e-33 1.38642e-31 1.23148e-30 2.46462e-30 1.00948e-29 2.83658e-29 
  1.00000   1.21266e-47 2.22966e-34 5.36571e-32 9.47367e-31 2.93774e-30 3.72279e-30 6.08363e-30 1.61133e-29 
 10.00000   3.07605e-48 2.19803e-33 2.85561e-31 1.17029e-30 2.23240e-30 2.73429e-30 3.91187e-30 8.08767e-30 
100.00000   1.04266e-48 1.21542e-32 2.32741e-31 5.56085e-31 9.89025e-31 1.09024e-30 1.21937e-30 1.32051e-30 

          9
          250.0
  0.00001   9.96929e-46 1.88694e-39 4.49999e-37 1.18668e-35 1.76065e-33 1.96703e-32 6.58085e-30 3.66592e-29 
  0.00010   9.92286e-46 1.88324e-38 4.50318e-36 1.16889e-34 3.73384e-33 2.64568e-32 6.58658e-30 3.66456e-29 
  0.00100   9.47037e-46 1.88591e-37 4.50413e-35 1.13492e-33 1.51351e-32 6.38473e-32 6.63531e-30 3.65009e-29 
  0.01000   6.31136e-46 1.88520e-36 4.49763e-34 1.12924e-32 1.19261e-31 3.17934e-31 7.19014e-30 3.53371e-29 
  0.10000   1.18303e-46 1.88664e-35 4.50426e-33 1.11637e-31 1.04978e-30 2.16975e-30 9.73716e-30 2.64521e-29 
  1.00000   1.23977e-47 1.88386e-34 4.47045e-32 8.18814e-31 2.87650e-30 3.71126e-30 6.01071e-30 1.53079e-29 
 10.00000   2.83994e-48 1.86842e-33 2.71006e-31 1.05069e-30 2.06016e-30 2.62066e-30 3.85917e-30 8.30283e-30 
100.00000   1.11909e-48 1.16555e-32 2.30092e-31 5.83616e-31 1.02543e-30 1.15130e-30 1.31548e-30 1.43005e-30 

          9
          300.0
  0.00001   7.93911e-46 1.56857e-39 3.71009e-37 9.61974e-36 3.91436e-33 4.84703e-32 6.81570e-30 3.20484e-29 
  0.00010   7.91010e-46 1.56342e-38 3.70117e-36 9.51416e-35 7.16135e-33 5.51302e-32 6.82077e-30 3.20436e-29 
  0.00100   7.62386e-46 1.56647e-37 3.71201e-35 9.24941e-34 1.85399e-32 8.81178e-32 6.87352e-30 3.19727e-29 
  0.01000   5.48185e-46 1.56894e-36 3.70041e-34 9.08767e-33 1.07138e-31 3.11905e-31 7.26381e-30 3.11720e-29 
  0.10000   1.17863e-46 1.56727e-35 3.70004e-33 9.01244e-32 8.90712e-31 1.89380e-30 9.00983e-30 2.41944e-29 
  1.00000   1.25132e-47 1.56600e-34 3.67447e-32 6.92338e-31 2.69185e-30 3.55230e-30 5.71472e-30 1.41517e-29 
 10.00000   2.64105e-48 1.55661e-33 2.42601e-31 9.17976e-31 1.85395e-30 2.41976e-30 3.64350e-30 8.13880e-30 
100.00000   1.16179e-48 1.06099e-32 2.18780e-31 5.80868e-31 1.00625e-30 1.14559e-30 1.34009e-30 1.46050e-30 

          9
          350.0
  0.00001   6.43194e-46 1.29509e-39 3.03997e-37 7.82126e-36 6.69793e-33 9.17652e-32 6.69753e-30 2.80160e-29 
  0.00010   6.41250e-46 1.29394e-38 3.02745e-36 7.72239e-35 1.18623e-32 9.93804e-32 6.70123e-30 2.80085e-29 
  0.00100   6.21894e-46 1.29432e-37 3.03537e-35 7.54518e-34 2.48198e-32 1.28058e-31 6.73620e-30 2.79379e-29 
  0.01000   4.72702e-46 1.29466e-36 3.02672e-34 7.37521e-33 1.01117e-31 3.15891e-31 6.98829e-30 2.72589e-29 
  0.10000   1.15492e-46 1.29261e-35 3.04676e-33 7.28343e-32 7.57647e-31 1.65768e-30 8.17198e-30 2.18156e-29 
  1.00000   1.25014e-47 1.29464e-34 3.01025e-32 5.77342e-31 2.45375e-30 3.33027e-30 5.29582e-30 1.30772e-29 
 10.00000   2.47383e-48 1.28632e-33 2.07392e-31 8.08889e-31 1.65276e-30 2.18522e-30 3.35807e-30 7.73479e-30 
100.00000   1.17805e-48 9.45408e-33 2.02895e-31 5.51335e-31 9.48058e-31 1.10021e-30 1.31539e-30 1.43575e-30 

          9
          400.0
  0.00001   5.29816e-46 1.06884e-39 2.48256e-37 6.42080e-36 9.56290e-33 1.40983e-31 6.33903e-30 2.42468e-29 
  0.00010   5.28490e-46 1.07066e-38 2.47345e-36 6.27763e-35 1.67421e-32 1.49144e-31 6.34103e-30 2.42405e-29 
  0.00100   5.15158e-46 1.06893e-37 2.48192e-35 6.16482e-34 3.20180e-32 1.75571e-31 6.36397e-30 2.41812e-29 
  0.01000   4.06589e-46 1.07079e-36 2.47540e-34 6.00335e-33 9.96260e-32 3.36505e-31 6.54276e-30 2.36394e-29 
  0.10000   1.10766e-46 1.06980e-35 2.47211e-33 5.91286e-32 6.50026e-31 1.46426e-30 7.31669e-30 1.94309e-29 
  1.00000   1.22113e-47 1.06998e-34 2.47056e-32 4.79516e-31 2.18624e-30 3.04206e-30 4.97050e-30 1.18018e-29 
 10.00000   2.31883e-48 1.06276e-33 1.76440e-31 7.03969e-31 1.45702e-30 1.94625e-30 3.04164e-30 7.19822e-30 
100.00000   1.17588e-48 8.25426e-33 1.85915e-31 5.10735e-31 8.75926e-31 1.03258e-30 1.26107e-30 1.37943e-30 

          9
          600.0
  0.00001   2.58367e-46 5.10753e-40 1.13202e-37 3.46248e-36 1.78210e-32 2.97707e-31 4.31783e-30 1.32642e-29 
  0.00010   2.57990e-46 5.10860e-39 1.13316e-36 2.99595e-35 2.86394e-32 3.03693e-31 4.31816e-30 1.32622e-29 
  0.00100   2.54094e-46 5.10602e-38 1.13142e-35 2.86248e-34 4.97266e-32 3.22816e-31 4.32124e-30 1.32414e-29 
  0.01000   2.19642e-46 5.10611e-37 1.13139e-34 2.77668e-33 1.01872e-31 4.06527e-31 4.35194e-30 1.30363e-29 
  0.10000   8.24741e-47 5.10522e-36 1.13150e-33 2.70349e-32 3.74683e-31 9.19279e-31 4.48015e-30 1.14593e-29 
  1.00000   1.03999e-47 5.10153e-35 1.12832e-32 2.32044e-31 1.29593e-30 1.93874e-30 3.41813e-30 7.45758e-30 
 10.00000   1.83344e-48 5.08011e-34 8.89783e-32 4.29632e-31 8.79153e-31 1.17679e-30 1.93318e-30 4.86263e-30 
100.00000   1.07089e-48 4.46136e-33 1.19680e-31 3.41415e-31 5.61253e-31 7.03924e-31 9.58872e-31 1.09333e-30 

         10
          100.0
  0.00001   2.38212e-45 2.54069e-45 8.35385e-39 6.07106e-36 6.68141e-35 1.74813e-34 4.12782e-32 3.12909e-29 
  0.00010   2.34871e-45 2.50513e-45 8.33495e-38 6.06706e-35 6.46819e-34 1.60369e-33 8.20073e-32 3.13088e-29 
  0.00100   2.05151e-45 2.18863e-45 8.34576e-37 6.06324e-34 6.33365e-33 1.50579e-32 2.51561e-31 3.14536e-29 
  0.01000   8.07596e-46 8.62892e-46 8.33267e-36 6.06686e-33 6.21731e-32 1.42142e-31 1.17884e-30 3.26672e-29 
  0.10000   9.61767e-47 1.03077e-46 8.33583e-35 6.03142e-32 5.63039e-31 1.14932e-30 4.74997e-30 2.75204e-29 
  1.00000   1.02615e-47 1.10241e-47 8.32823e-34 4.60160e-31 1.80008e-30 2.48361e-30 4.54670e-30 1.75834e-29 
 10.00000   3.47520e-48 3.72836e-48 8.07795e-33 9.12617e-31 2.09219e-30 2.58261e-30 3.59509e-30 6.22867e-30 
100.00000   7.01652e-49 7.51913e-49 2.16704e-32 3.15294e-31 5.27241e-31 5.53227e-31 6.60558e-31 7.29275e-31 

         10
          150.0
  0.00001   1.63180e-45 1.74104e-45 7.16216e-39 5.12008e-36 6.55223e-35 2.55341e-34 1.94951e-31 3.70532e-29 
  0.00010   1.61761e-45 1.72594e-45 7.19349e-38 5.12236e-35 5.80710e-34 1.65483e-33 2.96466e-31 3.70429e-29 
  0.00100   1.48577e-45 1.58549e-45 7.18302e-37 5.11678e-34 5.62507e-33 1.39295e-32 5.58342e-31 3.70405e-29 
  0.01000   7.64350e-46 8.16508e-46 7.15185e-36 5.11769e-33 5.51951e-32 1.30429e-31 1.59860e-30 3.64740e-29 
  0.10000   1.05962e-46 1.13512e-46 7.13893e-35 5.10089e-32 5.22053e-31 1.12581e-30 5.47798e-30 2.84725e-29 
  1.00000   1.10696e-47 1.18912e-47 7.13326e-34 4.38658e-31 1.89191e-30 2.61220e-30 4.93232e-30 1.78277e-29 
 10.00000   3.18572e-48 3.41986e-48 7.06667e-33 8.94298e-31 2.06910e-30 2.62012e-30 4.17395e-30 7.37657e-30 
100.00000   8.82566e-49 9.46096e-49 2.78916e-32 4.79185e-31 7.56477e-31 8.15925e-31 9.82443e-31 1.10797e-30 

         10
          200.0
  0.00001   1.21479e-45 1.29641e-45 5.90705e-39 4.09288e-36 7.72844e-35 6.77907e-34 5.07369e-31 3.74161e-29 
  0.00010   1.20726e-45 1.28839e-45 5.91231e-38 4.09347e-35 5.62260e-34 2.25906e-33 6.11803e-31 3.74022e-29 
  0.00100   1.13579e-45 1.21225e-45 5.91271e-37 4.08528e-34 4.84614e-33 1.35409e-32 9.16817e-31 3.72922e-29 
  0.01000   6.83636e-46 7.30227e-46 5.91208e-36 4.09205e-33 4.65354e-32 1.14000e-31 1.91376e-30 3.63461e-29 
  0.10000   1.10722e-46 1.18572e-46 5.90745e-35 4.08683e-32 4.46150e-31 9.98496e-31 5.56256e-30 2.79682e-29 
  1.00000   1.15301e-47 1.23838e-47 5.90742e-34 3.67608e-31 1.83382e-30 2.66198e-30 5.14815e-30 1.69764e-29 
 10.00000   2.92355e-48 3.13968e-48 5.86618e-33 8.34331e-31 1.89494e-30 2.50227e-30 4.32429e-30 8.00106e-30 
100.00000   9.91877e-49 1.06343e-48 2.89980e-32 5.53294e-31 8.68882e-31 9.49025e-31 1.14796e-30 1.34952e-30 

         10
          250.0
  0.00001   9.51882e-46 1.01592e-45 4.79842e-39 3.27707e-36 1.36357e-34 1.51161e-33 9.18301e-31 3.51433e-29 
  0.00010   9.47376e-46 1.01113e-45 4.79675e-38 3.27009e-35 6.08409e-34 3.77877e-33 9.89384e-31 3.51336e-29 
  0.00100   9.04081e-46 9.64998e-46 4.79966e-37 3.26763e-34 4.35963e-33 1.46854e-32 1.24319e-30 3.50422e-29 
  0.01000   6.02222e-46 6.43204e-46 4.79977e-36 3.26941e-33 3.89631e-32 1.01218e-31 2.13264e-30 3.40547e-29 
  0.10000   1.12708e-46 1.20662e-46 4.80118e-35 3.26668e-32 3.71725e-31 8.63394e-31 5.29323e-30 2.65384e-29 
  1.00000   1.17903e-47 1.26607e-47 4.79374e-34 3.00797e-31 1.68406e-30 2.57624e-30 5.16983e-30 1.61864e-29 
 10.00000   2.69882e-48 2.89909e-48 4.76764e-33 7.69665e-31 1.70254e-30 2.30185e-30 4.23798e-30 8.11293e-30 
100.00000   1.06458e-48 1.14144e-48 2.74493e-32 5.68961e-31 9.02823e-31 9.97059e-31 1.21265e-30 1.49063e-30 

         10
          300.0
  0.00001   7.57989e-46 8.09053e-46 3.87494e-39 2.65413e-36 2.48412e-34 3.11360e-33 1.31808e-30 3.15090e-29 
  0.00010   7.55162e-46 8.06048e-46 3.87504e-38 2.62281e-35 8.08677e-34 6.06254e-33 1.35022e-30 3.15000e-29 
  0.00100   7.27767e-46 7.76854e-46 3.87637e-37 2.62161e-34 4.15026e-33 1.74243e-32 1.52448e-30 3.14087e-29 
  0.01000   5.23080e-46 5.58640e-46 3.87004e-36 2.61737e-33 3.29254e-32 9.26769e-32 2.23664e-30 3.05699e-29 
  0.10000   1.12300e-46 1.20195e-46 3.87725e-35 2.61426e-32 3.06215e-31 7.34724e-31 4.84635e-30 2.46607e-29 
  1.00000   1.19025e-47 1.27784e-47 3.86835e-34 2.44466e-31 1.48863e-30 2.37418e-30 5.01648e-30 1.50841e-29 
 10.00000   2.50969e-48 2.69634e-48 3.86561e-33 7.00353e-31 1.50943e-30 2.06873e-30 4.02708e-30 7.89849e-30 
100.00000   1.10524e-48 1.18506e-48 2.46858e-32 5.52523e-31 8.98563e-31 9.82007e-31 1.21416e-30 1.55662e-30 

         10
          350.0
  0.00001   6.14061e-46 6.55467e-46 3.13263e-39 2.14210e-36 3.64773e-34 5.63441e-33 1.63089e-30 2.77648e-29 
  0.00010   6.12159e-46 6.53447e-46 3.13719e-38 2.11536e-35 1.10285e-33 9.37219e-33 1.64748e-30 2.77602e-29 
  0.00100   5.93629e-46 6.33701e-46 3.13289e-37 2.10127e-34 4.28065e-33 2.14355e-32 1.75722e-30 2.77097e-29 
  0.01000   4.51067e-46 4.81718e-46 3.13754e-36 2.09909e-33 2.85361e-32 8.74792e-32 2.26311e-30 2.70907e-29 
  0.10000   1.10053e-46 1.17765e-46 3.13553e-35 2.09630e-32 2.54275e-31 6.26019e-31 4.38775e-30 2.25042e-29 
  1.00000   1.18936e-47 1.27661e-47 3.13776e-34 1.98227e-31 1.29404e-30 2.13437e-30 4.71830e-30 1.39005e-29 
 10.00000   2.35078e-48 2.52582e-48 3.13062e-33 6.03644e-31 1.31966e-30 1.82040e-30 3.71419e-30 7.64654e-30 
100.00000   1.12076e-48 1.20170e-48 2.17617e-32 5.17562e-31 8.89398e-31 9.71854e-31 1.16637e-30 1.56689e-30 

         10
          400.0
  0.00001   5.05799e-46 5.39931e-46 2.54551e-39 1.73952e-36 4.99480e-34 9.49106e-33 1.79788e-30 2.42522e-29 
  0.00010   5.04495e-46 5.38546e-46 2.55074e-38 1.71661e-35 1.39581e-33 1.36654e-32 1.80929e-30 2.42466e-29 
  0.00100   4.91728e-46 5.24942e-46 2.54615e-37 1.69362e-34 4.66953e-33 2.59120e-32 1.87365e-30 2.41883e-29 
  0.01000   3.87982e-46 4.14339e-46 2.54763e-36 1.68740e-33 2.53484e-32 8.49480e-32 2.25104e-30 2.37016e-29 
  0.10000   1.05559e-46 1.12937e-46 2.54365e-35 1.68898e-32 2.11287e-31 5.38464e-31 3.93731e-30 2.04058e-29 
  1.00000   1.16196e-47 1.24696e-47 2.55273e-34 1.60933e-31 1.10904e-30 1.88026e-30 4.32482e-30 1.25626e-29 
 10.00000   2.20354e-48 2.36769e-48 2.54439e-33 5.28838e-31 1.14688e-30 1.59950e-30 3.38150e-30 7.27471e-30 
100.00000   1.11877e-48 1.19953e-48 1.88665e-32 4.74633e-31 8.45690e-31 9.36467e-31 1.09618e-30 1.53623e-30 

         10
          600.0
  0.00001   2.46631e-46 2.63308e-46 1.17110e-39 7.83884e-37 1.37427e-33 2.62995e-32 1.70690e-30 1.39904e-29 
  0.00010   2.46253e-46 2.62907e-46 1.17155e-38 7.77675e-36 2.62189e-33 3.36604e-32 1.70854e-30 1.39885e-29 
  0.00100   2.42517e-46 2.58926e-46 1.16879e-37 7.66566e-35 5.75103e-33 4.64508e-32 1.72308e-30 1.39729e-29 
  0.01000   2.09594e-46 2.23825e-46 1.16774e-36 7.57495e-34 1.88017e-32 8.40570e-32 1.84084e-30 1.38301e-29 
  0.10000   7.86205e-47 8.40765e-47 1.17075e-35 7.53101e-33 1.09374e-31 3.13908e-31 2.45394e-30 1.24733e-29 
  1.00000   9.90082e-48 1.06178e-47 1.17146e-34 7.29147e-32 5.86931e-31 1.06920e-30 2.78930e-30 8.40004e-30 
 10.00000   1.74270e-48 1.87226e-48 1.17055e-33 3.06551e-31 6.53838e-31 9.02583e-31 2.11738e-30 5.20408e-30 
100.00000   1.01905e-48 1.09240e-48 9.95691e-33 3.04246e-31 5.97964e-31 6.96953e-31 8.37250e-31 1.24221e-30 

         11
          100.0
  0.00001   2.38462e-45 2.55268e-45 2.25590e-38 1.25115e-35 1.49949e-34 3.96003e-34 4.54498e-32 4.68903e-29 
  0.00010   2.35117e-45 2.51697e-45 2.24979e-37 1.24849e-34 1.42053e-33 3.42635e-33 1.00911e-31 4.69085e-29 
  0.00100   2.05366e-45 2.19895e-45 2.24510e-36 1.24843e-33 1.35709e-32 3.08139e-32 2.90222e-31 4.72085e-29 
  0.01000   8.08404e-46 8.66771e-46 2.23777e-35 1.24446e-32 1.28989e-31 2.77008e-31 1.57049e-30 4.94442e-29 
  0.10000   9.62484e-47 1.03421e-46 2.23083e-34 1.23209e-31 1.10585e-30 2.11156e-30 7.91130e-30 4.77197e-29 
  1.00000   1.02675e-47 1.10528e-47 2.20839e-33 8.61391e-31 3.17066e-30 4.68555e-30 1.02764e-29 2.64657e-29 
 10.00000   3.47791e-48 3.74138e-48 1.77481e-32 1.43154e-30 3.99274e-30 4.94070e-30 6.88884e-30 1.24408e-29 
100.00000   7.02300e-49 7.55025e-49 3.34041e-32 5.37709e-31 9.59453e-31 1.34976e-30 1.66517e-30 2.00861e-30 

         11
          150.0
  0.00001   1.63343e-45 1.74889e-45 3.01073e-38 1.06413e-35 1.50112e-34 6.43251e-34 2.39542e-31 5.47513e-29 
  0.00010   1.61923e-45 1.73373e-45 3.00693e-37 1.06306e-34 1.28804e-33 3.83792e-33 3.34113e-31 5.47786e-29 
  0.00100   1.48725e-45 1.59264e-45 2.99838e-36 1.06395e-33 1.16649e-32 2.93240e-32 6.22244e-31 5.47721e-29 
  0.01000   7.65104e-46 8.20127e-46 3.00213e-35 1.06180e-32 1.10730e-31 2.57773e-31 1.92541e-30 5.47391e-29 
  0.10000   1.06048e-46 1.13923e-46 2.99753e-34 1.05954e-31 9.99313e-31 2.05009e-30 8.03864e-30 4.73049e-29 
  1.00000   1.10771e-47 1.19271e-47 2.99053e-33 8.26652e-31 3.14493e-30 4.49068e-30 9.72738e-30 2.75564e-29 
 10.00000   3.18813e-48 3.43137e-48 2.56633e-32 1.36707e-30 3.80979e-30 4.59096e-30 7.03905e-30 1.41444e-29 
100.00000   8.83313e-49 9.49680e-49 5.32238e-32 7.52458e-31 1.21693e-30 1.76681e-30 2.34956e-30 2.66069e-30 

         11
          200.0
  0.00001   1.21596e-45 1.30203e-45 2.53331e-38 8.85158e-36 1.61869e-34 1.64386e-33 7.13696e-31 5.61874e-29 
  0.00010   1.20842e-45 1.29398e-45 2.53112e-37 8.83238e-35 1.24108e-33 5.28335e-33 7.76622e-31 5.61892e-29 
  0.00100   1.13689e-45 1.21750e-45 2.52921e-36 8.82211e-34 1.04150e-32 2.99883e-32 1.03993e-30 5.61256e-29 
  0.01000   6.84289e-46 7.33365e-46 2.52780e-35 8.80951e-33 9.54037e-32 2.32792e-31 2.26286e-30 5.51446e-29 
  0.10000   1.10816e-46 1.19023e-46 2.52436e-34 8.80116e-32 8.70047e-31 1.87995e-30 7.95994e-30 4.54461e-29 
  1.00000   1.15386e-47 1.24244e-47 2.52329e-33 7.35449e-31 3.09135e-30 4.39300e-30 9.27512e-30 2.66586e-29 
 10.00000   2.92567e-48 3.14985e-48 2.42152e-32 1.25981e-30 3.47199e-30 4.21330e-30 7.02332e-30 1.49099e-29 
100.00000   9.92692e-49 1.06734e-48 7.10901e-32 8.67405e-31 1.43949e-30 1.92265e-30 2.68270e-30 3.08479e-30 

         11
          250.0
  0.00001   9.52781e-46 1.02024e-45 2.13178e-38 7.32002e-36 1.86498e-34 3.50442e-33 1.28786e-30 5.37815e-29 
  0.00010   9.48272e-46 1.01543e-45 2.13084e-37 7.30072e-35 1.23894e-33 9.17539e-33 1.33027e-30 5.37683e-29 
  0.00100   9.04936e-46 9.69105e-46 2.12762e-36 7.28203e-34 9.45330e-33 3.29425e-32 1.53212e-30 5.35958e-29 
  0.01000   6.02791e-46 6.45935e-46 2.13170e-35 7.27895e-33 8.15684e-32 2.12399e-31 2.56067e-30 5.23490e-29 
  0.10000   1.12808e-46 1.21145e-46 2.12933e-34 7.28227e-32 7.38256e-31 1.65241e-30 7.60115e-30 4.29913e-29 
  1.00000   1.17994e-47 1.27045e-47 2.12973e-33 6.32255e-31 2.96130e-30 4.29076e-30 9.02407e-30 2.53603e-29 
 10.00000   2.70075e-48 2.90832e-48 2.07340e-32 1.18364e-30 3.16109e-30 3.85072e-30 6.85816e-30 1.47951e-29 
100.00000   1.06544e-48 1.14559e-48 8.03733e-32 9.11783e-31 1.52875e-30 1.95703e-30 2.76394e-30 3.30736e-30 

         11
          300.0
  0.00001   7.58705e-46 8.12493e-46 1.78533e-38 6.01858e-36 2.09706e-34 5.67916e-33 1.82417e-30 4.98528e-29 
  0.00010   7.55877e-46 8.09479e-46 1.78702e-37 5.99563e-35 1.23174e-33 1.36004e-32 1.85329e-30 4.98434e-29 
  0.00100   7.28456e-46 7.80164e-46 1.78066e-36 5.97492e-34 8.76303e-33 3.97886e-32 1.99928e-30 4.97393e-29 
  0.01000   5.23576e-46 5.61022e-46 1.77516e-35 5.97455e-33 7.09114e-32 1.97277e-31 2.83046e-30 4.86212e-29 
  0.10000   1.12402e-46 1.20686e-46 1.77204e-34 5.96248e-32 6.29812e-31 1.42295e-30 7.01570e-30 4.01569e-29 
  1.00000   1.19121e-47 1.28244e-47 1.77047e-33 5.31370e-31 2.76081e-30 4.11212e-30 8.63012e-30 2.36638e-29 
 10.00000   2.51151e-48 2.70506e-48 1.73574e-32 1.10036e-30 2.89159e-30 3.46402e-30 6.45817e-30 1.40889e-29 
100.00000   1.10613e-48 1.18933e-48 7.76382e-32 9.06448e-31 1.56307e-30 1.89919e-30 2.70219e-30 3.40660e-30 

         11
          350.0
  0.00001   6.14636e-46 6.58230e-46 1.46401e-38 4.94853e-36 2.53405e-34 8.41448e-33 2.22354e-30 4.48988e-29 
  0.00010   6.12733e-46 6.56204e-46 1.46384e-37 4.91573e-35 1.25777e-33 1.80004e-32 2.24957e-30 4.48893e-29 
  0.00100   5.94187e-46 6.36377e-46 1.46372e-36 4.89287e-34 8.12386e-33 4.64796e-32 2.35922e-30 4.47808e-29 
  0.01000   4.51490e-46 4.83750e-46 1.46361e-35 4.88945e-33 6.21517e-32 1.85695e-31 3.01152e-30 4.38475e-29 
  0.10000   1.10155e-46 1.18253e-46 1.45848e-34 4.87384e-32 5.33515e-31 1.21901e-30 6.38126e-30 3.72332e-29 
  1.00000   1.19036e-47 1.28139e-47 1.45951e-33 4.42722e-31 2.50070e-30 3.83933e-30 8.11331e-30 2.19944e-29 
 10.00000   2.35250e-48 2.53408e-48 1.44125e-32 1.00046e-30 2.64105e-30 3.15780e-30 5.94286e-30 1.34181e-29 
100.00000   1.12166e-48 1.20600e-48 7.25338e-32 8.71842e-31 1.53598e-30 1.80257e-30 2.58449e-30 3.39208e-30 

         11
          400.0
  0.00001   5.06266e-46 5.42176e-46 1.19551e-38 4.09856e-36 2.86554e-34 1.11376e-32 2.47127e-30 4.01932e-29 
  0.00010   5.04962e-46 5.40788e-46 1.19556e-37 4.04363e-35 1.29039e-33 2.26238e-32 2.49701e-30 4.01870e-29 
  0.00100   4.92184e-46 5.27129e-46 1.19534e-36 4.01737e-34 7.59737e-33 5.25572e-32 2.59206e-30 4.01251e-29 
  0.01000   3.88342e-46 4.16069e-46 1.19601e-35 4.00816e-33 5.48598e-32 1.78140e-31 3.08589e-30 3.94519e-29 
  0.10000   1.05657e-46 1.13406e-46 1.19513e-34 4.00025e-32 4.51596e-31 1.04596e-30 5.75314e-30 3.39775e-29 
  1.00000   1.16299e-47 1.25186e-47 1.19448e-33 3.67438e-31 2.21337e-30 3.49184e-30 7.50132e-30 2.00778e-29 
 10.00000   2.20517e-48 2.37551e-48 1.17943e-32 9.13944e-31 2.37987e-30 2.88003e-30 5.39792e-30 1.24815e-29 
100.00000   1.11966e-48 1.20380e-48 6.37844e-32 8.17330e-31 1.47313e-30 1.71051e-30 2.41348e-30 3.29903e-30 

         11
          600.0
  0.00001   2.46853e-46 2.64371e-46 5.52978e-39 1.99413e-36 7.34683e-34 2.17066e-32 2.42419e-30 2.42923e-29 
  0.00010   2.46475e-46 2.63971e-46 5.52454e-38 1.95201e-35 1.75603e-33 3.48106e-32 2.42961e-30 2.42892e-29 
  0.00100   2.42735e-46 2.59974e-46 5.52388e-37 1.90979e-34 6.11162e-33 6.49352e-32 2.47113e-30 2.42625e-29 
  0.01000   2.09783e-46 2.24732e-46 5.55288e-36 1.87953e-33 3.43376e-32 1.53803e-31 2.67661e-30 2.40134e-29 
  0.10000   7.86931e-47 8.44252e-47 5.55873e-35 1.86744e-32 2.40138e-31 5.96438e-31 3.73263e-30 2.19888e-29 
  1.00000   9.91039e-48 1.06637e-47 5.51411e-34 1.76114e-31 1.27257e-30 2.14955e-30 4.94624e-30 1.42713e-29 
 10.00000   1.74403e-48 1.87863e-48 5.47220e-33 5.61924e-31 1.53222e-30 1.92000e-30 3.39746e-30 8.37169e-30 
100.00000   1.01985e-48 1.09623e-48 3.45731e-32 5.65038e-31 1.06545e-30 1.24657e-30 1.68081e-30 2.58580e-30 

         12
          100.0
  0.00001   2.45662e-45 4.05571e-40 1.15352e-36 5.77540e-35 7.59092e-34 2.36443e-33 1.52493e-30 7.94470e-29 
  0.00010   2.42253e-45 3.83231e-39 1.15358e-35 5.68955e-34 6.02346e-33 1.63865e-32 1.75934e-30 7.95516e-29 
  0.00100   2.11632e-45 3.66606e-38 1.15241e-34 5.62015e-33 5.28544e-32 1.32201e-31 2.44575e-30 8.01413e-29 
  0.01000   8.33606e-46 3.48950e-37 1.15202e-33 5.56249e-32 4.86826e-31 1.09356e-30 6.83045e-30 8.06939e-29 
  0.10000   9.93357e-47 3.31401e-36 1.15151e-32 5.27252e-31 3.63978e-30 6.84394e-30 1.77482e-29 8.67284e-29 
  1.00000   1.06020e-47 3.18081e-35 1.06044e-31 2.33470e-30 7.70889e-30 1.12964e-29 2.07574e-29 3.78444e-29 
 10.00000   3.59163e-48 3.09448e-34 4.11742e-31 3.13352e-30 7.92425e-30 9.02523e-30 1.27683e-29 1.93650e-29 
100.00000   7.25039e-49 1.15703e-33 2.49573e-31 1.21115e-30 2.07681e-30 2.32639e-30 2.61019e-30 2.78665e-30 

         12
          150.0
  0.00001   1.68312e-45 6.77699e-40 1.30238e-36 4.90296e-35 1.44176e-33 1.04253e-32 5.30362e-30 8.46723e-29 
  0.00010   1.66862e-45 6.48743e-39 1.30296e-35 4.82992e-34 7.59184e-33 2.74847e-32 5.51616e-30 8.46259e-29 
  0.00100   1.53277e-45 6.25628e-38 1.30200e-34 4.78015e-33 5.42949e-32 1.42706e-31 6.20374e-30 8.41356e-29 
  0.01000   7.88885e-46 6.03951e-37 1.30303e-33 4.74121e-32 4.53767e-31 1.02422e-30 9.63473e-30 8.22707e-29 
  0.10000   1.09447e-46 5.79344e-36 1.30149e-32 4.61683e-31 3.52585e-30 6.62898e-30 1.90110e-29 8.44135e-29 
  1.00000   1.14391e-47 5.62069e-35 1.24830e-31 2.37994e-30 7.26898e-30 1.07333e-29 1.92538e-29 4.36811e-29 
 10.00000   3.29325e-48 5.52857e-34 4.91947e-31 3.49662e-30 6.86625e-30 8.33930e-30 1.34483e-29 2.32777e-29 
100.00000   9.12043e-49 2.99946e-33 3.49998e-31 1.73304e-30 2.84787e-30 3.11922e-30 3.62298e-30 3.94713e-30 

         12
          200.0
  0.00001   1.25310e-45 7.36222e-40 1.32928e-36 4.22178e-35 4.53086e-33 4.36083e-32 8.81266e-30 9.25307e-29 
  0.00010   1.24541e-45 7.11427e-39 1.33011e-35 4.08731e-34 1.26434e-32 7.13936e-32 8.91623e-30 9.25390e-29 
  0.00100   1.17178e-45 6.92580e-38 1.33011e-34 4.03711e-33 5.94817e-32 1.79629e-31 9.51941e-30 9.25379e-29 
  0.01000   7.05543e-46 6.74947e-37 1.32967e-33 4.00356e-32 4.25506e-31 1.01939e-30 1.21472e-29 9.22587e-29 
  0.10000   1.14367e-46 6.54936e-36 1.32901e-32 3.93798e-31 3.23415e-30 6.25969e-30 1.93920e-29 8.58011e-29 
  1.00000   1.19182e-47 6.39137e-35 1.29613e-31 2.29258e-30 7.08687e-30 1.03411e-29 1.89957e-29 4.61240e-29 
 10.00000   3.02288e-48 6.31641e-34 5.25827e-31 3.64264e-30 6.15884e-30 7.60238e-30 1.30861e-29 2.61772e-29 
100.00000   1.02509e-48 4.13153e-33 4.03080e-31 2.03827e-30 3.08653e-30 3.41937e-30 4.23574e-30 4.84061e-30 

         12
          250.0
  0.00001   9.81938e-46 6.97471e-40 1.27440e-36 3.68281e-35 1.00444e-32 1.20524e-31 1.12302e-29 9.96692e-29 
  0.00010   9.77347e-46 6.77624e-39 1.27011e-35 3.51559e-34 2.31997e-32 1.56093e-31 1.12808e-29 9.96819e-29 
  0.00100   9.32745e-46 6.61780e-38 1.26797e-34 3.39816e-33 7.25973e-32 2.74626e-31 1.16266e-29 9.94323e-29 
  0.01000   6.21500e-46 6.48931e-37 1.26903e-33 3.36362e-32 4.01440e-31 1.05281e-30 1.35741e-29 9.78992e-29 
  0.10000   1.16417e-46 6.33659e-36 1.26907e-32 3.30807e-31 2.91803e-30 5.75611e-30 1.89928e-29 8.82946e-29 
  1.00000   1.21893e-47 6.20093e-35 1.25184e-31 2.11974e-30 6.81978e-30 9.90744e-30 1.85064e-29 4.58491e-29 
 10.00000   2.79094e-48 6.15082e-34 5.53244e-31 3.47387e-30 5.63809e-30 7.09598e-30 1.24129e-29 2.70876e-29 
100.00000   1.10030e-48 4.50905e-33 4.17205e-31 2.15256e-30 3.15219e-30 3.52489e-30 4.60291e-30 5.50070e-30 

         12
          300.0
  0.00001   7.81951e-46 6.21607e-40 1.16429e-36 3.14563e-35 1.68954e-32 2.41967e-31 1.24742e-29 9.83636e-29 
  0.00010   7.79078e-46 6.07527e-39 1.16385e-35 3.00852e-34 3.58764e-32 2.83655e-31 1.24961e-29 9.83433e-29 
  0.00100   7.50860e-46 5.96451e-38 1.16478e-34 2.86227e-33 9.15979e-32 3.97921e-31 1.26764e-29 9.81258e-29 
  0.01000   5.39811e-46 5.85971e-37 1.16578e-33 2.80087e-32 3.89480e-31 1.09827e-30 1.40528e-29 9.69177e-29 
  0.10000   1.15989e-46 5.74356e-36 1.16296e-32 2.75335e-31 2.58266e-30 5.22276e-30 1.80605e-29 8.64202e-29 
  1.00000   1.23065e-47 5.63955e-35 1.14771e-31 1.89304e-30 6.44397e-30 9.33354e-30 1.77296e-29 4.39687e-29 
 10.00000   2.59560e-48 5.60596e-34 5.69339e-31 3.19831e-30 5.11274e-30 6.54536e-30 1.16932e-29 2.69147e-29 
100.00000   1.14237e-48 4.32506e-33 4.29694e-31 2.14193e-30 3.05714e-30 3.42678e-30 4.76081e-30 5.92232e-30 

         12
          350.0
  0.00001   6.33483e-46 5.32432e-40 1.04408e-36 2.72061e-35 2.39888e-32 3.79226e-31 1.28226e-29 9.27675e-29 
  0.00010   6.31555e-46 5.24401e-39 1.04486e-35 2.56145e-34 4.79885e-32 4.33133e-31 1.28352e-29 9.27604e-29 
  0.00100   6.12472e-46 5.18332e-38 1.04481e-34 2.42669e-33 1.11080e-31 5.53549e-31 1.29611e-29 9.26957e-29 
  0.01000   4.65479e-46 5.09875e-37 1.04292e-33 2.33761e-32 3.84623e-31 1.17276e-30 1.38625e-29 9.14917e-29 
  0.10000   1.13662e-46 5.02285e-36 1.04351e-32 2.28904e-31 2.26965e-30 4.68652e-30 1.68471e-29 8.12362e-29 
  1.00000   1.22979e-47 4.92599e-35 1.03142e-31 1.64862e-30 6.03354e-30 8.60656e-30 1.67148e-29 4.17818e-29 
 10.00000   2.43138e-48 4.89648e-34 5.47174e-31 2.91715e-30 4.74723e-30 5.92717e-30 1.07156e-29 2.59557e-29 
100.00000   1.15846e-48 3.90966e-33 4.13158e-31 2.04851e-30 2.93370e-30 3.30887e-30 4.75630e-30 6.12463e-30 

         12
          400.0
  0.00001   5.21799e-46 4.48268e-40 9.17803e-37 2.40838e-35 3.23465e-32 5.15585e-31 1.25431e-29 8.57472e-29 
  0.00010   5.20481e-46 4.41306e-39 9.17237e-36 2.18505e-34 5.86463e-32 5.77278e-31 1.25509e-29 8.57332e-29 
  0.00100   5.07336e-46 4.35271e-38 9.17634e-35 2.05833e-33 1.26397e-31 7.01067e-31 1.26235e-29 8.56089e-29 
  0.01000   4.00366e-46 4.29733e-37 9.17885e-34 1.95674e-32 3.76764e-31 1.22835e-30 1.32906e-29 8.46268e-29 
  0.10000   1.09013e-46 4.24945e-36 9.17675e-33 1.90252e-31 1.98579e-30 4.18998e-30 1.57517e-29 7.58559e-29 
  1.00000   1.20147e-47 4.19237e-35 9.07435e-32 1.42044e-30 5.50494e-30 7.83092e-30 1.54432e-29 3.91747e-29 
 10.00000   2.27915e-48 4.13334e-34 4.88229e-31 2.63983e-30 4.32510e-30 5.36501e-30 9.77556e-30 2.43502e-29 
100.00000   1.15641e-48 3.39426e-33 4.01000e-31 1.92744e-30 2.68355e-30 3.13805e-30 4.63022e-30 6.14290e-30 

         12
          600.0
  0.00001   2.54434e-46 2.20649e-40 4.95299e-37 1.96640e-35 6.70154e-32 8.25043e-31 9.63341e-30 5.64379e-29 
  0.00010   2.54057e-46 2.15440e-39 4.95079e-36 1.37759e-34 9.20110e-32 8.76699e-31 9.63465e-30 5.64325e-29 
  0.00100   2.50213e-46 2.12045e-38 4.94639e-35 1.10781e-33 1.49140e-31 9.73049e-31 9.64645e-30 5.63859e-29 
  0.01000   2.16272e-46 2.09106e-37 4.94644e-34 9.97642e-33 3.24273e-31 1.27515e-30 9.78720e-30 5.57906e-29 
  0.10000   8.11841e-47 2.06137e-36 4.94659e-33 9.37996e-32 1.18209e-30 2.66190e-30 1.05162e-29 5.10009e-29 
  1.00000   1.02366e-47 2.02769e-35 4.89005e-32 7.47333e-31 3.45659e-30 5.11641e-30 1.05670e-29 2.90202e-29 
 10.00000   1.80246e-48 1.98979e-34 2.90744e-31 1.65320e-30 3.00599e-30 3.65360e-30 6.31402e-30 1.67919e-29 
100.00000   1.05331e-48 1.79880e-33 2.81789e-31 1.32378e-30 1.88028e-30 2.25032e-30 3.54920e-30 5.23116e-30 

         13
          100.0
  0.00001   2.42342e-45 7.11930e-42 2.44395e-36 2.82586e-34 7.24909e-33 3.90491e-32 3.04843e-30 3.44439e-28 
  0.00010   2.38946e-45 3.17542e-41 2.39861e-35 2.52106e-33 4.02453e-32 1.14321e-31 3.46324e-30 3.45640e-28 
  0.00100   2.08721e-45 1.34363e-40 2.36699e-34 2.27678e-32 2.53175e-31 5.91491e-31 5.61162e-30 3.53869e-28 
  0.01000   8.21853e-46 4.25895e-40 2.32942e-33 2.04965e-31 2.01258e-30 4.19020e-30 2.07312e-29 4.08683e-28 
  0.10000   9.78892e-47 8.76334e-40 2.20820e-32 1.85019e-30 1.36608e-29 2.47629e-29 7.21983e-29 4.28121e-28 
  1.00000   1.04416e-47 1.72136e-39 1.68735e-31 8.59354e-30 3.87788e-29 5.36123e-29 1.02277e-28 2.55729e-28 
 10.00000   3.53852e-48 5.01844e-39 6.33803e-31 1.21145e-29 3.71049e-29 4.94978e-29 7.66870e-29 1.50456e-28 
100.00000   7.14412e-49 7.37690e-39 4.68582e-31 4.41949e-30 1.06684e-29 1.32259e-29 2.04104e-29 2.34191e-29 

         13
          150.0
  0.00001   1.66010e-45 6.50956e-42 4.17368e-36 3.39114e-34 3.26487e-32 3.59677e-31 1.18621e-29 4.23922e-28 
  0.00010   1.64568e-45 2.87424e-41 4.12083e-35 2.78112e-33 8.53274e-32 5.35159e-31 1.21654e-29 4.23983e-28 
  0.00100   1.51160e-45 1.22844e-40 4.10297e-34 2.42588e-32 3.98703e-31 1.20995e-30 1.38915e-29 4.26827e-28 
  0.01000   7.77787e-46 4.25277e-40 4.08772e-33 2.17248e-31 2.23483e-30 4.52579e-30 2.51052e-29 4.43661e-28 
  0.10000   1.07866e-46 9.18678e-40 4.04954e-32 1.78490e-30 1.26668e-29 2.30523e-29 6.83781e-29 4.37630e-28 
  1.00000   1.12687e-47 1.78007e-39 3.10557e-31 8.82288e-30 3.51243e-29 5.06522e-29 1.00193e-28 2.52699e-28 
 10.00000   3.24412e-48 4.87446e-39 9.55369e-31 1.26452e-29 3.73945e-29 4.68770e-29 7.00043e-29 1.69903e-28 
100.00000   8.98634e-49 8.67043e-39 7.31358e-31 6.12256e-30 1.50008e-29 1.82048e-29 2.69860e-29 3.31702e-29 

         13
          200.0
  0.00001   1.23595e-45 5.14513e-42 5.11187e-36 4.51643e-34 1.70284e-31 1.55215e-30 2.45778e-29 4.68376e-28 
  0.00010   1.22829e-45 2.26711e-41 5.10494e-35 3.03076e-33 2.53555e-31 1.77296e-30 2.47644e-29 4.68381e-28 
  0.00100   1.15561e-45 9.73583e-41 5.09234e-34 2.43088e-32 6.16166e-31 2.58689e-30 2.56782e-29 4.68918e-28 
  0.01000   6.95679e-46 3.56061e-40 5.10137e-33 2.16417e-31 2.74933e-30 6.40156e-30 3.21825e-29 4.70906e-28 
  0.10000   1.12720e-46 8.09537e-40 5.08757e-32 1.88055e-30 1.26996e-29 2.18530e-29 6.61309e-29 4.29614e-28 
  1.00000   1.17403e-47 1.56423e-39 4.50065e-31 8.50285e-30 3.30294e-29 4.81772e-29 9.88338e-29 2.52138e-28 
 10.00000   2.97748e-48 4.05771e-39 1.17709e-30 1.30204e-29 3.62205e-29 4.52006e-29 6.26562e-29 1.73647e-28 
100.00000   1.00998e-48 7.60274e-39 9.56642e-31 7.42895e-30 1.77534e-29 2.08341e-29 2.96804e-29 4.06378e-29 

         13
          250.0
  0.00001   9.68523e-46 4.00209e-42 5.67088e-36 7.51883e-34 4.96656e-31 3.69013e-30 3.76290e-29 4.71995e-28 
  0.00010   9.63946e-46 1.75755e-41 5.67053e-35 3.86401e-33 6.36189e-31 3.88882e-30 3.77504e-29 4.72021e-28 
  0.00100   9.19911e-46 7.59107e-41 5.66647e-34 2.58692e-32 1.05753e-30 4.68686e-30 3.82400e-29 4.72653e-28 
  0.01000   6.12847e-46 2.86969e-40 5.66301e-33 2.13663e-31 3.31604e-30 8.55020e-30 4.13289e-29 4.70453e-28 
  0.10000   1.14748e-46 6.86223e-40 5.66789e-32 1.88480e-30 1.37378e-29 2.29424e-29 6.56081e-29 4.24976e-28 
  1.00000   1.20069e-47 1.32431e-39 5.24300e-31 8.32289e-30 3.15584e-29 4.60895e-29 9.40422e-29 2.48398e-28 
 10.00000   2.74883e-48 3.30928e-39 1.27695e-30 1.32862e-29 3.38662e-29 4.23229e-29 5.69511e-29 1.67805e-28 
100.00000   1.08406e-48 5.87477e-39 1.18885e-30 8.34218e-30 1.94924e-29 2.21758e-29 3.01576e-29 4.61605e-29 

         13
          300.0
  0.00001   7.71275e-46 3.12279e-42 5.88772e-36 1.07557e-33 1.01722e-30 6.30037e-30 4.86483e-29 4.62112e-28 
  0.00010   7.68405e-46 1.36844e-41 5.88602e-35 5.13292e-33 1.19602e-30 6.45535e-30 4.87521e-29 4.62065e-28 
  0.00100   7.40541e-46 5.91803e-41 5.88606e-34 2.89436e-32 1.67713e-30 7.17631e-30 4.90944e-29 4.61256e-28 
  0.01000   5.32321e-46 2.30007e-40 5.87990e-33 2.14653e-31 3.90081e-30 1.07177e-29 5.11239e-29 4.55301e-28 
  0.10000   1.14335e-46 5.77248e-40 5.87209e-32 1.83552e-30 1.46035e-29 2.44972e-29 6.61908e-29 4.00640e-28 
  1.00000   1.21222e-47 1.11870e-39 5.52808e-31 8.24019e-30 3.10281e-29 4.46136e-29 8.86704e-29 2.44535e-28 
 10.00000   2.55632e-48 2.70224e-39 1.53677e-30 1.31069e-29 3.25824e-29 3.89467e-29 5.35054e-29 1.59710e-28 
100.00000   1.12550e-48 4.53324e-39 1.57108e-30 8.93025e-30 1.95626e-29 2.24361e-29 2.92315e-29 4.96001e-29 

         13
          350.0
  0.00001   6.24843e-46 2.46050e-42 5.77202e-36 1.54699e-33 1.66211e-30 8.84213e-30 5.68834e-29 4.34262e-28 
  0.00010   6.22913e-46 1.07896e-41 5.77217e-35 6.31785e-33 1.86595e-30 8.93756e-30 5.69839e-29 4.34190e-28 
  0.00100   6.04067e-46 4.66763e-41 5.77172e-34 3.21958e-32 2.37458e-30 9.52548e-30 5.73574e-29 4.33435e-28 
  0.01000   4.59042e-46 1.85026e-40 5.77644e-33 2.13399e-31 4.52068e-30 1.26185e-29 5.91388e-29 4.23885e-28 
  0.10000   1.12051e-46 4.86103e-40 5.76925e-32 1.75372e-30 1.48450e-29 2.52901e-29 6.93587e-29 3.76230e-28 
  1.00000   1.21137e-47 9.47658e-40 5.49705e-31 8.32527e-30 3.05316e-29 4.39650e-29 8.38441e-29 2.35029e-28 
 10.00000   2.39453e-48 2.22662e-39 1.86995e-30 1.31210e-29 3.04569e-29 3.63516e-29 5.10285e-29 1.49409e-28 
100.00000   1.14133e-48 3.94963e-39 1.78720e-30 9.26320e-30 1.94170e-29 2.16883e-29 2.87985e-29 5.12180e-29 

         13
          400.0
  0.00001   5.14692e-46 1.96028e-42 5.45841e-36 2.01428e-33 2.29883e-30 1.08658e-29 6.21037e-29 4.06138e-28 
  0.00010   5.13369e-46 8.60338e-42 5.44684e-35 7.67868e-33 2.51567e-30 1.09294e-29 6.21953e-29 4.06102e-28 
  0.00100   5.00386e-46 3.73337e-41 5.43883e-34 3.43822e-32 3.00894e-30 1.13522e-29 6.26179e-29 4.05601e-28 
  0.01000   3.94848e-46 1.49784e-40 5.45155e-33 2.08957e-31 4.95102e-30 1.39001e-29 6.43730e-29 3.99642e-28 
  0.10000   1.07477e-46 4.09377e-40 5.44536e-32 1.64623e-30 1.45199e-29 2.56079e-29 7.21677e-29 3.54401e-28 
  1.00000   1.18351e-47 8.01273e-40 5.24618e-31 8.27207e-30 2.98314e-29 4.31300e-29 7.97848e-29 2.22601e-28 
 10.00000   2.24459e-48 1.84924e-39 2.05529e-30 1.27189e-29 2.78811e-29 3.36567e-29 5.03688e-29 1.39506e-28 
100.00000   1.13932e-48 3.58712e-39 1.84144e-30 9.10170e-30 1.85610e-29 2.06799e-29 2.80046e-29 5.13203e-29 

         13
          600.0
  0.00001   2.51005e-46 8.62988e-43 3.63456e-36 3.19031e-33 3.84044e-30 1.31672e-29 6.68139e-29 3.14368e-28 
  0.00010   2.50622e-46 3.78325e-42 3.62991e-35 1.05647e-32 4.03132e-30 1.32566e-29 6.68265e-29 3.14358e-28 
  0.00100   2.46822e-46 1.64667e-41 3.62272e-34 3.93255e-32 4.39621e-30 1.34890e-29 6.69411e-29 3.14197e-28 
  0.01000   2.13327e-46 6.81628e-41 3.59941e-33 1.81403e-31 5.52916e-30 1.46085e-29 6.76816e-29 3.11177e-28 
  0.10000   8.00496e-47 2.09025e-40 3.58154e-32 1.14218e-30 1.13198e-29 2.17498e-29 7.07225e-29 2.80684e-28 
  1.00000   1.00846e-47 4.30168e-40 3.44851e-31 6.26852e-30 2.42904e-29 3.43390e-29 6.42459e-29 1.65845e-28 
 10.00000   1.77517e-48 9.48282e-40 1.76098e-30 1.01026e-29 2.10340e-29 2.65391e-29 4.10740e-29 9.23263e-29 
100.00000   1.03777e-48 2.27877e-39 1.85794e-30 7.81488e-30 1.50752e-29 1.77341e-29 2.40075e-29 4.31690e-29 

         14
          100.0
  0.00001   2.37973e-45 2.52935e-45 6.78002e-40 8.52158e-36 9.11560e-35 1.87172e-34 5.22355e-33 3.02279e-29 
  0.00010   2.34636e-45 2.49402e-45 6.76482e-39 8.52690e-35 8.92359e-34 1.80734e-33 2.02114e-32 3.02163e-29 
  0.00100   2.04945e-45 2.17888e-45 6.76984e-38 8.52953e-34 8.75383e-33 1.75923e-32 1.28111e-31 3.05342e-29 
  0.01000   8.06718e-46 8.58723e-46 6.77682e-37 8.52749e-33 8.61383e-32 1.71271e-31 9.36891e-31 3.31755e-29 
  0.10000   9.60514e-47 1.02481e-46 6.76325e-36 8.50074e-32 7.70549e-31 1.44837e-30 5.02138e-30 3.09294e-29 
  1.00000   1.02470e-47 1.09551e-47 6.76697e-35 6.55897e-31 2.34742e-30 3.26896e-30 5.30182e-30 1.48999e-29 
 10.00000   3.47039e-48 3.70546e-48 6.57835e-34 1.20023e-30 2.12323e-30 2.65725e-30 3.71280e-30 4.83769e-30 
100.00000   7.00699e-49 7.47379e-49 2.38402e-33 4.20893e-31 5.15296e-31 5.32704e-31 5.55417e-31 5.72826e-31 

         14
          150.0
  0.00001   1.63008e-45 1.73291e-45 1.13156e-39 7.00865e-36 8.07945e-35 1.73814e-34 2.42246e-32 4.10039e-29 
  0.00010   1.61592e-45 1.71792e-45 1.13360e-38 7.02072e-35 7.72652e-34 1.62669e-33 6.17938e-32 4.09980e-29 
  0.00100   1.48421e-45 1.57810e-45 1.13305e-37 7.01607e-34 7.53993e-33 1.56906e-32 1.93727e-31 4.09615e-29 
  0.01000   7.63511e-46 8.12523e-46 1.13371e-36 7.02067e-33 7.44544e-32 1.53864e-31 1.04675e-30 4.09409e-29 
  0.10000   1.05827e-46 1.12868e-46 1.13180e-35 6.99595e-32 7.01077e-31 1.39980e-30 5.41381e-30 3.16874e-29 
  1.00000   1.10543e-47 1.18186e-47 1.13324e-34 6.04341e-31 2.41149e-30 3.23899e-30 5.76055e-30 1.51277e-29 
 10.00000   3.18119e-48 3.39825e-48 1.11240e-33 1.15981e-30 2.03426e-30 2.65374e-30 4.14296e-30 6.12381e-30 
100.00000   8.81366e-49 9.40384e-49 4.29923e-33 6.07565e-31 7.46851e-31 7.75873e-31 8.33356e-31 8.77414e-31 

         14
          200.0
  0.00001   1.21347e-45 1.29013e-45 9.62331e-40 5.55277e-36 7.99036e-35 1.92695e-34 5.65736e-32 4.32788e-29 
  0.00010   1.20595e-45 1.28218e-45 9.62584e-39 5.55261e-35 6.75527e-34 1.49746e-33 1.19455e-31 4.32696e-29 
  0.00100   1.13456e-45 1.20640e-45 9.61495e-38 5.55321e-34 6.31164e-33 1.35195e-32 3.09467e-31 4.31986e-29 
  0.01000   6.82873e-46 7.26606e-46 9.63104e-37 5.54769e-33 6.18010e-32 1.30926e-31 1.13108e-30 4.23199e-29 
  0.10000   1.10581e-46 1.17903e-46 9.63088e-36 5.53901e-32 5.92293e-31 1.22248e-30 5.23866e-30 3.16229e-29 
  1.00000   1.15145e-47 1.23096e-47 9.60286e-35 5.00772e-31 2.31952e-30 3.23655e-30 5.88790e-30 1.47950e-29 
 10.00000   2.91929e-48 3.11938e-48 9.47237e-34 1.12685e-30 1.91331e-30 2.55493e-30 4.39397e-30 6.75742e-30 
100.00000   9.90528e-49 1.05701e-48 5.45617e-33 6.93177e-31 8.93137e-31 9.31596e-31 1.00634e-30 1.07496e-30 

         14
          250.0
  0.00001   9.50837e-46 1.01096e-45 7.51909e-40 4.41208e-36 8.60568e-35 2.59955e-34 1.13737e-31 4.16097e-29 
  0.00010   9.46339e-46 1.00621e-45 7.51191e-39 4.41325e-35 6.31906e-34 1.53294e-33 1.86218e-31 4.15942e-29 
  0.00100   9.03091e-46 9.60301e-46 7.51772e-38 4.41101e-34 5.38574e-33 1.20160e-32 4.09597e-31 4.15033e-29 
  0.01000   6.01549e-46 6.40011e-46 7.51507e-37 4.41316e-33 5.12642e-32 1.11292e-31 1.21930e-30 4.00382e-29 
  0.10000   1.12566e-46 1.19988e-46 7.51596e-36 4.40875e-32 4.90875e-31 1.03502e-30 4.89969e-30 3.12566e-29 
  1.00000   1.17746e-47 1.25859e-47 7.51541e-35 4.07909e-31 2.13279e-30 3.11091e-30 5.72813e-30 1.48591e-29 
 10.00000   2.69490e-48 2.88039e-48 7.40075e-34 1.04735e-30 1.82387e-30 2.41542e-30 4.37635e-30 7.02422e-30 
100.00000   1.06313e-48 1.13454e-48 4.71808e-33 7.12589e-31 9.70385e-31 1.01843e-30 1.10301e-30 1.18866e-30 

         14
          300.0
  0.00001   7.57156e-46 8.05100e-46 5.90680e-40 3.52171e-36 1.23917e-34 5.71167e-34 2.15060e-31 3.78391e-29 
  0.00010   7.54336e-46 8.02125e-46 5.89981e-39 3.52777e-35 6.28422e-34 1.73366e-33 2.72660e-31 3.78252e-29 
  0.00100   7.26971e-46 7.73076e-46 5.90567e-38 3.52228e-34 4.76119e-33 1.11959e-32 4.90544e-31 3.77214e-29 
  0.01000   5.22500e-46 5.55887e-46 5.89969e-37 3.52554e-33 4.26954e-32 9.48492e-32 1.25735e-30 3.66464e-29 
  0.10000   1.12161e-46 1.19538e-46 5.89716e-36 3.52335e-32 4.04457e-31 8.70093e-31 4.40834e-30 2.97980e-29 
  1.00000   1.18869e-47 1.27039e-47 5.90002e-35 3.31083e-31 1.91704e-30 2.91801e-30 5.49267e-30 1.37602e-29 
 10.00000   2.50605e-48 2.67900e-48 5.82566e-34 9.29199e-31 1.71285e-30 2.25905e-30 4.18302e-30 6.99178e-30 
100.00000   1.10374e-48 1.17791e-48 3.99968e-33 7.08905e-31 9.96066e-31 1.05657e-30 1.15030e-30 1.25512e-30 

         14
          350.0
  0.00001   6.13385e-46 6.52258e-46 4.67985e-40 2.84260e-36 1.98785e-34 1.17604e-33 3.54466e-31 3.42775e-29 
  0.00010   6.11488e-46 6.50260e-46 4.68224e-39 2.84492e-35 7.18932e-34 2.46570e-33 3.88983e-31 3.42685e-29 
  0.00100   5.92978e-46 6.30612e-46 4.67543e-38 2.84523e-34 4.33022e-33 1.09072e-32 5.71616e-31 3.41858e-29 
  0.01000   4.50566e-46 4.79343e-46 4.68231e-37 2.84353e-33 3.60599e-32 8.23135e-32 1.26392e-30 3.33452e-29 
  0.10000   1.09921e-46 1.17139e-46 4.68178e-36 2.84226e-32 3.33584e-31 7.26598e-31 3.90163e-30 2.77161e-29 
  1.00000   1.18781e-47 1.26923e-47 4.67543e-35 2.69752e-31 1.68670e-30 2.65571e-30 5.15330e-30 1.26794e-29 
 10.00000   2.34738e-48 2.50962e-48 4.61758e-34 8.14277e-31 1.57213e-30 2.02791e-30 3.91810e-30 6.93269e-30 
100.00000   1.11925e-48 1.19450e-48 3.43585e-33 6.71021e-31 9.84016e-31 1.05980e-30 1.16575e-30 1.28864e-30 

         14
          400.0
  0.00001   5.05239e-46 5.37276e-46 3.74241e-40 2.30734e-36 2.86766e-34 2.21615e-33 4.95303e-31 3.07781e-29 
  0.00010   5.03939e-46 5.35908e-46 3.74758e-39 2.30376e-35 8.98473e-34 3.82009e-33 5.15353e-31 3.07704e-29 
  0.00100   4.91187e-46 5.22374e-46 3.74616e-38 2.30806e-34 4.13984e-33 1.14133e-32 6.46648e-31 3.06984e-29 
  0.01000   3.87551e-46 4.12294e-46 3.74337e-37 2.30795e-33 3.07712e-32 7.25898e-32 1.23163e-30 3.00752e-29 
  0.10000   1.05435e-46 1.12346e-46 3.74831e-36 2.30684e-32 2.76419e-31 6.10148e-31 3.43731e-30 2.52477e-29 
  1.00000   1.16046e-47 1.23981e-47 3.74420e-35 2.20616e-31 1.46196e-30 2.36716e-30 4.74467e-30 1.16329e-29 
 10.00000   2.20036e-48 2.35257e-48 3.70162e-34 7.14185e-31 1.43005e-30 1.86813e-30 3.60799e-30 6.53869e-30 
100.00000   1.11727e-48 1.19238e-48 2.91970e-33 6.30165e-31 9.41664e-31 1.02792e-30 1.14823e-30 1.28298e-30 

         14
          600.0
  0.00001   2.46362e-46 2.62029e-46 1.66405e-40 1.04354e-36 4.86100e-34 7.62555e-33 8.00186e-31 1.80349e-29 
  0.00010   2.45985e-46 2.61636e-46 1.66642e-39 1.04185e-35 1.43448e-33 1.18206e-32 8.03670e-31 1.80326e-29 
  0.00100   2.42254e-46 2.57676e-46 1.66678e-38 1.04330e-34 4.48052e-33 1.98545e-32 8.34378e-31 1.80083e-29 
  0.01000   2.09365e-46 2.22740e-46 1.66706e-37 1.04143e-33 1.92527e-32 5.43278e-32 1.05038e-30 1.77739e-29 
  0.10000   7.85318e-47 8.36555e-47 1.66686e-36 1.04271e-32 1.37814e-31 3.22133e-31 2.06961e-30 1.59498e-29 
  1.00000   9.88928e-48 1.05630e-47 1.66562e-35 1.01532e-31 7.85020e-31 1.37273e-30 3.07071e-30 8.50887e-30 
 10.00000   1.74025e-48 1.86058e-48 1.64651e-34 4.09253e-31 9.35462e-31 1.21262e-30 2.39583e-30 4.89820e-30 
100.00000   1.01775e-48 1.08621e-48 1.47113e-33 4.32072e-31 7.08725e-31 8.06824e-31 9.34091e-31 1.11068e-30 

         15
          100.0
  0.00001   2.42053e-45 8.39093e-44 3.42745e-36 4.83562e-34 1.10580e-32 3.95677e-32 2.21400e-30 4.05421e-28 
  0.00010   2.38660e-45 1.92634e-43 3.38987e-35 4.22645e-33 6.70631e-32 1.84505e-31 2.69939e-30 4.09352e-28 
  0.00100   2.08470e-45 4.05257e-43 3.33819e-34 3.78003e-32 4.31466e-31 1.03885e-30 7.80747e-30 4.49094e-28 
  0.01000   8.20836e-46 5.06056e-43 3.30219e-33 3.37859e-31 3.16118e-30 7.07318e-30 3.27727e-29 7.13145e-28 
  0.10000   9.77668e-47 2.90090e-43 3.17346e-32 2.84223e-30 2.23520e-29 4.06381e-29 1.39944e-28 1.31098e-27 
  1.00000   1.04273e-47 1.54021e-43 2.36676e-31 9.42254e-30 9.21930e-29 1.42705e-28 2.77022e-28 9.53732e-28 
 10.00000   3.53360e-48 1.70956e-43 6.60999e-31 1.76292e-29 1.09530e-28 1.52892e-28 2.60743e-28 5.06662e-28 
100.00000   7.13440e-49 1.02343e-43 3.95376e-31 1.23942e-29 3.28019e-29 4.26989e-29 7.50663e-29 9.03707e-29 

         15
          150.0
  0.00001   1.65824e-45 7.48658e-44 5.23359e-36 6.12416e-34 3.72576e-32 3.44542e-31 1.20043e-29 8.26929e-28 
  0.00010   1.64384e-45 1.70760e-43 5.19464e-35 5.22394e-33 1.39335e-31 6.33284e-31 1.23517e-29 8.29355e-28 
  0.00100   1.50989e-45 3.67198e-43 5.16884e-34 4.41017e-32 6.83993e-31 1.87689e-30 1.48196e-29 8.47592e-28 
  0.01000   7.76887e-46 5.42380e-43 5.14971e-33 3.78272e-31 3.84792e-30 8.21422e-30 3.65367e-29 9.99469e-28 
  0.10000   1.07721e-46 3.41223e-43 5.07687e-32 3.08766e-30 1.97162e-29 3.68210e-29 1.18401e-28 1.31207e-27 
  1.00000   1.12528e-47 1.78142e-43 4.23513e-31 1.22085e-29 8.06640e-29 1.28259e-28 2.72279e-28 9.37328e-28 
 10.00000   3.23954e-48 1.77305e-43 1.04859e-30 2.48973e-29 1.10033e-28 1.52234e-28 2.36886e-28 5.42061e-28 
100.00000   8.97404e-49 1.40332e-43 6.37941e-31 1.69863e-29 4.40851e-29 6.09348e-29 9.94310e-29 1.27412e-28 

         15
          200.0
  0.00001   1.23455e-45 6.13523e-44 6.39167e-36 7.39539e-34 2.02986e-31 1.85114e-30 3.09560e-29 1.07407e-27 
  0.00010   1.22690e-45 1.39080e-43 6.36678e-35 5.53289e-33 3.69981e-31 2.32871e-30 3.11597e-29 1.07515e-27 
  0.00100   1.15430e-45 3.04068e-43 6.34848e-34 4.70697e-32 1.15511e-30 3.93911e-30 3.23601e-29 1.08140e-27 
  0.01000   6.94867e-46 4.94953e-43 6.33790e-33 4.12753e-31 5.10438e-30 1.13625e-29 4.77911e-29 1.15802e-27 
  0.10000   1.12569e-46 3.43347e-43 6.33108e-32 3.44333e-30 2.18135e-29 3.80494e-29 1.08240e-28 1.35572e-27 
  1.00000   1.17238e-47 1.78653e-43 5.55094e-31 1.40696e-29 7.28981e-29 1.14862e-28 2.66968e-28 9.39957e-28 
 10.00000   2.97324e-48 1.64293e-43 1.41613e-30 3.02700e-29 1.08694e-28 1.49282e-28 2.12472e-28 5.48963e-28 
100.00000   1.00860e-48 1.52578e-43 9.43664e-31 2.01235e-29 5.27466e-29 7.03714e-29 1.08514e-28 1.54516e-28 

         15
          250.0
  0.00001   9.67416e-46 4.99319e-44 7.49711e-36 9.14242e-34 6.38719e-31 5.27185e-30 5.20924e-29 1.16866e-27 
  0.00010   9.62841e-46 1.13161e-43 7.47131e-35 6.54031e-33 9.71046e-31 5.86978e-30 5.22587e-29 1.16892e-27 
  0.00100   9.18852e-46 2.49115e-43 7.48130e-34 4.96126e-32 1.93795e-30 7.67451e-30 5.36547e-29 1.16911e-27 
  0.01000   6.12123e-46 4.32766e-43 7.46326e-33 4.22641e-31 6.66034e-30 1.46092e-29 6.54488e-29 1.20213e-27 
  0.10000   1.14593e-46 3.29924e-43 7.46269e-32 3.61693e-30 2.52534e-29 4.24498e-29 1.15726e-28 1.33277e-27 
  1.00000   1.19901e-47 1.72059e-43 6.87436e-31 1.55461e-29 6.91308e-29 1.11171e-28 2.59450e-28 9.35337e-28 
 10.00000   2.74489e-48 1.47746e-43 1.60386e-30 3.40650e-29 1.05223e-28 1.39929e-28 1.92391e-28 5.34386e-28 
100.00000   1.08257e-48 1.53733e-43 1.27576e-30 2.29035e-29 5.85062e-29 7.65774e-29 1.08443e-28 1.74182e-28 

         15
          300.0
  0.00001   7.70369e-46 4.05394e-44 7.77918e-36 1.18854e-33 1.39721e-30 9.78276e-30 7.16553e-29 1.18205e-27 
  0.00010   7.67500e-46 9.19275e-44 7.78590e-35 7.39310e-33 1.87834e-30 1.03893e-29 7.20229e-29 1.18255e-27 
  0.00100   7.39666e-46 2.03310e-43 7.76663e-34 5.37641e-32 3.16106e-30 1.22148e-29 7.36711e-29 1.18456e-27 
  0.01000   5.31679e-46 3.71010e-43 7.78819e-33 4.44453e-31 8.32966e-30 1.90536e-29 8.46609e-29 1.21282e-27 
  0.10000   1.14178e-46 3.09058e-43 7.78316e-32 3.81308e-30 2.83096e-29 4.76619e-29 1.34494e-28 1.28297e-27 
  1.00000   1.21052e-47 1.62072e-43 7.19414e-31 1.75737e-29 6.93984e-29 1.10702e-28 2.54081e-28 9.18368e-28 
 10.00000   2.55266e-48 1.31994e-43 1.66927e-30 3.43498e-29 1.01723e-28 1.29788e-28 1.75892e-28 5.05769e-28 
100.00000   1.12395e-48 1.52786e-43 1.57264e-30 2.73129e-29 6.13464e-29 7.71549e-29 1.06917e-28 1.86056e-28 

         15
          350.0
  0.00001   6.24090e-46 3.31491e-44 7.99441e-36 1.53344e-33 2.40175e-30 1.40995e-29 9.17279e-29 1.22910e-27 
  0.00010   6.22160e-46 7.51857e-44 7.98055e-35 8.55600e-33 3.01991e-30 1.48093e-29 9.20866e-29 1.22932e-27 
  0.00100   6.03334e-46 1.66803e-43 7.98180e-34 5.79209e-32 4.47929e-30 1.66997e-29 9.39056e-29 1.22984e-27 
  0.01000   4.58472e-46 3.15538e-43 7.96823e-33 4.59602e-31 9.69094e-30 2.35521e-29 1.05132e-28 1.23444e-27 
  0.10000   1.11892e-46 2.84978e-43 7.95778e-32 3.89296e-30 3.03604e-29 5.23529e-29 1.57391e-28 1.21669e-27 
  1.00000   1.20967e-47 1.51865e-43 7.37256e-31 1.86736e-29 7.21291e-29 1.10347e-28 2.45983e-28 8.84490e-28 
 10.00000   2.39110e-48 1.18535e-43 1.80892e-30 3.45187e-29 9.94835e-29 1.22313e-28 1.66514e-28 4.67477e-28 
100.00000   1.13976e-48 1.49412e-43 1.66569e-30 3.02376e-29 6.16855e-29 7.55071e-29 9.99934e-29 1.91206e-28 

         15
          400.0
  0.00001   5.14053e-46 2.73774e-44 8.14877e-36 1.87476e-33 3.49332e-30 1.75189e-29 1.19069e-28 1.22788e-27 
  0.00010   5.12730e-46 6.20965e-44 8.11805e-35 9.80437e-33 4.18014e-30 1.83242e-29 1.19400e-28 1.22771e-27 
  0.00100   4.99760e-46 1.38160e-43 8.09213e-34 6.11086e-32 5.72334e-30 2.03162e-29 1.21237e-28 1.22631e-27 
  0.01000   3.94344e-46 2.67780e-43 8.06147e-33 4.63173e-31 1.07323e-29 2.70317e-29 1.32443e-28 1.22290e-27 
  0.10000   1.07321e-46 2.59368e-43 8.03828e-32 3.83799e-30 3.14329e-29 5.57572e-29 1.76826e-28 1.17299e-27 
  1.00000   1.18184e-47 1.39731e-43 7.39593e-31 1.88636e-29 7.55483e-29 1.11646e-28 2.37048e-28 8.34821e-28 
 10.00000   2.24137e-48 1.06151e-43 1.85965e-30 3.44674e-29 9.54096e-29 1.14388e-28 1.58366e-28 4.39339e-28 
100.00000   1.13775e-48 1.43408e-43 1.65566e-30 3.06410e-29 6.08275e-29 7.23089e-29 9.43737e-29 1.90699e-28 

         15
          600.0
  0.00001   2.50660e-46 1.33279e-44 5.97983e-36 3.36655e-33 6.57233e-30 2.26458e-29 1.94051e-28 9.95995e-28 
  0.00010   2.50277e-46 3.01982e-44 5.92520e-35 1.34576e-32 7.24488e-30 2.35094e-29 1.94098e-28 9.95854e-28 
  0.00100   2.46481e-46 6.76522e-44 5.86257e-34 6.63709e-32 8.59349e-30 2.55972e-29 1.94723e-28 9.94557e-28 
  0.01000   2.13028e-46 1.38908e-43 5.80101e-33 4.07400e-31 1.22357e-29 3.10976e-29 1.98732e-28 9.90250e-28 
  0.10000   7.99285e-47 1.65666e-43 5.71822e-32 3.03416e-30 2.87978e-29 5.78415e-29 2.16501e-28 9.37311e-28 
  1.00000   1.00705e-47 9.73148e-44 5.23938e-31 1.67077e-29 7.40397e-29 1.10171e-28 2.04240e-28 6.72915e-28 
 10.00000   1.77263e-48 7.03860e-44 1.38884e-30 3.39320e-29 7.63011e-29 9.33217e-29 1.27394e-28 3.59404e-28 
100.00000   1.03635e-48 1.10373e-43 1.39801e-30 2.99373e-29 5.31962e-29 6.09938e-29 8.49964e-29 1.60069e-28 

         16
          100.0
  0.00001   2.38954e-45 2.57672e-45 6.59742e-39 9.79165e-35 1.23255e-32 3.95801e-32 4.82318e-31 1.18800e-28 
  0.00010   2.35604e-45 2.54069e-45 6.62721e-38 9.63122e-34 1.08516e-31 3.07617e-31 3.10251e-30 1.40709e-28 
  0.00100   2.05790e-45 2.21962e-45 6.58231e-37 9.45914e-33 9.64886e-31 2.49429e-30 1.78230e-29 3.13706e-28 
  0.01000   8.10040e-46 8.74754e-46 6.66453e-36 9.33837e-32 8.52537e-30 1.89105e-29 9.98413e-29 2.40197e-27 
  0.10000   9.64283e-47 1.04299e-46 6.57913e-35 8.74503e-31 6.66629e-29 1.24937e-28 7.52705e-28 1.24739e-26 
  1.00000   1.02828e-47 1.11278e-47 6.58656e-34 3.25108e-30 5.88936e-28 1.02580e-27 3.41212e-27 8.15641e-27 
 10.00000   3.48429e-48 3.77252e-48 6.40506e-33 5.05971e-30 1.57263e-27 1.85987e-27 2.40359e-27 4.32781e-27 
100.00000   7.03581e-49 7.61282e-49 2.04475e-32 9.71343e-31 4.60274e-28 5.27925e-28 5.86113e-28 6.26477e-28 

         16
          150.0
  0.00001   1.63678e-45 1.76520e-45 6.18782e-39 7.61137e-35 1.01409e-32 3.56498e-32 1.01147e-30 2.09201e-28 
  0.00010   1.62255e-45 1.74991e-45 6.17825e-38 7.44791e-34 8.63536e-32 2.71178e-31 3.61228e-30 2.85700e-28 
  0.00100   1.49030e-45 1.60749e-45 6.18217e-37 7.32210e-33 7.12936e-31 1.98102e-30 1.74825e-29 6.15158e-28 
  0.01000   7.66652e-46 8.27680e-46 6.19480e-36 7.23747e-32 6.12764e-30 1.41585e-29 7.93576e-29 2.39876e-27 
  0.10000   1.06250e-46 1.14909e-46 6.19559e-35 6.94607e-31 4.88894e-29 8.37911e-29 5.16430e-28 1.09658e-26 
  1.00000   1.10952e-47 1.20156e-47 6.19083e-34 3.04780e-30 4.19270e-28 7.11815e-28 2.69370e-27 9.09843e-27 
 10.00000   3.19399e-48 3.46000e-48 6.06004e-33 4.54225e-30 1.26463e-27 1.60245e-27 2.17198e-27 5.20810e-27 
100.00000   8.84963e-49 9.57737e-49 2.67050e-32 1.39620e-30 6.12776e-28 7.00740e-28 8.11115e-28 8.86944e-28 

         16
          200.0
  0.00001   1.21844e-45 1.31412e-45 5.30663e-39 6.50740e-35 8.71858e-33 3.57703e-32 4.12100e-30 7.38694e-28 
  0.00010   1.21088e-45 1.30601e-45 5.31857e-38 6.02172e-34 7.23382e-32 2.44113e-31 6.53288e-30 8.02171e-28 
  0.00100   1.13921e-45 1.22881e-45 5.31867e-37 5.85418e-33 5.89650e-31 1.74171e-30 1.79306e-29 1.18155e-27 
  0.01000   6.85674e-46 7.40118e-46 5.32093e-36 5.76746e-32 4.74858e-30 1.15166e-29 7.01351e-29 2.84414e-27 
  0.10000   1.11029e-46 1.20066e-46 5.32008e-35 5.57833e-31 3.68416e-29 6.65296e-29 4.16309e-28 1.00242e-26 
  1.00000   1.15586e-47 1.25225e-47 5.31533e-34 2.78879e-30 3.01601e-28 5.33149e-28 2.17944e-27 9.13993e-27 
 10.00000   2.93117e-48 3.17669e-48 5.22392e-33 3.93676e-30 1.03008e-27 1.35535e-27 2.01055e-27 5.87948e-27 
100.00000   9.94578e-49 1.07654e-48 2.77351e-32 1.64521e-30 6.50431e-28 7.65637e-28 9.62671e-28 1.09040e-27 

         16
          250.0
  0.00001   9.54725e-46 1.02972e-45 4.44337e-39 5.69440e-35 9.08848e-33 5.46116e-32 8.10561e-30 1.67010e-27 
  0.00010   9.50207e-46 1.02487e-45 4.43830e-38 5.10527e-34 6.45187e-32 2.24294e-31 1.13235e-29 1.70635e-27 
  0.00100   9.06782e-46 9.78109e-46 4.43567e-37 4.74822e-33 5.18344e-31 1.55844e-30 2.12833e-29 1.98013e-27 
  0.01000   6.04011e-46 6.51885e-46 4.44352e-36 4.62824e-32 3.89843e-30 9.88448e-30 6.37340e-29 3.47417e-27 
  0.10000   1.13028e-46 1.22216e-46 4.44138e-35 4.48642e-31 2.91317e-29 5.56514e-29 3.64603e-28 9.40827e-27 
  1.00000   1.18208e-47 1.28086e-47 4.42558e-34 2.51536e-30 2.42198e-28 4.29496e-28 1.86774e-27 8.89347e-27 
 10.00000   2.70589e-48 2.93342e-48 4.37448e-33 3.39560e-30 8.84751e-28 1.15089e-27 1.83305e-27 6.14720e-27 
100.00000   1.06749e-48 1.15560e-48 2.60823e-32 1.76489e-30 6.38054e-28 7.73325e-28 1.03741e-27 1.23759e-27 

         16
          300.0
  0.00001   7.60247e-46 8.20012e-46 3.67442e-39 4.88225e-35 9.57169e-33 8.06980e-32 1.11203e-29 2.72309e-27 
  0.00010   7.57413e-46 8.16974e-46 3.67375e-38 4.41272e-34 6.08024e-32 2.44387e-31 1.51365e-29 2.74544e-27 
  0.00100   7.29936e-46 7.87385e-46 3.67142e-37 3.95170e-33 4.57815e-31 1.40445e-30 2.47218e-29 2.89131e-27 
  0.01000   5.24636e-46 5.66190e-46 3.67098e-36 3.75200e-32 3.37421e-30 8.63295e-30 5.90310e-29 4.03065e-27 
  0.10000   1.12622e-46 1.21760e-46 3.66964e-35 3.62726e-31 2.36898e-29 4.71363e-29 3.22504e-28 8.89775e-27 
  1.00000   1.19342e-47 1.29321e-47 3.67029e-34 2.22001e-30 1.97022e-28 3.66377e-28 1.67036e-27 8.34897e-27 
 10.00000   2.51629e-48 2.72840e-48 3.62222e-33 2.91972e-30 7.97199e-28 1.02136e-27 1.65379e-27 6.11449e-27 
100.00000   1.10828e-48 1.19984e-48 2.34535e-32 1.72236e-30 6.17414e-28 7.54236e-28 1.07733e-27 1.33055e-27 

         16
          350.0
  0.00001   6.15893e-46 6.64359e-46 3.03158e-39 4.17796e-35 9.77952e-33 1.11830e-31 1.28277e-29 3.62949e-27 
  0.00010   6.13987e-46 6.62317e-46 3.03127e-38 3.76539e-34 5.92582e-32 2.89760e-31 1.71062e-29 3.64316e-27 
  0.00100   5.95403e-46 6.42309e-46 3.02827e-37 3.34193e-33 4.11668e-31 1.27858e-30 2.61234e-29 3.75422e-27 
  0.01000   4.52410e-46 4.88239e-46 3.02515e-36 3.08641e-32 2.93345e-30 7.54804e-30 5.48108e-29 4.62796e-27 
  0.10000   1.10371e-46 1.19309e-46 3.02511e-35 2.96404e-31 1.95403e-29 4.02616e-29 2.85333e-28 8.35891e-27 
  1.00000   1.19259e-47 1.29228e-47 3.02973e-34 1.91882e-30 1.60910e-28 3.14662e-28 1.52546e-27 7.76554e-27 
 10.00000   2.35698e-48 2.55594e-48 2.99146e-33 2.50533e-30 7.20261e-28 9.08914e-28 1.52599e-27 5.87354e-27 
100.00000   1.12387e-48 1.21676e-48 2.07312e-32 1.71187e-30 5.98714e-28 7.20938e-28 1.07962e-27 1.37708e-27 

         16
          400.0
  0.00001   5.07301e-46 5.47222e-46 2.50379e-39 3.57288e-35 9.42454e-33 1.44882e-31 1.33748e-29 4.32066e-27 
  0.00010   5.05994e-46 5.45824e-46 2.50379e-38 3.20055e-34 5.67111e-32 3.28533e-31 1.75689e-29 4.32670e-27 
  0.00100   4.93190e-46 5.32036e-46 2.50127e-37 2.83063e-33 3.68059e-31 1.16526e-30 2.57745e-29 4.38717e-27 
  0.01000   3.89131e-46 4.19918e-46 2.50125e-36 2.55246e-32 2.53906e-30 6.60311e-30 5.03253e-29 5.02724e-27 
  0.10000   1.05865e-46 1.14422e-46 2.50437e-35 2.42577e-31 1.61152e-29 3.44760e-29 2.53426e-28 7.92518e-27 
  1.00000   1.16517e-47 1.26251e-47 2.50167e-34 1.64041e-30 1.31114e-28 2.66999e-28 1.38648e-27 7.21480e-27 
 10.00000   2.20937e-48 2.39600e-48 2.47348e-33 2.14335e-30 6.38716e-28 8.04656e-28 1.42301e-27 5.52439e-27 
100.00000   1.12188e-48 1.21462e-48 1.80324e-32 1.66563e-30 5.36713e-28 6.79666e-28 1.05204e-27 1.38383e-27 

         16
          600.0
  0.00001   2.47360e-46 2.66845e-46 1.20148e-39 1.85732e-35 6.77137e-33 2.19771e-31 1.06765e-29 4.97418e-27 
  0.00010   2.46981e-46 2.66441e-46 1.19970e-38 1.68425e-34 4.36950e-32 4.07421e-31 1.34038e-29 4.97758e-27 
  0.00100   2.43234e-46 2.62407e-46 1.19904e-37 1.48444e-33 2.53158e-31 8.91575e-31 1.84772e-29 4.98898e-27 
  0.01000   2.10213e-46 2.26830e-46 1.19996e-36 1.27977e-32 1.51927e-30 4.04874e-30 3.30363e-29 5.16991e-27 
  0.10000   7.88501e-47 8.51913e-47 1.20154e-35 1.14916e-31 8.51822e-30 1.92502e-29 1.58528e-28 6.10594e-27 
  1.00000   9.92915e-48 1.07553e-47 1.19803e-34 8.54369e-31 6.67794e-29 1.45796e-28 9.02729e-28 5.19204e-27 
 10.00000   1.74735e-48 1.89483e-48 1.18843e-33 1.19107e-30 4.30027e-28 5.51980e-28 1.07531e-27 3.83581e-27 
100.00000   1.02191e-48 1.10629e-48 9.70772e-33 1.23835e-30 4.22985e-28 5.52082e-28 8.33798e-28 1.18374e-27 

         17
          100.0
  0.00001   3.24692e-40 1.46760e-36 6.86449e-35 4.13311e-33 3.04221e-31 2.10366e-30 4.09514e-29 9.05818e-28 
  0.00010   3.11307e-39 1.45752e-35 6.53463e-34 2.85911e-32 7.32474e-31 3.26588e-30 4.28425e-29 9.09367e-28 
  0.00100   3.01117e-38 1.43912e-34 6.31062e-33 2.06727e-31 2.92558e-30 8.67281e-30 5.69094e-29 9.48045e-28 
  0.01000   2.91106e-37 1.43287e-33 6.11634e-32 1.73669e-30 1.60085e-29 3.29222e-29 1.29801e-28 1.42947e-27 
  0.10000   2.81276e-36 1.41318e-32 5.70363e-31 1.25224e-29 7.45457e-29 1.29910e-28 3.88323e-28 4.58279e-27 
  1.00000   2.73604e-35 1.21842e-31 3.10548e-30 3.21638e-29 2.25034e-28 4.26043e-28 1.21414e-27 3.28622e-27 
 10.00000   2.63127e-34 4.75062e-31 4.62868e-30 3.76583e-29 4.22035e-28 7.39622e-28 1.01406e-27 1.82731e-27 
100.00000   1.02742e-33 3.66399e-31 1.84518e-30 1.20781e-29 1.75029e-28 2.23978e-28 2.71734e-28 3.02968e-28 

         17
          150.0
  0.00001   5.35687e-40 3.15816e-36 9.39834e-35 1.05371e-32 2.67783e-30 1.29957e-29 9.36445e-29 1.12350e-27 
  0.00010   5.21289e-39 3.14777e-35 8.98747e-34 5.38025e-32 3.57908e-30 1.44006e-29 9.42857e-29 1.12461e-27 
  0.00100   5.09503e-38 3.13469e-34 8.56707e-33 3.52817e-31 7.04483e-30 2.08764e-29 1.02732e-28 1.15105e-27 
  0.01000   4.98717e-37 3.12857e-33 8.14460e-32 2.49627e-30 2.25316e-29 4.79522e-29 1.58565e-28 1.58666e-27 
  0.10000   4.86229e-36 3.08976e-32 7.60039e-31 1.65191e-29 7.71246e-29 1.33626e-28 3.99415e-28 4.97185e-27 
  1.00000   4.78626e-35 2.58373e-31 4.44122e-30 4.15929e-29 2.36965e-28 4.06842e-28 1.22252e-27 3.89783e-27 
 10.00000   4.72601e-34 8.14818e-31 6.86158e-30 4.90975e-29 5.37355e-28 6.91980e-28 9.54941e-28 2.13161e-27 
100.00000   2.20913e-33 6.59782e-31 3.32583e-30 3.26632e-29 2.57932e-28 3.12199e-28 3.83845e-28 4.45061e-28 

         17
          200.0
  0.00001   6.82096e-40 4.54521e-36 1.19226e-34 4.17343e-32 1.00009e-29 3.21596e-29 1.60768e-28 1.77450e-27 
  0.00010   6.66332e-39 4.54080e-35 1.13346e-33 1.29227e-31 1.09625e-29 3.33516e-29 1.61457e-28 1.78143e-27 
  0.00100   6.55390e-38 4.53509e-34 1.08239e-32 5.60225e-31 1.50949e-29 3.87372e-29 1.67972e-28 1.82672e-27 
  0.01000   6.43822e-37 4.52609e-33 1.03723e-31 3.36719e-30 3.21938e-29 6.64991e-29 2.19479e-28 2.19521e-27 
  0.10000   6.32200e-36 4.52481e-32 9.65538e-31 2.01534e-29 9.56908e-29 1.59268e-28 4.28134e-28 5.03640e-27 
  1.00000   6.22146e-35 3.98433e-31 5.62407e-30 5.49827e-29 2.28163e-28 4.10747e-28 1.23139e-27 4.17512e-27 
 10.00000   5.99183e-34 1.04198e-30 9.46507e-30 6.89009e-29 5.37741e-28 6.54151e-28 9.78177e-28 2.24695e-27 
100.00000   3.58589e-33 9.17650e-31 4.89736e-30 6.16727e-29 3.00571e-28 3.56134e-28 4.60050e-28 5.51869e-28 

         17
          250.0
  0.00001   8.10533e-40 5.82392e-36 1.45264e-34 1.23729e-31 2.47183e-29 5.59915e-29 2.51717e-28 2.70875e-27 
  0.00010   7.95636e-39 5.82509e-35 1.36884e-33 3.00756e-31 2.55911e-29 5.67230e-29 2.52202e-28 2.71337e-27 
  0.00100   7.84564e-38 5.82320e-34 1.30241e-32 9.76409e-31 2.93733e-29 6.04746e-29 2.56679e-28 2.73502e-27 
  0.01000   7.75731e-37 5.82152e-33 1.26198e-31 4.60769e-30 4.57958e-29 8.73651e-29 2.98614e-28 3.12510e-27 
  0.10000   7.63515e-36 5.81731e-32 1.20697e-30 2.31677e-29 1.14341e-28 1.95356e-28 5.59893e-28 5.35432e-27 
  1.00000   7.54169e-35 5.40812e-31 6.66828e-30 7.59336e-29 2.54625e-28 4.30483e-28 1.24311e-27 4.32524e-27 
 10.00000   7.50414e-34 1.46262e-30 1.02413e-29 1.24042e-28 5.28997e-28 6.30592e-28 9.94264e-28 2.27594e-27 
100.00000   5.73621e-33 1.34299e-30 5.84410e-30 9.62216e-29 3.18962e-28 3.97209e-28 5.08398e-28 5.92014e-28 

         17
          300.0
  0.00001   9.61804e-40 6.23136e-36 1.73509e-34 2.69311e-31 4.40027e-29 9.01812e-29 3.56407e-28 3.92078e-27 
  0.00010   9.49140e-39 6.22795e-35 1.59893e-33 5.78361e-31 4.50547e-29 9.09103e-29 3.56819e-28 3.92235e-27 
  0.00100   9.38883e-38 6.23036e-34 1.49700e-32 1.55991e-30 4.91591e-29 9.48207e-29 3.60783e-28 3.94232e-27 
  0.01000   9.30285e-37 6.24259e-33 1.42917e-31 6.09571e-30 6.55204e-29 1.19455e-28 3.93079e-28 4.11658e-27 
  0.10000   9.18896e-36 6.22806e-32 1.37578e-30 2.78922e-29 1.37560e-28 2.36465e-28 6.94531e-28 5.69611e-27 
  1.00000   9.09302e-35 5.88732e-31 7.96218e-30 9.36690e-29 3.07083e-28 4.76410e-28 1.27119e-27 4.39024e-27 
 10.00000   8.86721e-34 1.81690e-30 1.05078e-29 1.79828e-28 5.19743e-28 6.14350e-28 9.92595e-28 2.24778e-27 
100.00000   7.78248e-33 1.76067e-30 6.49624e-30 1.33406e-28 3.54165e-28 4.40738e-28 5.34591e-28 6.31757e-28 

         17
          350.0
  0.00001   1.03758e-39 5.94807e-36 2.00034e-34 4.88597e-31 6.51484e-29 1.38153e-28 4.65409e-28 5.02358e-27 
  0.00010   1.02384e-38 5.95719e-35 1.81891e-33 9.33797e-31 6.67566e-29 1.39038e-28 4.65632e-28 5.02454e-27 
  0.00100   1.01608e-37 5.95913e-34 1.66222e-32 2.24005e-30 7.13937e-29 1.43665e-28 4.68364e-28 5.03303e-27 
  0.01000   1.00965e-36 5.95243e-33 1.55785e-31 7.52499e-30 9.05153e-29 1.66739e-28 5.01610e-28 5.12240e-27 
  0.10000   1.00001e-35 5.94913e-32 1.49594e-30 3.25223e-29 1.67595e-28 2.78329e-28 8.14442e-28 5.89655e-27 
  1.00000   9.92361e-35 5.71046e-31 8.88799e-30 1.06457e-28 3.55528e-28 5.29127e-28 1.32149e-27 4.37126e-27 
 10.00000   9.92735e-34 2.08999e-30 1.16594e-29 2.20124e-28 5.19743e-28 6.15931e-28 9.93624e-28 2.18659e-27 
100.00000   9.40666e-33 1.90008e-30 7.52412e-30 1.63463e-28 3.75416e-28 4.75527e-28 5.35275e-28 6.78429e-28 

         17
          400.0
  0.00001   1.09363e-39 5.22566e-36 2.22056e-34 7.57529e-31 8.61205e-29 1.90112e-28 6.28662e-28 6.06281e-27 
  0.00010   1.08422e-38 5.23062e-35 2.00668e-33 1.33874e-30 8.83615e-29 1.91520e-28 6.29053e-28 6.06142e-27 
  0.00100   1.07576e-37 5.23524e-34 1.79914e-32 2.93149e-30 9.44308e-29 1.96167e-28 6.33213e-28 6.05226e-27 
  0.01000   1.06786e-36 5.22835e-33 1.64905e-31 8.85769e-30 1.15702e-28 2.21896e-28 6.64784e-28 6.04990e-27 
  0.10000   1.06239e-35 5.22909e-32 1.55522e-30 3.64399e-29 2.06264e-28 3.33749e-28 9.50882e-28 6.01803e-27 
  1.00000   1.05332e-34 5.05850e-31 9.35635e-30 1.19104e-28 4.06773e-28 5.88789e-28 1.37751e-27 4.31928e-27 
 10.00000   1.03458e-33 2.10936e-30 1.31210e-29 2.53262e-28 5.23124e-28 6.20301e-28 9.86580e-28 2.21222e-27 
100.00000   1.04516e-32 1.91380e-30 8.58328e-30 1.88856e-28 4.03811e-28 5.05647e-28 5.65538e-28 7.16137e-28 

         17
          600.0
  0.00001   9.35394e-40 2.88232e-36 2.84845e-34 1.99288e-30 1.43805e-28 3.48418e-28 1.40957e-27 7.17297e-27 
  0.00010   9.31781e-39 2.86015e-35 2.33559e-33 2.92272e-30 1.49216e-28 3.54136e-28 1.40976e-27 7.17204e-27 
  0.00100   9.28840e-38 2.86811e-34 1.94949e-32 5.08544e-30 1.60391e-28 3.65517e-28 1.41138e-27 7.16003e-27 
  0.01000   9.23697e-37 2.85987e-33 1.65151e-31 1.16404e-29 1.90030e-28 4.03410e-28 1.43029e-27 7.07032e-27 
  0.10000   9.19100e-36 2.86921e-32 1.44447e-30 4.11886e-29 3.11762e-28 5.50416e-28 1.50624e-27 6.25108e-27 
  1.00000   9.14572e-35 2.80214e-31 9.14615e-30 1.57755e-28 5.49828e-28 7.49315e-28 1.42363e-27 3.87790e-27 
 10.00000   9.05476e-34 1.46602e-30 1.29691e-29 3.03155e-28 5.15093e-28 6.11381e-28 9.55644e-28 2.20215e-27 
100.00000   1.02664e-32 1.59547e-30 8.38251e-30 2.52184e-28 4.15995e-28 4.81223e-28 6.32278e-28 8.05463e-28 

         18
          100.0
  0.00001   2.48770e-45 1.55635e-39 8.26321e-36 5.34594e-33 3.06459e-31 1.03392e-30 1.78491e-29 1.57591e-27 
  0.00010   2.46273e-45 1.53195e-38 7.91384e-35 4.05112e-32 1.30055e-30 4.16944e-30 3.20618e-29 1.65248e-27 
  0.00100   2.15260e-45 1.51035e-37 7.67488e-34 3.04898e-31 7.23564e-30 1.83567e-29 8.30506e-29 2.18147e-27 
  0.01000   8.47974e-46 1.49776e-36 7.49137e-33 2.50393e-30 4.68232e-29 8.44070e-29 4.04633e-28 8.88870e-27 
  0.10000   1.01072e-46 1.47950e-35 7.33407e-32 1.66002e-29 2.93967e-28 5.26328e-28 2.76202e-27 3.74842e-26 
  1.00000   1.07822e-47 1.39017e-34 5.74282e-31 4.49675e-29 2.05580e-27 3.74691e-27 9.47657e-27 2.78502e-26 
 10.00000   3.65459e-48 9.50340e-34 9.41544e-31 6.84797e-29 4.34314e-27 6.28585e-27 8.02990e-27 1.50137e-26 
100.00000   7.37717e-49 2.77085e-33 4.03225e-31 7.75972e-29 1.43633e-27 1.78248e-27 2.11133e-27 2.28574e-27 

         18
          150.0
  0.00001   1.71226e-45 5.89511e-39 1.10298e-35 1.44172e-32 1.00330e-30 4.67773e-30 5.91122e-29 4.27604e-27 
  0.00010   1.69746e-45 5.89664e-38 1.06713e-34 1.03897e-31 3.12800e-30 8.92006e-30 6.69396e-29 4.35190e-27 
  0.00100   1.55925e-45 5.91479e-37 1.02494e-33 6.57522e-31 1.16812e-29 2.80775e-29 1.17404e-28 5.21073e-27 
  0.01000   8.02577e-46 5.91795e-36 9.89668e-33 4.19425e-30 4.98335e-29 9.89845e-29 4.03163e-28 1.08866e-26 
  0.10000   1.11361e-46 5.87498e-35 9.23334e-32 2.64313e-29 2.72112e-28 4.58462e-28 2.35844e-27 3.83410e-26 
  1.00000   1.16379e-47 5.79061e-34 6.78309e-31 7.64607e-29 1.78845e-27 3.08123e-27 8.97595e-27 3.01771e-26 
 10.00000   3.35108e-48 3.86665e-33 1.13125e-30 1.59573e-28 4.22027e-27 5.31336e-27 7.02529e-27 1.80464e-26 
100.00000   9.28001e-49 1.25624e-32 6.11625e-31 1.77689e-28 1.95963e-27 2.35756e-27 2.89316e-27 3.20608e-27 

         18
          200.0
  0.00001   1.27492e-45 7.90323e-39 1.56857e-35 2.32962e-32 4.18084e-30 1.65027e-29 1.13509e-28 1.08329e-26 
  0.00010   1.26706e-45 7.90785e-38 1.50971e-34 1.42198e-31 7.29367e-30 2.15141e-29 1.21517e-28 1.08885e-26 
  0.00100   1.19215e-45 7.90453e-37 1.47125e-33 1.05735e-30 1.91337e-29 4.10730e-29 1.75922e-28 1.16580e-26 
  0.01000   7.17857e-46 7.90356e-36 1.45702e-32 7.48065e-30 6.22463e-29 1.19508e-28 4.85236e-28 1.66120e-26 
  0.10000   1.16375e-46 7.92088e-35 1.41721e-31 3.98040e-29 3.02813e-28 5.69093e-28 2.18405e-27 3.76139e-26 
  1.00000   1.21271e-47 7.90721e-34 9.46627e-31 1.63134e-28 1.55511e-27 2.71779e-27 8.46144e-27 3.06952e-26 
 10.00000   3.07615e-48 7.48421e-33 1.38927e-30 3.50124e-28 3.82811e-27 4.79721e-27 6.09821e-27 1.97939e-26 
100.00000   1.04304e-48 2.90159e-32 8.50442e-31 3.30722e-28 2.20026e-27 2.55295e-27 3.33787e-27 3.91363e-27 

         18
          250.0
  0.00001   9.99144e-46 8.06576e-39 2.24443e-35 3.56295e-32 1.21159e-29 4.11336e-29 2.49800e-28 1.78385e-26 
  0.00010   9.94451e-46 8.06456e-38 2.18778e-34 2.13777e-31 1.62355e-29 4.76039e-29 2.61318e-28 1.78954e-26 
  0.00100   9.49060e-46 8.03906e-37 2.17547e-33 1.36467e-30 3.20139e-29 6.47013e-29 3.14645e-28 1.83062e-26 
  0.01000   6.32390e-46 7.98994e-36 2.15849e-32 9.40299e-30 8.42194e-29 1.62334e-28 6.07116e-28 2.20280e-26 
  0.10000   1.18467e-46 8.03965e-35 2.14538e-31 5.81662e-29 3.51817e-28 6.96773e-28 2.56591e-27 3.64895e-26 
  1.00000   1.24036e-47 8.03691e-34 1.46983e-30 2.55984e-28 1.50410e-27 2.56769e-27 7.83892e-27 3.05012e-26 
 10.00000   2.84025e-48 7.92676e-33 1.71665e-30 5.41252e-28 3.54347e-27 4.24099e-27 5.42198e-27 2.04271e-26 
100.00000   1.11958e-48 3.88336e-32 1.17039e-30 5.53082e-28 2.21546e-27 2.55392e-27 3.50171e-27 4.43273e-27 

         18
          300.0
  0.00001   7.95661e-46 8.30871e-39 3.76047e-35 7.61187e-32 2.43540e-29 7.22890e-29 5.44992e-28 2.37517e-26 
  0.00010   7.92722e-46 8.32490e-38 3.61466e-34 2.94691e-31 2.98591e-29 8.13113e-29 5.58096e-28 2.37806e-26 
  0.00100   7.64003e-46 8.33205e-37 3.50165e-33 1.81188e-30 4.64114e-29 1.07493e-28 6.04000e-28 2.40658e-26 
  0.01000   5.49270e-46 8.32692e-36 3.44166e-32 1.13636e-29 1.18010e-28 2.30757e-28 8.81813e-28 2.60993e-26 
  0.10000   1.18033e-46 8.33728e-35 3.39058e-31 6.84583e-29 4.28808e-28 8.05775e-28 2.99600e-27 3.75353e-26 
  1.00000   1.25231e-47 8.31435e-34 2.18038e-30 3.46602e-28 1.53825e-27 2.65289e-27 7.41742e-27 2.99782e-26 
 10.00000   2.64155e-48 8.29486e-33 2.35242e-30 7.17012e-28 3.25301e-27 3.81086e-27 4.88809e-27 2.00893e-26 
100.00000   1.16241e-48 5.09378e-32 1.75632e-30 7.83301e-28 2.14751e-27 2.45147e-27 3.59496e-27 4.77625e-27 

         18
          350.0
  0.00001   6.44596e-46 8.63186e-39 5.52378e-35 1.48813e-31 3.80520e-29 1.27906e-28 1.03233e-27 2.82596e-26 
  0.00010   6.42622e-46 8.65160e-38 4.95445e-34 4.47201e-31 4.39014e-29 1.42306e-28 1.04494e-27 2.82640e-26 
  0.00100   6.23198e-46 8.60888e-37 4.67826e-33 2.18140e-30 6.35749e-29 1.82862e-28 1.10444e-27 2.83795e-26 
  0.01000   4.73640e-46 8.64312e-36 4.50517e-32 1.33591e-29 1.60156e-28 3.18019e-28 1.35808e-27 2.89894e-26 
  0.10000   1.15667e-46 8.62407e-35 4.39117e-31 7.77332e-29 5.40179e-28 9.61618e-28 3.37315e-27 3.76292e-26 
  1.00000   1.25144e-47 8.61680e-34 2.92219e-30 4.19537e-28 1.71743e-27 2.80217e-27 7.17865e-27 2.87734e-26 
 10.00000   2.47448e-48 8.62213e-33 3.97558e-30 9.09280e-28 3.10795e-27 3.55215e-27 4.39290e-27 1.92366e-26 
100.00000   1.17879e-48 5.70711e-32 3.11259e-30 9.99398e-28 2.06242e-27 2.23070e-27 3.57044e-27 4.94316e-27 

         18
          400.0
  0.00001   5.30961e-46 8.69433e-39 7.65493e-35 2.66065e-31 5.43862e-29 2.17737e-28 1.71477e-27 3.18059e-26 
  0.00010   5.29610e-46 8.67920e-38 6.86307e-34 6.43519e-31 6.16449e-29 2.33809e-28 1.72673e-27 3.18082e-26 
  0.00100   5.16229e-46 8.68791e-37 6.34551e-33 2.63146e-30 8.78528e-29 2.83522e-28 1.78820e-27 3.18861e-26 
  0.01000   4.07397e-46 8.69426e-36 6.01662e-32 1.46344e-29 2.01810e-28 4.36883e-28 2.04402e-27 3.21222e-26 
  0.10000   1.10942e-46 8.69422e-35 5.79997e-31 8.88923e-29 6.66688e-28 1.18252e-27 3.76112e-27 3.69305e-26 
  1.00000   1.22265e-47 8.69948e-34 3.62774e-30 4.47806e-28 1.88587e-27 2.92233e-27 7.05844e-27 2.72492e-26 
 10.00000   2.31959e-48 8.68123e-33 5.30757e-30 1.03847e-27 2.91464e-27 3.41597e-27 4.50670e-27 1.79925e-26 
100.00000   1.17671e-48 6.10347e-32 5.05756e-30 1.16530e-27 1.87401e-27 2.14749e-27 3.45526e-27 4.96331e-27 

         18
          600.0
  0.00001   2.58922e-46 6.77820e-39 1.51304e-34 9.77657e-31 1.94407e-28 7.96111e-28 4.82318e-27 3.58797e-26 
  0.00010   2.58533e-46 6.78104e-38 1.22271e-33 1.69349e-30 2.03413e-28 8.10308e-28 4.82883e-27 3.58767e-26 
  0.00100   2.54619e-46 6.76272e-37 9.69279e-33 4.29408e-30 2.44372e-28 8.82282e-28 4.85993e-27 3.58305e-26 
  0.01000   2.20085e-46 6.77810e-36 8.49358e-32 1.75801e-29 3.88418e-28 1.14364e-27 4.97938e-27 3.55241e-26 
  0.10000   8.26200e-47 6.77454e-35 7.50110e-31 1.08553e-28 1.06922e-27 1.97718e-27 5.59484e-27 3.33990e-26 
  1.00000   1.04175e-47 6.78697e-34 4.47153e-30 6.09294e-28 2.31071e-27 3.39215e-27 6.64588e-27 2.14110e-26 
 10.00000   1.83447e-48 6.77792e-33 1.29919e-29 1.27421e-27 2.26878e-27 2.70681e-27 4.42802e-27 1.23323e-26 
100.00000   1.07180e-48 5.37839e-32 1.58107e-29 1.10539e-27 1.66269e-27 2.04810e-27 2.73645e-27 4.22599e-27 

         19
          100.0
  0.00001   3.69803e-41 4.51910e-36 2.42415e-34 1.79232e-32 5.74233e-31 2.80932e-30 7.36583e-29 6.10231e-27 
  0.00010   3.60518e-40 4.41631e-35 2.17727e-33 1.32080e-31 1.91172e-30 5.89902e-30 8.02876e-29 6.12108e-27 
  0.00100   3.54312e-39 4.32276e-34 2.02819e-32 1.04168e-30 9.79741e-30 2.26209e-29 1.30296e-28 6.22763e-27 
  0.01000   3.47947e-38 4.25432e-33 1.89740e-31 8.69818e-30 5.74169e-29 1.10927e-28 3.99401e-28 7.57718e-27 
  0.10000   3.41171e-37 4.09985e-32 1.65796e-30 6.21680e-29 3.20152e-28 5.83191e-28 1.66161e-27 1.17659e-26 
  1.00000   3.37272e-36 2.77439e-31 7.62997e-30 2.15069e-28 9.64690e-28 1.51243e-27 2.67161e-27 4.67880e-27 
 10.00000   3.28110e-35 8.52109e-31 1.45980e-29 2.19188e-28 1.19458e-27 1.38313e-27 1.77842e-27 2.47972e-27 
100.00000   1.32880e-34 5.29877e-31 1.03693e-29 1.33718e-28 3.18587e-28 3.52384e-28 3.99651e-28 4.39207e-28 

         19
          150.0
  0.00001   3.79304e-40 9.62364e-36 4.13383e-34 5.29478e-32 5.21016e-30 2.08273e-29 1.69429e-28 7.52679e-27 
  0.00010   3.79449e-39 9.55935e-35 3.56311e-33 2.17351e-31 7.05749e-30 2.35424e-29 1.72117e-28 7.53540e-27 
  0.00100   3.78785e-38 9.50079e-34 3.15878e-32 1.30486e-30 1.62481e-29 3.79082e-29 1.99654e-28 7.64873e-27 
  0.01000   3.79368e-37 9.44667e-33 2.86939e-31 9.05005e-30 6.23026e-29 1.15774e-28 4.51619e-28 8.60628e-27 
  0.10000   3.79387e-36 9.23719e-32 2.52125e-30 5.55568e-29 3.01736e-28 5.51162e-28 1.57600e-27 1.22607e-26 
  1.00000   3.78033e-35 7.06805e-31 1.14160e-29 2.34455e-28 8.76917e-28 1.35262e-27 2.61597e-27 4.87085e-27 
 10.00000   3.71335e-34 1.58760e-30 2.01514e-29 2.80845e-28 1.06201e-27 1.21955e-27 1.75578e-27 2.49942e-27 
100.00000   1.86310e-33 1.03707e-30 1.71673e-29 1.93133e-28 4.28165e-28 4.70441e-28 5.29367e-28 5.93020e-28 

         19
          200.0
  0.00001   1.11805e-39 1.65989e-35 5.67033e-34 2.37309e-31 2.07596e-29 5.80783e-29 3.29189e-28 8.95980e-27 
  0.00010   1.11825e-38 1.65540e-34 5.01191e-33 5.76562e-31 2.23045e-29 5.93559e-29 3.31567e-28 8.96409e-27 
  0.00100   1.11778e-37 1.64984e-33 4.37244e-32 2.01082e-30 3.14104e-29 6.94750e-29 3.57285e-28 9.02236e-27 
  0.01000   1.11816e-36 1.64165e-32 3.98003e-31 1.06598e-29 7.73541e-29 1.39348e-28 5.46612e-28 9.60882e-27 
  0.10000   1.11819e-35 1.63126e-31 3.47681e-30 5.65901e-29 2.96712e-28 5.25889e-28 1.53459e-27 1.23429e-26 
  1.00000   1.11777e-34 1.23790e-30 1.61450e-29 2.28156e-28 8.22325e-28 1.30655e-27 2.58536e-27 5.04051e-27 
 10.00000   1.10516e-33 2.62707e-30 2.80011e-29 3.40720e-28 9.62508e-28 1.11484e-27 1.71310e-27 2.45979e-27 
100.00000   6.55228e-33 2.00564e-30 2.31677e-29 2.46228e-28 4.77078e-28 5.19039e-28 6.02044e-28 7.02289e-28 

         19
          250.0
  0.00001   2.43839e-39 2.41660e-35 6.95195e-34 6.92825e-31 4.88865e-29 1.09748e-28 5.72390e-28 1.01061e-26 
  0.00010   2.43682e-38 2.40362e-34 6.28207e-33 1.36166e-30 5.00247e-29 1.10293e-28 5.74146e-28 1.01082e-26 
  0.00100   2.43766e-37 2.39746e-33 5.60522e-32 3.54700e-30 5.67242e-29 1.15901e-28 5.91400e-28 1.01053e-26 
  0.01000   2.43643e-36 2.39260e-32 5.05802e-31 1.38723e-29 1.01710e-28 1.77664e-28 7.19721e-28 1.02305e-26 
  0.10000   2.43845e-35 2.38218e-31 4.52951e-30 6.18711e-29 3.11907e-28 5.13699e-28 1.49462e-27 1.23165e-26 
  1.00000   2.43575e-34 1.92351e-30 2.07862e-29 2.20554e-28 7.61656e-28 1.23171e-27 2.54700e-27 5.17118e-27 
 10.00000   2.42041e-33 4.17326e-30 3.58054e-29 3.74265e-28 8.71708e-28 1.02548e-27 1.64594e-27 2.43377e-27 
100.00000   1.67712e-32 3.29069e-30 2.66869e-29 2.84371e-28 4.87819e-28 5.39961e-28 6.53047e-28 7.88727e-28 

         19
          300.0
  0.00001   4.23968e-39 3.01143e-35 8.25080e-34 1.43257e-30 8.85030e-29 1.85979e-28 7.99779e-28 1.07568e-26 
  0.00010   4.23637e-38 2.97202e-34 7.28368e-33 2.52180e-30 8.95479e-29 1.86398e-28 8.00453e-28 1.07608e-26 
  0.00100   4.23649e-37 2.95517e-33 6.64189e-32 5.60489e-30 9.43475e-29 1.91055e-28 8.09241e-28 1.07846e-26 
  0.01000   4.23925e-36 2.94264e-32 6.04611e-31 1.76992e-29 1.38075e-28 2.38673e-28 9.21319e-28 1.10311e-26 
  0.10000   4.23740e-35 2.93369e-31 5.46510e-30 7.08229e-29 3.35452e-28 5.54627e-28 1.48293e-27 1.20679e-26 
  1.00000   4.23973e-34 2.49320e-30 2.56792e-29 2.18578e-28 7.19977e-28 1.13809e-27 2.48047e-27 5.31288e-27 
 10.00000   4.22116e-33 6.10151e-30 4.31700e-29 3.82224e-28 8.04723e-28 9.50776e-28 1.53521e-27 2.53458e-27 
100.00000   3.27371e-32 4.70586e-30 2.91409e-29 2.98850e-28 4.74258e-28 5.43935e-28 6.89218e-28 8.52687e-28 

         19
          350.0
  0.00001   6.16453e-39 3.56496e-35 9.09542e-34 2.39755e-30 1.38128e-28 2.77407e-28 1.02753e-27 1.12718e-26 
  0.00010   6.17264e-38 3.50595e-34 8.06172e-33 3.92340e-30 1.39512e-28 2.77825e-28 1.02839e-27 1.12714e-26 
  0.00100   6.17447e-37 3.46582e-33 7.35581e-32 7.78368e-30 1.44415e-28 2.81612e-28 1.03556e-27 1.12631e-26 
  0.01000   6.17812e-36 3.46237e-32 6.70180e-31 2.16433e-29 1.82702e-28 3.20342e-28 1.10208e-27 1.13342e-26 
  0.10000   6.17008e-35 3.44621e-31 6.05291e-30 8.05518e-29 3.63635e-28 5.98903e-28 1.48192e-27 1.17005e-26 
  1.00000   6.17042e-34 3.00197e-30 3.13249e-29 2.19991e-28 6.89255e-28 1.06875e-27 2.36382e-27 5.33480e-27 
 10.00000   6.16089e-33 7.84687e-30 4.94367e-29 3.84136e-28 7.50018e-28 8.79376e-28 1.38972e-27 2.58928e-27 
100.00000   5.18940e-32 6.08142e-30 3.72834e-29 2.91550e-28 4.77459e-28 5.35117e-28 7.08394e-28 8.91801e-28 

         19
          400.0
  0.00001   7.93734e-39 3.71685e-35 9.36729e-34 3.51377e-30 1.91989e-28 3.74371e-28 1.22318e-27 1.11954e-26 
  0.00010   7.94044e-38 3.67182e-34 8.15792e-33 5.47810e-30 1.93496e-28 3.74874e-28 1.22334e-27 1.11950e-26 
  0.00100   7.93978e-37 3.63464e-33 7.33237e-32 1.00033e-29 1.98100e-28 3.77807e-28 1.22773e-27 1.11896e-26 
  0.01000   7.92589e-36 3.63427e-32 6.77059e-31 2.51695e-29 2.30993e-28 4.10437e-28 1.26593e-27 1.11675e-26 
  0.10000   7.92593e-35 3.60555e-31 6.18605e-30 8.83174e-29 4.01090e-28 6.36208e-28 1.50062e-27 1.10597e-26 
  1.00000   7.91837e-34 3.24847e-30 3.56527e-29 2.23271e-28 6.65028e-28 1.00888e-27 2.20844e-27 5.21255e-27 
 10.00000   7.94113e-33 9.40104e-30 5.31028e-29 3.81327e-28 6.99198e-28 8.16247e-28 1.25641e-27 2.78678e-27 
100.00000   7.04317e-32 7.33982e-30 4.52873e-29 2.78835e-28 4.63594e-28 5.13978e-28 7.13808e-28 9.10115e-28 

         19
          600.0
  0.00001   1.09833e-38 2.61341e-35 9.35932e-34 8.19157e-30 3.58360e-28 6.47992e-28 1.64624e-27 9.11146e-27 
  0.00010   1.09813e-37 2.60216e-34 7.71633e-33 1.07186e-29 3.60836e-28 6.49309e-28 1.64629e-27 9.10995e-27 
  0.00100   1.09951e-36 2.58682e-33 6.51195e-32 1.66108e-29 3.66517e-28 6.52702e-28 1.64593e-27 9.09661e-27 
  0.01000   1.09737e-35 2.56742e-32 5.67575e-31 3.28037e-29 3.87005e-28 6.70163e-28 1.64477e-27 8.97995e-27 
  0.10000   1.10009e-34 2.55498e-31 5.03198e-30 9.45072e-29 4.98249e-28 7.65126e-28 1.59737e-27 8.19146e-27 
  1.00000   1.09935e-33 2.42413e-30 3.46750e-29 2.31095e-28 6.06834e-28 8.31844e-28 1.69230e-27 4.11241e-27 
 10.00000   1.09973e-32 1.06512e-29 6.49163e-29 3.18760e-28 5.67870e-28 6.63669e-28 9.04807e-28 2.58736e-27 
100.00000   1.09192e-31 9.83193e-30 4.78873e-29 2.54546e-28 3.74531e-28 4.26209e-28 6.42965e-28 8.34634e-28 

         20
          100.0
  0.00001   4.95067e-42 4.80340e-38 2.63684e-35 1.40515e-33 3.27674e-32 1.90556e-31 1.08622e-29 9.13124e-28 
  0.00010   4.94983e-41 4.77695e-37 2.46140e-34 1.21805e-32 1.50317e-31 5.53252e-31 1.33508e-29 9.16491e-28 
  0.00100   4.94280e-40 4.75610e-36 2.31321e-33 1.09451e-31 9.78876e-31 2.55161e-30 2.60768e-29 9.47286e-28 
  0.01000   4.95151e-39 4.66583e-35 2.16724e-32 9.88082e-31 7.75277e-30 1.63783e-29 8.02107e-29 1.15928e-27 
  0.10000   4.95050e-38 4.39440e-34 1.91060e-31 8.79329e-30 5.02379e-29 8.27962e-29 2.32959e-28 1.37679e-27 
  1.00000   4.94845e-37 3.01455e-33 1.28255e-30 3.76870e-29 1.00281e-28 1.31126e-28 2.03080e-28 1.80012e-27 
 10.00000   4.70019e-36 1.17681e-32 2.73655e-30 5.17275e-29 8.65239e-29 9.86526e-29 1.41636e-28 7.20958e-27 
100.00000   4.09193e-36 2.43622e-32 1.50489e-30 1.54770e-29 1.93140e-29 2.14295e-29 4.92080e-28 4.83016e-27 

         20
          150.0
  0.00001   1.05714e-40 2.87023e-37 4.34377e-35 2.33497e-33 3.55999e-31 2.13532e-30 4.02976e-29 1.09350e-27 
  0.00010   1.05403e-39 2.87817e-36 4.14653e-34 1.64866e-32 6.15381e-31 2.99157e-30 4.25087e-29 1.09582e-27 
  0.00100   1.05620e-38 2.87146e-35 4.01013e-33 1.27602e-31 1.75043e-30 5.71316e-30 5.31642e-29 1.11750e-27 
  0.01000   1.05536e-37 2.87394e-34 3.88850e-32 1.02754e-30 8.21056e-30 1.90812e-29 9.83385e-29 1.38063e-27 
  0.10000   1.05441e-36 2.85095e-33 3.56565e-31 7.96196e-30 4.62492e-29 7.86205e-29 2.34186e-28 1.52155e-27 
  1.00000   1.05353e-35 2.12891e-32 1.99318e-30 3.60948e-29 9.76207e-29 1.29856e-28 2.03642e-28 2.44766e-27 
 10.00000   1.03693e-34 6.68219e-32 3.69167e-30 4.98233e-29 8.30067e-29 9.59468e-29 1.24773e-28 8.81059e-27 
100.00000   5.26686e-34 9.98856e-32 2.40348e-30 2.10416e-29 2.68402e-29 2.96689e-29 4.54570e-28 6.46255e-27 

         20
          200.0
  0.00001   4.71839e-40 1.11284e-36 5.68004e-35 4.93836e-33 2.31407e-30 9.95516e-30 7.52675e-29 1.26212e-27 
  0.00010   4.70976e-39 1.11074e-35 5.47772e-34 2.61512e-32 2.85293e-30 1.10183e-29 7.65917e-29 1.26947e-27 
  0.00100   4.71917e-38 1.11283e-34 5.34201e-33 1.67823e-31 4.57050e-30 1.43507e-29 8.60703e-29 1.31396e-27 
  0.01000   4.71976e-37 1.11014e-33 5.25254e-32 1.26387e-30 1.19808e-29 2.68956e-29 1.19724e-28 1.59071e-27 
  0.10000   4.71031e-36 1.10941e-32 5.02290e-31 8.33992e-30 4.48152e-29 7.68705e-29 2.36313e-28 1.58208e-27 
  1.00000   4.70821e-35 9.68817e-32 2.77206e-30 3.39009e-29 9.41159e-29 1.26443e-28 2.07513e-28 2.95134e-27 
 10.00000   4.65010e-34 2.66526e-31 4.68180e-30 4.91783e-29 8.12570e-29 9.28105e-29 1.18278e-28 1.05859e-26 
100.00000   2.72101e-33 2.83591e-31 3.34234e-30 2.39219e-29 3.04627e-29 3.24885e-29 4.42384e-28 8.02425e-27 

         20
          250.0
  0.00001   1.26232e-39 2.58591e-36 7.18706e-35 1.21063e-32 7.72592e-30 2.68021e-29 1.12822e-28 1.44160e-27 
  0.00010   1.26151e-38 2.58593e-35 6.96308e-34 4.31490e-32 8.61200e-30 2.79000e-29 1.14260e-28 1.44723e-27 
  0.00100   1.25897e-37 2.58381e-34 6.82109e-33 2.27828e-31 1.10233e-29 3.09931e-29 1.20236e-28 1.49093e-27 
  0.01000   1.26164e-36 2.58048e-33 6.73933e-32 1.52845e-30 1.98207e-29 4.17580e-29 1.43176e-28 1.69797e-27 
  0.10000   1.26181e-35 2.58409e-32 6.62016e-31 1.01662e-29 4.67752e-29 7.64915e-29 2.36137e-28 1.58654e-27 
  1.00000   1.25954e-34 2.43634e-31 3.79188e-30 3.24190e-29 8.98156e-29 1.23742e-28 2.07146e-28 3.57216e-27 
 10.00000   1.24395e-33 7.48231e-31 5.76364e-30 4.64471e-29 7.71564e-29 8.92268e-29 1.17191e-28 1.20851e-26 
100.00000   8.15181e-33 6.24925e-31 4.22375e-30 2.52489e-29 3.31859e-29 3.67774e-29 4.36877e-28 9.43684e-27 

         20
          300.0
  0.00001   2.31201e-39 4.21416e-36 8.31960e-35 2.59478e-32 1.59340e-29 4.81828e-29 1.58259e-28 1.51660e-27 
  0.00010   2.31249e-38 4.21034e-35 8.03403e-34 7.30420e-32 1.71210e-29 4.94367e-29 1.59878e-28 1.51938e-27 
  0.00100   2.31333e-37 4.20392e-34 7.89086e-33 3.00513e-31 2.00635e-29 5.21457e-29 1.63281e-28 1.54252e-27 
  0.01000   2.31101e-36 4.20299e-33 7.80943e-32 1.81248e-30 3.03018e-29 6.21963e-29 1.75914e-28 1.70464e-27 
  0.10000   2.31151e-35 4.20024e-32 7.73024e-31 1.20718e-29 5.59819e-29 8.57005e-29 2.38959e-28 1.56538e-27 
  1.00000   2.31095e-34 4.02610e-31 4.99801e-30 3.25017e-29 8.59622e-29 1.20200e-28 2.05104e-28 3.98079e-27 
 10.00000   2.28091e-33 1.31060e-30 7.19841e-30 4.49813e-29 7.20269e-29 8.37201e-29 1.14000e-28 1.30722e-26 
100.00000   1.63667e-32 1.24245e-30 4.57395e-30 2.54690e-29 3.54876e-29 3.81681e-29 4.34019e-28 1.06784e-26 

         20
          350.0
  0.00001   3.20827e-39 5.52267e-36 9.06257e-35 4.80445e-32 2.53041e-29 6.96708e-29 2.13575e-28 1.53142e-27 
  0.00010   3.20881e-38 5.52203e-35 8.71289e-34 1.17866e-31 2.68187e-29 7.10956e-29 2.15620e-28 1.53677e-27 
  0.00100   3.21097e-37 5.52620e-34 8.53821e-33 3.99063e-31 2.98865e-29 7.39116e-29 2.19840e-28 1.56121e-27 
  0.01000   3.21134e-36 5.51864e-33 8.41904e-32 2.05375e-30 3.99767e-29 8.26551e-29 2.30100e-28 1.66636e-27 
  0.10000   3.20007e-35 5.53730e-32 8.34519e-31 1.33643e-29 6.74788e-29 1.03342e-28 2.50211e-28 1.51633e-27 
  1.00000   3.20811e-34 5.34490e-31 5.94137e-30 3.41549e-29 8.63501e-29 1.18513e-28 2.00822e-28 4.20804e-27 
 10.00000   3.16915e-33 1.97737e-30 8.11553e-30 4.39415e-29 7.06367e-29 8.06321e-29 1.11075e-28 1.36966e-26 
100.00000   2.38652e-32 1.78399e-30 5.19272e-30 2.68518e-29 3.64697e-29 4.20414e-29 4.30036e-28 1.17150e-26 

         20
          400.0
  0.00001   3.42126e-39 5.97375e-36 9.36434e-35 7.87530e-32 3.36836e-29 8.64070e-29 2.64697e-28 1.48354e-27 
  0.00010   3.42133e-38 5.96548e-35 9.02339e-34 1.74849e-31 3.52000e-29 8.78911e-29 2.67228e-28 1.50056e-27 
  0.00100   3.42037e-37 5.95464e-34 8.83100e-33 5.02215e-31 3.82911e-29 9.07553e-29 2.71134e-28 1.52768e-27 
  0.01000   3.42174e-36 5.91008e-33 8.71565e-32 2.26398e-30 4.80942e-29 9.89606e-29 2.82831e-28 1.58264e-27 
  0.10000   3.42182e-35 5.92122e-32 8.65204e-31 1.40580e-29 7.62784e-29 1.18347e-28 2.80643e-28 1.44163e-27 
  1.00000   3.42246e-34 5.72236e-31 6.51500e-30 3.70582e-29 9.08246e-29 1.22070e-28 2.01363e-28 4.25713e-27 
 10.00000   3.40962e-33 2.23086e-30 9.58736e-30 4.39139e-29 7.18976e-29 8.11450e-29 1.11835e-28 1.41326e-26 
100.00000   2.77930e-32 2.11070e-30 6.45405e-30 2.80190e-29 3.84051e-29 4.64898e-29 4.16842e-28 1.25218e-26 

         20
          600.0
  0.00001   3.02177e-39 4.81078e-36 8.41768e-35 2.85275e-31 5.27306e-29 1.16157e-28 3.50200e-28 1.54573e-27 
  0.00010   3.02283e-38 4.79774e-35 8.08905e-34 4.72727e-31 5.41284e-29 1.17981e-28 3.55169e-28 1.56739e-27 
  0.00100   3.02342e-37 4.77973e-34 7.73835e-33 9.27847e-31 5.69710e-29 1.21169e-28 3.62244e-28 1.59617e-27 
  0.01000   3.02933e-36 4.77566e-33 7.51046e-32 2.79020e-30 6.48700e-29 1.27593e-28 3.75700e-28 1.62824e-27 
  0.10000   3.02350e-35 4.76287e-32 7.43787e-31 1.40574e-29 8.96573e-29 1.43482e-28 3.82933e-28 1.48598e-27 
  1.00000   3.02039e-34 4.62898e-31 6.25112e-30 4.01708e-29 1.09646e-28 1.48878e-28 2.47081e-28 3.79290e-27 
 10.00000   2.99574e-33 2.10997e-30 1.36759e-29 4.73631e-29 7.23992e-29 9.02673e-29 2.00715e-28 1.31373e-26 
100.00000   2.51783e-32 2.31792e-30 1.18362e-29 3.28407e-29 5.37229e-29 6.79857e-29 3.31842e-28 1.34325e-26 

         21
          100.0
  0.00001   3.17283e-34 5.68790e-33 2.15661e-31 7.25669e-30 2.08553e-28 8.26947e-28 1.55175e-26 8.35001e-25 
  0.00010   3.01855e-33 5.14098e-32 1.50482e-30 3.28588e-29 3.84721e-28 1.05485e-27 1.68883e-26 8.36088e-25 
  0.00100   2.90703e-32 4.70800e-31 1.18283e-29 1.97139e-28 1.41670e-27 2.74996e-27 2.31147e-26 8.53652e-25 
  0.01000   2.79778e-31 4.45302e-30 1.00124e-28 1.39713e-27 8.00610e-27 1.47127e-26 7.09546e-26 9.69693e-25 
  0.10000   2.64102e-30 3.85194e-29 7.48201e-28 1.03316e-26 5.06233e-26 8.75997e-26 2.17265e-25 8.15575e-25 
  1.00000   1.42536e-29 1.15380e-28 4.43636e-27 3.76864e-26 8.40835e-26 1.03924e-25 1.60182e-25 2.51761e-25 
 10.00000   1.83722e-29 2.39834e-28 8.23788e-27 3.76298e-26 7.13433e-26 7.99750e-26 1.03373e-25 1.21241e-25 
100.00000   1.60032e-29 2.85664e-28 3.41397e-27 1.11223e-26 1.86914e-26 1.95455e-26 2.02998e-26 2.06087e-26 

         21
          150.0
  0.00001   6.20796e-34 1.77864e-32 3.69349e-31 3.30121e-29 9.12901e-28 2.61249e-27 4.04540e-26 9.55020e-25 
  0.00010   5.64957e-33 1.30476e-31 2.29180e-30 7.24711e-29 1.02500e-27 2.70295e-27 4.10759e-26 9.54865e-25 
  0.00100   5.17973e-32 1.03425e-30 1.56059e-29 2.67181e-28 1.96035e-27 4.12506e-27 4.65814e-26 9.62359e-25 
  0.01000   4.90370e-31 8.74776e-30 1.17211e-28 1.42284e-27 7.79227e-27 1.41368e-26 8.22660e-26 9.96451e-25 
  0.10000   4.40450e-30 7.05556e-29 8.58442e-28 8.98309e-27 4.67364e-26 7.92233e-26 2.17585e-25 8.55405e-25 
  1.00000   2.37639e-29 2.35490e-28 4.98617e-27 3.47978e-26 8.42126e-26 1.04776e-25 1.63657e-25 2.65193e-25 
 10.00000   4.51649e-29 5.91150e-28 9.41346e-27 3.78993e-26 6.32310e-26 7.33368e-26 1.01957e-25 1.21605e-25 
100.00000   4.67715e-29 6.62882e-28 4.74947e-27 1.60358e-26 2.43053e-26 2.56518e-26 2.73648e-26 2.79876e-26 

         21
          200.0
  0.00001   1.49258e-33 3.95451e-32 9.00622e-31 1.49112e-28 2.45180e-27 7.41621e-27 7.71164e-26 9.74124e-25 
  0.00010   1.39536e-32 2.97581e-31 3.91053e-30 1.85023e-28 2.51120e-27 7.46164e-27 7.75057e-26 9.74115e-25 
  0.00100   1.30933e-31 2.12323e-30 2.04466e-29 4.03012e-28 3.33830e-27 8.26672e-27 8.03497e-26 9.75204e-25 
  0.01000   1.21107e-30 1.58221e-29 1.31895e-28 1.62050e-27 9.45270e-27 1.74445e-26 1.08186e-25 9.85788e-25 
  0.10000   1.04275e-29 1.12893e-28 9.48810e-28 8.69880e-27 4.32842e-26 7.47825e-26 2.16070e-25 8.58864e-25 
  1.00000   5.38702e-29 5.14109e-28 5.00743e-27 3.28135e-26 8.20830e-26 1.05578e-25 1.62553e-25 2.77487e-25 
 10.00000   1.20777e-28 1.10574e-27 9.82783e-27 3.61833e-26 5.54933e-26 6.43197e-26 1.07862e-25 1.22210e-25 
100.00000   1.35214e-28 1.18625e-27 5.71272e-27 1.91777e-26 2.64629e-26 2.93879e-26 3.22233e-26 3.36924e-26 

         21
          250.0
  0.00001   2.48611e-33 6.07810e-32 2.90378e-30 4.35132e-28 5.69221e-27 1.47136e-26 1.20847e-25 9.80796e-25 
  0.00010   2.36405e-32 4.46035e-31 7.96444e-30 4.68733e-28 5.74158e-27 1.47666e-26 1.20961e-25 9.78913e-25 
  0.00100   2.24577e-31 3.31819e-30 3.16047e-29 6.86180e-28 6.37139e-27 1.54271e-26 1.22465e-25 9.80771e-25 
  0.01000   2.14674e-30 2.50529e-29 1.60680e-28 2.03183e-27 1.27303e-26 2.38757e-26 1.38822e-25 9.72104e-25 
  0.10000   1.95482e-29 1.76749e-28 1.00918e-27 9.52230e-27 4.20827e-26 7.47111e-26 2.07010e-25 8.33047e-25 
  1.00000   1.07290e-28 8.48193e-28 5.25320e-27 3.10738e-26 7.85840e-26 1.02718e-25 1.68501e-25 2.82952e-25 
 10.00000   2.70045e-28 1.76914e-27 9.51295e-27 3.54491e-26 4.92040e-26 5.71408e-26 1.03152e-25 1.26368e-25 
100.00000   3.24911e-28 1.78697e-27 6.58002e-27 2.05598e-26 2.73004e-26 3.12420e-26 3.62904e-26 3.84653e-26 

         21
          300.0
  0.00001   3.56753e-33 7.85080e-32 8.29287e-30 1.01220e-27 1.12738e-26 2.60312e-26 1.55809e-25 9.65409e-25 
  0.00010   3.41944e-32 5.98637e-31 1.67443e-29 1.04922e-27 1.13128e-26 2.60624e-26 1.55892e-25 9.64913e-25 
  0.00100   3.27661e-31 4.46400e-30 5.03917e-29 1.26198e-27 1.18757e-26 2.66577e-26 1.56681e-25 9.63710e-25 
  0.01000   3.15659e-30 3.45288e-29 2.11569e-28 2.65870e-27 1.73468e-26 3.31972e-26 1.66199e-25 9.50772e-25 
  0.10000   2.97301e-29 2.45772e-28 1.13732e-27 1.04375e-26 4.45941e-26 7.52950e-26 1.99821e-25 8.24432e-25 
  1.00000   1.72704e-28 1.22202e-27 5.64177e-27 2.97315e-26 7.38485e-26 9.77737e-26 1.67504e-25 2.96019e-25 
 10.00000   4.50512e-28 2.64063e-27 9.67590e-27 3.48326e-26 4.46805e-26 5.05419e-26 9.54266e-26 1.41593e-25 
100.00000   5.62679e-28 2.57389e-27 7.29975e-27 2.00421e-26 2.73597e-26 3.20819e-26 3.92994e-26 4.21214e-26 

         21
          350.0
  0.00001   5.10450e-33 8.95718e-32 1.97210e-29 1.99554e-27 1.93416e-26 4.02337e-26 1.78565e-25 9.23508e-25 
  0.00010   4.83531e-32 7.01027e-31 3.20536e-29 2.03314e-27 1.93677e-26 4.02644e-26 1.78561e-25 9.23017e-25 
  0.00100   4.61982e-31 5.50233e-30 7.59368e-29 2.23822e-27 1.98069e-26 4.06953e-26 1.78797e-25 9.20157e-25 
  0.01000   4.47913e-30 4.30524e-29 2.81878e-28 3.64425e-27 2.42049e-26 4.52973e-26 1.83321e-25 8.96747e-25 
  0.10000   4.23111e-29 3.12535e-28 1.34375e-27 1.16636e-26 4.89693e-26 7.79532e-26 1.97653e-25 7.94364e-25 
  1.00000   2.52938e-28 1.55902e-27 5.91325e-27 2.94536e-26 7.09290e-26 9.20908e-26 1.60823e-25 2.98917e-25 
 10.00000   6.55674e-28 3.34965e-27 1.05642e-26 3.24663e-26 4.37450e-26 4.90707e-26 8.69329e-26 1.54051e-25 
100.00000   8.86360e-28 3.21522e-27 7.33378e-27 1.96841e-26 2.68212e-26 3.22262e-26 4.09739e-26 4.47991e-26 

         21
          400.0
  0.00001   6.77632e-33 1.00387e-31 3.92800e-29 3.49928e-27 2.93111e-26 5.49291e-26 1.93582e-25 8.58304e-25 
  0.00010   6.37087e-32 7.79589e-31 5.53960e-29 3.54046e-27 2.93565e-26 5.49755e-26 1.93442e-25 8.57577e-25 
  0.00100   6.06104e-31 6.17169e-30 1.10002e-28 3.73330e-27 2.96493e-26 5.51920e-26 1.93583e-25 8.55400e-25 
  0.01000   5.81269e-30 4.91438e-29 3.55647e-28 5.11197e-27 3.28201e-26 5.88435e-26 1.93874e-25 8.36632e-25 
  0.10000   5.53226e-29 3.68260e-28 1.57966e-27 1.31066e-26 5.30528e-26 8.31599e-26 1.92948e-25 7.52957e-25 
  1.00000   3.47383e-28 1.91227e-27 6.26921e-27 2.89747e-26 6.76084e-26 8.71271e-26 1.51787e-25 2.99144e-25 
 10.00000   9.44069e-28 3.98902e-27 1.11149e-26 2.92604e-26 4.43883e-26 4.99149e-26 7.90305e-26 1.61637e-25 
100.00000   1.25696e-27 3.36354e-27 7.66949e-27 1.91226e-26 2.58512e-26 3.17919e-26 4.17063e-26 4.64428e-26 

         21
          600.0
  0.00001   1.40471e-32 1.87896e-31 1.96936e-28 1.37914e-26 6.37252e-26 9.74085e-26 2.03145e-25 6.44217e-25 
  0.00010   1.29269e-31 1.17050e-30 2.15766e-28 1.38085e-26 6.37400e-26 9.73849e-26 2.02978e-25 6.43819e-25 
  0.00100   1.19014e-30 8.06795e-30 2.90089e-28 1.39529e-26 6.37075e-26 9.72576e-26 2.02697e-25 6.42333e-25 
  0.01000   1.09357e-29 6.03610e-29 6.29285e-28 1.48773e-26 6.41507e-26 9.71833e-26 1.99730e-25 6.32173e-25 
  0.10000   9.75704e-29 4.62360e-28 2.46885e-27 2.02119e-26 6.82075e-26 9.58562e-26 1.78879e-25 5.44254e-25 
  1.00000   6.86375e-28 2.76769e-27 8.17569e-27 2.89608e-26 5.94668e-26 7.47473e-26 1.23560e-25 2.43219e-25 
 10.00000   1.94142e-27 5.88678e-27 1.17321e-26 2.49354e-26 3.90928e-26 4.78228e-26 6.52645e-26 1.53150e-25 
100.00000   2.69426e-27 4.91418e-27 9.80479e-27 1.77493e-26 2.63023e-26 2.78344e-26 3.83671e-26 4.56772e-26 

         22
          100.0
  0.00001   7.37743e-37 3.36200e-35 2.41080e-33 1.60138e-31 7.99085e-30 2.64977e-29 3.24571e-28 1.83588e-26 
  0.00010   7.21093e-36 3.17009e-34 1.87554e-32 7.37763e-31 1.33748e-29 3.56476e-29 3.35965e-28 1.83899e-26 
  0.00100   7.08231e-35 2.99762e-33 1.58591e-31 4.73252e-30 4.10765e-29 8.46771e-29 4.50552e-28 1.84785e-26 
  0.01000   6.97436e-34 2.84283e-32 1.39707e-30 3.38391e-29 1.93793e-28 3.44522e-28 1.26305e-27 2.10092e-26 
  0.10000   6.68464e-33 2.50824e-31 1.08920e-29 2.13193e-28 9.67871e-28 1.56685e-27 4.22967e-27 2.30247e-26 
  1.00000   3.92728e-32 1.62787e-30 3.77558e-29 7.29888e-28 2.12013e-27 2.96470e-27 5.29747e-27 1.04625e-26 
 10.00000   1.46521e-31 2.40215e-30 7.60167e-29 6.27381e-28 2.70054e-27 3.14899e-27 3.92722e-27 4.76159e-27 
100.00000   2.44532e-31 1.18533e-30 6.20632e-29 3.72892e-28 7.89887e-28 8.49936e-28 9.08407e-28 9.52666e-28 

         22
          150.0
  0.00001   3.26869e-36 9.77751e-35 6.44017e-33 1.53030e-30 5.75588e-29 1.42116e-28 1.08758e-27 2.13157e-26 
  0.00010   3.25008e-35 8.97682e-34 4.52512e-32 3.00917e-30 6.36902e-29 1.49658e-28 1.09263e-27 2.13254e-26 
  0.00100   3.23024e-34 8.30988e-33 3.33031e-31 9.39791e-30 9.24822e-29 1.91051e-28 1.15881e-27 2.13583e-26 
  0.01000   3.20105e-33 7.72120e-32 2.65798e-30 4.36656e-29 2.60488e-28 4.58373e-28 1.76797e-27 2.25510e-26 
  0.10000   3.10882e-32 6.65377e-31 1.96205e-29 2.34993e-28 1.03114e-27 1.60441e-27 4.32136e-27 2.47558e-26 
  1.00000   2.15085e-31 3.18649e-30 8.36734e-29 8.08053e-28 2.03984e-27 2.82846e-27 5.34011e-27 1.10003e-26 
 10.00000   5.48538e-31 4.41101e-30 1.20678e-28 8.65346e-28 2.56306e-27 3.01904e-27 3.62489e-27 4.40782e-27 
100.00000   6.89735e-31 2.30454e-30 1.00547e-28 5.42037e-28 1.03888e-27 1.09247e-27 1.16714e-27 1.22647e-27 

         22
          200.0
  0.00001   1.08539e-35 2.64544e-34 1.29028e-32 9.61901e-30 1.72990e-28 3.95166e-28 2.22801e-27 2.49825e-26 
  0.00010   1.08368e-34 2.35079e-33 8.67123e-32 1.24977e-29 1.78782e-28 4.00900e-28 2.23327e-27 2.50033e-26 
  0.00100   1.08291e-33 2.16018e-32 6.19723e-31 2.30458e-29 2.10962e-28 4.40785e-28 2.28903e-27 2.50471e-26 
  0.01000   1.08256e-32 2.03609e-31 4.59816e-30 6.81256e-29 3.92042e-28 7.27223e-28 2.67694e-27 2.50722e-26 
  0.10000   1.07641e-31 1.76768e-30 3.08053e-29 2.96511e-28 1.25955e-27 1.91257e-27 4.79232e-27 2.80628e-26 
  1.00000   8.32920e-31 6.60763e-30 1.29195e-28 9.17091e-28 2.09401e-27 2.90223e-27 5.54502e-27 1.13665e-26 
 10.00000   1.86148e-30 7.43834e-30 2.26164e-28 1.12673e-27 2.56380e-27 2.86929e-27 3.55070e-27 4.08419e-27 
100.00000   1.74861e-30 6.07320e-30 1.40043e-28 7.16762e-28 1.11992e-27 1.21843e-27 1.33521e-27 1.56333e-27 

         22
          250.0
  0.00001   1.95056e-35 6.06895e-34 2.52018e-32 3.35603e-29 4.13265e-28 8.66078e-28 3.72406e-27 2.89634e-26 
  0.00010   1.95052e-34 5.22292e-33 1.47348e-31 3.75399e-29 4.17390e-28 8.70792e-28 3.72785e-27 2.89702e-26 
  0.00100   1.94973e-33 4.68955e-32 9.92074e-31 5.23686e-29 4.49273e-28 9.00750e-28 3.76531e-27 2.88807e-26 
  0.01000   1.94693e-32 4.38518e-31 7.08102e-30 1.13991e-28 6.39615e-28 1.15318e-27 4.12768e-27 2.77488e-26 
  0.10000   1.94320e-31 3.96246e-30 4.59571e-29 3.78553e-28 1.55876e-27 2.44230e-27 6.10448e-27 2.92930e-26 
  1.00000   1.64342e-30 1.41623e-29 1.72886e-28 1.14264e-27 2.37227e-27 3.15640e-27 5.75824e-27 1.20215e-26 
 10.00000   3.91931e-30 1.43436e-29 2.70479e-28 1.35457e-27 2.49816e-27 2.69750e-27 3.51170e-27 3.86103e-27 
100.00000   3.10183e-30 1.42812e-29 1.58919e-28 8.75180e-28 1.19442e-27 1.32487e-27 1.47799e-27 1.87413e-27 

         22
          300.0
  0.00001   3.11584e-35 8.70569e-34 4.85407e-32 8.01445e-29 8.12125e-28 1.57826e-27 5.62390e-27 3.74435e-26 
  0.00010   3.11792e-34 8.02888e-33 2.35350e-31 8.52925e-29 8.16252e-28 1.57999e-27 5.62319e-27 3.73228e-26 
  0.00100   3.11607e-33 7.36666e-32 1.43315e-30 1.03264e-28 8.46778e-28 1.59620e-27 5.65604e-27 3.72103e-26 
  0.01000   3.11683e-32 6.96611e-31 1.00998e-29 1.79981e-28 1.03489e-27 1.78113e-27 5.95748e-27 3.58255e-26 
  0.10000   3.11067e-31 6.51421e-30 6.43319e-29 5.06677e-28 2.02134e-27 3.12166e-27 7.43693e-27 2.95053e-26 
  1.00000   2.65722e-30 2.72734e-29 2.29224e-28 1.36501e-27 2.98650e-27 3.64004e-27 6.10394e-27 1.24033e-26 
 10.00000   5.27306e-30 3.21729e-29 3.05460e-28 1.71074e-27 2.50842e-27 2.73239e-27 3.37475e-27 4.08304e-27 
100.00000   3.83746e-30 2.82221e-29 1.89728e-28 1.01996e-27 1.29324e-27 1.42955e-27 1.56282e-27 2.09404e-27 

         22
          350.0
  0.00001   4.03127e-35 1.13406e-33 9.03791e-32 1.51144e-28 1.35161e-27 2.45247e-27 7.78282e-27 4.56761e-26 
  0.00010   4.02705e-34 1.06915e-32 3.57537e-31 1.58001e-28 1.35502e-27 2.45590e-27 7.79145e-27 4.56316e-26 
  0.00100   4.02797e-33 9.86339e-32 1.93979e-30 1.80513e-28 1.38547e-27 2.48311e-27 7.80055e-27 4.54532e-26 
  0.01000   4.02760e-32 9.19746e-31 1.29116e-29 2.74130e-28 1.56499e-27 2.68303e-27 7.94082e-27 4.39369e-26 
  0.10000   4.01806e-31 8.60177e-30 8.54534e-29 6.75093e-28 2.53918e-27 3.86088e-27 8.87063e-27 3.35436e-26 
  1.00000   3.34022e-30 4.50166e-29 3.04196e-28 1.58151e-27 3.62064e-27 4.47788e-27 6.54140e-27 1.28697e-26 
 10.00000   6.49414e-30 6.76602e-29 3.54548e-28 1.88594e-27 2.91443e-27 3.19428e-27 3.64010e-27 4.40644e-27 
100.00000   4.67433e-30 4.99336e-29 2.53863e-28 1.10326e-27 1.58578e-27 1.66356e-27 1.86533e-27 2.22221e-27 

         22
          400.0
  0.00001   4.44762e-35 1.39664e-33 1.49956e-31 2.44200e-28 2.01119e-27 3.50079e-27 9.93283e-27 5.13634e-26 
  0.00010   4.43768e-34 1.32240e-32 5.17821e-31 2.52083e-28 2.01358e-27 3.50450e-27 9.91855e-27 5.13319e-26 
  0.00100   4.43586e-33 1.22081e-31 2.48828e-30 2.79515e-28 2.03693e-27 3.53057e-27 9.90523e-27 5.11329e-26 
  0.01000   4.43591e-32 1.12714e-30 1.53843e-29 3.92276e-28 2.17921e-27 3.70218e-27 9.88928e-27 4.93471e-26 
  0.10000   4.42597e-31 1.04288e-29 1.02614e-28 8.62187e-28 3.11798e-27 4.67068e-27 1.02910e-26 3.73684e-26 
  1.00000   3.78139e-30 5.99393e-29 3.80357e-28 1.77907e-27 4.15032e-27 5.20678e-27 7.40132e-27 1.33475e-26 
 10.00000   7.69629e-30 1.11592e-28 4.45901e-28 2.03361e-27 2.97762e-27 3.21858e-27 4.27953e-27 5.80821e-27 
100.00000   5.46916e-30 8.04543e-29 3.54934e-28 1.21059e-27 1.80678e-27 2.04067e-27 2.41976e-27 2.65083e-27 

         22
          600.0
  0.00001   4.49383e-35 2.26530e-33 5.04947e-31 7.20381e-28 5.10117e-27 7.95601e-27 1.80690e-26 5.75655e-26 
  0.00010   4.44022e-34 2.07137e-32 1.32969e-30 7.28511e-28 5.10290e-27 7.95967e-27 1.80582e-26 5.76669e-26 
  0.00100   4.41019e-33 1.88308e-31 4.45471e-30 7.64051e-28 5.12000e-27 7.97257e-27 1.80215e-26 5.74380e-26 
  0.01000   4.39605e-32 1.66486e-30 2.19136e-29 9.34663e-28 5.24405e-27 8.03327e-27 1.77831e-26 5.60144e-26 
  0.10000   4.38485e-31 1.45119e-29 1.36616e-28 1.55145e-27 5.66319e-27 8.04334e-27 1.63325e-26 4.46111e-26 
  1.00000   3.95305e-30 8.82437e-29 6.29482e-28 2.61764e-27 5.59739e-27 7.00559e-27 1.02699e-26 1.79531e-26 
 10.00000   9.60039e-30 1.80919e-28 1.04637e-27 2.55323e-27 3.61221e-27 4.07431e-27 5.99149e-27 1.16716e-26 
100.00000   8.01734e-30 1.41491e-28 8.28627e-28 1.82675e-27 2.49161e-27 2.81009e-27 4.12353e-27 5.30053e-27 

         23
          100.0
  0.00001   8.23942e-38 1.59921e-35 8.06772e-34 9.71051e-32 5.56692e-30 2.20732e-29 2.14435e-28 1.31584e-26 
  0.00010   7.56196e-37 1.45556e-34 6.77773e-33 6.41664e-31 1.27153e-29 3.64682e-29 2.97427e-28 1.45095e-26 
  0.00100   7.16064e-36 1.36484e-33 6.20282e-32 4.74820e-30 4.30889e-29 1.03669e-28 5.34401e-28 2.24922e-26 
  0.01000   7.03304e-35 1.29264e-32 5.72844e-31 3.60819e-29 2.05252e-28 3.98301e-28 1.63130e-27 6.65458e-26 
  0.10000   6.41168e-34 1.15188e-31 4.74174e-30 2.39157e-28 1.05425e-27 2.03451e-27 7.30218e-27 1.24814e-25 
  1.00000   4.49688e-33 4.56108e-31 1.50860e-29 1.20676e-27 4.33965e-27 6.10338e-27 1.08261e-26 5.07729e-25 
 10.00000   1.41652e-32 1.16566e-30 1.65704e-29 1.28132e-27 5.45371e-27 7.01525e-27 3.94404e-26 1.02806e-24 
100.00000   1.31024e-32 7.73398e-31 1.08050e-29 4.23444e-28 1.39635e-27 7.96924e-27 1.17156e-25 3.63157e-25 

         23
          150.0
  0.00001   1.44222e-36 6.30233e-35 2.70000e-33 4.57314e-31 2.78081e-29 7.74983e-29 3.69548e-28 2.03607e-26 
  0.00010   1.44135e-35 6.00885e-34 1.70370e-32 1.24982e-30 3.65209e-29 9.36080e-29 4.55424e-28 2.17939e-26 
  0.00100   1.43825e-34 5.66749e-33 1.22036e-31 6.01624e-30 7.16484e-29 1.50524e-28 6.64276e-28 2.81738e-26 
  0.01000   1.42982e-33 5.41255e-32 1.00293e-30 3.70664e-29 2.16473e-28 4.03259e-28 1.69228e-27 6.54961e-26 
  0.10000   1.40115e-32 4.84617e-31 7.49683e-30 2.10437e-28 9.08210e-28 1.79995e-27 6.57089e-27 1.30422e-25 
  1.00000   9.56283e-32 2.38579e-30 2.00145e-29 1.12582e-27 3.79387e-27 5.25947e-27 1.06835e-26 5.41219e-25 
 10.00000   1.87445e-31 3.06097e-30 3.19416e-29 1.30999e-27 4.98896e-27 6.46075e-27 2.81487e-26 1.26936e-24 
100.00000   1.50624e-31 1.43372e-30 1.78116e-29 7.52035e-28 1.78186e-27 8.54282e-27 1.12017e-25 5.07489e-25 

         23
          200.0
  0.00001   7.13577e-36 1.17745e-34 4.84038e-33 2.39697e-30 7.49634e-29 1.54891e-28 6.80516e-28 2.62672e-26 
  0.00010   7.12413e-35 1.15049e-33 3.52124e-32 4.05651e-30 8.35339e-29 1.70782e-28 7.93615e-28 2.76364e-26 
  0.00100   7.12086e-34 1.12382e-32 2.55744e-31 1.01621e-29 1.13614e-28 2.16203e-28 1.04092e-27 3.18507e-26 
  0.01000   7.13673e-33 1.09770e-31 1.93631e-30 4.34472e-29 2.59971e-28 4.77942e-28 1.93711e-27 6.43180e-26 
  0.10000   7.08464e-32 1.02914e-30 1.29618e-29 2.12807e-28 8.86937e-28 1.71780e-27 6.29915e-27 1.28585e-25 
  1.00000   5.35702e-31 4.93811e-30 3.37749e-29 1.01433e-27 3.46176e-27 4.74117e-27 1.05783e-26 5.98099e-25 
 10.00000   1.06082e-30 5.43375e-30 4.35776e-29 1.41599e-27 4.65656e-27 6.00158e-27 2.32299e-26 1.35114e-24 
100.00000   7.62091e-31 3.53321e-30 2.06496e-29 1.01979e-27 2.01635e-27 8.32267e-27 1.10950e-25 6.32326e-25 

         23
          250.0
  0.00001   1.93987e-35 1.69278e-34 7.18172e-33 7.62713e-30 1.49848e-28 2.89165e-28 1.22475e-27 2.99342e-26 
  0.00010   1.93820e-34 1.66413e-33 5.38072e-32 1.09689e-29 1.60522e-28 3.09247e-28 1.32220e-27 3.07398e-26 
  0.00100   1.93804e-33 1.64089e-32 3.84077e-31 1.98425e-29 1.86022e-28 3.60523e-28 1.60587e-27 3.38732e-26 
  0.01000   1.93792e-32 1.62362e-31 2.83331e-30 5.65772e-29 3.34805e-28 5.93553e-28 2.32955e-27 6.11184e-26 
  0.10000   1.92923e-31 1.58348e-30 1.98186e-29 2.35828e-28 9.85436e-28 1.70795e-27 6.27809e-27 1.21831e-25 
  1.00000   1.58929e-30 8.52443e-30 5.90754e-29 9.36756e-28 3.18087e-27 4.41099e-27 1.01508e-26 6.07111e-25 
 10.00000   2.90728e-30 1.00126e-29 5.28341e-29 1.53221e-27 4.12042e-27 5.55553e-27 2.01430e-26 1.41500e-24 
100.00000   2.12630e-30 5.97341e-30 3.31324e-29 1.23467e-27 2.17377e-27 8.01919e-27 1.08067e-25 7.13523e-25 

         23
          300.0
  0.00001   3.34521e-35 2.32332e-34 8.68041e-33 1.68896e-29 2.58145e-28 5.15802e-28 2.03701e-27 3.23902e-26 
  0.00010   3.34438e-34 2.28762e-33 6.83917e-32 2.26249e-29 2.69092e-28 5.39060e-28 2.11084e-27 3.26240e-26 
  0.00100   3.34429e-33 2.25620e-32 5.14653e-31 3.48782e-29 3.00111e-28 6.04627e-28 2.34850e-27 3.44574e-26 
  0.01000   3.34272e-32 2.23509e-31 3.77710e-30 7.65874e-29 4.50572e-28 8.56311e-28 2.96999e-27 5.80218e-26 
  0.10000   3.33530e-31 2.19199e-30 2.62285e-29 2.68162e-28 1.14914e-27 1.84672e-27 6.30392e-27 1.10526e-25 
  1.00000   2.85483e-30 1.23011e-29 9.37133e-29 9.35974e-28 3.01631e-27 4.22974e-27 9.54053e-27 5.67844e-25 
 10.00000   5.64816e-30 1.65444e-29 9.12852e-29 1.47759e-27 3.86995e-27 5.11816e-27 1.77801e-26 1.39927e-24 
100.00000   3.97284e-30 1.27427e-29 6.27035e-29 1.34228e-27 2.25307e-27 8.06202e-27 1.03483e-25 7.69275e-25 

         23
          350.0
  0.00001   4.12902e-35 3.12250e-34 1.04696e-32 2.92109e-29 4.07742e-28 8.55846e-28 3.16520e-27 3.42185e-26 
  0.00010   4.13002e-34 3.05966e-33 7.96933e-32 3.71419e-29 4.20934e-28 8.84017e-28 3.24344e-27 3.42791e-26 
  0.00100   4.12964e-33 3.00204e-32 6.16542e-31 5.35015e-29 4.64795e-28 9.70012e-28 3.47987e-27 3.65435e-26 
  0.01000   4.12582e-32 2.95859e-31 4.64418e-30 1.04169e-28 6.21107e-28 1.21712e-27 4.07754e-27 5.44135e-26 
  0.10000   4.12205e-31 2.89323e-30 3.33272e-29 3.06457e-28 1.36283e-27 2.12803e-27 6.38682e-27 1.00804e-25 
  1.00000   3.65596e-30 1.64173e-29 1.25901e-28 9.58299e-28 2.88473e-27 4.03330e-27 8.81252e-27 5.09332e-25 
 10.00000   8.43873e-30 2.55773e-29 1.61154e-28 1.47952e-27 3.68297e-27 4.67876e-27 1.57876e-26 1.31995e-24 
100.00000   5.87406e-30 1.78932e-29 1.01851e-28 1.30334e-27 2.25010e-27 7.94504e-27 9.75010e-26 8.02969e-25 

         23
          400.0
  0.00001   4.21777e-35 4.02620e-34 1.30707e-32 4.35171e-29 6.21687e-28 1.27362e-27 4.44970e-27 3.48792e-26 
  0.00010   4.22744e-34 3.89428e-33 9.00717e-32 5.23893e-29 6.37700e-28 1.30381e-27 4.53982e-27 3.53971e-26 
  0.00100   4.22287e-33 3.78647e-32 6.84597e-31 7.29307e-29 6.93265e-28 1.38649e-27 4.75713e-27 3.76237e-26 
  0.01000   4.22405e-32 3.68793e-31 5.23680e-30 1.33489e-28 8.60921e-28 1.64800e-27 5.34455e-27 5.09348e-26 
  0.10000   4.21352e-31 3.58212e-30 3.88385e-29 3.54527e-28 1.58678e-27 2.52653e-27 6.76334e-27 9.09152e-26 
  1.00000   3.80242e-30 2.14233e-29 1.51700e-28 9.88462e-28 2.81325e-27 3.83078e-27 8.20625e-27 4.52619e-25 
 10.00000   1.06687e-29 3.13396e-29 2.30725e-28 1.53810e-27 3.49435e-27 4.20021e-27 1.40400e-26 1.22063e-24 
100.00000   7.46767e-30 1.96734e-29 1.51608e-28 1.26790e-27 2.18132e-27 7.61220e-27 9.05321e-26 8.17095e-25 

         23
          600.0
  0.00001   3.37146e-35 6.74914e-34 2.51527e-32 1.09428e-28 1.68395e-27 3.16939e-27 8.19525e-27 3.06883e-26 
  0.00010   3.36792e-34 6.39825e-33 1.33381e-31 1.17543e-28 1.70990e-27 3.20524e-27 8.29639e-27 3.19883e-26 
  0.00100   3.36991e-33 5.99490e-32 8.41187e-31 1.47087e-28 1.77222e-27 3.28774e-27 8.48555e-27 3.44816e-26 
  0.01000   3.36595e-32 5.64796e-31 6.06290e-30 2.32861e-28 2.02233e-27 3.54637e-27 8.85220e-27 4.11069e-26 
  0.10000   3.36328e-31 5.25875e-30 4.54494e-29 5.44795e-28 2.61146e-27 4.04735e-27 9.08837e-27 5.69092e-26 
  1.00000   3.18579e-30 3.58458e-29 2.31124e-28 1.22677e-27 2.86466e-27 3.50116e-27 6.34086e-27 2.79033e-25 
 10.00000   1.19824e-29 4.45836e-29 3.58588e-28 1.72629e-27 2.64263e-27 2.96315e-27 8.75493e-27 8.31974e-25 
100.00000   1.00166e-29 4.28796e-29 2.72247e-28 1.31178e-27 1.75566e-27 5.53941e-27 6.12845e-26 7.34031e-25 

         24
          100.0
  0.00001   2.45971e-34 2.21557e-32 6.36665e-31 4.53856e-29 7.86481e-28 2.35564e-27 4.82695e-26 2.93999e-24 
  0.00010   2.21822e-33 1.68582e-31 4.05884e-30 1.85813e-28 1.92342e-27 4.87668e-27 5.33290e-26 3.08635e-24 
  0.00100   2.04021e-32 1.29692e-30 3.07417e-29 1.02695e-27 8.90997e-27 1.85937e-26 9.48647e-26 3.96569e-24 
  0.01000   1.93982e-31 1.06485e-29 2.50947e-28 7.68473e-27 5.42286e-26 9.87729e-26 3.09322e-25 7.24112e-24 
  0.10000   1.72102e-30 7.13944e-29 1.91327e-27 5.28413e-26 3.01234e-25 5.40411e-25 1.60441e-24 1.36598e-23 
  1.00000   8.49638e-30 1.63940e-28 7.28539e-27 1.98613e-25 1.19096e-24 1.67919e-24 2.76693e-24 4.65908e-24 
 10.00000   1.52842e-29 4.55606e-28 8.23037e-27 3.24317e-25 1.24010e-24 1.44809e-24 1.73713e-24 2.52387e-24 
100.00000   5.65926e-30 5.90677e-28 4.06025e-27 1.67332e-25 3.00406e-25 3.61598e-25 4.33960e-25 4.62981e-25 

         24
          150.0
  0.00001   6.97494e-34 6.74109e-32 2.32712e-30 1.91478e-28 3.44428e-27 1.13731e-26 1.11216e-25 5.45401e-24 
  0.00010   6.20740e-33 4.47132e-31 1.03672e-29 3.99469e-28 4.69455e-27 1.36697e-26 1.13948e-25 5.48723e-24 
  0.00100   5.53213e-32 3.06661e-30 5.26193e-29 1.33105e-27 1.31414e-26 2.76559e-26 1.43423e-25 5.81372e-24 
  0.01000   4.96610e-31 2.17307e-29 3.39378e-28 7.84426e-27 5.75136e-26 1.01222e-25 3.11854e-25 7.77626e-24 
  0.10000   4.03977e-30 1.32133e-28 2.49059e-27 4.84694e-26 2.75491e-25 5.00638e-25 1.49757e-24 1.40328e-23 
  1.00000   1.57686e-29 3.84369e-28 9.95003e-27 2.25655e-25 1.07417e-24 1.58825e-24 2.73866e-24 4.84215e-24 
 10.00000   2.06975e-29 8.71358e-28 1.17511e-26 4.87211e-25 1.13049e-24 1.33436e-24 1.63918e-24 2.55704e-24 
100.00000   1.02468e-29 9.92295e-28 6.84387e-27 2.55182e-25 4.08255e-25 4.80683e-25 5.63298e-25 6.19714e-25 

         24
          200.0
  0.00001   2.06561e-33 1.98360e-31 7.85921e-30 7.32556e-28 1.21511e-26 3.26144e-26 2.05696e-25 7.98443e-24 
  0.00010   1.64177e-32 1.14453e-30 2.54401e-29 1.08980e-27 1.30964e-26 3.43017e-26 2.08446e-25 8.00800e-24 
  0.00100   1.38147e-31 6.70069e-30 1.07171e-28 2.43013e-27 2.14922e-26 4.57046e-26 2.29155e-25 8.13988e-24 
  0.01000   1.20016e-30 3.96538e-29 5.25776e-28 9.57070e-27 6.66847e-26 1.21448e-25 3.95906e-25 9.50822e-24 
  0.10000   9.41889e-30 2.14645e-28 3.33997e-27 5.18112e-26 2.76492e-25 4.63668e-25 1.44976e-24 1.33928e-23 
  1.00000   2.76133e-29 8.03519e-28 1.36824e-26 2.17081e-25 1.00919e-24 1.53374e-24 2.70693e-24 5.00212e-24 
 10.00000   3.44327e-29 1.73049e-27 1.73124e-26 4.95174e-25 1.06067e-24 1.24285e-24 1.52553e-24 2.55395e-24 
100.00000   1.91991e-29 1.44064e-27 1.14914e-26 3.09891e-25 4.83418e-25 5.12885e-25 6.11411e-25 7.37354e-25 

         24
          250.0
  0.00001   5.47783e-33 4.82017e-31 3.02728e-29 2.23000e-27 2.95570e-26 6.53551e-26 3.35100e-25 9.95409e-24 
  0.00010   4.24256e-32 2.59474e-30 6.24641e-29 2.64140e-27 3.02207e-26 6.62554e-26 3.38379e-25 9.95973e-24 
  0.00100   3.35406e-31 1.36740e-29 1.98062e-28 4.57892e-27 3.63423e-26 7.40797e-26 3.62971e-25 1.00066e-23 
  0.01000   2.81483e-30 7.20004e-29 8.58260e-28 1.32911e-26 8.29660e-26 1.44695e-25 5.55460e-25 1.06268e-23 
  0.10000   2.14152e-29 3.42584e-28 4.55634e-27 5.71389e-26 3.06231e-25 4.97767e-25 1.44188e-24 1.32011e-23 
  1.00000   5.47864e-29 1.27396e-27 1.84993e-26 2.10461e-25 9.51473e-25 1.47746e-24 2.69553e-24 5.08668e-24 
 10.00000   6.07749e-29 2.57519e-27 3.00812e-26 4.93413e-25 9.84873e-25 1.12827e-24 1.51999e-24 2.56953e-24 
100.00000   3.57777e-29 1.93409e-27 2.01231e-26 3.15121e-25 5.10915e-25 5.31600e-25 6.34093e-25 8.32344e-25 

         24
          300.0
  0.00001   1.14344e-32 1.00398e-30 9.97628e-29 5.59257e-27 5.76232e-26 1.17862e-25 5.60478e-25 1.10956e-23 
  0.00010   9.10284e-32 4.92046e-30 1.48699e-28 6.03999e-27 5.84396e-26 1.18410e-25 5.62771e-25 1.10872e-23 
  0.00100   7.02138e-31 2.45138e-29 3.46956e-28 8.24101e-27 6.34234e-26 1.23966e-25 5.84773e-25 1.10958e-23 
  0.01000   5.60088e-30 1.19314e-28 1.29592e-27 1.86794e-26 1.08107e-25 1.76820e-25 7.57263e-25 1.13419e-23 
  0.10000   4.10169e-29 5.47738e-28 6.33102e-27 6.77937e-26 3.30588e-25 5.68001e-25 1.47041e-24 1.28107e-23 
  1.00000   1.05878e-28 1.86349e-27 2.33268e-26 2.22342e-25 9.07032e-25 1.40069e-24 2.68049e-24 5.16451e-24 
 10.00000   1.05862e-28 3.38738e-27 4.23184e-26 4.83919e-25 9.13713e-25 1.03333e-24 1.51735e-24 2.62511e-24 
100.00000   6.45524e-29 2.18584e-27 2.65635e-26 3.05732e-25 5.11489e-25 5.43175e-25 6.45934e-25 9.03320e-25 

         24
          350.0
  0.00001   1.75963e-32 1.62335e-30 2.48840e-28 1.16010e-26 9.53857e-26 1.86184e-25 8.33478e-25 1.16751e-23 
  0.00010   1.41812e-31 8.37842e-30 3.17328e-28 1.20825e-26 9.65195e-26 1.87176e-25 8.35509e-25 1.16102e-23 
  0.00100   1.17434e-30 3.87038e-29 6.05076e-28 1.44515e-26 1.01657e-25 1.93270e-25 8.51285e-25 1.15854e-23 
  0.01000   9.44980e-30 1.78849e-28 1.85504e-27 2.58490e-26 1.43716e-25 2.40660e-25 9.87832e-25 1.15219e-23 
  0.10000   6.81361e-29 8.39206e-28 8.39161e-27 8.07600e-26 3.70128e-25 6.20648e-25 1.60798e-24 1.21370e-23 
  1.00000   1.97086e-28 2.65351e-27 3.00768e-26 2.45173e-25 8.77261e-25 1.34014e-24 2.59528e-24 5.09776e-24 
 10.00000   1.90489e-28 4.04969e-27 4.93720e-26 4.66565e-25 8.55578e-25 9.54544e-25 1.45051e-24 2.63099e-24 
100.00000   1.18829e-28 2.76319e-27 2.89121e-26 2.98442e-25 5.07695e-25 5.42821e-25 6.53403e-25 9.51219e-25 

         24
          400.0
  0.00001   2.45785e-32 2.32260e-30 5.00994e-28 2.08461e-26 1.46675e-25 2.80803e-25 1.11419e-24 1.22892e-23 
  0.00010   2.01822e-31 1.19460e-29 5.97893e-28 2.14047e-26 1.47879e-25 2.82401e-25 1.11472e-24 1.22849e-23 
  0.00100   1.64911e-30 5.53155e-29 9.73201e-28 2.38451e-26 1.53405e-25 2.88473e-25 1.12486e-24 1.22555e-23 
  0.01000   1.35356e-29 2.47273e-28 2.58643e-27 3.59439e-26 1.92625e-25 3.36897e-25 1.22697e-24 1.20066e-23 
  0.10000   9.97044e-29 1.15382e-27 1.05456e-26 9.46033e-26 4.15623e-25 6.76684e-25 1.76847e-24 1.14100e-23 
  1.00000   3.28796e-28 3.75291e-27 3.70878e-26 2.65816e-25 8.61143e-25 1.27744e-24 2.45868e-24 5.10007e-24 
 10.00000   3.00007e-28 4.82482e-27 5.26101e-26 4.65694e-25 8.10024e-25 8.95001e-25 1.35993e-24 2.58007e-24 
100.00000   2.01984e-28 3.26932e-27 3.35898e-26 3.04284e-25 5.04414e-25 5.40208e-25 6.75090e-25 9.76385e-25 

         24
          600.0
  0.00001   5.96368e-32 7.51120e-30 2.49494e-27 8.91022e-26 4.73095e-25 7.94358e-25 2.10863e-24 1.11300e-23 
  0.00010   4.17305e-31 2.58969e-29 2.64609e-27 8.96663e-26 4.74006e-25 7.95480e-25 2.10801e-24 1.11272e-23 
  0.00100   3.17614e-30 1.18740e-28 3.25675e-27 9.23889e-26 4.78639e-25 7.99870e-25 2.10949e-24 1.10993e-23 
  0.01000   2.52858e-29 5.31581e-28 6.26710e-27 1.06537e-25 5.02486e-25 8.23968e-25 2.12498e-24 1.08440e-23 
  0.10000   2.00941e-28 2.37744e-27 2.03297e-26 1.74627e-25 6.48996e-25 9.50021e-25 2.26290e-24 9.16611e-24 
  1.00000   9.36890e-28 8.05381e-27 6.58491e-26 3.41081e-25 8.79912e-25 1.16976e-24 2.08754e-24 4.42062e-24 
 10.00000   1.01426e-27 8.95780e-27 1.10220e-25 4.44840e-25 7.27575e-25 8.52491e-25 1.21267e-24 2.41187e-24 
100.00000   7.21020e-28 6.10195e-27 8.48189e-26 3.80232e-25 4.88356e-25 5.44257e-25 6.89850e-25 9.26070e-25 

         25
          100.0
  0.00001   1.30113e-34 3.18413e-33 1.05474e-31 7.83806e-30 2.11829e-28 6.94365e-28 6.39406e-27 5.54870e-25 
  0.00010   1.24340e-33 2.79244e-32 6.75106e-31 3.68084e-29 4.64138e-28 1.09109e-27 7.38122e-27 5.65370e-25 
  0.00100   1.17842e-32 2.49384e-31 5.14286e-30 2.32388e-28 1.66935e-27 3.33109e-27 1.48070e-26 6.61424e-25 
  0.01000   1.10749e-31 2.30489e-30 4.27809e-29 1.67751e-27 8.71320e-27 1.58661e-26 5.07160e-26 1.27844e-24 
  0.10000   9.79797e-31 1.94601e-29 2.83074e-28 1.14653e-26 5.53794e-26 9.71747e-26 2.59551e-25 2.32603e-24 
  1.00000   5.10888e-30 6.22782e-29 7.36260e-28 6.44449e-26 2.38813e-25 3.18156e-25 5.27009e-25 1.07073e-24 
 10.00000   5.44825e-30 8.96645e-29 1.07399e-27 1.01006e-25 2.91238e-25 3.61432e-25 1.23775e-24 7.62632e-24 
100.00000   3.36969e-30 3.55898e-29 7.26189e-28 3.17851e-26 7.79985e-26 8.21046e-26 3.24229e-24 6.95633e-24 

         25
          150.0
  0.00001   2.80372e-34 7.27516e-33 4.54366e-31 4.00555e-29 8.12389e-28 2.19570e-27 1.38954e-26 9.10498e-25 
  0.00010   2.63363e-33 6.00511e-32 2.04566e-30 7.99860e-29 1.07381e-27 2.57201e-27 1.47709e-26 9.32821e-25 
  0.00100   2.48040e-32 4.92695e-31 1.02100e-29 2.96151e-28 2.47470e-27 4.80542e-27 2.13467e-26 1.02480e-24 
  0.01000   2.35100e-31 4.24235e-30 6.26949e-29 1.75158e-27 9.73503e-27 1.70550e-26 5.38583e-26 1.66508e-24 
  0.10000   2.03998e-30 3.33155e-29 3.82803e-28 1.06652e-26 5.25293e-26 9.32754e-26 2.55824e-25 2.81003e-24 
  1.00000   6.89506e-30 1.13660e-28 1.09158e-27 6.05578e-26 2.12581e-25 2.96556e-25 5.19657e-25 1.19792e-24 
 10.00000   8.41668e-30 1.16400e-28 1.35578e-27 1.07788e-25 2.64774e-25 3.32035e-25 9.11390e-25 8.63553e-24 
100.00000   6.42082e-30 7.74118e-29 1.35663e-27 4.15978e-26 9.94825e-26 1.08207e-25 3.25856e-24 9.22764e-24 

         25
          200.0
  0.00001   4.29324e-34 1.49266e-32 1.20270e-30 1.62471e-28 2.25779e-27 5.09553e-27 2.70162e-26 1.33925e-24 
  0.00010   4.05321e-33 1.17734e-31 5.29762e-30 2.16948e-28 2.45803e-27 5.37768e-27 2.80329e-26 1.37290e-24 
  0.00100   3.89339e-32 9.55928e-31 2.23531e-29 4.77932e-28 3.89242e-27 7.49767e-27 3.35127e-26 1.45047e-24 
  0.01000   3.75005e-31 7.65092e-30 1.08134e-28 2.01992e-27 1.15841e-26 2.09602e-26 6.76848e-26 1.94062e-24 
  0.10000   3.35346e-30 5.45362e-29 5.51962e-28 1.11989e-26 5.18508e-26 9.24255e-26 2.62884e-25 2.82150e-24 
  1.00000   1.17034e-29 1.89960e-28 1.68430e-27 5.86007e-26 2.03484e-25 2.87862e-25 5.21980e-25 1.36319e-24 
 10.00000   1.49489e-29 2.28451e-28 2.33857e-27 1.03897e-25 2.42547e-25 3.01662e-25 7.69129e-25 1.02380e-23 
100.00000   1.11988e-29 1.31995e-28 2.13801e-27 4.78328e-26 1.09810e-25 1.20796e-25 3.33689e-24 1.12937e-23 

         25
          250.0
  0.00001   5.46167e-34 2.71370e-32 3.76771e-30 4.78138e-28 4.82946e-27 1.02841e-26 4.65479e-26 1.72608e-24 
  0.00010   5.31712e-33 2.03062e-31 1.09903e-29 5.54769e-28 5.04492e-27 1.04919e-26 4.74956e-26 1.75474e-24 
  0.00100   5.17892e-32 1.56792e-30 4.35545e-29 8.62529e-28 6.52836e-27 1.22846e-26 5.28219e-26 1.81542e-24 
  0.01000   5.10905e-31 1.24655e-29 1.78739e-28 2.51413e-27 1.45768e-26 2.57736e-26 8.90373e-26 2.14012e-24 
  0.10000   4.87094e-30 8.41634e-29 8.44679e-28 1.21497e-26 5.64705e-26 9.48653e-26 2.65609e-25 2.75649e-24 
  1.00000   2.06726e-29 3.19916e-28 2.25840e-27 5.68276e-26 1.96555e-25 2.79449e-25 5.23570e-25 1.53732e-24 
 10.00000   2.71454e-29 4.29345e-28 3.98657e-27 9.89552e-26 2.23150e-25 2.88056e-25 6.78296e-25 1.16251e-23 
100.00000   2.13283e-29 2.42901e-28 2.52040e-27 5.33290e-26 1.18245e-25 1.32369e-25 3.34759e-24 1.29723e-23 

         25
          300.0
  0.00001   6.68112e-34 4.89740e-32 1.04499e-29 1.11398e-27 9.35720e-27 1.91197e-26 8.32594e-26 2.01140e-24 
  0.00010   6.57633e-33 3.23153e-31 2.24583e-29 1.19540e-27 9.60104e-27 1.93652e-26 8.42188e-26 2.03242e-24 
  0.00100   6.46217e-32 2.35792e-30 7.20014e-29 1.54928e-27 1.09884e-26 2.08343e-26 8.91571e-26 2.09702e-24 
  0.01000   6.40891e-31 1.85199e-29 2.77822e-28 3.37131e-27 1.97288e-26 3.34773e-26 1.21434e-25 2.31800e-24 
  0.10000   6.23106e-30 1.27171e-28 1.21951e-27 1.37022e-26 6.38458e-26 1.04761e-25 2.73607e-25 2.63146e-24 
  1.00000   2.76096e-29 4.74215e-28 3.28701e-27 5.74998e-26 1.89389e-25 2.70485e-25 5.10084e-25 1.64644e-24 
 10.00000   3.26523e-29 7.02884e-28 5.27325e-27 9.86374e-26 2.08235e-25 2.75099e-25 6.06268e-25 1.24784e-23 
100.00000   2.58743e-29 4.39482e-28 3.20799e-27 6.21659e-26 1.25248e-25 1.40855e-25 3.28257e-24 1.42025e-23 

         25
          350.0
  0.00001   7.98520e-34 8.56959e-32 2.25279e-29 2.15316e-27 1.65132e-26 3.12585e-26 1.31740e-25 2.19269e-24 
  0.00010   7.71963e-33 5.12165e-31 4.07325e-29 2.22876e-27 1.67396e-26 3.14695e-26 1.32321e-25 2.20322e-24 
  0.00100   7.56863e-32 3.41560e-30 1.07410e-28 2.65170e-27 1.79568e-26 3.27648e-26 1.37036e-25 2.25400e-24 
  0.01000   7.47742e-31 2.55824e-29 3.98162e-28 4.79542e-27 2.69010e-26 4.57223e-26 1.63108e-25 2.41189e-24 
  0.10000   7.27454e-30 1.73066e-28 1.66503e-27 1.62771e-26 7.16415e-26 1.15483e-25 2.96312e-25 2.46864e-24 
  1.00000   3.57655e-29 6.49145e-28 4.93147e-27 5.91861e-26 1.84175e-25 2.59455e-25 4.94422e-25 1.67236e-24 
 10.00000   3.97198e-29 9.78715e-28 6.00620e-27 9.66648e-26 1.99968e-25 2.62202e-25 5.43494e-25 1.27644e-23 
100.00000   2.96784e-29 6.55670e-28 4.89774e-27 7.03770e-26 1.28655e-25 1.44565e-25 3.14015e-24 1.49112e-23 

         25
          400.0
  0.00001   9.32894e-34 1.36625e-31 4.05978e-29 3.82212e-27 2.69586e-26 4.84321e-26 1.86488e-25 2.27911e-24 
  0.00010   8.86487e-33 7.70132e-31 6.65103e-29 3.88208e-27 2.71000e-26 4.86648e-26 1.86867e-25 2.28332e-24 
  0.00100   8.58887e-32 4.88691e-30 1.49828e-28 4.36993e-27 2.82193e-26 4.98464e-26 1.90281e-25 2.31422e-24 
  0.01000   8.49619e-31 3.38674e-29 5.23065e-28 6.85824e-27 3.69072e-26 6.10731e-26 2.12410e-25 2.42645e-24 
  0.10000   8.26902e-30 2.20550e-28 2.18485e-27 1.92531e-26 8.26709e-26 1.29385e-25 3.24980e-25 2.33668e-24 
  1.00000   4.50419e-29 8.48100e-28 6.92056e-27 6.12155e-26 1.78642e-25 2.50859e-25 4.77070e-25 1.63452e-24 
 10.00000   5.59760e-29 1.40416e-27 8.58691e-27 9.45890e-26 1.90957e-25 2.48927e-25 4.86362e-25 1.25097e-23 
100.00000   3.77932e-29 9.59938e-28 7.49114e-27 7.41665e-26 1.30202e-25 1.46526e-25 2.94707e-24 1.51900e-23 

         25
          600.0
  0.00001   1.74751e-33 3.92811e-31 1.62623e-28 1.65743e-26 9.43686e-26 1.51226e-25 4.21477e-25 2.07132e-24 
  0.00010   1.39240e-32 2.09615e-30 2.12766e-28 1.66398e-26 9.45449e-26 1.51036e-25 4.21137e-25 2.07398e-24 
  0.00100   1.18276e-31 1.18724e-29 3.56410e-28 1.70915e-26 9.52023e-26 1.51966e-25 4.22147e-25 2.07987e-24 
  0.01000   1.06683e-30 6.65041e-29 9.61330e-28 2.04888e-26 1.00649e-25 1.56761e-25 4.22527e-25 2.07750e-24 
  0.10000   9.81133e-30 3.72208e-28 4.24605e-27 3.67256e-26 1.29775e-25 1.94631e-25 4.19764e-25 1.79177e-24 
  1.00000   5.61401e-29 1.49528e-27 1.50294e-26 7.44639e-26 1.71536e-25 2.28732e-25 3.95120e-25 1.20973e-24 
 10.00000   8.54933e-29 2.60936e-27 2.54541e-26 9.93720e-26 1.74195e-25 1.95580e-25 3.04371e-25 9.38622e-24 
100.00000   6.97901e-29 1.83025e-27 2.05773e-26 7.77812e-26 1.24922e-25 1.35700e-25 2.05055e-24 1.35557e-23 

         26
          100.0
  0.00001   4.00616e-34 4.34164e-32 3.26639e-30 3.03320e-28 4.76741e-27 1.28087e-26 1.36374e-25 1.90293e-23 
  0.00010   3.41982e-33 3.46495e-31 2.09808e-29 1.51488e-27 1.49894e-26 3.59795e-26 2.47144e-25 2.04740e-23 
  0.00100   3.10326e-32 2.96747e-30 1.53776e-28 9.46575e-27 7.94219e-26 1.56712e-25 8.99214e-25 2.51922e-23 
  0.01000   2.87829e-31 2.67145e-29 1.22528e-27 6.18208e-26 5.55893e-25 1.05586e-24 4.07326e-24 6.05606e-23 
  0.10000   2.44868e-30 2.20901e-28 8.22746e-27 3.89754e-25 3.60813e-24 6.45899e-24 1.94564e-23 2.14842e-22 
  1.00000   1.42331e-29 9.89286e-28 3.77982e-26 1.02248e-24 1.58045e-23 2.71629e-23 5.80848e-23 1.21829e-22 
 10.00000   2.03685e-29 1.74308e-27 6.05326e-26 1.17423e-24 2.78264e-23 3.34998e-23 4.17253e-23 6.41812e-23 
100.00000   1.61393e-29 9.09246e-28 2.67365e-26 3.45995e-25 7.89587e-24 9.41573e-24 1.07670e-23 1.12757e-23 

         26
          150.0
  0.00001   3.14297e-33 2.37826e-31 1.11508e-29 9.45980e-28 1.71056e-26 4.80192e-26 5.50960e-25 2.92281e-23 
  0.00010   2.09140e-32 1.25869e-30 5.13158e-29 2.85167e-27 3.22558e-26 8.08643e-26 6.63311e-25 3.01738e-23 
  0.00100   1.48103e-31 7.74136e-30 2.92037e-28 1.22243e-26 1.04430e-25 2.27383e-25 1.25839e-24 3.40154e-23 
  0.01000   1.17906e-30 5.35465e-29 1.95300e-27 7.44446e-26 5.88822e-25 1.07476e-24 4.15073e-24 6.04729e-23 
  0.10000   8.21965e-30 3.82971e-28 1.23267e-26 5.10179e-25 3.19580e-24 5.86848e-24 1.68835e-23 2.13491e-22 
  1.00000   3.00515e-29 1.71485e-27 5.31342e-26 1.18507e-24 1.47910e-23 2.72808e-23 5.52202e-23 1.27816e-22 
 10.00000   4.52129e-29 2.59735e-27 7.97578e-26 1.28335e-24 2.49103e-23 3.15582e-23 4.08229e-23 6.39725e-23 
100.00000   4.09227e-29 1.90683e-27 4.38147e-26 4.58099e-25 1.08525e-23 1.24397e-23 1.42145e-23 1.52078e-23 

         26
          200.0
  0.00001   2.43715e-32 1.20216e-30 5.36094e-29 3.49601e-27 6.14891e-26 1.63457e-25 1.40696e-24 4.43021e-23 
  0.00010   1.46444e-31 5.70315e-30 1.54941e-28 6.35264e-27 8.23414e-26 1.88250e-25 1.48968e-24 4.46951e-23 
  0.00100   9.70871e-31 2.86188e-29 5.93659e-28 1.91148e-26 1.67099e-25 3.80586e-25 1.99862e-24 4.70039e-23 
  0.01000   6.84025e-30 1.56816e-28 3.13801e-27 9.31781e-26 6.76351e-25 1.27159e-24 4.88726e-24 6.47290e-23 
  0.10000   4.64266e-29 8.66339e-28 1.91922e-26 5.80131e-25 3.39457e-24 5.94586e-24 1.57871e-23 2.13001e-22 
  1.00000   1.73101e-28 3.12855e-27 7.68477e-26 1.57457e-24 1.30963e-23 2.44763e-23 5.39394e-23 1.32139e-22 
 10.00000   2.03053e-28 4.78944e-27 1.04958e-25 1.44026e-24 2.32158e-23 2.86448e-23 4.13709e-23 6.35444e-23 
100.00000   1.56734e-28 4.12710e-27 7.56942e-26 6.42744e-25 1.19471e-23 1.28014e-23 1.62684e-23 1.82120e-23 

         26
          250.0
  0.00001   1.17167e-31 5.36587e-30 1.97826e-28 1.17176e-26 1.61634e-25 4.38831e-25 2.67950e-24 6.66532e-23 
  0.00010   6.99563e-31 1.92191e-29 4.57017e-28 1.51796e-26 1.80989e-25 4.62493e-25 2.74987e-24 6.67294e-23 
  0.00100   4.46191e-30 7.96004e-29 1.32133e-27 3.16064e-26 3.09005e-25 6.44660e-25 3.11328e-24 6.75648e-23 
  0.01000   2.91281e-29 3.92073e-28 5.33155e-27 1.20499e-25 8.32782e-25 1.60418e-24 5.61232e-24 7.42556e-23 
  0.10000   1.76021e-28 2.14635e-27 2.76088e-26 6.43520e-25 3.55298e-24 6.36094e-24 1.78599e-23 2.00916e-22 
  1.00000   5.94557e-28 6.05492e-27 1.12884e-25 2.12275e-24 1.16224e-23 2.19015e-23 5.23036e-23 1.33873e-22 
 10.00000   7.15152e-28 9.32255e-27 1.54609e-25 2.27643e-24 2.21386e-23 2.54443e-23 3.83544e-23 6.37705e-23 
100.00000   4.72933e-28 9.46780e-27 1.16172e-25 1.43643e-24 1.18233e-23 1.22082e-23 1.75427e-23 2.05830e-23 

         26
          300.0
  0.00001   3.51372e-31 1.88487e-29 6.63723e-28 3.15546e-26 3.62738e-25 8.87688e-25 4.37139e-24 9.02146e-23 
  0.00010   2.20322e-30 5.43497e-29 1.10758e-27 3.60635e-26 3.84540e-25 9.08898e-25 4.40067e-24 9.04192e-23 
  0.00100   1.27986e-29 1.94066e-28 2.81135e-27 5.63236e-26 5.17869e-25 1.06125e-24 4.65312e-24 9.07723e-23 
  0.01000   8.41879e-29 8.18791e-28 9.21481e-27 1.61152e-25 1.13206e-24 2.14290e-24 6.58126e-24 9.82723e-23 
  0.10000   5.04555e-28 4.15264e-27 4.04440e-26 7.52474e-25 3.72355e-24 6.63601e-24 2.00994e-23 1.88970e-22 
  1.00000   1.59177e-27 1.32328e-26 1.50308e-25 2.55187e-24 1.12077e-23 2.00887e-23 4.89775e-23 1.33171e-22 
 10.00000   1.66088e-27 1.75240e-26 2.17012e-25 3.82701e-24 2.10143e-23 2.34206e-23 3.25023e-23 6.67914e-23 
100.00000   1.19155e-27 1.81618e-26 1.34296e-25 2.45289e-24 1.17933e-23 1.22581e-23 1.81749e-23 2.23644e-23 

         26
          350.0
  0.00001   6.98582e-31 4.27765e-29 1.89226e-27 6.97820e-26 6.93984e-25 1.52441e-24 6.62648e-24 1.22280e-22 
  0.00010   4.39178e-30 1.29785e-28 2.56965e-27 7.53370e-26 7.16696e-25 1.53781e-24 6.65807e-24 1.22334e-22 
  0.00100   2.81790e-29 3.98679e-28 5.13598e-27 9.81023e-26 8.40543e-25 1.64610e-24 6.89997e-24 1.22615e-22 
  0.01000   1.84606e-28 1.57001e-27 1.56650e-26 2.22826e-25 1.51571e-24 2.78035e-24 8.56138e-24 1.26557e-22 
  0.10000   1.04376e-27 7.10536e-27 5.84823e-26 8.70096e-25 4.21952e-24 6.91252e-24 2.16885e-23 1.82135e-22 
  1.00000   3.34636e-27 2.35483e-26 1.92033e-25 2.95678e-24 1.14703e-23 1.94595e-23 4.63992e-23 1.31940e-22 
 10.00000   3.42578e-27 3.33940e-26 2.66484e-25 5.37698e-24 1.94328e-23 2.21262e-23 3.06690e-23 6.88878e-23 
100.00000   2.49459e-27 3.10426e-26 1.65386e-25 3.61258e-24 1.17213e-23 1.26289e-23 1.78277e-23 2.36138e-23 

         26
          400.0
  0.00001   1.24196e-30 7.57592e-29 4.47639e-27 1.36120e-25 1.17625e-24 2.32772e-24 9.46743e-24 1.48986e-22 
  0.00010   7.26784e-30 2.40078e-28 5.28882e-27 1.42900e-25 1.20168e-24 2.34109e-24 9.49272e-24 1.49048e-22 
  0.00100   4.63681e-29 7.14196e-28 8.76980e-27 1.69818e-25 1.31475e-24 2.43637e-24 9.66122e-24 1.49309e-22 
  0.01000   3.06752e-28 2.57895e-27 2.44567e-26 3.04649e-25 1.94007e-24 3.53548e-24 1.10079e-23 1.50664e-22 
  0.10000   1.85834e-27 1.13021e-26 8.54413e-26 1.01729e-24 4.81599e-24 7.88557e-24 2.32151e-23 1.73754e-22 
  1.00000   6.18300e-27 3.54363e-26 2.45686e-25 3.14305e-24 1.23402e-23 1.89762e-23 4.37041e-23 1.28384e-22 
 10.00000   6.56810e-27 5.78291e-26 3.32566e-25 6.26767e-24 1.76648e-23 2.09705e-23 3.06753e-23 6.83795e-23 
100.00000   4.82207e-27 4.90867e-26 2.19693e-25 4.73996e-24 1.16137e-23 1.32100e-23 1.69354e-23 2.43862e-23 

         26
          600.0
  0.00001   6.08578e-30 4.41535e-28 3.37484e-26 7.63436e-25 4.29254e-24 7.45298e-24 2.21895e-23 1.96805e-22 
  0.00010   2.97386e-29 8.66713e-28 3.52159e-26 7.74886e-25 4.32943e-24 7.46796e-24 2.21934e-23 1.96804e-22 
  0.00100   1.50974e-28 2.53368e-27 4.14503e-26 8.14784e-25 4.45597e-24 7.55461e-24 2.22688e-23 1.96339e-22 
  0.01000   8.93691e-28 8.45097e-27 7.39294e-26 9.97424e-25 5.04713e-24 8.13300e-24 2.29797e-23 1.93153e-22 
  0.10000   5.89216e-27 3.38651e-26 2.22067e-25 1.83001e-24 7.50565e-24 1.19028e-23 2.95274e-23 1.69965e-22 
  1.00000   2.16500e-26 9.22943e-26 5.62722e-25 4.11860e-24 1.39096e-23 2.00247e-23 3.66558e-23 1.05702e-22 
 10.00000   2.97733e-26 1.32514e-25 6.00580e-25 7.33009e-24 1.44097e-23 1.74485e-23 2.75888e-23 5.66111e-23 
100.00000   2.47715e-26 9.69035e-26 4.18227e-25 6.71724e-24 1.02679e-23 1.28640e-23 1.63828e-23 2.36486e-23 

         27
          100.0
  0.00001   8.30677e-32 7.75281e-31 2.66674e-29 8.45994e-28 1.72563e-26 6.06321e-26 6.47857e-25 7.56854e-23 
  0.00010   7.69602e-31 6.09275e-30 1.38476e-28 3.33718e-27 3.96133e-26 1.05108e-25 7.21908e-25 7.69265e-23 
  0.00100   7.21801e-30 5.18093e-29 9.33251e-28 2.06713e-26 1.62706e-25 3.02514e-25 1.41193e-24 8.58095e-23 
  0.01000   6.81821e-29 4.63585e-28 7.38723e-27 1.57027e-25 8.97442e-25 1.60039e-24 5.92716e-24 1.20533e-22 
  0.10000   6.12462e-28 3.69812e-27 4.91411e-26 1.12512e-24 5.60402e-24 9.84241e-24 2.64802e-23 1.69288e-22 
  1.00000   2.42206e-27 1.17298e-26 1.39184e-25 5.83888e-24 1.51181e-23 1.93609e-23 2.84213e-23 4.18740e-23 
 10.00000   3.23768e-27 1.16076e-26 2.38691e-25 8.61160e-24 1.27346e-23 1.34252e-23 1.59955e-23 1.70412e-23 
100.00000   1.80576e-27 4.64596e-27 2.26361e-25 2.45438e-24 3.15962e-24 3.23186e-24 3.29680e-24 3.34302e-24 

         27
          150.0
  0.00001   1.63829e-31 2.44719e-30 6.37283e-29 3.19906e-27 6.98888e-26 2.05622e-25 1.48001e-24 1.07204e-22 
  0.00010   1.33836e-30 1.43340e-29 3.32958e-28 7.32697e-27 9.32796e-26 2.40153e-25 1.53081e-24 1.07471e-22 
  0.00100   1.15017e-29 1.00721e-28 1.69955e-27 2.69998e-26 2.24284e-25 4.52217e-25 2.01619e-24 1.09897e-22 
  0.01000   1.04326e-28 8.01539e-28 1.09866e-26 1.58601e-25 9.11135e-25 1.57886e-24 5.82636e-24 1.30992e-22 
  0.10000   9.04289e-28 6.17003e-27 6.79926e-26 9.87963e-25 5.07084e-24 8.93059e-24 2.52920e-23 1.71541e-22 
  1.00000   4.83865e-27 1.55913e-26 2.27116e-25 5.17269e-24 1.40725e-23 1.88990e-23 2.90876e-23 4.44543e-23 
 10.00000   7.24659e-27 1.57654e-26 4.39927e-25 8.16902e-24 1.16511e-23 1.26107e-23 1.48706e-23 1.57265e-23 
100.00000   4.13784e-27 1.15778e-26 3.44517e-25 3.41793e-24 4.01482e-24 4.11434e-24 4.21472e-24 4.28023e-24 

         27
          200.0
  0.00001   4.95217e-31 8.99912e-30 1.87362e-28 1.26546e-26 2.05817e-25 4.85676e-25 3.10151e-24 1.27116e-22 
  0.00010   3.28808e-30 3.77777e-29 6.02815e-28 1.85781e-26 2.23194e-25 5.11319e-25 3.13053e-24 1.27244e-22 
  0.00100   2.33429e-29 2.03258e-28 2.93368e-27 4.54067e-26 3.39520e-25 7.07348e-25 3.44482e-24 1.27132e-22 
  0.01000   1.76355e-28 1.35189e-27 1.66268e-26 1.85940e-25 1.08564e-24 1.91905e-24 6.66491e-24 1.40079e-22 
  0.10000   1.35818e-27 9.32140e-27 9.59380e-26 9.99389e-25 4.82640e-24 7.96485e-24 2.46890e-23 1.71530e-22 
  1.00000   6.82146e-27 2.98302e-26 3.31040e-25 4.75009e-24 1.38302e-23 1.85284e-23 2.96184e-23 4.60438e-23 
 10.00000   9.49792e-27 3.72009e-26 6.27343e-25 8.14394e-24 1.06349e-23 1.20397e-23 1.38484e-23 1.45160e-23 
100.00000   4.68565e-27 2.87528e-26 3.84797e-25 3.78486e-24 4.39495e-24 4.57012e-24 4.78354e-24 4.87708e-24 

         27
          250.0
  0.00001   1.60641e-30 3.41328e-29 6.78065e-28 4.06223e-26 4.50519e-25 1.04670e-24 5.72882e-24 1.44880e-22 
  0.00010   8.53624e-30 1.04776e-28 1.30950e-27 4.70919e-26 4.60482e-25 1.06430e-24 5.74922e-24 1.44898e-22 
  0.00100   5.18129e-29 4.08294e-28 4.54919e-27 8.15743e-26 5.72528e-25 1.23811e-24 6.02678e-24 1.45307e-22 
  0.01000   3.38009e-28 2.25019e-27 2.37854e-26 2.43774e-25 1.37312e-24 2.46630e-24 8.85253e-24 1.49787e-22 
  0.10000   2.33373e-27 1.46428e-26 1.35160e-25 1.10107e-24 5.09894e-24 8.15666e-24 2.37795e-23 1.64188e-22 
  1.00000   1.02289e-26 5.32777e-26 4.64794e-25 4.52674e-24 1.34562e-23 1.81785e-23 2.93504e-23 4.72035e-23 
 10.00000   1.00820e-26 7.19823e-26 7.95182e-25 7.78384e-24 1.01972e-23 1.15275e-23 1.27670e-23 1.33685e-23 
100.00000   5.59272e-27 4.85225e-26 4.53374e-25 3.84691e-24 4.64117e-24 4.90575e-24 5.12961e-24 5.28457e-24 

         27
          300.0
  0.00001   4.07305e-30 1.01174e-28 2.26294e-27 1.01786e-25 9.55250e-25 2.01963e-24 9.65007e-24 1.57797e-22 
  0.00010   1.93900e-29 2.64382e-28 3.15846e-27 1.08185e-25 9.61136e-25 2.02724e-24 9.66178e-24 1.57743e-22 
  0.00100   1.02030e-28 8.54483e-28 7.34832e-27 1.45580e-25 1.05339e-24 2.14149e-24 9.83284e-24 1.57474e-22 
  0.01000   6.34277e-28 3.71359e-27 3.22557e-26 3.33154e-25 1.85295e-24 3.30256e-24 1.22217e-23 1.58181e-22 
  0.10000   3.98634e-27 2.13928e-26 1.77979e-25 1.27222e-24 5.67481e-24 8.82545e-24 2.33030e-23 1.57624e-22 
  1.00000   1.52042e-26 8.57666e-26 6.38984e-25 4.45031e-24 1.31115e-23 1.77108e-23 2.89672e-23 4.72645e-23 
 10.00000   1.32530e-26 1.22041e-25 8.79894e-25 7.50917e-24 9.80908e-24 1.08347e-23 1.17998e-23 1.25834e-23 
100.00000   8.17902e-27 7.86024e-26 5.27554e-25 3.91485e-24 4.80615e-24 5.08981e-24 5.30718e-24 5.56777e-24 

         27
          350.0
  0.00001   8.75512e-30 2.60245e-28 6.36541e-27 2.04570e-25 1.73112e-24 3.44160e-24 1.40894e-23 1.63401e-22 
  0.00010   3.58370e-29 5.34140e-28 7.43020e-27 2.10244e-25 1.73665e-24 3.45131e-24 1.40991e-23 1.63304e-22 
  0.00100   1.77735e-28 1.63049e-27 1.31207e-26 2.47663e-25 1.80052e-24 3.55062e-24 1.43015e-23 1.63234e-22 
  0.01000   1.06734e-27 6.18146e-27 4.27304e-26 4.66345e-25 2.53710e-24 4.54553e-24 1.59963e-23 1.61387e-22 
  0.10000   6.53678e-27 3.12175e-26 2.18190e-25 1.53352e-24 6.25023e-24 9.69680e-24 2.39126e-23 1.50105e-22 
  1.00000   2.30850e-26 1.22275e-25 8.27812e-25 4.45645e-24 1.26669e-23 1.70988e-23 2.82045e-23 4.68735e-23 
 10.00000   2.16416e-26 1.75593e-25 9.67272e-25 7.22308e-24 9.27246e-24 1.00656e-23 1.09978e-23 1.18449e-23 
100.00000   1.40200e-26 1.26986e-25 7.72558e-25 3.97236e-24 4.85714e-24 5.13088e-24 5.39405e-24 5.74592e-24 

         27
          400.0
  0.00001   1.69459e-29 5.71210e-28 1.48700e-26 3.72778e-25 2.74601e-24 5.25408e-24 1.87534e-23 1.63325e-22 
  0.00010   6.09603e-29 9.71171e-28 1.60519e-26 3.76802e-25 2.74906e-24 5.26301e-24 1.87845e-23 1.63238e-22 
  0.00100   2.69019e-28 2.68865e-27 2.31962e-26 4.14944e-25 2.79848e-24 5.33889e-24 1.88542e-23 1.63082e-22 
  0.01000   1.56008e-27 9.94653e-27 5.98124e-26 6.65675e-25 3.45815e-24 6.20069e-24 1.99383e-23 1.61026e-22 
  0.10000   9.73814e-27 4.46119e-26 2.60865e-25 1.82149e-24 6.89007e-24 1.07771e-23 2.48108e-23 1.42230e-22 
  1.00000   3.49390e-26 1.61670e-25 1.02781e-24 4.51492e-24 1.23388e-23 1.63156e-23 2.72236e-23 4.57494e-23 
 10.00000   3.63090e-26 2.34682e-25 1.25425e-24 6.98919e-24 8.86804e-24 9.38580e-24 1.02072e-23 1.12791e-23 
100.00000   2.43647e-26 1.91544e-25 1.03108e-24 4.03476e-24 4.84770e-24 5.09694e-24 5.48282e-24 5.85962e-24 

         27
          600.0
  0.00001   8.85770e-29 4.25916e-27 1.14977e-25 1.98493e-24 8.63580e-24 1.37983e-23 3.32548e-23 1.35756e-22 
  0.00010   2.67434e-28 5.07668e-27 1.16151e-25 1.98710e-24 8.62709e-24 1.37957e-23 3.32484e-23 1.35699e-22 
  0.00100   8.00487e-28 9.06784e-27 1.26932e-25 2.00754e-24 8.65116e-24 1.38027e-23 3.31946e-23 1.35354e-22 
  0.01000   3.63235e-27 2.88835e-26 1.96002e-25 2.21335e-24 8.80065e-24 1.38852e-23 3.27753e-23 1.31819e-22 
  0.10000   2.21077e-26 1.34658e-25 5.48312e-25 3.40234e-24 1.04135e-23 1.50271e-23 2.97874e-23 1.05237e-22 
  1.00000   1.06095e-25 4.05157e-25 1.61824e-24 5.45564e-24 1.09606e-23 1.42745e-23 2.23144e-23 3.76606e-23 
 10.00000   1.57885e-25 5.88713e-25 2.70653e-24 6.03143e-24 7.36435e-24 7.85175e-24 8.78570e-24 9.76831e-24 
100.00000   1.12905e-25 4.27139e-25 2.14241e-24 4.06878e-24 4.45883e-24 4.83422e-24 5.66617e-24 5.94110e-24 

         28
          100.0
  0.00001   4.03597e-39 5.55048e-35 2.62541e-33 2.75434e-31 1.19719e-29 4.57628e-29 4.49615e-28 1.77713e-26 
  0.00010   3.73134e-38 5.09346e-34 2.17398e-32 1.59593e-30 2.58852e-29 7.24589e-29 5.06283e-28 1.78655e-26 
  0.00100   3.58216e-37 4.70327e-33 1.90802e-31 1.02339e-29 8.94183e-29 2.07024e-28 9.49715e-28 1.89386e-26 
  0.01000   3.44968e-36 4.40788e-32 1.71356e-30 7.28333e-29 4.72071e-28 8.65245e-28 3.03831e-27 3.21102e-26 
  0.10000   3.22716e-35 3.97435e-31 1.38072e-29 3.78278e-28 2.23375e-27 3.33628e-27 9.63447e-27 6.20164e-26 
  1.00000   1.96240e-34 2.23865e-30 3.37106e-29 5.34450e-28 6.99067e-27 1.02565e-26 1.56236e-26 2.20510e-26 
 10.00000   4.51314e-34 3.71008e-30 4.32764e-29 6.74934e-28 7.77875e-27 9.54185e-27 1.12448e-26 1.52692e-26 
100.00000   1.87296e-34 2.18350e-30 1.60979e-29 4.92625e-28 2.25153e-27 2.60083e-27 2.84785e-27 2.95997e-27 

         28
          150.0
  0.00001   2.02009e-36 2.42315e-34 1.03180e-32 2.64284e-30 1.02866e-28 2.72945e-28 1.34545e-27 2.85481e-26 
  0.00010   1.90240e-35 2.11835e-33 6.21481e-32 5.21690e-30 1.19115e-28 2.91213e-28 1.37480e-27 2.85798e-26 
  0.00100   1.78072e-34 1.87374e-32 4.22137e-31 1.87621e-29 2.06372e-28 4.14761e-28 1.66719e-27 2.90387e-26 
  0.01000   1.68642e-33 1.72616e-31 3.21797e-30 1.05388e-28 5.94914e-28 1.09335e-27 3.31357e-27 3.58316e-26 
  0.10000   1.43809e-32 1.47960e-30 2.25066e-29 4.69840e-28 2.05660e-27 3.39420e-27 9.57509e-27 6.10154e-26 
  1.00000   9.69103e-32 7.03307e-30 6.84397e-29 7.33792e-28 6.96530e-27 9.82691e-27 1.46510e-26 2.15042e-26 
 10.00000   1.96547e-31 8.73666e-30 5.87577e-29 7.41139e-28 7.49346e-27 9.23749e-27 1.08664e-26 1.47593e-26 
100.00000   1.04943e-31 4.97142e-30 2.87612e-29 8.06150e-28 3.16408e-27 3.46237e-27 3.76415e-27 3.92003e-27 

         28
          200.0
  0.00001   6.18729e-35 1.06940e-33 7.06626e-32 2.84403e-29 4.23219e-28 9.26865e-28 4.29440e-27 5.18558e-26 
  0.00010   5.99457e-34 9.67856e-33 3.34979e-31 3.37358e-29 4.36145e-28 9.34061e-28 4.30454e-27 5.19094e-26 
  0.00100   5.76665e-33 8.73493e-32 1.77849e-30 5.90627e-29 5.21547e-28 1.03992e-27 4.44310e-27 5.17686e-26 
  0.01000   5.53261e-32 7.81896e-31 1.11115e-29 1.89905e-28 1.09163e-27 1.90284e-27 5.98860e-27 5.20925e-26 
  0.10000   4.81445e-31 6.23146e-30 6.60246e-29 8.30619e-28 2.96939e-27 4.77949e-27 1.19631e-26 6.35331e-26 
  1.00000   2.41883e-30 2.04975e-29 2.10226e-28 1.65008e-27 6.86289e-27 9.24894e-27 1.39108e-26 2.16355e-26 
 10.00000   3.23820e-30 2.59385e-29 3.15974e-28 1.40049e-27 7.45807e-27 8.72793e-27 1.10305e-26 1.41206e-26 
100.00000   2.17471e-30 1.93219e-29 1.88901e-28 1.11735e-27 3.54699e-27 3.69256e-27 4.28582e-27 4.58847e-27 

         28
          250.0
  0.00001   2.73013e-34 4.03276e-33 3.40651e-31 1.52664e-28 1.45420e-27 2.94452e-27 1.05643e-26 1.37423e-25 
  0.00010   2.70830e-33 3.54830e-32 1.34140e-30 1.59879e-28 1.46323e-27 2.95266e-27 1.05755e-26 1.37414e-25 
  0.00100   2.69021e-32 3.21014e-31 6.72278e-30 2.04811e-28 1.56208e-27 3.04746e-27 1.06748e-26 1.37296e-25 
  0.01000   2.67330e-31 2.88194e-30 3.82128e-29 4.58497e-28 2.41926e-27 4.02395e-27 1.22645e-26 1.34088e-25 
  0.10000   2.55547e-30 2.23967e-29 1.98869e-28 1.57340e-27 5.38021e-27 8.44381e-27 2.32479e-26 9.80421e-26 
  1.00000   1.20431e-29 8.21453e-29 6.31597e-28 4.38858e-27 1.06399e-26 1.26724e-26 1.69023e-26 2.26234e-26 
 10.00000   1.72265e-29 1.13225e-28 9.06365e-28 4.25466e-27 7.81535e-27 8.36526e-27 1.05797e-26 1.34966e-26 
100.00000   1.18383e-29 8.38785e-29 7.57734e-28 2.35830e-27 3.59166e-27 3.73461e-27 4.65809e-27 5.10747e-27 

         28
          300.0
  0.00001   7.95559e-34 1.38962e-32 1.44849e-30 5.47350e-28 3.91444e-27 7.29524e-27 2.42060e-26 2.73726e-25 
  0.00010   7.89687e-33 1.18689e-31 4.41531e-30 5.58840e-28 3.92516e-27 7.30120e-27 2.42230e-26 2.73597e-25 
  0.00100   7.86278e-32 1.05609e-30 1.85902e-29 6.40026e-28 4.05438e-27 7.43128e-27 2.43248e-26 2.72301e-25 
  0.01000   7.84904e-31 9.52469e-30 9.56333e-29 1.16427e-27 5.48611e-27 9.16911e-27 2.65332e-26 2.63629e-25 
  0.10000   7.70263e-30 7.34783e-29 4.77617e-28 3.30858e-27 1.10766e-26 1.66263e-26 4.51143e-26 2.11148e-25 
  1.00000   4.02225e-29 2.51703e-28 1.65976e-27 8.08763e-27 1.92764e-26 2.46181e-26 4.32246e-26 7.17302e-26 
 10.00000   4.89072e-29 3.69981e-28 2.52252e-27 9.41079e-27 1.29171e-26 1.65412e-26 2.53869e-26 3.18711e-26 
100.00000   3.62102e-29 2.65265e-28 2.02806e-27 5.38897e-27 7.34484e-27 8.39325e-27 9.57089e-27 1.07883e-26 

         28
          350.0
  0.00001   1.80652e-33 3.59596e-32 4.39939e-30 1.49136e-27 9.38189e-27 1.67464e-26 5.40935e-26 5.16721e-25 
  0.00010   1.77583e-32 3.03086e-31 1.18114e-29 1.51802e-27 9.41094e-27 1.67656e-26 5.41013e-26 5.16752e-25 
  0.00100   1.75027e-31 2.62107e-30 4.33732e-29 1.67050e-27 9.59878e-27 1.69902e-26 5.43659e-26 5.18497e-25 
  0.01000   1.73439e-30 2.33703e-29 2.03649e-28 2.65420e-27 1.19485e-26 1.95833e-26 5.96228e-26 5.25660e-25 
  0.10000   1.69231e-29 1.82585e-28 9.86680e-28 6.58371e-27 2.24207e-26 3.45324e-26 8.50721e-26 5.09533e-25 
  1.00000   9.18233e-29 6.87986e-28 3.28350e-27 1.39949e-26 3.89355e-26 5.61110e-26 1.04062e-25 1.82167e-25 
 10.00000   1.27438e-28 9.51407e-28 5.02902e-27 1.96013e-26 2.79987e-26 3.85153e-26 6.09607e-26 8.65077e-26 
100.00000   1.20026e-28 7.28351e-28 3.51637e-27 1.23777e-26 1.81357e-26 2.15241e-26 2.53204e-26 2.76113e-26 

         28
          400.0
  0.00001   3.51681e-33 7.08248e-32 1.05853e-29 3.31292e-27 2.08164e-26 3.54746e-26 1.11212e-25 1.05562e-24 
  0.00010   3.41983e-32 5.95079e-31 2.54180e-29 3.37976e-27 2.08592e-26 3.55120e-26 1.11217e-25 1.05502e-24 
  0.00100   3.32145e-31 5.02978e-30 8.48610e-29 3.68023e-27 2.12479e-26 3.58831e-26 1.11706e-25 1.05405e-24 
  0.01000   3.23999e-30 4.40156e-29 3.75786e-28 5.41319e-27 2.48594e-26 3.96348e-26 1.19694e-25 1.04018e-24 
  0.10000   3.08515e-29 3.47116e-28 1.81593e-27 1.25436e-26 4.23192e-26 6.43801e-26 1.54401e-25 9.62978e-25 
  1.00000   1.63481e-28 1.43451e-27 5.97312e-27 2.46089e-26 7.32368e-26 1.04687e-25 1.97893e-25 3.58059e-25 
 10.00000   2.22590e-28 1.86241e-27 8.41068e-27 3.71811e-26 5.12886e-26 6.95093e-26 1.14202e-25 1.85165e-25 
100.00000   2.14386e-28 1.30095e-27 6.11947e-27 2.44045e-26 3.53262e-26 4.30508e-26 5.16411e-26 5.62153e-26 

         28
          600.0
  0.00001   1.36888e-32 3.87267e-31 9.52260e-29 2.19257e-26 1.76812e-25 3.18978e-25 8.75115e-25 4.72802e-24 
  0.00010   1.29971e-31 2.94495e-30 1.62508e-28 2.25302e-26 1.77491e-25 3.19194e-25 8.74787e-25 4.72474e-24 
  0.00100   1.20599e-30 2.32964e-29 4.28894e-28 2.46619e-26 1.80443e-25 3.21105e-25 8.75639e-25 4.70839e-24 
  0.01000   1.08291e-29 1.83473e-28 1.68424e-27 3.29967e-26 1.95725e-25 3.34220e-25 8.79988e-25 4.58093e-24 
  0.10000   9.63814e-29 1.38027e-27 8.24714e-27 7.43309e-26 2.70722e-25 3.98725e-25 9.32784e-25 3.72594e-24 
  1.00000   5.54372e-28 5.70757e-27 3.23878e-26 1.42569e-25 3.47109e-25 4.59817e-25 7.97505e-25 1.50843e-24 
 10.00000   7.62068e-28 6.52717e-27 6.17843e-26 1.54145e-25 2.56341e-25 3.17979e-25 4.60647e-25 9.27064e-25 
100.00000   7.58604e-28 5.17429e-27 5.31465e-26 1.17509e-25 1.64455e-25 1.90647e-25 2.46044e-25 3.00552e-25 

         29
          100.0
  0.00001   4.96884e-33 4.41911e-31 1.01819e-28 1.02231e-26 1.13301e-25 2.60050e-25 2.86539e-24 2.49842e-21 
  0.00010   4.56786e-32 3.01962e-30 6.09686e-28 7.21814e-26 5.99046e-25 1.31009e-24 8.08910e-24 2.69251e-21 
  0.00100   4.30891e-31 2.27539e-29 4.21734e-27 6.00954e-25 4.04864e-24 8.23183e-24 3.20181e-23 3.28245e-21 
  0.01000   4.07965e-30 1.91549e-28 3.35426e-26 5.42453e-24 2.97275e-23 5.65570e-23 2.08158e-22 5.63614e-21 
  0.10000   3.47305e-29 1.33934e-27 2.46366e-25 4.61233e-23 2.34654e-22 4.37109e-22 1.36838e-21 7.96007e-21 
  1.00000   1.49967e-28 4.55330e-27 9.29438e-25 2.68679e-22 7.80103e-22 9.84491e-22 1.55050e-21 2.88665e-21 
 10.00000   2.97447e-28 9.35686e-27 1.34379e-24 3.15075e-22 7.98717e-22 9.08577e-22 1.03697e-21 1.25774e-21 
100.00000   2.19251e-28 3.75866e-27 1.11264e-24 8.92548e-23 2.15183e-22 2.31309e-22 2.44223e-22 2.50790e-22 

         29
          150.0
  0.00001   2.04307e-32 3.33225e-30 4.36548e-28 2.17274e-26 2.86358e-25 7.42808e-25 1.26606e-23 5.04562e-21 
  0.00010   1.65909e-31 1.68497e-29 2.02473e-27 9.32181e-26 9.36040e-25 2.14374e-24 1.72326e-23 5.06195e-21 
  0.00100   1.43933e-30 9.04979e-29 1.07022e-26 6.19418e-25 4.87995e-24 1.01117e-23 4.24070e-23 5.24211e-21 
  0.01000   1.30838e-29 5.70405e-28 6.89077e-26 5.18262e-24 3.05747e-23 5.44988e-23 1.92581e-22 6.37392e-21 
  0.10000   1.09939e-28 3.60470e-27 4.67510e-25 4.06728e-23 2.08689e-22 3.74450e-22 1.26260e-21 8.21146e-21 
  1.00000   5.08894e-28 7.75520e-27 1.39567e-24 2.68624e-22 7.21124e-22 9.37826e-22 1.52198e-21 3.00004e-21 
 10.00000   8.40121e-28 1.40408e-26 1.86131e-24 3.25607e-22 7.68101e-22 8.47396e-22 1.01427e-21 1.16286e-21 
100.00000   4.68206e-28 1.40315e-26 2.68803e-24 1.33397e-22 2.80757e-22 2.93556e-22 3.10281e-22 3.19927e-22 

         29
          200.0
  0.00001   8.28823e-32 1.34750e-29 1.28783e-27 6.88166e-26 1.12630e-24 3.14037e-24 3.22135e-23 5.98118e-21 
  0.00010   5.80295e-31 5.58752e-29 5.31223e-27 1.70727e-25 1.95443e-24 4.44564e-24 3.51631e-23 5.98157e-21 
  0.00100   4.42416e-30 2.99277e-28 2.68951e-26 7.71886e-25 6.43534e-24 1.30080e-23 6.36938e-23 6.02908e-21 
  0.01000   3.76866e-29 1.70915e-27 1.46650e-25 5.25939e-24 3.34414e-23 6.08483e-23 2.33234e-22 6.72448e-21 
  0.10000   3.07607e-28 1.06067e-26 8.85115e-25 4.10070e-23 2.01199e-22 3.39467e-22 1.14973e-21 8.17266e-21 
  1.00000   1.46272e-27 2.20127e-26 2.41989e-24 2.41256e-22 6.90714e-22 9.07672e-22 1.49710e-21 3.13554e-21 
 10.00000   2.33993e-27 2.83651e-26 3.70242e-24 3.23558e-22 7.12016e-22 7.71482e-22 9.59371e-22 1.07313e-21 
100.00000   1.53254e-27 3.26854e-26 5.21807e-24 1.72089e-22 2.95829e-22 3.14036e-22 3.49281e-22 3.62668e-22 

         29
          250.0
  0.00001   4.04272e-31 6.61185e-29 3.26913e-27 2.34627e-25 3.79108e-24 9.59225e-24 7.11245e-23 6.35762e-21 
  0.00010   2.35963e-30 1.80188e-28 1.11693e-26 3.79545e-25 4.65001e-24 1.06429e-23 7.39355e-23 6.36182e-21 
  0.00100   1.56720e-29 6.95968e-28 5.00280e-26 1.13982e-24 9.95055e-24 1.93937e-23 1.00985e-22 6.35323e-21 
  0.01000   1.12189e-28 3.44999e-27 2.79427e-25 6.07202e-24 3.83972e-23 6.93116e-23 2.89196e-22 6.76654e-21 
  0.10000   7.92979e-28 2.23921e-26 1.56730e-24 4.14163e-23 2.08701e-22 3.49131e-22 1.04937e-21 7.89519e-21 
  1.00000   4.02714e-27 5.91516e-26 4.39838e-24 2.24919e-22 6.55150e-22 8.77104e-22 1.46178e-21 3.17253e-21 
 10.00000   8.50573e-27 5.67947e-26 7.65919e-24 3.09046e-22 6.62747e-22 7.11675e-22 8.93646e-22 9.94146e-22 
100.00000   6.56274e-27 6.26737e-26 9.08371e-24 2.08551e-22 3.03059e-22 3.26868e-22 3.76377e-22 3.91639e-22 

         29
          300.0
  0.00001   1.40224e-30 2.78359e-28 9.03841e-27 6.88942e-25 9.42669e-24 2.25629e-23 1.50918e-22 6.70793e-21 
  0.00010   8.12307e-30 5.68488e-28 2.21394e-26 8.79845e-25 1.02530e-23 2.34020e-23 1.53489e-22 6.70154e-21 
  0.00100   4.84241e-29 1.65273e-27 8.33139e-26 1.79546e-24 1.61140e-23 3.10609e-23 1.76419e-22 6.68782e-21 
  0.01000   3.16228e-28 6.85176e-27 4.28112e-25 7.36169e-24 4.69245e-23 8.46403e-23 3.43827e-22 6.81018e-21 
  0.10000   2.07391e-27 3.59821e-26 2.38528e-24 4.37692e-23 2.25125e-22 3.66139e-22 1.01742e-21 7.51906e-21 
  1.00000   9.77781e-27 1.23003e-25 7.40511e-24 2.19288e-22 6.17870e-22 8.37014e-22 1.39675e-21 3.18329e-21 
 10.00000   2.25183e-26 1.10968e-25 1.43420e-23 3.00427e-22 6.17825e-22 6.71417e-22 8.50836e-22 9.25287e-22 
100.00000   1.97657e-26 1.09368e-25 1.42873e-23 2.39473e-22 3.04956e-22 3.36616e-22 3.89486e-22 4.07937e-22 

         29
          350.0
  0.00001   2.65728e-30 8.92379e-28 2.57667e-26 1.65106e-24 1.94334e-23 4.41972e-23 2.74349e-22 7.02706e-21 
  0.00010   1.83575e-29 1.56968e-27 4.39610e-26 1.87825e-24 2.01201e-23 4.47745e-23 2.75343e-22 7.02046e-21 
  0.00100   1.12274e-28 3.74031e-27 1.36896e-25 2.95271e-24 2.55949e-23 5.14180e-23 2.92312e-22 6.98818e-21 
  0.01000   7.28948e-28 1.28631e-26 5.93089e-25 9.22598e-24 6.06040e-23 1.08425e-22 4.39710e-22 6.92057e-21 
  0.10000   4.58198e-27 5.78776e-26 3.28491e-24 4.84415e-23 2.42787e-22 3.84329e-22 1.04384e-21 7.03292e-21 
  1.00000   2.13447e-26 1.95936e-25 1.15795e-23 2.14335e-22 5.85296e-22 8.01413e-22 1.33594e-21 3.12108e-21 
 10.00000   4.87539e-26 1.93525e-25 2.28637e-23 2.93700e-22 5.80094e-22 6.44204e-22 7.83449e-22 8.61452e-22 
100.00000   4.34224e-26 1.67659e-25 2.06042e-23 2.44880e-22 3.10825e-22 3.45986e-22 3.96110e-22 4.15279e-22 

         29
          400.0
  0.00001   3.88831e-30 2.19934e-27 6.62337e-26 3.34348e-24 3.51225e-23 7.83915e-23 4.35021e-22 7.12452e-21 
  0.00010   2.68094e-29 3.72709e-27 9.02316e-26 3.56588e-24 3.57965e-23 7.89988e-23 4.36114e-22 7.12132e-21 
  0.00100   1.93625e-28 7.65475e-27 2.15819e-25 4.79069e-24 4.08215e-23 8.46777e-23 4.48842e-22 7.09806e-21 
  0.01000   1.33388e-27 2.23771e-26 8.19848e-25 1.18228e-23 7.80301e-23 1.40257e-22 5.64999e-22 6.96031e-21 
  0.10000   8.26160e-27 8.99584e-26 4.16048e-24 5.42254e-23 2.57960e-22 4.07600e-22 1.08476e-21 6.53251e-21 
  1.00000   3.84043e-26 2.76855e-25 1.67204e-23 2.11467e-22 5.55801e-22 7.66616e-22 1.26269e-21 3.00712e-21 
 10.00000   7.19195e-26 3.09973e-25 3.21499e-23 3.06076e-22 5.55777e-22 6.12368e-22 7.28518e-22 8.01614e-22 
100.00000   7.39065e-26 2.47921e-25 2.72206e-23 2.41316e-22 3.05737e-22 3.47430e-22 3.96740e-22 4.15020e-22 

         29
          600.0
  0.00001   1.36255e-29 2.03637e-26 7.32941e-25 2.18144e-23 1.68485e-22 3.12708e-22 1.06117e-21 6.31952e-21 
  0.00010   6.86604e-29 2.99530e-26 7.69052e-25 2.18633e-23 1.68881e-22 3.12721e-22 1.06094e-21 6.32048e-21 
  0.00100   4.15964e-28 5.32444e-26 1.01330e-24 2.30895e-23 1.71944e-22 3.15140e-22 1.06192e-21 6.29256e-21 
  0.01000   3.07285e-27 1.15902e-25 2.34561e-24 3.20833e-23 1.99116e-22 3.42096e-22 1.08557e-21 6.06083e-21 
  0.10000   2.12412e-26 3.22906e-25 9.04219e-24 8.44936e-23 3.44665e-22 5.17909e-22 1.20952e-21 4.89902e-21 
  1.00000   1.01405e-25 7.01860e-25 3.51537e-23 2.18588e-22 4.99093e-22 6.44023e-22 1.00745e-21 2.38361e-21 
 10.00000   2.32088e-25 7.72585e-25 6.57230e-23 3.21741e-22 4.79826e-22 5.13258e-22 5.64123e-22 6.28543e-22 
100.00000   1.98562e-25 5.43449e-25 5.06431e-23 2.40656e-22 3.02734e-22 3.31688e-22 3.68468e-22 3.81271e-22 

         30
          100.0
  0.00001   3.34158e-32 4.29086e-30 1.15376e-28 5.77198e-27 1.14358e-25 3.40334e-25 6.08064e-24 2.86437e-22 
  0.00010   3.00001e-31 3.35077e-29 8.29895e-28 2.57654e-26 2.92332e-25 6.82775e-25 6.98217e-24 3.08916e-22 
  0.00100   2.78844e-30 2.70659e-28 6.66714e-27 1.76544e-25 1.30156e-24 2.51841e-24 1.33903e-23 3.82727e-22 
  0.01000   2.63644e-29 2.27460e-27 5.81307e-26 1.40303e-24 7.64823e-24 1.41074e-23 4.29693e-23 6.53183e-22 
  0.10000   2.07502e-28 1.51542e-26 4.12257e-25 8.66070e-24 3.27703e-23 5.78992e-23 1.81764e-22 1.52172e-21 
  1.00000   9.27454e-28 4.10140e-26 1.04909e-24 2.24977e-23 1.40964e-22 1.87828e-22 3.23472e-22 5.90750e-22 
 10.00000   2.13500e-27 4.92496e-26 1.11781e-24 3.37350e-23 1.67413e-22 1.90566e-22 2.14768e-22 2.50782e-22 
100.00000   8.64775e-28 3.71286e-26 3.86980e-25 2.45322e-23 4.64145e-23 4.91581e-23 5.14941e-23 5.92284e-23 

         30
          150.0
  0.00001   1.07728e-31 9.75293e-30 3.98941e-28 2.92164e-26 4.87244e-25 1.31923e-24 1.63265e-23 4.83699e-22 
  0.00010   7.33245e-31 5.62554e-29 1.76858e-27 6.30373e-26 6.96560e-25 1.69142e-24 1.67719e-23 4.91209e-22 
  0.00100   5.85474e-30 4.03020e-28 1.08318e-26 2.35464e-25 1.84578e-24 3.77111e-24 2.11721e-23 5.43580e-22 
  0.01000   4.93756e-29 3.09674e-27 7.95333e-26 1.44246e-24 8.70606e-24 1.53078e-23 4.99764e-23 7.88896e-22 
  0.10000   4.02220e-28 2.13626e-26 5.71681e-25 8.86113e-24 3.45401e-23 6.12749e-23 1.77118e-22 1.71073e-21 
  1.00000   1.96733e-27 6.47013e-26 1.74047e-24 3.49607e-23 1.32387e-22 1.85821e-22 3.39508e-22 6.38031e-22 
 10.00000   4.54135e-27 8.43077e-26 1.77638e-24 6.69285e-23 1.65522e-22 1.81070e-22 2.05489e-22 2.30700e-22 
100.00000   2.83083e-27 6.13038e-26 8.20547e-25 3.91240e-23 6.02082e-23 6.31844e-23 6.63512e-23 1.10229e-22 

         30
          200.0
  0.00001   5.95747e-31 4.72502e-29 1.40177e-27 1.24615e-25 1.70498e-24 4.27723e-24 3.01443e-23 8.94810e-22 
  0.00010   2.99140e-30 1.48530e-28 4.70762e-27 1.88561e-25 1.94075e-24 4.55893e-24 3.04597e-23 8.97479e-22 
  0.00100   1.77255e-29 6.75982e-28 2.09080e-26 4.39178e-25 3.32463e-24 6.80079e-24 3.42658e-23 9.32891e-22 
  0.01000   1.24055e-28 4.38976e-27 1.30925e-25 1.89564e-24 1.08127e-23 1.83868e-23 6.68174e-23 1.14138e-21 
  0.10000   8.66420e-28 2.75616e-26 8.44112e-25 1.02086e-23 4.21127e-23 6.65168e-23 1.82389e-22 1.83245e-21 
  1.00000   3.89597e-27 9.14013e-26 3.13130e-24 4.51891e-23 1.33216e-22 1.93511e-22 3.61485e-22 7.05154e-22 
 10.00000   7.33243e-27 1.33455e-25 4.01528e-24 7.76863e-23 1.60596e-22 1.69415e-22 2.04037e-22 2.62356e-22 
100.00000   5.74431e-27 8.80107e-26 2.13560e-24 5.37475e-23 6.65780e-23 7.10610e-23 7.47924e-23 1.57693e-22 

         30
          250.0
  0.00001   2.55091e-30 2.40813e-28 5.89867e-27 4.21759e-25 4.60631e-24 9.91658e-24 5.31547e-23 1.32510e-21 
  0.00010   1.13955e-29 5.47362e-28 1.14684e-26 5.06548e-25 4.79221e-24 1.00787e-23 5.34041e-23 1.32551e-21 
  0.00100   5.61796e-29 1.57084e-27 4.17366e-26 8.93386e-25 6.40675e-24 1.25315e-23 5.69593e-23 1.33308e-21 
  0.01000   3.27290e-28 7.14491e-27 2.20733e-25 2.80408e-24 1.44003e-23 2.56228e-23 8.68998e-23 1.44410e-21 
  0.10000   1.92303e-27 4.06535e-26 1.26482e-24 1.24777e-23 5.23933e-23 8.38376e-23 2.13026e-22 1.95579e-21 
  1.00000   7.11164e-27 1.25897e-25 4.56909e-24 4.54699e-23 1.39887e-22 2.06419e-22 3.90130e-22 7.47555e-22 
 10.00000   1.25422e-26 1.62369e-25 6.82347e-24 9.28768e-23 1.51583e-22 1.70713e-22 1.93457e-22 3.33287e-22 
100.00000   9.13339e-27 1.16916e-25 4.22949e-24 5.62604e-23 7.30931e-23 7.75212e-23 1.00276e-22 1.98140e-22 

         30
          300.0
  0.00001   8.09662e-30 1.01841e-27 2.18344e-26 1.12537e-24 9.89287e-24 1.95703e-23 9.09238e-23 1.79428e-21 
  0.00010   3.03797e-29 1.87982e-27 3.07046e-26 1.20702e-24 1.00290e-23 1.96903e-23 9.09835e-23 1.79317e-21 
  0.00100   1.43743e-28 4.23730e-27 7.54624e-26 1.71863e-24 1.15776e-23 2.17791e-23 9.38971e-23 1.79391e-21 
  0.01000   7.67118e-28 1.37878e-26 3.45560e-25 4.26815e-24 2.08435e-23 3.72931e-23 1.21792e-22 1.78397e-21 
  0.10000   4.04806e-27 6.21594e-26 1.84492e-24 1.58281e-23 6.53127e-23 1.01206e-22 2.57539e-22 2.01677e-21 
  1.00000   1.25630e-26 1.67541e-25 6.74550e-24 5.10153e-23 1.55831e-22 2.21011e-22 4.08168e-22 7.94140e-22 
 10.00000   2.05002e-26 1.92203e-25 1.00809e-23 1.00365e-22 1.49791e-22 1.66641e-22 1.90657e-22 3.86693e-22 
100.00000   1.38996e-26 1.31603e-25 6.71146e-24 5.90346e-23 7.78214e-23 8.21921e-23 1.33139e-22 2.30045e-22 

         30
          350.0
  0.00001   2.27732e-29 3.49225e-27 6.67401e-26 2.49345e-24 1.82349e-23 3.47921e-23 1.54261e-22 2.14164e-21 
  0.00010   6.73187e-29 5.44153e-27 7.87499e-26 2.56910e-24 1.83466e-23 3.49198e-23 1.54623e-22 2.14248e-21 
  0.00100   2.83621e-28 1.09824e-26 1.44712e-25 3.16270e-24 1.97796e-23 3.63888e-23 1.56258e-22 2.13396e-21 
  0.01000   1.44294e-27 2.81170e-26 5.03305e-25 6.40691e-24 3.09045e-23 5.26302e-23 1.79368e-22 2.07241e-21 
  0.10000   7.25508e-27 1.00912e-25 2.60518e-24 2.10084e-23 7.99131e-23 1.24707e-22 3.16626e-22 2.10260e-21 
  1.00000   2.04465e-26 2.28849e-25 9.66491e-24 5.91788e-23 1.70450e-22 2.34794e-22 4.25925e-22 8.20570e-22 
 10.00000   3.07999e-26 2.44321e-25 1.48123e-23 1.06253e-22 1.49846e-22 1.61060e-22 2.48148e-22 4.25072e-22 
100.00000   2.03362e-26 1.54134e-25 1.05872e-23 6.17350e-23 8.01333e-23 9.88883e-23 1.63847e-22 2.53716e-22 

         30
          400.0
  0.00001   5.66809e-29 9.59945e-27 1.67844e-25 4.85799e-24 3.17819e-23 5.72661e-23 2.37385e-22 2.41050e-21 
  0.00010   1.33332e-28 1.30941e-26 1.83171e-25 4.92851e-24 3.19315e-23 5.73740e-23 2.37490e-22 2.40841e-21 
  0.00100   4.79750e-28 2.43945e-26 2.73943e-25 5.52603e-24 3.32346e-23 5.87026e-23 2.38586e-22 2.39372e-21 
  0.01000   2.37481e-27 5.67171e-26 7.58901e-25 9.42178e-24 4.49575e-23 7.36757e-23 2.58099e-22 2.31164e-21 
  0.10000   1.18060e-26 1.62324e-25 3.40811e-24 2.74016e-23 9.97411e-23 1.55733e-22 3.78707e-22 2.14718e-21 
  1.00000   3.11813e-26 3.13864e-25 1.31937e-23 7.05819e-23 1.86161e-22 2.48814e-22 4.35195e-22 8.51595e-22 
 10.00000   4.29239e-26 3.11490e-25 2.16281e-23 1.06759e-22 1.46227e-22 1.70448e-22 2.89229e-22 4.49979e-22 
100.00000   2.85176e-26 1.84678e-25 1.56676e-23 6.51060e-23 8.57052e-23 1.26327e-22 1.90718e-22 2.70320e-22 

         30
          600.0
  0.00001   7.38331e-28 1.10140e-25 1.87412e-24 3.14678e-23 1.52047e-22 2.40472e-22 6.57943e-22 3.00831e-21 
  0.00010   1.01710e-27 1.19498e-25 1.89237e-24 3.15110e-23 1.52140e-22 2.40980e-22 6.58297e-22 3.00832e-21 
  0.00100   2.13754e-27 1.60927e-25 2.08113e-24 3.20418e-23 1.52923e-22 2.41626e-22 6.58258e-22 2.99759e-21 
  0.01000   7.70073e-27 3.48662e-25 3.37823e-24 3.70570e-23 1.61418e-22 2.48855e-22 6.56948e-22 2.89853e-21 
  0.10000   3.64901e-26 8.77687e-25 9.75518e-24 6.65918e-23 2.07242e-22 2.97436e-22 6.42850e-22 2.23897e-21 
  1.00000   9.40234e-26 1.41020e-24 2.91031e-23 1.21385e-22 2.48114e-22 3.15526e-22 4.83303e-22 1.04142e-21 
 10.00000   1.06785e-25 1.40095e-24 4.81980e-23 1.12783e-22 2.58453e-22 2.86993e-22 3.63764e-22 4.78572e-22 
100.00000   7.75084e-26 1.06309e-24 3.52266e-23 7.34558e-23 1.80583e-22 2.15280e-22 2.57662e-22 2.94000e-22 

         31
          100.0
  0.00001   6.35603e-38 1.82044e-34 9.48822e-33 3.42879e-31 1.18337e-29 4.68350e-29 8.93608e-28 3.80288e-26 
  0.00010   6.05521e-37 1.66924e-33 7.91688e-32 2.09680e-30 2.88072e-29 7.77799e-29 1.03490e-27 3.80806e-26 
  0.00100   5.85270e-36 1.55739e-32 6.83812e-31 1.50530e-29 1.24841e-28 2.68855e-28 1.64613e-27 3.85809e-26 
  0.01000   5.58805e-35 1.45241e-31 5.99576e-30 1.19616e-28 6.99976e-28 1.32871e-27 4.42072e-27 4.57169e-26 
  0.10000   5.03463e-34 1.22818e-30 4.28644e-29 7.29173e-28 3.02316e-27 4.52965e-27 1.04531e-26 3.89102e-26 
  1.00000   2.29638e-33 4.72544e-30 1.35307e-28 1.71771e-27 4.66308e-27 5.99095e-27 8.14697e-27 1.08525e-26 
 10.00000   4.74543e-33 1.08929e-29 2.01991e-28 1.63646e-27 3.73900e-27 4.54971e-27 5.47462e-27 7.29804e-27 
100.00000   1.61973e-32 8.35551e-30 1.23248e-28 6.23042e-28 1.10430e-27 1.23613e-27 1.35419e-27 1.39815e-27 

         31
          150.0
  0.00001   3.74455e-36 5.99375e-34 1.87547e-32 2.17420e-30 1.03309e-28 3.06214e-28 2.31129e-27 4.82415e-26 
  0.00010   3.35150e-35 5.40051e-33 1.48047e-31 5.56552e-30 1.22568e-28 3.23320e-28 2.36692e-27 4.83258e-26 
  0.00100   3.22205e-34 4.96011e-32 1.22549e-30 2.44238e-29 2.39150e-28 4.94227e-28 2.74742e-27 4.86021e-26 
  0.01000   3.08309e-33 4.56339e-31 1.03607e-29 1.42639e-28 8.20351e-28 1.49472e-27 4.90909e-27 5.24114e-26 
  0.10000   2.58142e-32 3.63425e-30 7.25585e-29 7.67674e-28 3.02538e-27 4.84227e-27 1.08903e-26 4.21124e-26 
  1.00000   9.15146e-32 1.60546e-29 2.16511e-28 1.97673e-27 4.71724e-27 5.93749e-27 8.03181e-27 1.16521e-26 
 10.00000   8.72741e-32 2.19627e-29 3.39476e-28 2.20859e-27 4.04438e-27 4.28885e-27 5.39041e-27 6.95562e-27 
100.00000   1.16014e-31 1.07632e-29 2.43815e-28 1.02859e-27 1.51424e-27 1.63495e-27 1.80265e-27 1.90461e-27 

         31
          200.0
  0.00001   2.50221e-35 1.55264e-33 4.15018e-32 1.58474e-29 3.85361e-28 9.43923e-28 4.64468e-27 5.87727e-26 
  0.00010   2.48811e-34 1.36825e-32 2.75367e-31 2.28192e-29 4.03935e-28 9.57420e-28 4.66432e-27 5.87702e-26 
  0.00100   2.45457e-33 1.22403e-31 1.97113e-30 5.07432e-29 5.23750e-28 1.08419e-27 4.88947e-27 5.86739e-26 
  0.01000   2.43063e-32 1.11373e-30 1.48868e-29 2.05095e-28 1.18160e-27 2.02116e-27 6.47221e-27 5.75682e-26 
  0.10000   2.30272e-31 8.17897e-30 1.04177e-28 9.02950e-28 3.33343e-27 5.13616e-27 1.15813e-26 4.73438e-26 
  1.00000   7.91370e-31 2.88456e-29 3.84402e-28 2.17281e-27 4.93028e-27 5.97917e-27 8.46358e-27 1.52380e-26 
 10.00000   6.98571e-31 3.02246e-29 5.26651e-28 2.51319e-27 4.16352e-27 4.46104e-27 5.61062e-27 6.69089e-27 
100.00000   6.63087e-31 1.97851e-29 3.97762e-28 1.52062e-27 1.90426e-27 2.09113e-27 2.29579e-27 5.57518e-27 

         31
          250.0
  0.00001   6.93054e-35 2.97467e-33 8.75992e-32 7.53340e-29 9.82845e-28 2.03021e-27 7.70542e-27 6.87688e-26 
  0.00010   6.92104e-34 2.69323e-32 5.20538e-31 8.39833e-29 9.95528e-28 2.04019e-27 7.71552e-27 6.87339e-26 
  0.00100   6.91571e-33 2.39950e-31 3.45463e-30 1.23190e-28 1.09060e-27 2.14710e-27 7.89994e-27 6.81588e-26 
  0.01000   6.91433e-32 2.15801e-30 2.47112e-29 3.20218e-28 1.79309e-27 2.97695e-27 9.47852e-27 6.36600e-26 
  0.10000   6.80338e-31 1.63562e-29 1.48036e-28 1.16468e-27 4.12951e-27 6.18510e-27 1.35715e-26 5.41276e-26 
  1.00000   3.45348e-30 5.12379e-29 5.82395e-28 2.50722e-27 5.25406e-27 6.33494e-27 8.89173e-27 1.93713e-26 
 10.00000   3.52738e-30 6.15691e-29 7.81908e-28 3.03829e-27 4.52834e-27 4.87863e-27 5.78431e-27 6.81368e-27 
100.00000   3.06210e-30 4.45958e-29 4.79068e-28 1.80694e-27 2.35801e-27 2.52695e-27 7.18770e-27 1.95135e-26 

         31
          300.0
  0.00001   1.33017e-34 4.46298e-33 1.73321e-31 2.35759e-28 2.02465e-27 3.85166e-27 1.23884e-26 8.15202e-26 
  0.00010   1.32998e-33 4.15679e-32 9.16683e-31 2.45502e-28 2.03493e-27 3.86206e-27 1.24075e-26 8.14636e-26 
  0.00100   1.32991e-32 3.83689e-31 5.63863e-30 3.00111e-28 2.11764e-27 3.94885e-27 1.25334e-26 8.12689e-26 
  0.01000   1.32929e-31 3.58632e-30 3.95272e-29 5.54388e-28 2.81580e-27 4.61202e-27 1.35571e-26 7.96915e-26 
  0.10000   1.32131e-30 2.93827e-29 2.26301e-28 1.57276e-27 5.37487e-27 7.84698e-27 1.69468e-26 6.50642e-26 
  1.00000   8.89025e-30 9.45354e-29 7.40893e-28 3.30566e-27 6.49673e-27 7.83460e-27 1.04852e-26 2.31406e-26 
 10.00000   1.55689e-29 1.30441e-28 9.92488e-28 4.06379e-27 5.29495e-27 5.62061e-27 6.23909e-27 1.49241e-26 
100.00000   1.12377e-29 9.28072e-29 7.10519e-28 2.32275e-27 2.98760e-27 4.40474e-27 1.67158e-26 4.77072e-26 

         31
          350.0
  0.00001   2.28013e-34 5.68262e-33 3.35634e-31 5.41165e-28 3.79247e-27 6.51993e-27 1.86918e-26 1.06428e-25 
  0.00010   2.27395e-33 5.37165e-32 1.52579e-30 5.53623e-28 3.80702e-27 6.54764e-27 1.87194e-26 1.06440e-25 
  0.00100   2.27560e-32 5.08323e-31 8.91160e-30 6.26837e-28 3.89496e-27 6.64340e-27 1.88816e-26 1.05883e-25 
  0.01000   2.26903e-31 4.86760e-30 5.99188e-29 9.82462e-28 4.65395e-27 7.43799e-27 1.99628e-26 1.01838e-25 
  0.10000   2.25070e-30 4.34944e-29 3.27487e-28 2.29094e-27 7.44133e-27 1.07776e-26 2.19412e-26 7.86871e-26 
  1.00000   1.42354e-29 1.71792e-28 9.14181e-28 4.57304e-27 8.56930e-27 1.02131e-26 1.49367e-26 3.43466e-26 
 10.00000   2.02338e-29 2.24021e-28 1.14192e-27 4.65963e-27 8.77159e-27 1.00847e-26 1.27764e-26 2.71614e-26 
100.00000   1.46031e-29 1.54546e-28 1.00161e-27 2.83476e-27 5.44866e-27 9.36609e-27 3.10842e-26 9.21026e-26 

         31
          400.0
  0.00001   3.45220e-34 7.51892e-33 6.03582e-31 9.92132e-28 6.65483e-27 1.10522e-26 2.85862e-26 1.32401e-25 
  0.00010   3.42807e-33 7.09756e-32 2.45229e-30 1.00785e-27 6.68190e-27 1.10584e-26 2.86443e-26 1.32317e-25 
  0.00100   3.40798e-32 6.73429e-31 1.33072e-29 1.10538e-27 6.80242e-27 1.11815e-26 2.86924e-26 1.31533e-25 
  0.01000   3.38047e-31 6.47166e-30 8.28342e-29 1.59961e-27 7.62516e-27 1.20479e-26 2.93118e-26 1.26045e-25 
  0.10000   3.32922e-30 5.87777e-29 4.55258e-28 3.40394e-27 1.05833e-26 1.49600e-26 3.03998e-26 1.07063e-25 
  1.00000   1.79112e-29 2.82979e-28 1.20581e-27 6.05209e-27 1.19032e-26 1.43072e-26 2.37327e-26 6.60423e-26 
 10.00000   1.91910e-29 3.40813e-28 1.59829e-27 5.41234e-27 1.44244e-26 1.85422e-26 2.54857e-26 4.27618e-26 
100.00000   1.81699e-29 2.38984e-28 1.31570e-27 3.24088e-27 1.15120e-26 1.77093e-26 4.95000e-26 1.51459e-25 

         31
          600.0
  0.00001   6.51112e-34 1.90064e-32 3.41062e-30 3.66144e-27 2.99321e-26 4.98235e-26 1.11841e-25 3.67665e-25 
  0.00010   5.75150e-33 1.74381e-31 9.47305e-30 3.69271e-27 2.99655e-26 4.98218e-26 1.11809e-25 3.67772e-25 
  0.00100   5.13977e-32 1.60446e-30 3.80688e-29 3.91170e-27 3.03668e-26 5.01957e-26 1.12063e-25 3.67500e-25 
  0.01000   4.80557e-31 1.50680e-29 1.91899e-28 5.22948e-27 3.25991e-26 5.20359e-26 1.12530e-25 3.71980e-25 
  0.10000   4.41415e-30 1.36266e-28 1.03177e-27 1.10614e-26 3.88025e-26 5.52672e-26 1.03964e-25 3.68243e-25 
  1.00000   1.88252e-29 7.81000e-28 3.42350e-27 1.82075e-26 4.13298e-26 5.10418e-26 9.21215e-26 3.94731e-25 
 10.00000   1.92123e-29 1.77644e-27 5.04223e-27 1.33574e-26 4.76731e-26 6.08655e-26 1.26729e-25 2.27178e-25 
100.00000   5.95216e-29 1.56232e-27 3.85571e-27 1.05776e-26 7.83064e-26 8.48356e-26 1.35938e-25 4.53649e-25 

         32
          100.0
  0.00001   9.01550e-34 1.76845e-32 2.77357e-31 5.02166e-30 9.75775e-29 4.38883e-28 1.19962e-26 4.87975e-25 
  0.00010   8.60332e-33 1.56344e-31 2.32699e-30 2.92511e-29 2.99206e-28 8.34350e-28 1.29232e-26 4.90585e-25 
  0.00100   8.21610e-32 1.40451e-30 2.03652e-29 2.12767e-28 1.49906e-27 3.33126e-27 1.89590e-26 5.09413e-25 
  0.01000   7.79342e-31 1.30248e-29 1.81395e-28 1.75162e-27 9.50167e-27 1.58319e-26 5.57205e-26 6.17423e-25 
  0.10000   6.55889e-30 1.07467e-28 1.30347e-27 1.08803e-26 4.02192e-26 6.26564e-26 1.32382e-25 3.81923e-25 
  1.00000   2.70941e-29 3.32169e-28 2.76005e-27 2.96091e-26 5.44939e-26 6.16521e-26 7.62956e-26 1.69593e-25 
 10.00000   4.12266e-29 3.27335e-28 3.54677e-27 2.96856e-26 4.49314e-26 4.99479e-26 1.25761e-25 1.66200e-24 
100.00000   2.91405e-29 3.12433e-28 2.89921e-27 9.74156e-27 1.16664e-26 1.41760e-26 7.44616e-25 9.34756e-24 

         32
          150.0
  0.00001   5.11076e-33 6.47900e-32 8.08420e-31 5.02683e-29 1.21704e-27 4.62396e-27 4.77111e-26 6.09361e-25 
  0.00010   4.63712e-32 5.23584e-31 4.81394e-30 1.06139e-28 1.44630e-27 4.83041e-27 4.83256e-26 6.09051e-25 
  0.00100   4.29182e-31 4.36466e-30 3.61149e-29 4.58797e-28 3.17353e-27 6.82977e-27 5.43841e-26 6.07620e-25 
  0.01000   4.01806e-30 3.76980e-29 2.97573e-28 2.85984e-27 1.26702e-26 2.27966e-26 8.55745e-26 6.33169e-25 
  0.10000   3.50594e-29 2.94179e-28 2.23686e-27 1.56067e-26 5.43760e-26 7.66415e-26 1.38240e-25 3.92664e-25 
  1.00000   1.90185e-28 1.29826e-27 8.03027e-27 3.12531e-26 5.77279e-26 6.95383e-26 1.23550e-25 7.16154e-25 
 10.00000   2.71430e-28 1.76126e-27 8.58484e-27 3.25171e-26 4.63375e-26 8.42076e-26 1.20929e-24 7.02297e-24 
100.00000   1.88485e-28 1.04220e-27 5.12701e-27 1.26674e-26 5.31955e-26 5.41198e-25 7.62517e-24 4.28523e-23 

         32
          200.0
  0.00001   2.19347e-32 3.26656e-31 5.76547e-30 5.58330e-28 9.08597e-27 2.21255e-26 1.81556e-25 1.66187e-24 
  0.00010   1.91607e-31 2.38011e-30 2.07938e-29 7.30041e-28 9.37513e-27 2.23339e-26 1.82524e-25 1.66015e-24 
  0.00100   1.66600e-30 1.83548e-29 1.01269e-28 1.70153e-27 1.21275e-26 2.46453e-26 1.90929e-25 1.64591e-24 
  0.01000   1.45134e-29 1.47511e-28 6.59757e-28 7.27006e-27 2.98680e-26 5.38610e-26 2.62081e-25 1.54477e-24 
  0.10000   1.16521e-28 1.11072e-27 4.55894e-27 3.51179e-26 1.30034e-25 1.88354e-25 3.43795e-25 1.15177e-24 
  1.00000   4.78390e-28 3.84097e-27 2.29119e-26 6.53183e-26 1.67618e-25 2.31942e-25 4.53164e-25 1.87670e-24 
 10.00000   6.34559e-28 7.07170e-27 2.82798e-26 6.79031e-26 1.02857e-25 5.85119e-25 4.38860e-24 1.71393e-23 
100.00000   4.12746e-28 6.43884e-27 1.41376e-26 3.21437e-26 6.77354e-25 3.87598e-24 2.84952e-23 1.06875e-22 

         32
          250.0
  0.00001   6.93092e-32 1.39271e-30 5.55322e-29 3.52411e-27 3.92202e-26 9.27721e-26 5.55894e-25 7.95455e-24 
  0.00010   5.92414e-31 8.30073e-30 1.13045e-28 4.02629e-27 4.05289e-26 9.37603e-26 5.56563e-25 7.95179e-24 
  0.00100   5.09179e-30 5.28416e-29 3.85806e-28 6.81791e-27 5.11347e-26 1.04474e-25 5.73739e-25 7.97520e-24 
  0.01000   4.27696e-29 3.75516e-28 2.06192e-27 2.19653e-26 1.07778e-25 2.07417e-25 7.31297e-25 7.87890e-24 
  0.10000   3.26454e-28 2.51762e-27 1.29179e-26 9.43699e-26 3.52876e-25 5.46958e-25 1.39529e-24 8.02376e-24 
  1.00000   1.35039e-27 1.00919e-26 5.05119e-26 2.51721e-25 8.50846e-25 1.16983e-24 2.00251e-24 6.24926e-24 
 10.00000   1.58292e-27 1.64115e-26 6.28184e-26 3.88277e-25 5.62265e-25 2.06429e-24 1.11160e-23 3.69758e-23 
100.00000   1.32955e-27 1.24999e-26 4.05945e-26 1.94928e-25 3.36271e-24 1.39577e-23 7.12828e-23 2.12359e-22 

         32
          300.0
  0.00001   2.08208e-31 5.21460e-30 3.46245e-28 1.46689e-26 1.38061e-25 3.15160e-25 1.55757e-24 3.02684e-23 
  0.00010   1.76474e-30 2.84517e-29 5.42746e-28 1.58328e-26 1.43173e-25 3.25224e-25 1.56830e-24 3.02446e-23 
  0.00100   1.55322e-29 1.55757e-28 1.36043e-27 2.44348e-26 1.73958e-25 3.74997e-25 1.64550e-24 3.00949e-23 
  0.01000   1.35326e-28 9.40273e-28 5.84101e-27 6.45724e-26 3.42912e-25 6.53224e-25 2.21494e-24 2.99604e-23 
  0.10000   9.94041e-28 5.77068e-27 3.22815e-26 2.45639e-25 1.02063e-24 1.75450e-24 5.47339e-24 3.20238e-23 
  1.00000   3.94227e-27 1.94509e-26 1.11672e-25 7.47530e-25 2.79930e-24 3.94788e-24 7.02757e-24 2.55641e-23 
 10.00000   5.30689e-27 3.39593e-26 1.51407e-25 1.21492e-24 1.76794e-24 5.20147e-24 2.48178e-23 8.21804e-23 
100.00000   3.78141e-27 2.77479e-26 9.77858e-26 6.80147e-25 1.02827e-23 3.49879e-23 1.43374e-22 3.71508e-22 

         32
          350.0
  0.00001   5.11105e-31 1.52762e-29 1.38080e-27 4.68491e-26 4.06832e-25 8.96524e-25 4.42288e-24 9.09182e-23 
  0.00010   4.23348e-30 7.61427e-29 1.95672e-27 4.91391e-26 4.18112e-25 9.22042e-25 4.51338e-24 9.08873e-23 
  0.00100   3.69926e-29 3.97490e-28 4.01518e-27 7.11044e-26 4.80307e-25 1.03290e-24 4.88385e-24 9.08436e-23 
  0.01000   3.27588e-28 2.22480e-27 1.42660e-26 1.69439e-25 9.32988e-25 1.62389e-24 6.62246e-24 9.19117e-23 
  0.10000   2.55769e-27 1.26239e-26 7.18944e-26 5.88903e-25 2.84310e-24 5.00986e-24 1.61386e-23 9.33393e-23 
  1.00000   1.10570e-26 4.03294e-26 2.56701e-25 1.66962e-24 7.14808e-24 1.02852e-23 1.89950e-23 8.90372e-23 
 10.00000   1.70883e-26 6.74342e-26 3.15227e-25 2.69237e-24 3.89040e-24 1.10960e-23 5.39873e-23 1.83199e-22 
100.00000   1.13594e-26 5.07820e-26 1.94465e-25 1.67656e-24 2.35994e-23 7.05145e-23 2.51073e-22 5.95580e-22 

         32
          400.0
  0.00001   1.05503e-30 3.74186e-29 3.97473e-27 1.29343e-25 1.02542e-24 2.19428e-24 1.14574e-23 2.13790e-22 
  0.00010   8.64141e-30 1.66401e-28 5.31481e-27 1.34646e-25 1.04126e-24 2.23067e-24 1.16397e-23 2.13834e-22 
  0.00100   7.29206e-29 8.40420e-28 9.71667e-27 1.76968e-25 1.15728e-24 2.45513e-24 1.27122e-23 2.13722e-22 
  0.01000   6.39070e-28 4.59238e-27 3.03325e-26 3.77388e-25 2.17157e-24 3.84318e-24 1.68714e-23 2.15920e-22 
  0.10000   5.00368e-27 2.53970e-26 1.39139e-25 1.19581e-24 6.31568e-24 1.16100e-23 3.88175e-23 2.15596e-22 
  1.00000   2.38021e-26 8.01333e-26 5.14705e-25 3.15378e-24 1.48978e-23 2.20438e-23 5.43348e-23 2.35592e-22 
 10.00000   4.33599e-26 1.16064e-25 5.47101e-25 4.85653e-24 7.25617e-24 2.20304e-23 1.13857e-22 3.77639e-22 
100.00000   3.11114e-26 8.63205e-26 3.33698e-25 3.26708e-24 4.51108e-23 1.23310e-22 3.99670e-22 8.91979e-22 

         32
          600.0
  0.00001   6.17502e-30 3.83331e-28 4.63363e-26 1.94345e-24 1.29826e-23 2.70418e-23 1.41585e-22 1.99492e-21 
  0.00010   4.31085e-29 1.13886e-27 5.60093e-26 1.98728e-24 1.31444e-23 2.71375e-23 1.42037e-22 1.99414e-21 
  0.00100   3.31080e-28 4.98473e-27 8.24462e-26 2.18774e-24 1.41224e-23 2.85191e-23 1.46282e-22 2.00508e-21 
  0.01000   2.63349e-27 2.70853e-26 2.14557e-25 3.49443e-24 2.08569e-23 4.34511e-23 1.78239e-22 2.05442e-21 
  0.10000   2.05592e-26 1.62083e-25 8.15459e-25 7.63508e-24 5.24704e-23 1.02876e-22 3.32577e-22 2.52909e-21 
  1.00000   1.06154e-25 5.11236e-25 2.69631e-24 1.51081e-23 8.67935e-23 1.67156e-22 7.47637e-22 2.37197e-21 
 10.00000   2.45928e-25 6.06043e-25 3.71361e-24 1.78662e-23 5.91715e-23 2.24654e-22 9.93928e-22 2.42073e-21 
100.00000   2.87251e-25 4.40537e-25 2.64460e-24 1.36892e-23 2.32149e-22 5.40536e-22 1.44280e-21 2.75665e-21 

         33
          100.0
  0.00001   7.60050e-31 1.12343e-27 5.22439e-26 1.18389e-24 1.54036e-23 4.65622e-23 1.40575e-21 2.70254e-19 
  0.00010   6.19892e-30 9.59441e-27 3.77170e-25 8.05050e-24 7.63070e-23 1.80750e-22 1.84482e-21 2.83517e-19 
  0.00100   5.46681e-29 8.74801e-26 3.10205e-24 6.62571e-23 5.05029e-22 9.73529e-22 4.45395e-21 3.45904e-19 
  0.01000   4.92816e-28 8.07208e-25 2.66429e-23 5.81215e-22 3.54156e-21 5.98101e-21 2.09374e-20 5.33709e-19 
  0.10000   3.57751e-27 6.63698e-24 2.00879e-22 4.25175e-21 2.29785e-20 3.93628e-20 1.16286e-19 5.77341e-19 
  1.00000   1.29672e-26 4.06475e-23 4.68073e-22 2.43410e-20 5.29499e-20 6.50643e-20 9.03684e-20 1.35703e-19 
 10.00000   1.72928e-26 8.24782e-23 9.19579e-22 2.83471e-20 3.96556e-20 4.30310e-20 4.95328e-20 5.58552e-20 
100.00000   5.93072e-27 3.79721e-23 1.36735e-21 7.87510e-21 1.11433e-20 1.16806e-20 1.20502e-20 1.23133e-20 

         33
          150.0
  0.00001   6.38513e-30 2.49787e-27 1.13696e-25 3.31158e-24 4.69477e-23 1.54447e-22 3.51912e-21 4.40405e-19 
  0.00010   3.15909e-29 1.67199e-26 7.84819e-25 1.29097e-23 1.27038e-22 3.50917e-22 3.78734e-21 4.43795e-19 
  0.00100   1.99276e-28 1.29229e-25 5.86472e-24 7.25730e-23 5.86149e-22 1.29682e-21 6.02192e-21 4.69105e-19 
  0.01000   1.34192e-27 1.13934e-24 4.65357e-23 5.67061e-22 3.36102e-21 5.78523e-21 2.02259e-20 5.69287e-19 
  0.10000   8.47239e-27 8.98755e-24 3.42901e-22 3.72836e-21 2.05690e-20 3.49757e-20 1.08216e-19 5.89569e-19 
  1.00000   2.47703e-26 5.90538e-23 9.65570e-22 2.14820e-20 5.18495e-20 6.53135e-20 9.22679e-20 1.42209e-19 
 10.00000   3.02914e-26 1.06365e-22 1.69406e-21 2.61318e-20 3.73919e-20 4.02324e-20 4.73824e-20 5.15310e-20 
100.00000   1.45303e-26 5.30378e-23 2.35796e-21 9.47067e-21 1.30925e-20 1.35970e-20 1.41158e-20 1.44608e-20 

         33
          200.0
  0.00001   7.15926e-29 1.01787e-26 2.06819e-25 1.10778e-23 1.89187e-22 5.60176e-22 8.16191e-21 5.32944e-19 
  0.00010   2.60251e-28 4.57128e-26 1.17908e-24 2.71163e-23 2.86102e-22 7.12429e-22 8.33112e-21 5.33424e-19 
  0.00100   1.06631e-27 2.64631e-25 8.27259e-24 1.10132e-22 7.94412e-22 1.77585e-21 1.01303e-20 5.38520e-19 
  0.01000   5.84288e-27 1.93232e-24 6.61910e-23 6.49234e-22 3.81516e-21 6.90141e-21 2.40870e-20 5.76794e-19 
  0.10000   2.86279e-26 1.36980e-23 5.05165e-22 3.96682e-21 1.90735e-20 3.13343e-20 1.04351e-19 5.90956e-19 
  1.00000   7.03634e-26 7.46978e-23 1.82526e-21 1.94612e-20 5.09179e-20 6.54388e-20 9.53952e-20 1.46522e-19 
 10.00000   6.94306e-26 1.27607e-22 3.25342e-21 2.53096e-20 3.50324e-20 3.66796e-20 4.46537e-20 4.76479e-20 
100.00000   4.90076e-26 5.78453e-23 3.49527e-21 1.13533e-20 1.38354e-20 1.47598e-20 1.57307e-20 1.61678e-20 

         33
          250.0
  0.00001   6.90464e-28 3.91587e-26 5.41306e-25 3.75583e-23 6.16311e-22 1.51957e-21 1.55454e-20 6.26259e-19 
  0.00010   1.76908e-27 1.44826e-25 1.90096e-24 6.08978e-23 6.99220e-22 1.62222e-21 1.56418e-20 6.26449e-19 
  0.00100   5.43161e-27 6.55021e-25 1.09600e-23 1.76411e-22 1.25651e-21 2.60502e-21 1.72160e-20 6.26429e-19 
  0.01000   2.36731e-26 3.94589e-24 8.14998e-23 8.27592e-22 4.37673e-21 8.26966e-21 3.17407e-20 6.15807e-19 
  0.10000   1.05161e-25 2.50412e-23 6.11193e-22 4.45321e-21 1.95229e-20 3.16961e-20 1.00681e-19 5.72862e-19 
  1.00000   2.59662e-25 9.94255e-23 2.74715e-21 1.87432e-20 5.04215e-20 6.48433e-20 9.56338e-20 1.50310e-19 
 10.00000   2.71135e-25 1.33157e-22 5.29366e-21 2.47640e-20 3.24820e-20 3.47813e-20 4.16858e-20 4.43319e-20 
100.00000   2.05909e-25 7.42946e-23 4.67825e-21 1.25190e-20 1.44380e-20 1.58195e-20 1.70402e-20 1.75334e-20 

         33
          300.0
  0.00001   5.38943e-27 1.09035e-25 1.64701e-24 1.11237e-22 1.49172e-21 3.47543e-21 2.74011e-20 6.68850e-19 
  0.00010   9.77904e-27 3.80064e-25 3.72572e-24 1.38549e-22 1.55620e-21 3.55295e-21 2.74746e-20 6.68458e-19 
  0.00100   2.24809e-26 1.55953e-24 1.54469e-23 2.82672e-22 2.11835e-21 4.37552e-21 2.87325e-20 6.66034e-19 
  0.01000   7.82234e-26 8.08646e-24 9.68812e-23 1.06662e-21 5.35115e-21 9.98271e-21 4.15988e-20 6.37867e-19 
  0.10000   3.29549e-25 4.55113e-23 6.98913e-22 5.07580e-21 2.12999e-20 3.40734e-20 9.76575e-20 5.40092e-19 
  1.00000   8.49370e-25 1.67503e-22 3.51533e-21 1.82776e-20 4.92402e-20 6.38943e-20 9.48861e-20 1.51300e-19 
 10.00000   9.25726e-25 1.54507e-22 6.59361e-21 2.34623e-20 3.08247e-20 3.36077e-20 3.89153e-20 4.15515e-20 
100.00000   6.95273e-25 1.26197e-22 5.82622e-21 1.25389e-20 1.51643e-20 1.66370e-20 1.79934e-20 1.85125e-20 

         33
          350.0
  0.00001   2.73858e-26 2.81306e-25 4.87691e-24 2.70503e-22 2.89581e-21 6.42856e-21 4.25848e-20 6.74953e-19 
  0.00010   4.45522e-26 8.00047e-25 7.99125e-24 3.00672e-22 2.94194e-21 6.49005e-21 4.26596e-20 6.74320e-19 
  0.00100   8.34319e-26 3.10606e-24 2.34289e-23 4.64755e-22 3.42904e-21 7.17535e-21 4.34712e-20 6.71096e-19 
  0.01000   2.32231e-25 1.55849e-23 1.21223e-22 1.39335e-21 6.86696e-21 1.26417e-20 5.31938e-20 6.35945e-19 
  0.10000   8.62495e-25 8.12530e-23 7.92018e-22 5.84049e-21 2.35116e-20 3.72402e-20 9.74161e-20 5.17767e-19 
  1.00000   2.16920e-24 2.75491e-22 4.14879e-21 1.80104e-20 4.76736e-20 6.20372e-20 9.20934e-20 1.49233e-19 
 10.00000   2.43916e-24 3.03806e-22 7.61433e-21 2.21499e-20 2.94990e-20 3.20721e-20 3.65380e-20 3.91671e-20 
100.00000   1.79098e-24 2.41330e-22 6.76358e-21 1.25964e-20 1.55840e-20 1.72202e-20 1.86246e-20 1.91485e-20 

         33
          400.0
  0.00001   9.82996e-26 7.68139e-25 1.31165e-23 5.53506e-22 4.87774e-21 1.04296e-20 5.96432e-20 6.62993e-19 
  0.00010   1.57469e-25 1.57185e-24 1.71769e-23 5.83685e-22 4.90569e-21 1.04693e-20 5.96764e-20 6.62458e-19 
  0.00100   2.74127e-25 5.46776e-24 3.80516e-23 7.62099e-22 5.31649e-21 1.11040e-20 6.00281e-20 6.58621e-19 
  0.01000   6.28033e-25 2.59454e-23 1.57491e-22 1.80560e-21 8.82886e-21 1.65679e-20 6.66793e-20 6.26006e-19 
  0.10000   2.00196e-24 1.35180e-22 9.12221e-22 6.70659e-21 2.56425e-20 4.02184e-20 1.00837e-19 4.85496e-19 
  1.00000   4.54410e-24 4.31644e-22 4.45965e-21 1.82773e-20 4.60739e-20 5.94743e-20 8.89615e-20 1.43602e-19 
 10.00000   5.23138e-24 5.70943e-22 8.45783e-21 2.08874e-20 2.82070e-20 3.08644e-20 3.45983e-20 3.71200e-20 
100.00000   3.81746e-24 4.39864e-22 6.76903e-21 1.27817e-20 1.59007e-20 1.75244e-20 1.90570e-20 1.95313e-20 

         33
          600.0
  0.00001   1.67260e-24 1.72469e-23 2.05380e-22 3.62340e-21 2.01832e-20 3.63838e-20 1.16168e-19 5.51400e-19 
  0.00010   2.64196e-24 1.96430e-23 2.09520e-22 3.63611e-21 2.02033e-20 3.64320e-20 1.16152e-19 5.51369e-19 
  0.00100   5.77704e-24 3.24741e-23 2.46754e-22 3.77497e-21 2.03815e-20 3.66124e-20 1.16005e-19 5.48757e-19 
  0.01000   1.23045e-23 9.78395e-23 4.80172e-22 4.94322e-21 2.26103e-20 3.89958e-20 1.15254e-19 5.20910e-19 
  0.10000   3.15254e-23 4.32146e-22 1.69608e-21 1.08523e-20 3.37423e-20 5.06620e-20 1.11371e-19 3.61448e-19 
  1.00000   5.05170e-23 1.63118e-21 5.88536e-21 1.93704e-20 3.97532e-20 4.93918e-20 7.19390e-20 1.18972e-19 
 10.00000   5.25486e-23 2.60195e-21 1.01408e-20 1.85163e-20 2.51413e-20 2.68981e-20 2.93091e-20 3.18260e-20 
100.00000   4.11685e-23 2.02122e-21 7.54565e-21 1.32353e-20 1.66527e-20 1.80826e-20 1.92795e-20 1.96775e-20 

         34
          100.0
  0.00001   1.21124e-33 3.21011e-32 7.76099e-31 2.44790e-29 4.62444e-28 1.51813e-27 2.51446e-26 2.45155e-24 
  0.00010   1.14695e-32 2.82629e-31 6.20328e-30 1.55239e-28 1.59651e-27 3.97556e-27 3.60232e-26 2.60747e-24 
  0.00100   1.10431e-31 2.58571e-30 5.41601e-29 1.20689e-27 8.07007e-27 1.64367e-26 9.04947e-26 3.35179e-24 
  0.01000   1.07084e-30 2.38378e-29 4.78681e-28 9.58345e-27 5.14762e-26 9.87316e-26 3.92604e-25 7.06858e-24 
  0.10000   9.50983e-30 1.77348e-28 3.57728e-27 6.34308e-26 2.97290e-25 5.20464e-25 1.57716e-24 1.08762e-23 
  1.00000   4.29453e-29 6.66983e-28 1.38552e-26 2.07096e-25 9.30721e-25 1.23245e-24 2.41320e-24 5.31933e-24 
 10.00000   8.28084e-29 8.96493e-28 2.33406e-26 2.57568e-25 1.13033e-24 1.39078e-24 1.86031e-24 2.01386e-24 
100.00000   6.62518e-29 6.13810e-28 1.45999e-26 1.48563e-25 3.62101e-25 3.94131e-25 4.23842e-25 4.34006e-25 

         34
          150.0
  0.00001   6.14770e-33 1.51363e-31 2.96896e-30 1.46542e-28 2.90424e-27 9.51381e-27 1.17067e-25 7.19573e-24 
  0.00010   5.34460e-32 1.09741e-30 1.80441e-29 4.11197e-28 5.24966e-27 1.39913e-26 1.25595e-25 7.30604e-24 
  0.00100   4.74284e-31 8.57237e-30 1.17776e-28 2.01028e-27 1.64008e-26 3.61615e-26 1.94537e-25 7.85647e-24 
  0.01000   4.27979e-30 7.11650e-29 8.87328e-28 1.33562e-26 7.89884e-26 1.47852e-25 5.33099e-25 1.04147e-23 
  0.10000   3.30269e-29 5.21275e-28 6.49522e-27 8.65223e-26 3.89641e-25 7.03097e-25 2.19923e-24 1.36252e-23 
  1.00000   1.47352e-28 2.14952e-27 2.67984e-26 3.45755e-25 1.11350e-24 1.55678e-24 2.95338e-24 7.04969e-24 
 10.00000   2.51029e-28 2.97681e-27 4.22387e-26 4.48163e-25 1.40656e-24 1.83607e-24 2.23854e-24 2.40003e-24 
100.00000   3.04119e-28 2.25212e-27 3.06002e-26 2.41247e-25 5.87089e-25 6.53353e-25 7.00925e-25 7.18614e-25 

         34
          200.0
  0.00001   3.07189e-32 5.81188e-31 1.32526e-29 9.39138e-28 1.55309e-26 4.22913e-26 3.48168e-25 1.25715e-23 
  0.00010   2.59673e-31 4.02255e-30 5.47418e-29 1.59347e-27 1.92403e-26 4.65824e-26 3.56459e-25 1.25906e-23 
  0.00100   2.22964e-30 2.78865e-29 2.83360e-28 4.37734e-27 3.67045e-26 8.16812e-26 4.24567e-25 1.28552e-23 
  0.01000   1.95164e-29 2.08987e-28 1.84507e-27 2.16686e-26 1.29019e-25 2.42790e-25 8.57414e-25 1.40332e-23 
  0.10000   1.50297e-28 1.43451e-27 1.15976e-26 1.13202e-25 5.05761e-25 9.22917e-25 2.64314e-24 1.56723e-23 
  1.00000   6.42928e-28 5.54055e-27 4.43156e-26 4.63969e-25 1.34772e-24 1.90912e-24 3.53312e-24 8.55818e-24 
 10.00000   1.07733e-27 8.40246e-27 8.15103e-26 6.79635e-25 1.71321e-24 2.14305e-24 2.58344e-24 2.72334e-24 
100.00000   1.05685e-27 6.27177e-27 5.17695e-26 3.30620e-25 8.19818e-25 9.10334e-25 9.95938e-25 1.01897e-24 

         34
          250.0
  0.00001   9.35809e-32 1.85088e-30 7.68192e-29 5.00098e-27 6.33844e-26 1.40647e-25 7.87050e-25 1.84277e-23 
  0.00010   8.28810e-31 1.03830e-29 1.76578e-28 6.22660e-27 6.65455e-26 1.44927e-25 7.91677e-25 1.84523e-23 
  0.00100   7.33359e-30 6.86892e-29 6.80697e-28 1.16565e-26 8.92362e-26 1.86292e-25 8.40752e-25 1.85508e-23 
  0.01000   6.38527e-29 4.97419e-28 3.64672e-27 3.80224e-26 2.18725e-25 3.90932e-25 1.36785e-24 1.82549e-23 
  0.10000   4.67562e-28 3.43652e-27 2.06126e-26 1.63177e-25 7.16470e-25 1.17782e-24 3.29349e-24 1.87886e-23 
  1.00000   2.20975e-27 1.30819e-26 6.68479e-26 5.91226e-25 1.58314e-24 2.28583e-24 4.34343e-24 1.02099e-23 
 10.00000   3.63814e-27 1.81136e-26 1.27259e-25 8.62525e-25 2.00614e-24 2.41330e-24 2.83528e-24 3.01499e-24 
100.00000   2.85517e-27 1.53943e-26 7.70780e-26 4.25028e-25 1.06215e-24 1.17448e-24 1.27790e-24 1.31189e-24 

         34
          300.0
  0.00001   1.97943e-31 5.30547e-30 3.87010e-28 2.05236e-26 1.92655e-25 3.90109e-25 1.56238e-24 2.31605e-23 
  0.00010   1.78618e-30 2.68034e-29 6.28467e-28 2.20806e-26 1.95358e-25 3.93932e-25 1.56473e-24 2.31436e-23 
  0.00100   1.62798e-29 1.50574e-28 1.61181e-27 3.08987e-26 2.20289e-25 4.32250e-25 1.59497e-24 2.31971e-23 
  0.01000   1.46448e-28 9.69949e-28 7.16930e-27 7.45257e-26 3.81189e-25 6.78753e-25 2.06504e-24 2.25206e-23 
  0.10000   1.12123e-27 6.36065e-27 3.71702e-26 2.49125e-25 9.98111e-25 1.58800e-24 4.03286e-24 2.21201e-23 
  1.00000   5.31098e-27 2.68838e-26 1.05743e-25 7.14339e-25 1.81615e-24 2.70600e-24 5.02995e-24 1.18331e-23 
 10.00000   9.88859e-27 3.49008e-26 1.72743e-25 1.03399e-24 2.28961e-24 2.70520e-24 3.05659e-24 3.31604e-24 
100.00000   6.75565e-27 3.37057e-26 1.07602e-25 5.68716e-25 1.29540e-24 1.44370e-24 1.55599e-24 1.59759e-24 

         34
          350.0
  0.00001   3.51296e-31 1.21484e-29 1.43964e-27 6.37331e-26 4.71206e-25 8.85448e-25 2.82746e-24 2.88807e-23 
  0.00010   3.17162e-30 5.63549e-29 1.93560e-27 6.51781e-26 4.73217e-25 8.88596e-25 2.82944e-24 2.88572e-23 
  0.00100   2.90013e-29 2.95193e-28 3.85487e-27 7.69376e-26 4.97054e-25 9.21774e-25 2.84061e-24 2.87569e-23 
  0.01000   2.65246e-28 1.75708e-27 1.34008e-26 1.43726e-25 6.77858e-25 1.17744e-24 3.14271e-24 2.73380e-23 
  0.10000   2.10390e-27 1.06366e-26 6.36227e-26 3.92129e-25 1.38565e-24 2.09607e-24 4.80549e-24 2.46060e-23 
  1.00000   1.07261e-26 4.51474e-26 1.80682e-25 8.50598e-25 2.16629e-24 3.12917e-24 5.56604e-24 1.31025e-23 
 10.00000   2.09110e-26 6.10750e-26 2.35054e-25 1.23309e-24 2.58660e-24 2.98074e-24 3.29793e-24 3.63053e-24 
100.00000   1.37597e-26 5.11421e-26 1.59247e-25 7.33029e-25 1.54483e-24 1.69402e-24 1.83489e-24 1.87547e-24 

         34
          400.0
  0.00001   5.38350e-31 2.44028e-29 4.03893e-27 1.58012e-25 9.98414e-25 1.73199e-24 4.93697e-24 3.32913e-23 
  0.00010   4.89715e-30 1.00781e-28 4.91554e-27 1.59578e-25 1.00000e-24 1.73443e-24 4.93509e-24 3.32722e-23 
  0.00100   4.50689e-29 4.96696e-28 8.24700e-27 1.73628e-25 1.01977e-24 1.75911e-24 4.93766e-24 3.30505e-23 
  0.01000   4.14274e-28 2.84270e-27 2.42531e-26 2.70172e-25 1.19983e-24 1.98516e-24 5.01066e-24 3.13463e-23 
  0.10000   3.41604e-27 1.61979e-26 1.04369e-25 6.27404e-25 1.94620e-24 2.82776e-24 5.90483e-24 2.76757e-23 
  1.00000   1.78714e-26 6.20309e-26 2.98979e-25 1.11048e-24 2.57667e-24 3.55293e-24 6.23151e-24 1.42821e-23 
 10.00000   3.67924e-26 8.72351e-26 3.09503e-25 1.46459e-24 2.87200e-24 3.21746e-24 3.54922e-24 3.97328e-24 
100.00000   2.44956e-26 7.04296e-26 2.91102e-25 9.18953e-25 1.81114e-24 1.96479e-24 2.11332e-24 2.15447e-24 

         34
          600.0
  0.00001   1.42088e-30 1.76115e-28 4.60343e-26 1.73143e-24 7.30817e-24 1.12196e-23 2.32908e-23 7.30719e-23 
  0.00010   1.27561e-29 4.68524e-28 4.84817e-26 1.73388e-24 7.30543e-24 1.12154e-23 2.32895e-23 7.31261e-23 
  0.00100   1.16345e-28 1.77571e-27 6.23869e-26 1.76017e-24 7.31280e-24 1.11938e-23 2.32043e-23 7.26146e-23 
  0.01000   1.06451e-27 9.23225e-27 1.30088e-25 1.98503e-24 7.39722e-24 1.11718e-23 2.24061e-23 6.88111e-23 
  0.10000   9.34032e-27 5.24430e-26 4.36136e-25 3.00552e-24 8.12869e-24 1.08298e-23 1.79747e-23 4.62562e-23 
  1.00000   5.95403e-26 1.65099e-25 9.30601e-25 4.06661e-24 7.67788e-24 9.15237e-24 1.28952e-23 2.08532e-23 
 10.00000   1.39495e-25 2.25071e-25 1.17407e-24 4.33177e-24 5.64528e-24 6.40501e-24 9.36914e-24 1.43939e-23 
100.00000   1.01136e-25 1.74310e-25 9.96556e-25 3.29562e-24 4.16364e-24 5.30972e-24 7.67781e-24 1.19128e-23 

         35
          100.0
  0.00001   4.14159e-37 2.86326e-35 2.01702e-33 1.88466e-31 4.73147e-30 1.48829e-29 2.60681e-28 3.06506e-26 
  0.00010   3.77198e-36 2.61489e-34 1.61432e-32 1.22704e-30 1.65042e-29 4.09106e-29 3.73455e-28 3.08307e-26 
  0.00100   3.35317e-35 2.44239e-33 1.36174e-31 9.31183e-30 8.56070e-29 1.90930e-28 1.08681e-27 3.30690e-26 
  0.01000   3.09819e-34 2.28226e-32 1.16707e-30 7.62408e-29 5.63966e-28 1.12311e-27 4.48880e-27 5.23618e-26 
  0.10000   2.14256e-33 1.82350e-31 8.19438e-30 5.38830e-28 2.55027e-27 4.08073e-27 9.55879e-27 3.72097e-26 
  1.00000   1.06584e-32 6.50119e-31 3.09895e-29 1.52851e-27 4.11775e-27 4.75012e-27 6.01116e-27 3.22222e-26 
 10.00000   5.06571e-32 1.70565e-30 4.67752e-29 1.71550e-27 4.74515e-27 5.39440e-27 8.74985e-27 1.40595e-26 
100.00000   1.18162e-31 1.80957e-30 2.84363e-29 1.03458e-27 1.55303e-27 1.61265e-27 1.67574e-27 1.86158e-27 

         35
          150.0
  0.00001   1.37702e-35 3.52565e-34 1.65862e-32 1.87969e-30 6.75942e-29 1.77032e-28 1.52871e-27 4.96476e-26 
  0.00010   1.35978e-34 3.16563e-33 1.10416e-31 4.92833e-30 9.06659e-29 2.14931e-28 1.62144e-27 4.97732e-26 
  0.00100   1.33753e-33 2.84810e-32 7.44346e-31 2.16067e-29 2.14966e-28 4.38899e-28 2.23541e-27 5.00470e-26 
  0.01000   1.30351e-32 2.60412e-31 5.40232e-30 1.23039e-28 8.31320e-28 1.57560e-27 5.70170e-27 5.70827e-26 
  0.10000   1.16429e-31 1.95715e-30 3.03982e-29 6.37112e-28 2.98328e-27 4.62799e-27 1.07017e-26 4.04161e-26 
  1.00000   4.86645e-31 6.02606e-30 6.03939e-29 2.05856e-27 3.81933e-27 4.46681e-27 5.88194e-27 3.00130e-26 
 10.00000   8.74626e-31 7.47595e-30 8.08946e-29 2.23218e-27 4.14414e-27 4.54906e-27 8.24883e-27 1.65849e-26 
100.00000   1.53173e-30 7.17985e-30 7.06064e-29 1.41221e-27 2.23357e-27 2.37856e-27 2.45346e-27 2.96915e-27 

         35
          200.0
  0.00001   1.15153e-34 1.32248e-33 5.32697e-32 2.02534e-29 4.11136e-28 8.96846e-28 4.41076e-27 7.93219e-26 
  0.00010   1.14889e-33 1.25052e-32 3.77229e-31 2.97521e-29 4.38412e-28 9.14628e-28 4.44909e-27 7.92066e-26 
  0.00100   1.14526e-32 1.17587e-31 2.65292e-30 6.54413e-29 6.05201e-28 1.15909e-27 4.96335e-27 7.82875e-26 
  0.01000   1.14276e-31 1.09090e-30 1.89148e-29 2.60246e-28 1.51439e-27 2.56502e-27 8.52503e-27 7.21291e-26 
  0.10000   1.06128e-30 8.10698e-30 9.21242e-29 9.86188e-28 4.21361e-27 6.55865e-27 1.44219e-26 4.42762e-26 
  1.00000   4.57035e-30 2.47096e-29 1.81330e-28 2.54585e-27 4.37621e-27 5.12283e-27 7.29202e-27 2.76994e-26 
 10.00000   6.07955e-30 3.10539e-29 2.09153e-28 2.90283e-27 4.28295e-27 5.07604e-27 8.14992e-27 1.82411e-26 
100.00000   6.17854e-30 2.13854e-29 1.78204e-28 1.79528e-27 2.82915e-27 2.96758e-27 3.16033e-27 4.75183e-27 

         35
          250.0
  0.00001   4.25132e-34 3.83004e-33 1.41728e-31 1.08742e-28 1.38515e-27 2.71507e-27 9.59104e-27 1.08042e-25 
  0.00010   4.24999e-33 3.66658e-32 9.12603e-31 1.34939e-28 1.41435e-27 2.72629e-27 9.61301e-27 1.07773e-25 
  0.00100   4.24812e-32 3.51913e-31 6.20747e-30 2.09076e-28 1.60521e-27 2.88199e-27 9.96859e-27 1.06644e-25 
  0.01000   4.24709e-31 3.38602e-30 4.11337e-29 5.31290e-28 2.77696e-27 4.47851e-27 1.26244e-26 9.98148e-26 
  0.10000   4.14278e-30 2.63183e-29 2.14892e-28 1.59441e-27 5.88003e-27 9.32020e-27 2.07804e-26 5.35217e-26 
  1.00000   2.09359e-29 6.90152e-29 4.39300e-28 3.33481e-27 6.35269e-27 7.60098e-27 1.12647e-26 2.73798e-26 
 10.00000   2.40495e-29 7.80234e-29 4.39610e-28 3.15331e-27 7.11982e-27 8.26150e-27 9.53952e-27 1.89872e-26 
100.00000   1.92104e-29 6.17041e-29 3.81408e-28 2.33104e-27 3.40409e-27 3.82057e-27 5.40526e-27 7.24854e-27 

         35
          300.0
  0.00001   9.72444e-34 9.27384e-33 3.40806e-31 3.70450e-28 3.36990e-27 6.19932e-27 1.85012e-26 1.40828e-25 
  0.00010   9.72020e-33 8.87204e-32 1.96548e-30 4.26479e-28 3.40328e-27 6.20467e-27 1.85214e-26 1.40699e-25 
  0.00100   9.72295e-32 8.52659e-31 1.27660e-29 5.72691e-28 3.59734e-27 6.35496e-27 1.88226e-26 1.39775e-25 
  0.01000   9.71800e-31 8.25521e-30 8.50335e-29 1.09314e-27 4.98864e-27 7.95006e-27 2.04049e-26 1.29459e-25 
  0.10000   9.58985e-30 6.74521e-29 4.03685e-28 2.65929e-27 8.44812e-27 1.25996e-26 2.77977e-26 7.52980e-26 
  1.00000   5.62605e-29 1.58292e-28 9.03402e-28 4.32580e-27 1.03412e-26 1.26366e-26 1.68684e-26 3.00194e-26 
 10.00000   6.71130e-29 1.84302e-28 9.10694e-28 3.82314e-27 1.11764e-26 1.24707e-26 1.35980e-26 1.91456e-26 
100.00000   4.94274e-29 1.27454e-28 7.21268e-28 3.11817e-27 5.45859e-27 6.53559e-27 8.25842e-27 1.01756e-26 

         35
          350.0
  0.00001   1.78537e-33 1.80519e-32 7.17481e-31 9.20023e-28 6.88199e-27 1.18548e-26 3.26650e-26 1.78108e-25 
  0.00010   1.78381e-32 1.71290e-31 3.76099e-30 1.01888e-27 6.93662e-27 1.18634e-26 3.26673e-26 1.78003e-25 
  0.00100   1.78404e-31 1.64438e-30 2.29648e-29 1.27290e-27 7.12582e-27 1.20224e-26 3.27858e-26 1.77078e-25 
  0.01000   1.78331e-30 1.58834e-29 1.51516e-28 2.10733e-27 8.56479e-27 1.35846e-26 3.37197e-26 1.67800e-25 
  0.10000   1.76108e-29 1.33992e-28 7.42667e-28 4.30447e-27 1.27879e-26 1.82197e-26 3.48021e-26 9.88253e-26 
  1.00000   1.01648e-28 3.48724e-28 1.59074e-27 5.93971e-27 1.49793e-26 1.83284e-26 2.38328e-26 3.85855e-26 
 10.00000   1.35209e-28 3.67164e-28 1.73730e-27 6.26793e-27 1.56022e-26 1.71011e-26 1.80671e-26 1.94035e-26 
100.00000   1.07450e-28 2.65449e-28 1.24415e-27 4.01340e-27 8.58046e-27 9.70692e-27 1.13864e-26 1.32036e-26 

         35
          400.0
  0.00001   2.69615e-33 2.94972e-32 1.44394e-30 1.80704e-27 1.28396e-26 2.09233e-26 5.27492e-26 2.26071e-25 
  0.00010   2.68961e-32 2.76766e-31 6.44439e-30 1.94339e-27 1.28866e-26 2.09219e-26 5.27761e-26 2.25789e-25 
  0.00100   2.69052e-31 2.64314e-30 3.67424e-29 2.34344e-27 1.30867e-26 2.09985e-26 5.28820e-26 2.24555e-25 
  0.01000   2.68735e-30 2.54161e-29 2.38848e-28 3.61692e-27 1.44128e-26 2.23640e-26 5.29670e-26 2.10922e-25 
  0.10000   2.64892e-29 2.18128e-28 1.25766e-27 6.87555e-27 1.95395e-26 2.72724e-26 4.67794e-26 1.38009e-25 
  1.00000   1.58695e-28 6.58332e-28 2.65961e-27 9.20288e-27 1.99754e-26 2.41650e-26 3.16300e-26 4.52328e-26 
 10.00000   2.35094e-28 7.58784e-28 3.13285e-27 1.02845e-26 2.02878e-26 2.18022e-26 2.23731e-26 2.29203e-26 
100.00000   1.74282e-28 5.58639e-28 2.14474e-27 6.86042e-27 1.26606e-26 1.35619e-26 1.49338e-26 1.65015e-26 

         35
          600.0
  0.00001   6.27561e-33 1.04751e-31 1.10902e-29 7.58339e-27 6.59408e-26 1.12714e-25 2.59589e-25 7.77244e-25 
  0.00010   6.24511e-32 9.33321e-31 2.96028e-29 7.74835e-27 6.59802e-26 1.12696e-25 2.59327e-25 7.76636e-25 
  0.00100   6.22205e-31 8.50135e-30 1.23467e-28 8.66006e-27 6.66005e-26 1.12688e-25 2.58135e-25 7.71266e-25 
  0.01000   6.20356e-30 7.86317e-29 7.13235e-28 1.25091e-26 7.06550e-26 1.13485e-25 2.47701e-25 7.19161e-25 
  0.10000   6.09216e-29 6.71869e-28 4.07454e-27 2.78293e-26 8.11992e-26 1.11944e-25 1.94579e-25 4.34079e-25 
  1.00000   3.82666e-28 3.16165e-27 1.25261e-26 3.80992e-26 6.19794e-26 7.20042e-26 9.51452e-26 2.26431e-25 
 10.00000   6.31381e-28 5.96005e-27 1.33985e-26 3.30833e-26 5.38161e-26 6.92140e-26 9.58883e-26 1.23217e-25 
100.00000   5.13093e-28 4.47983e-27 8.83905e-27 2.33292e-26 4.25844e-26 5.40024e-26 7.05308e-26 8.75804e-26 

         36
          100.0
  0.00001   4.13080e-33 1.33403e-31 3.08828e-30 4.95060e-29 7.03770e-28 3.02679e-27 1.23683e-25 7.36290e-24 
  0.00010   4.01463e-32 1.26687e-30 2.76989e-29 3.72466e-28 3.57209e-27 9.92842e-27 1.43728e-25 7.41479e-24 
  0.00100   3.95688e-31 1.22071e-29 2.53681e-28 3.13049e-27 2.28214e-26 4.70760e-26 2.71760e-25 7.73627e-24 
  0.01000   3.90140e-30 1.17782e-28 2.35152e-27 2.73826e-26 1.57407e-25 2.68008e-25 9.18409e-25 8.91422e-24 
  0.10000   3.57428e-29 9.76257e-28 1.82800e-26 1.66056e-25 6.27705e-25 9.43346e-25 1.94138e-24 5.75044e-24 
  1.00000   1.56607e-28 2.87791e-27 4.76832e-26 4.59278e-25 7.59477e-25 8.36859e-25 1.03421e-24 1.28278e-24 
 10.00000   4.93880e-28 3.16176e-27 6.08649e-26 4.21359e-25 6.36624e-25 6.83142e-25 7.42384e-25 8.08162e-25 
100.00000   5.02902e-28 3.21620e-27 2.59126e-26 1.03989e-25 1.60011e-25 1.66141e-25 1.70760e-25 1.72718e-25 

         36
          150.0
  0.00001   1.19425e-32 2.46431e-31 4.31007e-30 1.11370e-28 2.77579e-27 1.45049e-26 2.64762e-25 8.59981e-24 
  0.00010   1.15897e-31 2.14623e-30 3.32982e-29 5.15491e-28 5.94819e-27 2.07314e-26 2.73973e-25 8.58812e-24 
  0.00100   1.12791e-30 1.94630e-29 2.78633e-28 3.26021e-27 2.54468e-26 5.77256e-26 3.61386e-25 8.54996e-24 
  0.01000   1.09692e-29 1.79278e-28 2.43043e-27 2.45481e-26 1.41789e-25 2.49514e-25 8.76351e-25 8.51562e-24 
  0.10000   1.02352e-28 1.47093e-27 1.86819e-26 1.48119e-25 5.93152e-25 8.79446e-25 1.87417e-24 6.20515e-24 
  1.00000   5.57856e-28 4.32547e-27 6.16831e-26 4.18673e-25 6.84506e-25 7.79726e-25 9.81863e-25 1.28014e-24 
 10.00000   8.91880e-28 5.27178e-27 6.96639e-26 3.97578e-25 6.02347e-25 6.37908e-25 6.91073e-25 7.36148e-25 
100.00000   6.39044e-28 5.30401e-27 3.25066e-26 1.52825e-25 2.01955e-25 2.07296e-25 2.13236e-25 2.15906e-25 

         36
          200.0
  0.00001   1.59621e-32 3.92325e-31 5.95384e-30 3.96847e-28 1.12341e-26 4.22466e-26 4.29082e-25 8.70762e-24 
  0.00010   1.56489e-31 3.32554e-30 4.20521e-29 9.47605e-28 1.40697e-26 4.71895e-26 4.33415e-25 8.68827e-24 
  0.00100   1.53305e-30 2.84192e-29 3.21629e-28 4.12618e-27 3.32020e-26 8.15042e-26 4.93275e-25 8.58069e-24 
  0.01000   1.49982e-29 2.45811e-28 2.66998e-27 2.55848e-26 1.44234e-25 2.61120e-25 8.92758e-25 8.03703e-24 
  0.10000   1.39590e-28 1.94971e-27 1.99844e-26 1.40014e-25 5.55415e-25 8.24979e-25 1.81613e-24 6.25019e-24 
  1.00000   9.39788e-28 7.11567e-27 6.79682e-26 3.74464e-25 6.51289e-25 7.54135e-25 9.69567e-25 1.29844e-24 
 10.00000   1.26306e-27 8.25657e-27 8.00294e-26 3.78442e-25 5.65236e-25 5.89472e-25 6.43923e-25 6.74054e-25 
100.00000   7.45566e-28 7.96767e-27 3.59225e-26 1.91127e-25 2.13670e-25 2.24263e-25 2.36667e-25 2.40168e-25 

         36
          250.0
  0.00001   2.03826e-32 5.50833e-31 9.90221e-30 1.38697e-27 3.12760e-26 9.17719e-26 6.27340e-25 8.49761e-24 
  0.00010   2.00804e-31 4.71445e-30 5.55521e-29 2.09862e-27 3.32376e-26 9.47299e-26 6.30482e-25 8.48350e-24 
  0.00100   1.97559e-30 3.91611e-29 3.67638e-28 5.77325e-27 5.04054e-26 1.23105e-25 6.62344e-25 8.34699e-24 
  0.01000   1.93621e-29 3.28796e-28 2.84626e-27 2.88376e-26 1.56328e-25 2.89476e-25 9.55231e-25 7.77737e-24 
  0.10000   1.75040e-28 2.50334e-27 2.15360e-26 1.38456e-25 5.22851e-25 7.78545e-25 1.76200e-24 6.31449e-24 
  1.00000   1.09575e-27 1.01385e-26 7.32514e-26 3.38344e-25 6.25892e-25 7.38933e-25 9.61034e-25 1.31973e-24 
 10.00000   1.52273e-27 1.20530e-26 8.17557e-26 3.49985e-25 5.28057e-25 5.47007e-25 5.98558e-25 6.21133e-25 
100.00000   8.83339e-28 1.10656e-26 4.55812e-26 1.95901e-25 2.25695e-25 2.36233e-25 2.51142e-25 2.55899e-25 

         36
          300.0
  0.00001   2.79860e-32 6.77827e-31 1.82137e-29 3.85147e-27 6.39370e-26 1.57204e-25 8.18225e-25 8.08996e-24 
  0.00010   2.75797e-31 5.91438e-30 8.14010e-29 4.71100e-27 6.49004e-26 1.58539e-25 8.18628e-25 8.07088e-24 
  0.00100   2.72220e-30 5.07516e-29 4.60792e-28 8.97974e-27 7.84461e-26 1.79478e-25 8.36860e-25 7.91253e-24 
  0.01000   2.69330e-29 4.22071e-28 3.11543e-27 3.36001e-26 1.79778e-25 3.26746e-25 1.05864e-24 7.47654e-24 
  0.10000   2.44121e-28 3.14077e-27 2.21424e-26 1.40367e-25 4.99961e-25 7.50684e-25 1.68008e-24 6.11409e-24 
  1.00000   1.31867e-27 1.29595e-26 7.81969e-26 3.14465e-25 6.07915e-25 7.19990e-25 9.55443e-25 1.32185e-24 
 10.00000   1.63550e-27 1.67597e-26 7.95803e-26 3.35492e-25 4.97088e-25 5.11787e-25 5.56097e-25 5.76062e-25 
100.00000   1.05488e-27 1.44413e-26 5.75367e-26 1.97246e-25 2.33410e-25 2.44239e-25 2.59932e-25 2.65047e-25 

         36
          350.0
  0.00001   3.81131e-32 8.25732e-31 3.38251e-29 8.58835e-27 1.09725e-25 2.38980e-25 9.84191e-25 7.81009e-24 
  0.00010   3.76055e-31 7.07692e-30 1.21366e-28 9.62692e-27 1.10422e-25 2.40082e-25 9.84759e-25 7.80392e-24 
  0.00100   3.72376e-30 6.08690e-29 5.94796e-28 1.45199e-26 1.20933e-25 2.55376e-25 9.92044e-25 7.65596e-24 
  0.01000   3.69627e-29 5.08426e-28 3.59163e-27 4.03454e-26 2.12095e-25 3.79552e-25 1.14877e-24 7.13979e-24 
  0.10000   3.42061e-28 3.72301e-27 2.30728e-26 1.46675e-25 5.01925e-25 7.41507e-25 1.60966e-24 5.86706e-24 
  1.00000   1.60755e-27 1.59165e-26 8.32030e-26 2.99852e-25 5.90571e-25 7.04842e-25 9.33020e-25 1.30254e-24 
 10.00000   1.72356e-27 2.08411e-26 7.99892e-26 3.35428e-25 4.67965e-25 4.79997e-25 5.20188e-25 5.37319e-25 
100.00000   1.29491e-27 1.80849e-26 6.94512e-26 1.99298e-25 2.38247e-25 2.47346e-25 2.64717e-25 2.69487e-25 

         36
          400.0
  0.00001   4.98893e-32 9.60717e-31 6.03335e-29 1.64062e-26 1.67372e-25 3.32297e-25 1.12661e-24 7.63449e-24 
  0.00010   4.92178e-31 8.23928e-30 1.77592e-28 1.74935e-26 1.68148e-25 3.33532e-25 1.12728e-24 7.62213e-24 
  0.00100   4.87187e-30 7.04520e-29 7.61037e-28 2.28844e-26 1.76080e-25 3.44728e-25 1.13133e-24 7.50301e-24 
  0.01000   4.83687e-29 5.90514e-28 4.23853e-27 5.05846e-26 2.52173e-25 4.45248e-25 1.22430e-24 6.90848e-24 
  0.10000   4.53466e-28 4.24563e-27 2.49054e-26 1.58013e-25 5.11846e-25 7.35799e-25 1.53355e-24 5.58266e-24 
  1.00000   1.91227e-27 1.90815e-26 8.75864e-26 2.91172e-25 5.74065e-25 6.86337e-25 9.11897e-25 1.26643e-24 
 10.00000   1.95265e-27 2.43319e-26 9.21997e-26 3.30897e-25 4.41475e-25 4.52438e-25 4.89988e-25 5.03983e-25 
100.00000   1.62183e-27 2.18386e-26 8.03246e-26 2.02293e-25 2.40315e-25 2.49036e-25 2.66707e-25 2.70746e-25 

         36
          600.0
  0.00001   9.00120e-32 1.47769e-30 2.86043e-28 7.09561e-26 4.31469e-25 7.10280e-25 1.65940e-24 6.84140e-24 
  0.00010   8.68967e-31 1.15367e-29 5.60393e-28 7.15974e-26 4.31966e-25 7.10258e-25 1.65850e-24 6.83005e-24 
  0.00100   8.46803e-30 9.36974e-29 1.58178e-27 7.70513e-26 4.34933e-25 7.12358e-25 1.65410e-24 6.76996e-24 
  0.01000   8.28692e-29 7.79115e-28 6.96095e-27 1.07811e-25 4.63622e-25 7.32213e-25 1.63388e-24 6.21469e-24 
  0.10000   7.79188e-28 5.96891e-27 3.58277e-26 2.15965e-25 5.99139e-25 7.94247e-25 1.45923e-24 4.28049e-24 
  1.00000   3.71864e-27 2.43875e-26 1.05920e-25 3.10043e-25 5.38329e-25 6.21855e-25 7.99121e-25 1.08628e-24 
 10.00000   4.00116e-27 3.49716e-26 1.42751e-25 3.25813e-25 3.73502e-25 3.91270e-25 4.05264e-25 5.85444e-25 
100.00000   3.45727e-27 2.63996e-26 1.03161e-25 2.21805e-25 2.51660e-25 2.58671e-25 2.92664e-25 5.07167e-25 

         37
          100.0
  0.00001   6.64088e-35 2.80053e-33 2.58266e-31 1.20859e-29 1.30174e-28 3.37801e-28 3.48452e-27 5.34315e-25 
  0.00010   6.47510e-34 2.15622e-32 2.00448e-30 8.95334e-29 5.93325e-28 1.30043e-27 6.96133e-27 6.40605e-25 
  0.00100   6.33936e-33 1.82234e-31 1.70054e-29 7.29187e-28 3.44693e-27 6.84047e-27 2.61237e-26 9.93503e-25 
  0.01000   6.22778e-32 1.50487e-30 1.46923e-28 6.20445e-27 2.60094e-26 4.16857e-26 1.28850e-25 2.58817e-24 
  0.10000   5.46171e-31 9.76153e-30 8.43450e-28 5.00157e-26 1.76583e-25 2.87852e-25 7.25326e-25 3.18801e-24 
  1.00000   3.82209e-30 2.44061e-29 1.92958e-27 2.24708e-25 5.37151e-25 6.39918e-25 1.08743e-24 3.23850e-24 
 10.00000   7.15218e-30 4.48521e-29 3.46363e-27 3.01514e-25 1.23500e-24 2.90618e-24 1.07067e-23 3.15909e-23 
100.00000   1.91925e-30 7.15650e-29 7.78196e-27 7.86979e-26 8.00323e-24 1.84940e-23 6.62951e-23 1.97194e-22 

         37
          150.0
  0.00001   2.02208e-32 1.14235e-31 3.17868e-30 1.08553e-28 1.63135e-27 4.90516e-27 5.34767e-26 1.54291e-24 
  0.00010   1.90270e-31 9.00020e-31 1.99765e-29 4.30663e-28 2.92622e-27 7.77558e-27 5.48630e-26 1.59343e-24 
  0.00100   1.82851e-30 7.63561e-30 1.37699e-28 2.44980e-27 1.22038e-26 2.23382e-26 7.63638e-26 1.95103e-24 
  0.01000   1.75007e-29 6.96898e-29 1.06087e-27 1.80096e-26 7.36903e-26 9.84658e-26 2.06091e-25 3.24033e-24 
  0.10000   1.60514e-28 5.61650e-28 6.43318e-27 8.83350e-26 4.84320e-25 7.04916e-25 1.24825e-24 4.05353e-24 
  1.00000   1.31482e-27 2.76905e-27 1.15085e-26 3.64928e-25 1.47977e-24 2.72586e-24 6.81663e-24 1.43418e-23 
 10.00000   2.79674e-27 3.38667e-27 1.62576e-26 3.87181e-25 1.45590e-23 2.68395e-23 6.71489e-23 1.41463e-22 
100.00000   1.23340e-27 1.55045e-27 2.78950e-26 3.33609e-25 1.00392e-22 1.83231e-22 4.50692e-22 9.35046e-22 

         37
          200.0
  0.00001   2.52143e-31 1.36204e-30 1.81726e-29 8.21318e-28 1.43587e-26 4.25262e-26 3.88376e-25 5.34192e-24 
  0.00010   2.35181e-30 9.51311e-30 9.11272e-29 1.91421e-27 1.66727e-26 4.48857e-26 3.92790e-25 5.34813e-24 
  0.00100   2.18407e-29 7.34736e-29 5.48147e-28 8.47939e-27 3.62048e-26 7.99556e-26 4.40753e-25 5.40313e-24 
  0.01000   2.02925e-28 6.12315e-28 3.94172e-27 5.16201e-26 2.01281e-25 2.76825e-25 8.45721e-25 5.74730e-24 
  0.10000   1.73545e-27 4.75336e-27 2.74476e-26 2.83705e-25 1.20762e-24 1.64015e-24 2.44518e-24 4.68075e-24 
  1.00000   7.94862e-27 2.61146e-26 1.12644e-25 4.89908e-25 5.08510e-24 8.33656e-24 1.74780e-23 3.11971e-23 
 10.00000   1.12003e-26 5.01368e-26 9.68834e-26 6.17263e-25 5.00433e-23 8.21360e-23 1.72232e-22 3.07337e-22 
100.00000   1.53623e-26 2.87133e-26 5.78319e-26 4.20537e-24 3.60299e-22 5.88733e-22 1.22153e-21 2.15747e-21 

         37
          250.0
  0.00001   1.15573e-30 4.80591e-30 1.20453e-28 5.40839e-27 7.01279e-26 2.15788e-25 1.76348e-24 1.80747e-23 
  0.00010   1.03620e-29 3.55741e-29 3.74622e-28 7.44948e-27 7.27769e-26 2.19568e-25 1.77435e-24 1.81007e-23 
  0.00100   8.73983e-29 2.81687e-28 1.82618e-27 2.45950e-26 1.13692e-25 2.74408e-25 1.90106e-24 1.80665e-23 
  0.01000   7.33702e-28 2.38036e-27 1.15908e-26 1.29032e-25 4.26479e-25 6.23634e-25 2.78615e-24 1.85476e-23 
  0.10000   5.85671e-27 1.96636e-26 6.97981e-26 6.98461e-25 2.78775e-24 3.67510e-24 5.44010e-24 1.34315e-23 
  1.00000   2.86421e-26 1.12045e-25 2.93659e-25 1.61857e-24 1.10300e-23 1.68725e-23 3.20795e-23 5.23160e-23 
 10.00000   3.82247e-26 1.94512e-25 4.23723e-25 2.91529e-24 1.08459e-22 1.66258e-22 3.15298e-22 5.15297e-22 
100.00000   5.16938e-26 1.26887e-25 1.90024e-25 1.96097e-23 8.09136e-22 1.23802e-21 2.32958e-21 3.75870e-21 

         37
          300.0
  0.00001   2.64725e-30 1.50563e-29 4.83729e-28 2.26132e-26 2.51505e-25 6.91803e-25 4.83073e-24 4.84774e-23 
  0.00010   2.31421e-29 1.01115e-28 1.33629e-27 2.67787e-26 2.58979e-25 7.01069e-25 4.84559e-24 4.84919e-23 
  0.00100   2.08391e-28 7.39978e-28 5.19914e-27 6.07068e-26 3.40768e-25 8.18477e-25 5.05516e-24 4.87117e-23 
  0.01000   1.85001e-27 5.85081e-27 2.97624e-26 2.88273e-25 8.48692e-25 1.54672e-24 6.48708e-24 5.17690e-23 
  0.10000   1.52321e-26 4.40098e-26 1.69458e-25 1.50001e-24 4.99333e-24 6.38219e-24 1.30518e-23 4.20681e-23 
  1.00000   8.35903e-26 2.22328e-25 6.36468e-25 4.85471e-24 1.90268e-23 2.78254e-23 5.02089e-23 7.67789e-23 
 10.00000   1.13232e-25 3.04589e-25 1.31401e-24 8.31414e-24 1.86635e-22 2.73603e-22 4.87107e-22 7.54368e-22 
100.00000   1.12994e-25 1.53634e-25 6.48095e-25 5.57474e-23 1.43122e-21 2.09494e-21 3.69945e-21 5.65165e-21 

         37
          350.0
  0.00001   4.73728e-30 3.74143e-29 1.56488e-27 7.05581e-26 6.76048e-25 1.79230e-24 1.10942e-23 1.14587e-22 
  0.00010   4.13543e-29 2.32493e-28 3.67103e-27 7.80562e-26 6.87363e-25 1.80622e-24 1.11074e-23 1.14568e-22 
  0.00100   3.63000e-28 1.59383e-27 1.20839e-26 1.31754e-25 8.22845e-25 1.98137e-24 1.13824e-23 1.14718e-22 
  0.01000   3.22965e-27 1.21408e-26 6.25761e-26 5.43584e-25 1.72634e-24 3.28592e-24 1.28251e-23 1.19106e-22 
  0.10000   2.67021e-26 8.69184e-26 3.42217e-25 2.82532e-24 7.91953e-24 1.01731e-23 2.81316e-23 9.64581e-23 
  1.00000   1.64734e-25 4.02020e-25 1.26403e-24 1.02259e-23 2.89926e-23 4.16425e-23 7.10512e-23 1.04752e-22 
 10.00000   2.55632e-25 3.49987e-25 2.88598e-24 1.76375e-23 2.80223e-22 3.98315e-22 6.80973e-22 1.02151e-21 
100.00000   1.74353e-25 3.96948e-25 1.53524e-24 1.18757e-22 2.19086e-21 3.10828e-21 5.25492e-21 7.75358e-21 

         37
          400.0
  0.00001   8.33610e-30 8.03289e-29 4.23093e-27 1.78950e-25 1.39172e-24 3.72545e-24 2.05011e-23 2.12242e-22 
  0.00010   7.07012e-29 4.46694e-28 7.73348e-27 1.89892e-25 1.41091e-24 3.75212e-24 2.05403e-23 2.12129e-22 
  0.00100   6.12930e-28 2.94002e-27 2.40210e-26 2.80688e-25 1.61349e-24 4.01694e-24 2.08456e-23 2.11991e-22 
  0.01000   5.38644e-27 2.18248e-26 1.13657e-25 8.96728e-25 3.31443e-24 6.27402e-24 2.35184e-23 2.19078e-22 
  0.10000   4.45492e-26 1.54980e-25 6.02981e-25 4.50444e-24 1.15986e-23 1.59848e-23 4.97070e-23 1.76361e-22 
  1.00000   2.61674e-25 6.87404e-25 2.24919e-24 1.73484e-23 4.15878e-23 5.69435e-23 9.43255e-23 1.37394e-22 
 10.00000   3.69356e-25 7.40468e-25 5.05148e-24 3.09297e-23 3.84526e-22 5.35256e-22 8.92402e-22 1.32020e-21 
100.00000   2.27487e-25 8.50192e-25 2.89669e-24 2.10069e-22 3.04560e-21 4.22620e-21 6.92982e-21 9.99568e-21 

         37
          600.0
  0.00001   4.11202e-29 4.90047e-28 4.53728e-26 1.76853e-24 1.16811e-23 2.66868e-23 1.25640e-22 9.16145e-22 
  0.00010   3.24603e-28 2.34805e-27 5.87757e-26 1.79846e-24 1.17555e-23 2.67666e-23 1.25650e-22 9.16267e-22 
  0.00100   2.63207e-27 1.30931e-26 1.30405e-25 2.07257e-24 1.24641e-23 2.77118e-23 1.26568e-22 9.14960e-22 
  0.01000   2.20160e-26 8.96676e-26 4.95490e-25 3.95155e-24 1.95550e-23 3.71517e-23 1.32721e-22 8.98966e-22 
  0.10000   1.77675e-25 6.25967e-25 2.46935e-24 1.52581e-23 4.10449e-23 6.16136e-23 1.93612e-22 7.25800e-22 
  1.00000   9.99653e-25 3.00259e-24 8.39789e-24 5.10047e-23 1.16299e-22 1.40154e-22 2.12272e-22 8.27505e-22 
 10.00000   1.41255e-24 4.67340e-24 1.70382e-23 1.08226e-22 8.32905e-22 1.12826e-21 1.90719e-21 3.19955e-21 
100.00000   1.03606e-24 5.28126e-24 1.17479e-23 7.68170e-22 6.69407e-21 8.91255e-21 1.39153e-20 1.94561e-20 

         38
          100.0
  0.00001   1.57121e-32 9.64739e-27 8.48344e-25 4.49001e-23 5.00184e-22 1.26914e-21 1.64653e-20 2.34524e-18 
  0.00010   1.09585e-31 8.62789e-26 7.40126e-24 3.77382e-22 3.32543e-21 7.36223e-21 4.66138e-20 2.97546e-18 
  0.00100   8.85817e-31 7.84862e-25 6.82129e-23 3.37115e-21 2.48050e-20 4.92606e-20 2.06627e-19 7.71401e-18 
  0.01000   7.48285e-30 7.27367e-24 6.21628e-22 3.10958e-20 1.88936e-19 3.47963e-19 1.17372e-18 2.91524e-17 
  0.10000   4.97089e-29 6.15595e-23 5.13484e-21 2.55486e-19 1.18604e-18 2.19188e-18 6.64768e-18 3.79154e-17 
  1.00000   2.51245e-28 3.27447e-22 2.37960e-20 1.52636e-18 3.41651e-18 4.28283e-18 6.10913e-18 8.67682e-18 
 10.00000   1.67872e-27 1.29030e-21 3.14156e-20 1.98310e-18 2.73285e-18 2.87973e-18 3.22100e-18 3.36959e-18 
100.00000   6.32935e-27 1.83612e-21 3.97081e-20 5.57197e-19 6.53594e-19 6.63432e-19 6.76268e-19 6.86106e-19 

         38
          150.0
  0.00001   3.05950e-30 3.23822e-26 2.77509e-24 7.40301e-23 1.06885e-21 3.01528e-21 6.20445e-20 7.35780e-18 
  0.00010   2.07397e-29 2.34928e-25 1.86271e-23 4.61244e-22 4.35471e-21 1.06302e-20 9.55919e-20 7.88788e-18 
  0.00100   1.41994e-28 1.95521e-24 1.49441e-22 3.40899e-21 2.75283e-20 5.73268e-20 2.72042e-19 1.21542e-17 
  0.01000   1.08492e-27 1.66217e-23 1.28033e-21 2.99359e-20 1.93717e-19 3.38492e-19 1.13240e-18 2.92728e-17 
  0.10000   6.86706e-27 1.33409e-22 9.64433e-21 2.20418e-19 1.08627e-18 1.96586e-18 6.13815e-18 3.84365e-17 
  1.00000   1.52370e-26 7.86992e-22 3.55119e-20 1.30476e-18 3.30412e-18 4.26447e-18 6.29066e-18 9.20584e-18 
 10.00000   3.37266e-26 2.75045e-21 3.32919e-20 1.91101e-18 2.50158e-18 2.72596e-18 2.97034e-18 3.09238e-18 
100.00000   1.30291e-25 3.58848e-21 7.49827e-20 7.42186e-19 8.23280e-19 8.35249e-19 8.50866e-19 8.62835e-19 

         38
          200.0
  0.00001   1.46093e-28 9.27636e-26 6.21474e-24 2.03002e-22 3.52338e-21 1.08833e-20 1.72419e-19 1.51934e-17 
  0.00010   6.36211e-28 6.31039e-25 4.03954e-23 7.52866e-22 8.32325e-21 2.09708e-20 2.02032e-19 1.55402e-17 
  0.00100   4.04149e-27 4.56639e-24 2.86126e-22 4.38434e-21 3.40121e-20 7.28602e-20 3.77936e-19 1.83259e-17 
  0.01000   2.96093e-26 3.84464e-23 2.31140e-21 3.27717e-20 2.07270e-19 3.74840e-19 1.25772e-18 3.06542e-17 
  0.10000   1.73890e-25 3.13517e-22 1.67892e-20 2.29369e-19 1.04760e-18 1.79362e-18 5.94665e-18 3.86409e-17 
  1.00000   4.20363e-25 1.58989e-21 6.15123e-20 1.15686e-18 3.23824e-18 4.22395e-18 6.50398e-18 9.57203e-18 
 10.00000   5.88612e-25 4.49359e-21 7.14131e-20 1.84655e-18 2.32805e-18 2.57013e-18 2.74942e-18 2.84254e-18 
100.00000   1.42414e-24 5.29550e-21 1.15915e-19 8.03647e-19 9.08812e-19 9.31158e-19 9.52487e-19 9.68835e-19 

         38
          250.0
  0.00001   1.43547e-27 2.91881e-25 1.05338e-23 6.25460e-22 1.12968e-20 3.38528e-20 3.50641e-19 2.15710e-17 
  0.00010   7.50366e-27 1.37297e-24 6.56337e-23 1.54407e-21 1.74452e-20 4.46246e-20 3.66901e-19 2.18616e-17 
  0.00100   4.10406e-26 8.68093e-24 4.59563e-22 6.34947e-21 4.94549e-20 1.03099e-19 5.08747e-19 2.38525e-17 
  0.01000   2.61342e-25 6.70781e-23 3.54381e-21 3.94443e-20 2.30056e-19 4.19968e-19 1.46249e-18 3.28038e-17 
  0.10000   1.59367e-24 5.20532e-22 2.65983e-20 2.50440e-19 1.12883e-18 1.77482e-18 5.70819e-18 3.77516e-17 
  1.00000   3.96219e-24 2.96059e-21 9.86514e-20 1.11071e-18 3.16102e-18 4.17450e-18 6.48798e-18 9.82953e-18 
 10.00000   5.18055e-24 6.73265e-21 1.44464e-19 1.76153e-18 2.20857e-18 2.40307e-18 2.55003e-18 2.62638e-18 
100.00000   8.39378e-24 6.77714e-21 1.71697e-19 8.23537e-19 9.61883e-19 9.98021e-19 1.02162e-18 1.03971e-18 

         38
          300.0
  0.00001   9.27387e-27 1.18923e-24 2.33266e-23 1.81220e-21 3.03802e-20 8.22387e-20 6.11712e-19 2.67689e-17 
  0.00010   3.24964e-26 3.92946e-24 9.57446e-23 3.22825e-21 3.69528e-20 9.07307e-20 6.25169e-19 2.68949e-17 
  0.00100   1.63550e-25 1.81825e-23 6.27359e-22 9.79534e-21 7.45727e-20 1.54885e-19 7.55798e-19 2.80242e-17 
  0.01000   1.12822e-24 1.15504e-22 4.70686e-21 5.01329e-20 2.74628e-19 4.87428e-19 1.73444e-18 3.38131e-17 
  0.10000   7.36929e-24 7.90660e-22 3.57910e-20 2.79999e-19 1.22094e-18 1.95141e-18 5.53324e-18 3.63136e-17 
  1.00000   1.94781e-23 4.17524e-21 1.48917e-19 1.07750e-18 3.07970e-18 4.09607e-18 6.41819e-18 9.87185e-18 
 10.00000   2.54395e-23 8.94164e-21 2.42988e-19 1.66068e-18 2.08500e-18 2.25222e-18 2.36013e-18 2.43986e-18 
100.00000   3.18080e-23 8.00346e-21 2.32112e-19 8.38303e-19 9.97868e-19 1.04005e-18 1.06259e-18 1.07986e-18 

         38
          350.0
  0.00001   5.34792e-26 3.90169e-24 5.87714e-23 4.80782e-21 6.64748e-20 1.60540e-19 1.04597e-18 2.98821e-17 
  0.00010   1.53982e-25 1.14581e-23 1.66364e-22 6.67443e-21 7.08461e-20 1.65849e-19 1.05381e-18 2.99066e-17 
  0.00100   5.57468e-25 4.17917e-23 8.11009e-22 1.52756e-20 1.13183e-19 2.30354e-19 1.16039e-18 3.05296e-17 
  0.01000   3.14138e-24 2.16993e-22 5.82480e-21 6.42328e-20 3.29876e-19 5.87201e-19 2.05300e-18 3.39747e-17 
  0.10000   1.94941e-23 1.25074e-21 4.31718e-20 3.21360e-19 1.30402e-18 2.15527e-18 5.56781e-18 3.42001e-17 
  1.00000   6.35763e-23 5.34637e-21 2.02446e-19 1.07288e-18 2.99070e-18 3.98150e-18 6.22150e-18 9.75781e-18 
 10.00000   8.50963e-23 1.09695e-20 3.59597e-19 1.53551e-18 1.95995e-18 2.07058e-18 2.17857e-18 2.27533e-18 
100.00000   8.83222e-23 9.23244e-21 2.97407e-19 8.42512e-19 1.01528e-18 1.05230e-18 1.07797e-18 1.09514e-18 

         38
          400.0
  0.00001   2.31553e-25 8.33320e-24 1.54009e-22 1.10334e-20 1.23526e-19 2.69940e-19 1.62218e-18 3.25387e-17 
  0.00010   5.73272e-25 2.88069e-23 3.15900e-22 1.32859e-20 1.27051e-19 2.73879e-19 1.63176e-18 3.25827e-17 
  0.00100   1.88197e-24 9.18548e-23 1.13196e-21 2.38397e-20 1.68430e-19 3.26451e-19 1.72203e-18 3.27202e-17 
  0.01000   8.33338e-24 4.09485e-22 6.91610e-21 8.16405e-20 3.99988e-19 7.36845e-19 2.52321e-18 3.40330e-17 
  0.10000   4.63053e-23 2.06511e-21 4.99837e-20 3.64082e-19 1.40104e-18 2.32256e-18 5.80735e-18 3.23680e-17 
  1.00000   1.57988e-22 7.35821e-21 2.51818e-19 1.08023e-18 2.86967e-18 3.81600e-18 5.97283e-18 9.47133e-18 
 10.00000   2.11161e-22 1.30332e-20 4.70845e-19 1.44919e-18 1.84481e-18 1.92438e-18 2.02761e-18 2.13003e-18 
100.00000   1.96273e-22 1.08999e-20 3.62869e-19 8.38514e-19 1.02215e-18 1.05245e-18 1.07716e-18 1.09340e-18 

         38
          600.0
  0.00001   2.60352e-24 1.47001e-22 3.27810e-21 9.96296e-20 6.45335e-19 1.17681e-18 4.88236e-18 3.45145e-17 
  0.00010   1.17765e-23 2.50537e-22 3.68098e-21 1.01146e-19 6.46965e-19 1.17887e-18 4.88342e-18 3.45081e-17 
  0.00100   4.27510e-23 7.37818e-22 5.85170e-21 1.14213e-19 6.67089e-19 1.20466e-18 4.89291e-18 3.43310e-17 
  0.01000   1.60803e-22 2.94903e-21 1.72608e-20 1.96080e-19 8.82226e-19 1.47937e-18 5.09938e-18 3.31098e-17 
  0.10000   6.60231e-22 1.18810e-20 8.14973e-20 5.62653e-19 1.82419e-18 2.71272e-18 6.66939e-18 2.48362e-17 
  1.00000   1.59025e-21 3.16396e-20 3.45336e-19 1.17964e-18 2.43824e-18 3.09001e-18 4.81092e-18 7.84047e-18 
 10.00000   1.85642e-21 3.74454e-20 7.32442e-19 1.21904e-18 1.42149e-18 1.46933e-18 1.56846e-18 1.67753e-18 
100.00000   1.53495e-21 3.52943e-20 5.47432e-19 7.68638e-19 9.41673e-19 9.67462e-19 9.85840e-19 9.96967e-19 

