 # CO2 IR 
 # For interval boundaries, see corresponding files  
 #Temperature(K)  100,  150,  200,  250,  300,  350,  400,  600, 
 #P(bar) 1.00e-05, 1.00e-04, 1.00e-03, 1.00e-02, 1.00e-01, 1.00e+00, 1.00e+01, 1.00e+02, 

  Quadrature weights w(quad)        Quadrature abscissas (g)
   1.65231051440290516e-01           6.59602519928250280e-02
   3.09768948559709378e-01           3.13509004297193250e-01
   3.09768948559709378e-01           6.36490995702806650e-01
   1.65231051440290516e-01           8.84039748007174886e-01
   8.69637112843634277e-03           9.53471592210148655e-01
   1.63036288715636482e-02           9.66500473910378632e-01
   1.63036288715636482e-02           9.83499526089621323e-01
   8.69637112843634277e-03           9.96528407789851300e-01
!--------------------------------------------------------------------------------------------------------------------------

          1
          100.0
  0.00001   3.99844e-60 3.99844e-60 3.99844e-60 3.99844e-60 3.99844e-60 3.99844e-60 3.99844e-60 3.99844e-60 
  0.00010   3.99844e-60 3.99844e-60 3.99844e-60 3.99844e-60 3.99844e-60 3.99844e-60 3.99844e-60 3.99844e-60 
  0.00100   3.99844e-60 3.99844e-60 3.99844e-60 3.99844e-60 3.99844e-60 3.99844e-60 3.99844e-60 3.99844e-60 
  0.01000   3.99844e-60 3.99844e-60 3.99844e-60 3.99844e-60 3.99844e-60 3.99844e-60 3.99844e-60 3.99844e-60 
  0.10000   3.99844e-60 3.99844e-60 3.99844e-60 3.99844e-60 3.99844e-60 3.99844e-60 3.99844e-60 3.99844e-60 
  1.00000   3.99844e-60 3.99844e-60 3.99844e-60 3.99844e-60 3.99844e-60 3.99844e-60 3.99844e-60 3.99844e-60 
 10.00000   3.99844e-60 3.99844e-60 3.99844e-60 3.99844e-60 3.99844e-60 3.99844e-60 3.99844e-60 3.99844e-60 
100.00000   3.99844e-60 3.99844e-60 3.99844e-60 3.99844e-60 3.99844e-60 3.99844e-60 3.99844e-60 3.99844e-60 

          1
          150.0
  0.00001   3.99844e-60 3.99844e-60 3.99844e-60 3.99844e-60 3.99844e-60 3.99844e-60 3.99844e-60 3.99844e-60 
  0.00010   3.99844e-60 3.99844e-60 3.99844e-60 3.99844e-60 3.99844e-60 3.99844e-60 3.99844e-60 3.99844e-60 
  0.00100   3.99844e-60 3.99844e-60 3.99844e-60 3.99844e-60 3.99844e-60 3.99844e-60 3.99844e-60 3.99844e-60 
  0.01000   3.99844e-60 3.99844e-60 3.99844e-60 3.99844e-60 3.99844e-60 3.99844e-60 3.99844e-60 3.99844e-60 
  0.10000   3.99844e-60 3.99844e-60 3.99844e-60 3.99844e-60 3.99844e-60 3.99844e-60 3.99844e-60 3.99844e-60 
  1.00000   3.99844e-60 3.99844e-60 3.99844e-60 3.99844e-60 3.99844e-60 3.99844e-60 3.99844e-60 3.99844e-60 
 10.00000   3.99844e-60 3.99844e-60 3.99844e-60 3.99844e-60 3.99844e-60 3.99844e-60 3.99844e-60 3.99844e-60 
100.00000   3.99844e-60 3.99844e-60 3.99844e-60 3.99844e-60 3.99844e-60 3.99844e-60 3.99844e-60 3.99844e-60 

          1
          200.0
  0.00001   3.99844e-60 3.99844e-60 3.99844e-60 3.99844e-60 3.99844e-60 3.99844e-60 3.99844e-60 3.99844e-60 
  0.00010   3.99844e-60 3.99844e-60 3.99844e-60 3.99844e-60 3.99844e-60 3.99844e-60 3.99844e-60 3.99844e-60 
  0.00100   3.99844e-60 3.99844e-60 3.99844e-60 3.99844e-60 3.99844e-60 3.99844e-60 3.99844e-60 3.99844e-60 
  0.01000   3.99844e-60 3.99844e-60 3.99844e-60 3.99844e-60 3.99844e-60 3.99844e-60 3.99844e-60 3.99844e-60 
  0.10000   3.99844e-60 3.99844e-60 3.99844e-60 3.99844e-60 3.99844e-60 3.99844e-60 3.99844e-60 3.99844e-60 
  1.00000   3.99844e-60 3.99844e-60 3.99844e-60 3.99844e-60 3.99844e-60 3.99844e-60 3.99844e-60 3.99844e-60 
 10.00000   3.99844e-60 3.99844e-60 3.99844e-60 3.99844e-60 3.99844e-60 3.99844e-60 3.99844e-60 3.99844e-60 
100.00000   3.99844e-60 3.99844e-60 3.99844e-60 3.99844e-60 3.99844e-60 3.99844e-60 3.99844e-60 3.99844e-60 

          1
          250.0
  0.00001   3.99844e-60 3.99844e-60 3.99844e-60 3.99844e-60 3.99844e-60 3.99844e-60 3.99844e-60 3.99844e-60 
  0.00010   3.99844e-60 3.99844e-60 3.99844e-60 3.99844e-60 3.99844e-60 3.99844e-60 3.99844e-60 3.99844e-60 
  0.00100   3.99844e-60 3.99844e-60 3.99844e-60 3.99844e-60 3.99844e-60 3.99844e-60 3.99844e-60 3.99844e-60 
  0.01000   3.99844e-60 3.99844e-60 3.99844e-60 3.99844e-60 3.99844e-60 3.99844e-60 3.99844e-60 3.99844e-60 
  0.10000   3.99844e-60 3.99844e-60 3.99844e-60 3.99844e-60 3.99844e-60 3.99844e-60 3.99844e-60 3.99844e-60 
  1.00000   3.99844e-60 3.99844e-60 3.99844e-60 3.99844e-60 3.99844e-60 3.99844e-60 3.99844e-60 3.99844e-60 
 10.00000   3.99844e-60 3.99844e-60 3.99844e-60 3.99844e-60 3.99844e-60 3.99844e-60 3.99844e-60 3.99844e-60 
100.00000   3.99844e-60 3.99844e-60 3.99844e-60 3.99844e-60 3.99844e-60 3.99844e-60 3.99844e-60 3.99844e-60 

          1
          300.0
  0.00001   3.99844e-60 3.99844e-60 3.99844e-60 3.99844e-60 3.99844e-60 3.99844e-60 3.99844e-60 3.99844e-60 
  0.00010   3.99844e-60 3.99844e-60 3.99844e-60 3.99844e-60 3.99844e-60 3.99844e-60 3.99844e-60 3.99844e-60 
  0.00100   3.99844e-60 3.99844e-60 3.99844e-60 3.99844e-60 3.99844e-60 3.99844e-60 3.99844e-60 3.99844e-60 
  0.01000   3.99844e-60 3.99844e-60 3.99844e-60 3.99844e-60 3.99844e-60 3.99844e-60 3.99844e-60 3.99844e-60 
  0.10000   3.99844e-60 3.99844e-60 3.99844e-60 3.99844e-60 3.99844e-60 3.99844e-60 3.99844e-60 3.99844e-60 
  1.00000   3.99844e-60 3.99844e-60 3.99844e-60 3.99844e-60 3.99844e-60 3.99844e-60 3.99844e-60 3.99844e-60 
 10.00000   3.99844e-60 3.99844e-60 3.99844e-60 3.99844e-60 3.99844e-60 3.99844e-60 3.99844e-60 3.99844e-60 
100.00000   3.99844e-60 3.99844e-60 3.99844e-60 3.99844e-60 3.99844e-60 3.99844e-60 3.99844e-60 3.99844e-60 

          1
          350.0
  0.00001   3.99844e-60 3.99844e-60 3.99844e-60 3.99844e-60 3.99844e-60 3.99844e-60 3.99844e-60 3.99844e-60 
  0.00010   3.99844e-60 3.99844e-60 3.99844e-60 3.99844e-60 3.99844e-60 3.99844e-60 3.99844e-60 3.99844e-60 
  0.00100   3.99844e-60 3.99844e-60 3.99844e-60 3.99844e-60 3.99844e-60 3.99844e-60 3.99844e-60 3.99844e-60 
  0.01000   3.99844e-60 3.99844e-60 3.99844e-60 3.99844e-60 3.99844e-60 3.99844e-60 3.99844e-60 3.99844e-60 
  0.10000   3.99844e-60 3.99844e-60 3.99844e-60 3.99844e-60 3.99844e-60 3.99844e-60 3.99844e-60 3.99844e-60 
  1.00000   3.99844e-60 3.99844e-60 3.99844e-60 3.99844e-60 3.99844e-60 3.99844e-60 3.99844e-60 3.99844e-60 
 10.00000   3.99844e-60 3.99844e-60 3.99844e-60 3.99844e-60 3.99844e-60 3.99844e-60 3.99844e-60 3.99844e-60 
100.00000   3.99844e-60 3.99844e-60 3.99844e-60 3.99844e-60 3.99844e-60 3.99844e-60 3.99844e-60 3.99844e-60 

          1
          400.0
  0.00001   3.99844e-60 3.99844e-60 3.99844e-60 3.99844e-60 3.99844e-60 3.99844e-60 3.99844e-60 3.99844e-60 
  0.00010   3.99844e-60 3.99844e-60 3.99844e-60 3.99844e-60 3.99844e-60 3.99844e-60 3.99844e-60 3.99844e-60 
  0.00100   3.99844e-60 3.99844e-60 3.99844e-60 3.99844e-60 3.99844e-60 3.99844e-60 3.99844e-60 3.99844e-60 
  0.01000   3.99844e-60 3.99844e-60 3.99844e-60 3.99844e-60 3.99844e-60 3.99844e-60 3.99844e-60 3.99844e-60 
  0.10000   3.99844e-60 3.99844e-60 3.99844e-60 3.99844e-60 3.99844e-60 3.99844e-60 3.99844e-60 3.99844e-60 
  1.00000   3.99844e-60 3.99844e-60 3.99844e-60 3.99844e-60 3.99844e-60 3.99844e-60 3.99844e-60 3.99844e-60 
 10.00000   3.99844e-60 3.99844e-60 3.99844e-60 3.99844e-60 3.99844e-60 3.99844e-60 3.99844e-60 3.99844e-60 
100.00000   3.99844e-60 3.99844e-60 3.99844e-60 3.99844e-60 3.99844e-60 3.99844e-60 3.99844e-60 3.99844e-60 

          1
          600.0
  0.00001   3.99844e-60 3.99844e-60 3.99844e-60 3.99844e-60 3.99844e-60 3.99844e-60 3.99844e-60 3.99844e-60 
  0.00010   3.99844e-60 3.99844e-60 3.99844e-60 3.99844e-60 3.99844e-60 3.99844e-60 3.99844e-60 3.99844e-60 
  0.00100   3.99844e-60 3.99844e-60 3.99844e-60 3.99844e-60 3.99844e-60 3.99844e-60 3.99844e-60 3.99844e-60 
  0.01000   3.99844e-60 3.99844e-60 3.99844e-60 3.99844e-60 3.99844e-60 3.99844e-60 3.99844e-60 3.99844e-60 
  0.10000   3.99844e-60 3.99844e-60 3.99844e-60 3.99844e-60 3.99844e-60 3.99844e-60 3.99844e-60 3.99844e-60 
  1.00000   3.99844e-60 3.99844e-60 3.99844e-60 3.99844e-60 3.99844e-60 3.99844e-60 3.99844e-60 3.99844e-60 
 10.00000   3.99844e-60 3.99844e-60 3.99844e-60 3.99844e-60 3.99844e-60 3.99844e-60 3.99844e-60 3.99844e-60 
100.00000   3.99844e-60 3.99844e-60 3.99844e-60 3.99844e-60 3.99844e-60 3.99844e-60 3.99844e-60 3.99844e-60 

          2
          100.0
  0.00001   3.28549e-45 7.20849e-43 1.25219e-40 2.46544e-39 1.09076e-38 1.45151e-38 4.12634e-38 1.10216e-36 
  0.00010   3.34624e-44 7.26022e-42 1.24910e-39 2.42934e-38 1.07629e-37 1.46081e-37 4.07753e-37 9.65249e-36 
  0.00100   3.32768e-43 7.20384e-41 1.24828e-38 2.42363e-37 1.09530e-36 1.43178e-36 3.94318e-36 6.83907e-35 
  0.01000   3.30003e-42 7.23200e-40 1.24589e-37 2.37622e-36 1.04147e-35 1.35601e-35 3.06959e-35 2.92924e-34 
  0.10000   3.32445e-41 6.91820e-39 1.15268e-36 1.81506e-35 7.25923e-35 9.44988e-35 1.45397e-34 2.52716e-34 
  1.00000   2.27778e-40 3.91579e-38 5.20622e-36 7.07797e-35 4.71114e-34 6.72172e-34 1.05973e-33 1.48476e-33 
 10.00000   1.97672e-39 1.38744e-37 8.91869e-36 6.99740e-34 4.56840e-33 6.39276e-33 1.00875e-32 1.37830e-32 
100.00000   8.92142e-39 2.51299e-37 3.17383e-36 4.41609e-33 2.59685e-32 3.55272e-32 5.40953e-32 7.15523e-32 

          2
          150.0
  0.00001   6.75005e-42 4.00232e-40 2.27659e-38 1.86302e-37 1.16859e-36 2.29399e-36 1.06802e-35 3.78109e-34 
  0.00010   6.75370e-41 4.01338e-39 2.28147e-37 1.86087e-36 1.16619e-35 2.28914e-35 1.05625e-34 3.07305e-33 
  0.00100   6.69603e-40 4.00810e-38 2.28603e-36 1.85796e-35 1.16226e-34 2.26862e-34 1.02087e-33 2.03906e-32 
  0.01000   6.70292e-39 3.97170e-37 2.27460e-35 1.84462e-34 1.10220e-33 2.08531e-33 7.91979e-33 7.81930e-32 
  0.10000   6.74196e-38 3.91409e-36 2.07319e-34 1.48864e-33 5.69381e-33 9.16493e-33 2.14559e-32 6.54744e-32 
  1.00000   6.34916e-37 2.42106e-35 1.02077e-33 5.43297e-33 8.78491e-33 9.81384e-33 1.15066e-32 1.84513e-32 
 10.00000   3.43257e-36 9.76341e-35 2.27958e-33 9.45730e-33 3.74244e-32 4.82675e-32 6.82872e-32 8.65264e-32 
100.00000   1.74786e-35 1.95254e-34 1.34865e-33 6.54716e-32 2.24944e-31 2.80020e-31 3.79809e-31 4.61777e-31 

          2
          200.0
  0.00001   1.47143e-40 5.67487e-39 3.02443e-37 2.62949e-36 1.74128e-35 3.45247e-35 1.58229e-34 7.28217e-33 
  0.00010   1.49488e-39 5.70604e-38 3.02072e-36 2.62906e-35 1.74136e-34 3.44960e-34 1.56995e-33 5.40553e-32 
  0.00100   1.49348e-38 5.70542e-37 3.02140e-35 2.62793e-34 1.73931e-33 3.44044e-33 1.53885e-32 3.47529e-31 
  0.01000   1.49401e-37 5.71341e-36 3.02406e-34 2.61794e-33 1.68010e-32 3.22665e-32 1.23170e-31 1.17427e-30 
  0.10000   1.49340e-36 5.69959e-35 2.85449e-33 2.10559e-32 8.72776e-32 1.41107e-31 3.51843e-31 1.08823e-30 
  1.00000   1.47974e-35 4.58764e-34 1.39091e-32 6.64574e-32 1.15298e-31 1.30719e-31 1.54552e-31 1.76246e-31 
 10.00000   1.23116e-34 1.75677e-33 2.75193e-32 7.83460e-32 9.71033e-32 1.22685e-31 1.67516e-31 2.09251e-31 
100.00000   5.76033e-34 4.39308e-33 2.40553e-32 1.86346e-31 5.00167e-31 5.95176e-31 7.57530e-31 8.86434e-31 

          2
          250.0
  0.00001   7.46345e-40 3.32755e-38 1.39772e-36 1.22324e-35 8.13369e-35 1.62274e-34 7.15790e-34 4.84032e-32 
  0.00010   7.31248e-39 3.33564e-37 1.39707e-35 1.22232e-34 8.13785e-34 1.62224e-33 7.10396e-33 3.05710e-31 
  0.00100   7.42372e-38 3.32958e-36 1.39141e-34 1.22204e-33 8.13356e-33 1.62026e-32 7.01457e-32 1.80642e-30 
  0.01000   7.39596e-37 3.33493e-35 1.39331e-33 1.21923e-32 7.97009e-32 1.54794e-31 5.79173e-31 5.74747e-30 
  0.10000   7.36995e-36 3.33030e-34 1.36082e-32 1.00722e-31 4.21490e-31 6.87843e-31 1.75985e-30 5.54942e-30 
  1.00000   7.35589e-35 2.95729e-33 7.21635e-32 3.11621e-31 5.61090e-31 6.41685e-31 7.71191e-31 8.93677e-31 
 10.00000   7.26644e-34 9.15214e-33 1.15339e-31 3.44844e-31 3.70390e-31 3.72431e-31 3.75094e-31 3.82248e-31 
100.00000   4.04696e-33 2.38828e-32 1.19212e-31 2.97359e-31 6.98714e-31 8.13216e-31 9.97504e-31 1.14111e-30 

          2
          300.0
  0.00001   1.98990e-39 1.18532e-37 3.88470e-36 3.15341e-35 2.10272e-34 4.25607e-34 1.80399e-33 1.68868e-31 
  0.00010   2.01786e-38 1.18021e-36 3.88560e-35 3.15696e-34 2.10126e-33 4.25483e-33 1.79680e-32 9.36411e-31 
  0.00100   2.00781e-37 1.18090e-35 3.88289e-34 3.15549e-33 2.10111e-32 4.25243e-32 1.77839e-31 5.18598e-30 
  0.01000   2.01069e-36 1.18246e-34 3.88124e-33 3.14910e-32 2.07443e-31 4.11912e-31 1.51106e-30 1.59571e-29 
  0.10000   1.99744e-35 1.18099e-33 3.80326e-32 2.70122e-31 1.13688e-30 1.84639e-30 4.81703e-30 1.58013e-29 
  1.00000   1.99618e-34 1.06995e-32 2.01929e-31 8.27937e-31 1.54340e-30 1.78125e-30 2.15408e-30 2.52139e-30 
 10.00000   1.96833e-33 2.74948e-32 3.05509e-31 8.89866e-31 9.56344e-31 9.61159e-31 9.67441e-31 9.72256e-31 
100.00000   1.31702e-32 6.42406e-32 3.07761e-31 4.27214e-31 8.25480e-31 9.47229e-31 1.13379e-30 1.28228e-30 

          2
          350.0
  0.00001   3.82104e-39 2.76326e-37 7.31560e-36 5.83103e-35 3.88793e-34 7.93069e-34 3.25959e-33 4.04711e-31 
  0.00010   3.85842e-38 2.75884e-36 7.28999e-35 5.82420e-34 3.88721e-33 7.92898e-33 3.24055e-32 1.95773e-30 
  0.00100   3.85727e-37 2.76200e-35 7.30671e-34 5.82321e-33 3.88576e-32 7.92733e-32 3.21704e-31 1.04133e-29 
  0.01000   3.86337e-36 2.75626e-34 7.24879e-33 5.81620e-32 3.84225e-31 7.72681e-31 2.81278e-30 3.16174e-29 
  0.10000   3.88359e-35 2.75649e-33 7.22313e-32 5.09805e-31 2.19769e-30 3.59649e-30 9.41823e-30 3.18494e-29 
  1.00000   3.86456e-34 2.56367e-32 4.22787e-31 1.58311e-30 3.04247e-30 3.52582e-30 4.28967e-30 5.07529e-30 
 10.00000   3.86095e-33 6.27791e-32 5.97654e-31 1.66543e-30 1.77246e-30 1.78080e-30 1.79169e-30 1.80004e-30 
100.00000   2.75452e-32 1.27153e-31 5.67698e-31 8.48708e-31 9.10321e-31 1.03393e-30 1.21845e-30 1.36626e-30 

          2
          400.0
  0.00001   5.94927e-39 4.94320e-37 1.03620e-35 8.71421e-35 5.83711e-34 1.19838e-33 4.81108e-33 7.47978e-31 
  0.00010   5.88800e-38 4.95428e-36 1.03640e-34 8.70675e-34 5.83536e-33 1.19813e-32 4.78686e-32 3.27813e-30 
  0.00100   5.86556e-37 4.95254e-35 1.03102e-33 8.70814e-33 5.83342e-32 1.19701e-31 4.75412e-31 1.65803e-29 
  0.01000   5.93483e-36 4.94008e-34 1.03221e-32 8.69163e-32 5.77556e-31 1.17131e-30 4.22602e-30 5.06388e-29 
  0.10000   5.93627e-35 4.93645e-33 1.02817e-31 7.76550e-31 3.47461e-30 5.70134e-30 1.48899e-29 5.14834e-29 
  1.00000   5.92277e-34 4.64066e-32 7.17660e-31 2.46028e-30 4.87827e-30 5.64396e-30 6.89429e-30 8.22585e-30 
 10.00000   5.89525e-33 1.15180e-31 9.63271e-31 2.52676e-30 2.67459e-30 2.68642e-30 2.70185e-30 2.71367e-30 
100.00000   4.59754e-32 2.00734e-31 8.53924e-31 1.33280e-30 1.37978e-30 1.38581e-30 1.39336e-30 1.42002e-30 

          2
          600.0
  0.00001   1.20290e-38 1.36056e-36 1.68499e-35 1.54473e-34 1.07573e-33 2.18649e-33 8.42123e-33 2.63801e-30 
  0.00010   1.19188e-37 1.36003e-35 1.68381e-34 1.54477e-33 1.07529e-32 2.18625e-32 8.37520e-32 8.48636e-30 
  0.00100   1.19277e-36 1.35976e-34 1.68262e-33 1.54488e-32 1.07514e-31 2.18510e-31 8.30876e-31 3.50379e-29 
  0.01000   1.20246e-35 1.36033e-33 1.68274e-32 1.54308e-31 1.06736e-30 2.15332e-30 7.62398e-30 1.11361e-28 
  0.10000   1.19538e-34 1.35815e-32 1.67769e-31 1.43824e-30 7.33644e-30 1.25381e-29 3.21578e-29 1.20527e-28 
  1.00000   1.19301e-33 1.22356e-31 1.44316e-30 5.27076e-30 1.10351e-29 1.30276e-29 1.62719e-29 1.98662e-29 
 10.00000   1.19050e-32 2.82655e-31 2.85269e-30 4.90611e-30 5.10826e-30 5.14159e-30 5.19127e-30 5.22934e-30 
100.00000   1.03070e-31 4.74752e-31 1.91815e-30 3.02058e-30 3.13796e-30 3.14684e-30 3.15843e-30 3.16731e-30 

          3
          100.0
  0.00001   2.30026e-44 1.03924e-42 2.14212e-40 1.90124e-39 1.26359e-38 2.56865e-38 1.05043e-37 7.64271e-36 
  0.00010   2.29931e-43 1.03998e-41 2.14109e-39 1.88456e-38 1.20856e-37 2.43139e-37 9.48626e-37 4.37605e-35 
  0.00100   2.29816e-42 1.03839e-40 2.12057e-38 1.85420e-37 1.14939e-36 2.28759e-36 8.67146e-36 1.96903e-34 
  0.01000   2.28563e-41 1.02542e-39 2.05875e-37 1.74890e-36 1.02710e-35 2.00427e-35 6.44213e-35 6.03683e-34 
  0.10000   1.90868e-40 8.92909e-39 1.89968e-36 1.24929e-35 4.28115e-35 6.45848e-35 1.23601e-34 2.43273e-34 
  1.00000   1.18547e-39 1.41650e-38 7.43320e-36 2.40863e-35 3.12602e-35 3.36554e-35 3.75533e-35 4.12002e-35 
 10.00000   4.16543e-39 3.16360e-38 8.93121e-36 1.85430e-35 2.17331e-35 2.19920e-35 2.22531e-35 2.24532e-35 
100.00000   1.60420e-39 7.27780e-38 3.23573e-36 4.20625e-36 4.53066e-36 4.55886e-36 4.59566e-36 4.62386e-36 

          3
          150.0
  0.00001   3.13895e-40 4.54219e-39 6.52210e-38 6.06745e-37 4.45295e-36 9.02752e-36 4.47604e-35 5.04649e-33 
  0.00010   3.14553e-39 4.52911e-38 6.52694e-37 6.05891e-36 4.37186e-35 8.70337e-35 3.75384e-34 1.78869e-32 
  0.00100   3.13962e-38 4.53731e-37 6.53210e-36 6.03862e-35 4.21443e-34 8.14848e-34 3.03592e-33 6.49194e-32 
  0.01000   3.13760e-37 4.51349e-36 6.50862e-35 5.68965e-34 3.24841e-33 6.08560e-33 1.86250e-32 1.96047e-31 
  0.10000   2.95772e-36 3.93702e-35 5.61754e-34 3.66221e-33 1.35534e-32 2.10340e-32 4.30737e-32 9.21458e-32 
  1.00000   1.06653e-35 9.90673e-35 2.93660e-33 7.29329e-33 1.04810e-32 1.14214e-32 1.29908e-32 1.45468e-32 
 10.00000   2.56002e-35 1.18463e-34 3.06389e-33 6.47325e-33 7.21535e-33 7.28107e-33 7.34120e-33 7.38730e-33 
100.00000   1.81762e-35 1.69489e-34 1.44294e-33 1.98406e-33 2.08421e-33 2.09318e-33 2.10489e-33 2.11387e-33 

          3
          200.0
  0.00001   3.21846e-38 2.22946e-37 1.07864e-36 1.14197e-35 8.23859e-35 1.57853e-34 8.98465e-34 2.08692e-31 
  0.00010   3.21805e-37 2.22516e-36 1.07993e-35 1.14193e-34 8.20816e-34 1.56263e-33 7.84636e-33 4.34209e-31 
  0.00100   3.21644e-36 2.22823e-35 1.07861e-34 1.14130e-33 8.15130e-33 1.53280e-32 6.55336e-32 1.17089e-30 
  0.01000   3.21860e-35 2.22667e-34 1.07680e-33 1.11363e-32 6.94548e-32 1.17662e-31 3.02925e-31 3.15920e-30 
  0.10000   3.17980e-34 2.13093e-33 9.80124e-33 5.69508e-32 2.19724e-31 3.53562e-31 7.30688e-31 1.69927e-30 
  1.00000   1.52823e-33 7.45051e-33 4.82348e-32 1.17761e-31 1.79732e-31 1.98979e-31 2.29316e-31 2.59181e-31 
 10.00000   2.23884e-33 7.36290e-33 5.41893e-32 1.07193e-31 1.16157e-31 1.16895e-31 1.17566e-31 1.18081e-31 
100.00000   2.32972e-33 7.35398e-33 2.74595e-32 4.00185e-32 4.17600e-32 4.19136e-32 4.20786e-32 4.22051e-32 

          3
          250.0
  0.00001   4.39770e-37 1.77091e-36 5.99847e-36 6.92155e-35 4.84490e-34 9.37656e-34 5.48897e-33 2.31050e-30 
  0.00010   4.39316e-36 1.77222e-35 5.99616e-35 6.92869e-34 4.83845e-33 9.30597e-33 4.82398e-32 3.36005e-30 
  0.00100   4.38489e-35 1.77680e-34 5.99498e-34 6.92489e-33 4.82862e-32 9.20907e-32 4.16316e-31 7.57760e-30 
  0.01000   4.38668e-34 1.77628e-33 5.98988e-33 6.84368e-32 4.43434e-31 7.60617e-31 2.09011e-30 1.58264e-29 
  0.10000   4.36742e-33 1.74569e-32 5.68319e-32 3.73911e-31 1.20714e-30 1.88426e-30 3.75347e-30 9.29723e-30 
  1.00000   2.90259e-32 8.31680e-32 2.55333e-31 5.94216e-31 9.49225e-31 1.05868e-30 1.24019e-30 1.41117e-30 
 10.00000   3.80446e-32 1.15310e-31 2.87535e-31 5.33385e-31 5.65874e-31 5.68252e-31 5.70508e-31 5.72237e-31 
100.00000   4.35699e-32 8.88299e-32 1.57489e-31 2.29452e-31 2.38732e-31 2.39519e-31 2.40341e-31 2.40943e-31 

          3
          300.0
  0.00001   2.02286e-36 5.94076e-36 1.95699e-35 2.30928e-34 1.58574e-33 3.19426e-33 2.05346e-32 1.03022e-29 
  0.00010   2.03472e-35 5.94674e-35 1.95668e-34 2.30876e-33 1.58360e-32 3.17281e-32 1.74965e-31 1.26923e-29 
  0.00100   2.03414e-34 5.95683e-34 1.95597e-33 2.30713e-32 1.57995e-31 3.13651e-31 1.48793e-30 2.60684e-29 
  0.01000   2.03727e-33 5.94906e-33 1.95449e-32 2.28628e-31 1.48059e-30 2.67875e-30 7.95728e-30 4.96562e-29 
  0.10000   2.03018e-32 5.90469e-32 1.88436e-31 1.39156e-30 4.24234e-30 6.07170e-30 1.20657e-29 3.08140e-29 
  1.00000   1.56756e-31 3.56304e-31 7.58761e-31 1.87964e-30 3.06555e-30 3.44691e-30 4.04508e-30 8.05147e-30 
 10.00000   2.59885e-31 4.60558e-31 1.01485e-30 1.51782e-30 1.56421e-30 1.95904e-30 2.58187e-30 2.87848e-30 
100.00000   2.85657e-31 3.70536e-31 5.99459e-31 7.36303e-31 1.02468e-30 1.15089e-30 1.32431e-30 1.46584e-30 

          3
          350.0
  0.00001   5.13070e-36 1.23542e-35 4.51769e-35 5.48216e-34 3.63897e-33 7.73605e-33 5.65159e-32 2.77791e-29 
  0.00010   5.13872e-35 1.23548e-34 4.51362e-34 5.48437e-33 3.62991e-32 7.67008e-32 4.64517e-31 3.22662e-29 
  0.00100   5.13421e-34 1.23425e-33 4.51565e-33 5.48226e-32 3.61561e-31 7.55723e-31 3.84667e-30 6.24698e-29 
  0.01000   5.13803e-33 1.23142e-32 4.51399e-32 5.44031e-31 3.39768e-30 6.52385e-30 2.08492e-29 1.16156e-28 
  0.10000   5.12797e-32 1.22673e-31 4.36074e-31 3.53646e-30 1.09684e-29 1.51858e-29 2.83918e-29 7.52109e-29 
  1.00000   4.22294e-31 9.48702e-31 1.79850e-30 4.50084e-30 7.19067e-30 8.05258e-30 1.11454e-29 5.66380e-29 
 10.00000   6.60802e-31 1.21701e-30 2.36673e-30 3.08541e-30 6.45291e-30 1.21827e-29 1.63203e-29 1.82881e-29 
100.00000   6.52687e-31 1.00551e-30 1.47372e-30 2.94798e-30 6.27977e-30 7.10777e-30 8.21882e-30 9.10518e-30 

          3
          400.0
  0.00001   8.09852e-36 2.07134e-35 7.88679e-35 1.02935e-33 6.72720e-33 1.43783e-32 1.24288e-31 5.58268e-29 
  0.00010   8.04912e-35 2.07081e-34 7.88296e-34 1.02866e-32 6.70642e-32 1.42116e-31 9.69101e-31 6.44893e-29 
  0.00100   8.10742e-34 2.07174e-33 7.88243e-33 1.02861e-31 6.66468e-31 1.39578e-30 7.66658e-30 1.17610e-28 
  0.01000   8.08603e-33 2.07078e-32 7.87867e-32 1.02192e-30 6.25440e-30 1.21604e-29 4.26956e-29 2.33461e-28 
  0.10000   8.06293e-32 2.06251e-31 7.65209e-31 7.02735e-30 2.19615e-29 3.04829e-29 5.84594e-29 1.76424e-28 
  1.00000   5.97411e-31 1.67553e-30 3.53045e-30 8.37047e-30 1.41480e-29 1.74850e-29 4.04721e-29 2.35259e-28 
 10.00000   9.35745e-31 2.73853e-30 4.24343e-30 5.21563e-30 2.25174e-29 4.76084e-29 6.35488e-29 7.13985e-29 
100.00000   9.80280e-31 2.16086e-30 2.74379e-30 1.05517e-29 2.39788e-29 2.72843e-29 3.16294e-29 3.50632e-29 

          3
          600.0
  0.00001   9.73422e-36 4.86901e-35 2.37364e-34 3.76040e-33 2.35938e-32 5.07270e-32 7.52987e-31 2.21001e-28 
  0.00010   9.72184e-35 4.86710e-34 2.36938e-33 3.75909e-32 2.33488e-31 4.93542e-31 4.74236e-30 2.57344e-28 
  0.00100   9.77756e-34 4.87246e-33 2.37260e-32 3.75577e-31 2.30464e-30 4.77118e-30 3.18873e-29 4.40248e-28 
  0.01000   9.75195e-33 4.87150e-32 2.36957e-31 3.72792e-30 2.16952e-29 4.24310e-29 1.77909e-28 1.15249e-27 
  0.10000   9.74942e-32 4.84524e-31 2.31251e-30 2.83219e-29 9.38626e-29 1.39460e-28 2.96669e-28 2.55944e-27 
  1.00000   8.12644e-31 3.87446e-30 1.34682e-29 3.90571e-29 7.74187e-29 2.20527e-28 5.80747e-28 4.85255e-27 
 10.00000   1.48923e-30 7.96654e-30 1.35083e-29 4.73713e-29 3.14663e-28 8.95033e-28 1.19143e-27 1.35988e-27 
100.00000   1.77712e-30 5.46622e-30 1.02933e-29 1.57440e-28 4.24312e-28 4.90989e-28 5.75471e-28 6.36328e-28 

          4
          100.0
  0.00001   8.61852e-45 5.16185e-44 1.60670e-43 1.58264e-42 1.19178e-41 2.32625e-41 9.46663e-41 3.34925e-39 
  0.00010   8.61431e-44 5.15554e-43 1.60740e-42 1.57418e-41 1.16670e-40 2.25433e-40 8.73325e-40 2.61816e-38 
  0.00100   8.62050e-43 5.15547e-42 1.60579e-41 1.55615e-40 1.12602e-39 2.12976e-39 7.83276e-39 1.97090e-37 
  0.01000   8.60935e-42 5.14270e-41 1.58509e-40 1.48154e-39 9.17209e-39 1.65931e-38 5.42636e-38 6.41010e-37 
  0.10000   8.31772e-41 4.79860e-40 1.36160e-39 9.71873e-39 3.79048e-38 6.14001e-38 1.43415e-37 3.38774e-37 
  1.00000   3.21429e-40 2.36112e-39 7.94156e-39 2.09000e-38 3.27404e-38 3.64679e-38 4.12324e-38 4.87937e-38 
 10.00000   4.62404e-40 3.30610e-39 9.10055e-39 1.37186e-38 1.42332e-38 1.43631e-38 1.44788e-38 1.45565e-38 
100.00000   3.83732e-40 1.03291e-39 2.47507e-39 2.83341e-39 3.01453e-39 3.03134e-39 3.05212e-39 3.06671e-39 

          4
          150.0
  0.00001   5.39696e-40 2.61002e-39 8.03730e-39 7.63483e-38 5.89138e-37 1.14633e-36 5.37079e-36 3.10372e-34 
  0.00010   5.39773e-39 2.60777e-38 8.03453e-38 7.62805e-37 5.81184e-36 1.11859e-35 4.73520e-35 1.42631e-33 
  0.00100   5.39909e-38 2.61796e-37 8.03642e-37 7.60975e-36 5.64198e-35 1.06210e-34 4.00185e-34 8.94141e-33 
  0.01000   5.39867e-37 2.61455e-36 8.01260e-36 7.25842e-35 4.30337e-34 7.55810e-34 2.37611e-33 3.98765e-32 
  0.10000   5.28797e-36 2.45428e-35 6.75381e-35 4.34145e-34 2.25221e-33 3.98289e-33 9.60733e-33 2.55829e-32 
  1.00000   2.27450e-35 1.01077e-34 4.35923e-34 1.43175e-33 2.42241e-33 2.68438e-33 3.14196e-33 3.77268e-33 
 10.00000   2.85380e-35 2.02665e-34 6.93997e-34 9.26980e-34 9.54076e-34 9.60255e-34 9.67542e-34 9.72907e-34 
100.00000   1.80196e-35 1.11275e-34 2.35381e-34 2.63706e-34 2.74696e-34 2.75783e-34 2.77154e-34 2.78202e-34 

          4
          200.0
  0.00001   1.25269e-37 5.59821e-37 1.74224e-36 1.65939e-35 1.26917e-34 2.44119e-34 1.21130e-33 1.06180e-31 
  0.00010   1.25321e-36 5.58199e-36 1.74334e-35 1.65872e-34 1.26076e-33 2.39830e-33 1.07261e-32 3.84759e-31 
  0.00100   1.25221e-35 5.61953e-35 1.74277e-34 1.65845e-33 1.24342e-32 2.31721e-32 9.00160e-32 1.91359e-30 
  0.01000   1.25300e-34 5.61242e-34 1.74014e-33 1.61728e-32 1.02181e-31 1.73045e-31 4.94192e-31 8.74632e-30 
  0.10000   1.24088e-33 5.43133e-33 1.52296e-32 9.21415e-32 5.00367e-31 8.84777e-31 2.16810e-30 6.62055e-30 
  1.00000   6.90952e-33 2.99862e-32 9.14142e-32 3.35663e-31 6.04484e-31 6.91953e-31 8.24229e-31 1.00713e-30 
 10.00000   7.60824e-33 6.43676e-32 1.71599e-31 2.13588e-31 2.24114e-31 2.26920e-31 2.28569e-31 2.29659e-31 
100.00000   4.89071e-33 4.28557e-32 6.81422e-32 7.55400e-32 7.74966e-32 7.77633e-32 7.80837e-32 7.83293e-32 

          4
          250.0
  0.00001   3.95710e-36 1.26922e-35 4.11923e-35 4.05689e-34 2.98702e-33 5.65269e-33 3.04116e-32 3.49717e-30 
  0.00010   3.97479e-35 1.26810e-34 4.11805e-34 4.05590e-33 2.97047e-32 5.57864e-32 2.68295e-31 1.05397e-29 
  0.00100   3.98051e-34 1.26914e-33 4.11866e-33 4.05281e-32 2.94275e-31 5.45372e-31 2.23749e-30 4.69222e-29 
  0.01000   3.97988e-33 1.26884e-32 4.11241e-32 3.97290e-31 2.55397e-30 4.41197e-30 1.44554e-29 2.03707e-28 
  0.10000   3.93711e-32 1.23670e-31 3.73171e-31 2.59426e-30 1.18652e-29 2.06545e-29 5.09305e-29 1.71128e-28 
  1.00000   2.34914e-31 8.02169e-31 2.12536e-30 8.11877e-30 1.52897e-29 1.77904e-29 2.17329e-29 2.77123e-29 
 10.00000   2.84394e-31 1.66417e-30 4.37241e-30 5.21954e-30 5.55896e-30 5.59403e-30 5.65945e-30 5.69551e-30 
100.00000   1.95359e-31 1.44975e-30 1.92615e-30 2.13302e-30 2.15356e-30 2.15658e-30 2.16051e-30 2.16353e-30 

          4
          300.0
  0.00001   3.48304e-35 9.88473e-35 3.19232e-34 3.25360e-33 2.30523e-32 4.36070e-32 2.45328e-31 3.47329e-29 
  0.00010   3.47370e-34 9.86838e-34 3.19126e-33 3.25090e-32 2.28449e-31 4.28776e-31 2.13250e-30 8.89797e-29 
  0.00100   3.47837e-33 9.88026e-33 3.19068e-32 3.24910e-31 2.26293e-30 4.19882e-30 1.80042e-29 3.90460e-28 
  0.01000   3.47704e-32 9.87621e-32 3.18691e-31 3.18609e-30 2.00716e-29 3.54876e-29 1.28977e-28 1.55459e-27 
  0.10000   3.46198e-31 9.68463e-31 2.94294e-30 2.30648e-29 9.36507e-29 1.56681e-28 3.94325e-28 1.40235e-27 
  1.00000   2.39662e-30 7.12902e-30 1.65940e-29 6.34756e-29 1.24717e-28 1.46503e-28 1.81665e-28 2.39742e-28 
 10.00000   3.59376e-30 1.46434e-29 3.48339e-29 4.18811e-29 4.46713e-29 4.49797e-29 4.55695e-29 4.61102e-29 
100.00000   2.43995e-30 1.23764e-29 1.67718e-29 1.86014e-29 1.92190e-29 1.93108e-29 1.93848e-29 1.94415e-29 

          4
          350.0
  0.00001   1.54667e-34 4.03622e-34 1.32929e-33 1.37142e-32 9.36339e-32 1.82453e-31 1.07261e-30 1.77838e-28 
  0.00010   1.54683e-33 4.03616e-33 1.32920e-32 1.36936e-31 9.24394e-31 1.76931e-30 8.84920e-30 3.89998e-28 
  0.00100   1.54731e-32 4.03507e-32 1.32901e-31 1.36813e-30 9.14358e-30 1.72123e-29 7.54733e-29 1.70456e-27 
  0.01000   1.54679e-31 4.03102e-31 1.32777e-30 1.33869e-29 8.23302e-29 1.47083e-28 5.67874e-28 6.32653e-27 
  0.10000   1.53515e-30 3.97471e-30 1.23175e-29 1.02057e-28 4.44258e-28 6.46804e-28 1.61488e-27 5.97961e-27 
  1.00000   1.16355e-29 3.17358e-29 7.25598e-29 2.61523e-28 5.29490e-28 6.23450e-28 7.91974e-28 1.06004e-27 
 10.00000   2.18449e-29 7.06021e-29 1.42383e-28 1.76700e-28 1.87727e-28 1.89718e-28 1.93349e-28 1.95928e-28 
100.00000   1.46949e-29 5.44447e-29 7.54036e-29 8.44576e-29 8.84517e-29 8.88824e-29 8.92271e-29 8.94913e-29 

          4
          400.0
  0.00001   4.56189e-34 1.10277e-33 3.69356e-33 3.88781e-32 2.59488e-31 5.13345e-31 3.09019e-30 5.96972e-28 
  0.00010   4.56369e-33 1.10332e-32 3.69420e-32 3.87697e-31 2.54751e-30 4.92263e-30 2.51246e-29 1.16645e-27 
  0.00100   4.56797e-32 1.10287e-31 3.69403e-31 3.87310e-30 2.51238e-29 4.75640e-29 2.06984e-28 4.92593e-27 
  0.01000   4.56615e-31 1.10289e-30 3.68947e-30 3.78455e-29 2.25668e-28 4.08444e-28 1.63180e-27 1.75402e-26 
  0.10000   4.53154e-30 1.08825e-29 3.45284e-29 2.94601e-28 1.37601e-27 1.97235e-27 4.45709e-27 1.70401e-26 
  1.00000   3.42811e-29 9.19371e-29 2.13712e-28 7.30015e-28 1.49890e-27 1.77575e-27 2.28507e-27 3.08060e-27 
 10.00000   8.08336e-29 2.21597e-28 3.90328e-28 5.00596e-28 5.28348e-28 5.36393e-28 5.47665e-28 5.58153e-28 
100.00000   5.49470e-29 1.62096e-28 2.23711e-28 2.56106e-28 2.67361e-28 2.68504e-28 2.69547e-28 2.70306e-28 

          4
          600.0
  0.00001   3.29478e-33 8.12890e-33 2.95140e-32 3.22866e-31 2.07308e-30 4.22255e-30 2.95727e-29 1.00537e-26 
  0.00010   3.30259e-32 8.14303e-32 2.94988e-31 3.20377e-30 1.97447e-29 3.86507e-29 2.15691e-28 1.40395e-26 
  0.00100   3.30404e-31 8.15101e-31 2.94977e-30 3.18920e-29 1.91216e-28 3.61287e-28 1.71256e-27 4.73433e-26 
  0.01000   3.30501e-30 8.15447e-30 2.94800e-29 3.11419e-28 1.76228e-27 3.22141e-27 1.39108e-26 1.63095e-25 
  0.10000   3.30022e-29 8.09948e-29 2.81576e-28 2.59681e-27 1.29845e-26 2.00244e-26 4.40177e-26 1.51420e-25 
  1.00000   3.21722e-28 7.44745e-28 2.08708e-27 6.74246e-27 1.31134e-26 1.58296e-26 2.12896e-26 2.82224e-26 
 10.00000   1.26063e-27 2.46256e-27 3.36340e-27 4.18982e-27 4.52453e-27 4.60038e-27 4.76168e-27 4.87582e-27 
100.00000   9.23561e-28 1.73538e-27 2.14053e-27 2.61245e-27 2.69020e-27 2.69740e-27 2.70628e-27 2.71280e-27 

          5
          100.0
  0.00001   2.35495e-45 2.40915e-45 5.46674e-45 4.28608e-44 2.84742e-43 5.31667e-43 2.30701e-42 6.31257e-41 
  0.00010   2.33219e-45 2.42447e-45 5.38626e-44 4.28951e-43 2.84457e-42 5.31070e-42 2.30474e-41 6.19844e-40 
  0.00100   2.05827e-45 9.82487e-45 5.39839e-43 4.28523e-42 2.83891e-41 5.29532e-41 2.29169e-40 5.87612e-39 
  0.01000   1.47278e-45 9.73908e-44 5.32998e-42 4.21174e-41 2.70085e-40 4.86444e-40 1.95636e-39 2.20137e-38 
  0.10000   1.47329e-44 9.28067e-43 5.03184e-41 3.47637e-40 1.58364e-39 2.42106e-39 4.97157e-39 2.25188e-38 
  1.00000   1.41858e-43 4.87599e-42 2.33146e-40 8.39808e-40 1.43507e-39 2.05426e-39 3.97525e-39 8.57054e-39 
 10.00000   7.05895e-43 1.21955e-41 2.93855e-40 7.04840e-40 1.98300e-39 2.37353e-39 2.93865e-39 3.45496e-39 
100.00000   2.16618e-42 1.55539e-41 1.05189e-40 4.22700e-40 8.63634e-40 9.72190e-40 1.13311e-39 1.25685e-39 

          5
          150.0
  0.00001   2.85016e-42 5.74302e-41 5.04527e-40 4.69529e-39 3.08242e-38 6.15006e-38 3.10113e-37 6.29444e-36 
  0.00010   2.85015e-41 5.74301e-40 5.04535e-39 4.69431e-38 3.06184e-37 6.07148e-37 2.93522e-36 5.46351e-35 
  0.00100   2.85005e-40 5.74153e-39 5.05078e-38 4.69235e-37 3.04957e-36 6.02780e-36 2.86119e-35 5.05410e-34 
  0.01000   2.84581e-39 5.73725e-38 5.04696e-37 4.66121e-36 2.89034e-35 5.53407e-35 2.30632e-34 2.22822e-33 
  0.10000   2.84421e-38 5.65948e-37 4.90543e-36 3.79685e-35 1.66494e-34 2.63633e-34 5.47357e-34 4.12720e-33 
  1.00000   2.60192e-37 3.45533e-36 3.01224e-35 8.86417e-35 2.74661e-34 3.98845e-34 7.32655e-34 1.58774e-33 
 10.00000   8.31567e-37 6.14294e-36 3.29473e-35 1.57783e-34 3.10954e-34 3.57727e-34 3.95780e-34 4.51345e-34 
100.00000   1.65608e-36 5.27579e-36 1.27367e-35 9.61388e-35 1.49403e-34 1.60385e-34 1.75209e-34 1.86206e-34 

          5
          200.0
  0.00001   3.78989e-39 3.52766e-38 1.60215e-37 1.45209e-36 9.79038e-36 1.95517e-35 1.13181e-34 2.77008e-33 
  0.00010   3.80175e-38 3.52745e-37 1.60218e-36 1.45215e-35 9.75596e-35 1.93018e-34 1.03304e-33 1.63600e-32 
  0.00100   3.80171e-37 3.52748e-36 1.60541e-35 1.45176e-34 9.73725e-34 1.91562e-33 9.84856e-33 1.39598e-31 
  0.01000   3.79867e-36 3.52668e-35 1.59898e-34 1.44744e-33 9.46182e-33 1.79521e-32 7.65615e-32 6.91217e-31 
  0.10000   3.79104e-35 3.50139e-34 1.57585e-33 1.22699e-32 5.55563e-32 8.68583e-32 2.04702e-31 1.67891e-30 
  1.00000   3.49244e-34 2.46689e-33 8.51197e-33 3.39556e-32 1.14977e-31 1.64754e-31 3.00854e-31 5.92320e-31 
 10.00000   1.01721e-33 3.99540e-33 8.85929e-33 6.46888e-32 1.06505e-31 1.21490e-31 1.24921e-31 1.44307e-31 
100.00000   1.28834e-33 2.56542e-33 7.25730e-33 4.00342e-32 5.48950e-32 5.76037e-32 6.11660e-32 6.36246e-32 

          5
          250.0
  0.00001   2.45560e-37 1.22065e-36 4.79173e-36 4.18178e-35 2.88350e-34 6.21529e-34 3.60724e-33 1.65841e-31 
  0.00010   2.45301e-36 1.22208e-35 4.79183e-35 4.18205e-34 2.87369e-33 6.12974e-33 3.19296e-32 5.55574e-31 
  0.00100   2.45218e-35 1.22027e-34 4.79277e-34 4.18333e-33 2.86759e-32 6.07970e-32 2.97800e-31 4.08544e-30 
  0.01000   2.45224e-34 1.22145e-33 4.79403e-33 4.17750e-32 2.81037e-31 5.77450e-31 2.32133e-30 2.11751e-29 
  0.10000   2.45070e-33 1.21802e-32 4.72017e-32 3.66485e-31 1.75042e-30 2.75832e-30 7.48565e-30 5.92982e-29 
  1.00000   2.27764e-32 9.57847e-32 2.66300e-31 1.17053e-30 4.15374e-30 5.83466e-30 1.05391e-29 1.99194e-29 
 10.00000   7.31955e-32 1.57204e-31 3.69580e-31 2.31190e-30 3.29808e-30 3.49788e-30 3.74442e-30 4.18944e-30 
100.00000   6.48953e-32 9.67249e-32 3.47643e-31 1.36554e-30 1.73479e-30 1.79869e-30 1.87854e-30 1.93188e-30 

          5
          300.0
  0.00001   3.61748e-36 1.03799e-35 4.30557e-35 3.68085e-34 2.63926e-33 5.80331e-33 3.49148e-32 2.54527e-30 
  0.00010   3.61971e-35 1.03850e-34 4.32061e-34 3.68031e-33 2.62639e-32 5.69912e-32 2.93876e-31 6.90914e-30 
  0.00100   3.61840e-34 1.03822e-33 4.30552e-33 3.68017e-32 2.61919e-31 5.64172e-31 2.67374e-30 3.77991e-29 
  0.01000   3.61758e-33 1.03708e-32 4.30306e-32 3.67684e-31 2.57645e-30 5.39565e-30 2.09914e-29 2.23107e-28 
  0.10000   3.62178e-32 1.03451e-31 4.26058e-31 3.33742e-30 1.65438e-29 2.63536e-29 7.75150e-29 6.09783e-28 
  1.00000   3.41417e-31 8.75979e-31 2.53265e-30 1.20635e-29 4.24437e-29 6.06798e-29 1.07583e-28 1.94258e-28 
 10.00000   1.02879e-30 1.53693e-30 5.33333e-30 2.26995e-29 2.95249e-29 3.09017e-29 3.37281e-29 3.69980e-29 
100.00000   7.82614e-31 1.20244e-30 4.46450e-30 1.34386e-29 1.61888e-29 1.66450e-29 1.71861e-29 1.75338e-29 

          5
          350.0
  0.00001   2.12911e-35 4.79086e-35 1.92156e-34 1.65088e-33 1.23597e-32 2.73743e-32 1.77846e-31 1.68568e-29 
  0.00010   2.13064e-34 4.79194e-34 1.91917e-33 1.65071e-32 1.22796e-31 2.66334e-31 1.37738e-30 4.09147e-29 
  0.00100   2.13066e-33 4.79112e-33 1.91990e-32 1.65041e-31 1.22372e-30 2.62349e-30 1.20666e-29 1.90386e-28 
  0.01000   2.13036e-32 4.79070e-32 1.92701e-31 1.64931e-30 1.20559e-29 2.50917e-29 9.48128e-29 1.20748e-27 
  0.10000   2.12944e-31 4.77694e-31 1.91052e-30 1.52817e-29 7.79169e-29 1.24859e-28 3.93011e-28 3.07791e-27 
  1.00000   2.01614e-30 4.03901e-30 1.21166e-29 6.12749e-29 2.16806e-28 3.10211e-28 5.45282e-28 9.58324e-28 
 10.00000   5.53906e-30 7.14222e-30 3.16510e-29 1.07182e-28 1.33583e-28 1.39934e-28 1.51656e-28 1.65543e-28 
100.00000   4.21878e-30 7.71604e-30 2.67559e-29 6.51051e-29 7.53378e-29 7.69229e-29 7.88093e-29 7.98049e-29 

          5
          400.0
  0.00001   6.87242e-35 1.44858e-34 5.60823e-34 4.87095e-33 3.75439e-32 8.41590e-32 5.89675e-31 6.72392e-29 
  0.00010   6.87897e-34 1.44855e-33 5.60710e-33 4.87112e-32 3.72360e-31 8.09843e-31 4.28145e-30 1.50252e-28 
  0.00100   6.89325e-33 1.44811e-32 5.60727e-32 4.87004e-31 3.70706e-30 7.91328e-30 3.58817e-29 6.22160e-28 
  0.01000   6.86676e-32 1.44787e-31 5.60688e-31 4.86546e-30 3.65475e-29 7.52621e-29 2.79037e-28 4.02220e-27 
  0.10000   6.88261e-31 1.44485e-30 5.56611e-30 4.54697e-29 2.36849e-28 3.83646e-28 1.24045e-27 1.00075e-26 
  1.00000   6.54088e-30 1.23491e-29 3.75450e-29 1.97494e-28 7.18519e-28 1.02934e-27 1.76472e-27 3.00664e-27 
 10.00000   1.74557e-29 2.01746e-29 1.21214e-28 3.21792e-28 3.97629e-28 4.20392e-28 4.53476e-28 4.85686e-28 
100.00000   1.44494e-29 3.09960e-29 9.87227e-29 2.02541e-28 2.27411e-28 2.30875e-28 2.35269e-28 2.36910e-28 

          5
          600.0
  0.00001   5.37247e-34 1.47817e-33 4.78659e-33 4.28196e-32 3.54639e-31 8.14741e-31 7.05763e-30 1.60666e-27 
  0.00010   5.37264e-33 1.47608e-32 4.78731e-32 4.28103e-31 3.51111e-30 7.74481e-30 4.78695e-29 2.46166e-27 
  0.00100   5.37363e-32 1.47944e-31 4.78576e-31 4.28066e-30 3.47297e-29 7.31887e-29 3.40660e-28 7.94491e-27 
  0.01000   5.37203e-31 1.48044e-30 4.78724e-30 4.27915e-29 3.41884e-28 6.82435e-28 2.52488e-27 4.64339e-26 
  0.10000   5.36968e-30 1.48006e-29 4.76038e-29 4.08868e-28 2.35291e-27 3.85100e-27 1.23239e-26 1.28569e-25 
  1.00000   5.15428e-29 1.32009e-28 3.51151e-28 2.10251e-27 9.23246e-27 1.32226e-26 2.20215e-26 3.49148e-26 
 10.00000   1.63443e-28 2.77218e-28 1.80198e-27 3.26142e-27 4.07629e-27 4.26564e-27 4.50844e-27 4.67743e-27 
100.00000   2.07863e-28 6.50822e-28 1.52342e-27 2.15096e-27 2.20349e-27 2.20861e-27 2.38729e-27 3.00189e-27 

          6
          100.0
  0.00001   8.87589e-45 8.59999e-44 9.73350e-43 8.40363e-42 6.38309e-41 1.16550e-40 4.88577e-40 1.42590e-38 
  0.00010   8.85654e-44 8.60147e-43 9.73317e-42 8.31533e-41 6.08073e-40 1.08624e-39 4.24603e-39 1.16123e-37 
  0.00100   8.87006e-43 8.59818e-42 9.72381e-41 8.18984e-40 5.73285e-39 1.01030e-38 3.69046e-38 1.10139e-36 
  0.01000   8.85796e-42 8.55189e-41 9.65109e-40 7.30713e-39 4.62423e-38 8.24171e-38 3.10017e-37 4.78770e-36 
  0.10000   8.63888e-41 6.95854e-40 8.57580e-39 5.52938e-38 3.10078e-37 5.04442e-37 1.11148e-36 2.93937e-36 
  1.00000   3.26412e-40 1.19922e-39 6.23692e-38 1.73778e-37 2.83767e-37 3.18805e-37 3.74036e-37 4.29307e-37 
 10.00000   3.25519e-40 1.68810e-39 7.17496e-38 1.25676e-37 1.33051e-37 1.33764e-37 1.34694e-37 1.35407e-37 
100.00000   1.33263e-40 1.72477e-39 2.27470e-38 2.62741e-38 2.70153e-38 2.72392e-38 2.78137e-38 2.80784e-38 

          6
          150.0
  0.00001   4.33323e-40 9.71366e-39 5.64913e-38 5.63763e-37 4.58719e-36 9.08767e-36 4.47347e-35 1.35631e-33 
  0.00010   4.33576e-39 9.70578e-38 5.64558e-37 5.51985e-36 3.99180e-35 7.12161e-35 2.88124e-34 7.62141e-33 
  0.00100   4.33542e-38 9.70065e-37 5.64252e-36 5.41807e-35 3.64498e-34 6.28913e-34 2.30805e-33 6.16238e-32 
  0.01000   4.33301e-37 9.66043e-36 5.60183e-35 4.86172e-34 2.79808e-33 4.78169e-33 1.86578e-32 3.10724e-31 
  0.10000   4.20660e-36 8.17654e-35 4.85373e-34 3.41411e-33 1.96819e-32 3.22539e-32 7.61466e-32 2.25471e-31 
  1.00000   1.76363e-35 2.79863e-34 3.73709e-33 1.15326e-32 2.07828e-32 2.39039e-32 2.85493e-32 3.37722e-32 
 10.00000   2.12850e-35 4.81860e-34 5.41787e-33 8.87825e-33 9.53932e-33 9.59534e-33 9.66842e-33 9.72443e-33 
100.00000   2.97465e-35 4.81434e-34 2.21752e-33 2.55521e-33 2.60922e-33 2.61742e-33 2.62811e-33 2.63631e-33 

          6
          200.0
  0.00001   1.14151e-37 3.25174e-36 1.35428e-35 1.40766e-34 1.18641e-33 2.79629e-33 2.27431e-32 7.89625e-31 
  0.00010   1.14111e-36 3.25207e-35 1.35395e-34 1.38758e-33 1.05078e-32 2.09681e-32 9.36834e-32 2.08024e-30 
  0.00100   1.14111e-35 3.26040e-34 1.35357e-33 1.36729e-32 9.33945e-32 1.66283e-31 5.92228e-31 1.36214e-29 
  0.01000   1.14093e-34 3.25354e-33 1.34719e-32 1.23660e-31 7.18078e-31 1.21202e-30 4.24595e-30 7.33191e-29 
  0.10000   1.11651e-33 2.77400e-32 1.15099e-31 8.12232e-31 4.56801e-30 7.38738e-30 1.86747e-29 5.89610e-29 
  1.00000   4.43052e-33 1.52645e-31 8.09341e-31 2.80996e-30 5.36343e-30 6.23414e-30 7.70073e-30 9.30080e-30 
 10.00000   7.30781e-33 2.83226e-31 1.40960e-30 2.18810e-30 2.34741e-30 2.36092e-30 2.37854e-30 2.39205e-30 
100.00000   1.83659e-32 2.33377e-31 6.47974e-31 7.65324e-31 7.90224e-31 7.92663e-31 7.95846e-31 7.98285e-31 

          6
          250.0
  0.00001   4.16885e-36 9.86977e-35 3.61168e-34 3.91139e-33 3.13606e-32 8.06862e-32 9.90856e-31 3.86952e-29 
  0.00010   4.17256e-35 9.87392e-34 3.61297e-33 3.85808e-32 2.83827e-31 6.32601e-31 3.58158e-30 7.11247e-29 
  0.00100   4.17317e-34 9.87037e-33 3.61186e-32 3.80975e-31 2.56304e-30 4.93141e-30 1.82526e-29 3.49929e-28 
  0.01000   4.17226e-33 9.87186e-32 3.60027e-31 3.50934e-30 1.99543e-29 3.50570e-29 1.23562e-28 1.83313e-27 
  0.10000   4.07444e-32 8.99488e-31 3.15516e-30 2.35090e-29 1.11255e-28 1.78821e-28 4.75305e-28 1.58593e-27 
  1.00000   1.71868e-31 5.89151e-30 1.94963e-29 7.20160e-29 1.43449e-28 1.66741e-28 2.10089e-28 2.60860e-28 
 10.00000   3.50145e-31 1.25883e-29 3.73451e-29 5.63566e-29 5.97901e-29 6.01422e-29 6.07825e-29 6.12953e-29 
100.00000   8.87302e-31 9.05957e-30 1.85175e-29 2.27031e-29 2.33965e-29 2.34625e-29 2.35485e-29 2.36145e-29 

          6
          300.0
  0.00001   5.18548e-35 8.72544e-34 3.17014e-33 3.60646e-32 2.73810e-31 7.26549e-31 1.32913e-29 6.40463e-28 
  0.00010   5.18170e-34 8.73368e-33 3.16954e-32 3.56126e-31 2.48636e-30 5.75372e-30 4.02049e-29 8.81289e-28 
  0.00100   5.18365e-33 8.72889e-32 3.16845e-31 3.51017e-30 2.23462e-29 4.55872e-29 1.90279e-28 2.95739e-27 
  0.01000   5.18275e-32 8.72513e-31 3.15910e-30 3.26979e-29 1.81635e-28 3.35265e-28 1.20435e-27 1.48677e-26 
  0.10000   5.05933e-31 8.38384e-30 2.80635e-29 2.18539e-28 9.11239e-28 1.43356e-27 3.89266e-27 1.35586e-26 
  1.00000   3.02758e-30 6.34929e-29 1.62859e-28 6.00587e-28 1.22226e-27 1.43453e-27 1.84328e-27 2.31213e-27 
 10.00000   5.93421e-30 1.33790e-28 3.16561e-28 4.70248e-28 4.90908e-28 4.96282e-28 5.03411e-28 5.08926e-28 
100.00000   1.18554e-29 1.00004e-28 1.66192e-28 2.09616e-28 2.15797e-28 2.16349e-28 2.17069e-28 2.17621e-28 

          6
          350.0
  0.00001   3.31112e-34 3.87736e-33 1.44749e-32 1.69013e-31 1.26307e-30 3.37710e-30 8.01644e-29 5.10816e-27 
  0.00010   3.31083e-33 3.87791e-32 1.44594e-31 1.66391e-30 1.14617e-29 2.67322e-29 2.13093e-28 5.92718e-27 
  0.00100   3.31066e-32 3.88010e-31 1.44634e-30 1.63451e-29 1.01037e-28 2.10738e-28 1.01955e-27 1.42066e-26 
  0.01000   3.31013e-31 3.87743e-30 1.44347e-29 1.53767e-28 8.55232e-28 1.66128e-27 6.13789e-27 6.40692e-26 
  0.10000   3.23591e-30 3.75339e-29 1.30635e-28 1.07820e-27 4.39297e-27 6.33853e-27 1.67079e-26 6.00631e-26 
  1.00000   2.25340e-29 3.18814e-28 7.60231e-28 2.63864e-27 5.44269e-27 6.47256e-27 8.35785e-27 1.07180e-26 
 10.00000   4.87366e-29 6.55306e-28 1.43809e-27 2.03867e-27 2.13634e-27 2.16137e-27 2.19067e-27 2.22343e-27 
100.00000   7.56845e-29 5.36485e-28 7.74973e-28 9.95145e-28 1.02297e-27 1.02538e-27 1.02852e-27 1.03093e-27 

          6
          400.0
  0.00001   1.31517e-33 1.16043e-32 4.33281e-32 5.19128e-31 3.83498e-30 1.01365e-29 2.98735e-28 2.37241e-26 
  0.00010   1.31470e-32 1.16165e-31 4.33484e-31 5.09719e-30 3.47270e-29 8.01539e-29 7.20771e-28 2.62005e-26 
  0.00100   1.31545e-31 1.16130e-30 4.32723e-30 4.99795e-29 3.06384e-28 6.44632e-28 3.48195e-27 4.78712e-26 
  0.01000   1.31504e-30 1.16034e-29 4.32022e-29 4.71349e-28 2.63229e-27 5.27596e-27 2.05796e-26 1.86258e-25 
  0.10000   1.28883e-29 1.12604e-28 3.96977e-28 3.54653e-27 1.38855e-26 2.06390e-26 4.81445e-26 1.76509e-25 
  1.00000   9.71180e-29 9.73343e-28 2.37662e-27 7.83146e-27 1.60177e-26 1.92324e-26 2.52053e-26 3.25341e-26 
 10.00000   2.37367e-28 2.13056e-27 4.18321e-27 5.89925e-27 6.25410e-27 6.33336e-27 6.46606e-27 6.57681e-27 
100.00000   3.02045e-28 1.82716e-27 2.39442e-27 3.10821e-27 3.19344e-27 3.20063e-27 3.21001e-27 3.21720e-27 

          6
          600.0
  0.00001   2.61665e-32 1.13396e-31 4.37428e-31 5.48848e-30 3.96452e-29 1.04324e-28 5.48779e-27 7.92706e-25 
  0.00010   2.61601e-31 1.13400e-30 4.37172e-30 5.33776e-29 3.55137e-28 8.25426e-28 1.17891e-26 8.05169e-25 
  0.00100   2.61300e-30 1.13339e-29 4.36809e-29 5.17629e-28 3.13819e-27 6.63607e-27 5.24225e-26 9.08876e-25 
  0.01000   2.61352e-29 1.13309e-28 4.35342e-28 4.87172e-27 2.75593e-26 5.66877e-26 2.93987e-25 1.85561e-24 
  0.10000   2.58478e-28 1.11010e-27 4.08063e-27 4.16210e-26 1.82124e-25 2.76707e-25 5.23716e-25 1.70128e-24 
  1.00000   2.23020e-27 9.99491e-27 2.87679e-26 8.39839e-26 1.64329e-25 1.98066e-25 2.62646e-25 3.57087e-25 
 10.00000   8.17126e-27 2.78326e-26 4.32867e-26 5.92174e-26 6.48973e-26 6.63752e-26 6.87172e-26 7.03489e-26 
100.00000   6.67666e-27 2.24544e-26 2.91436e-26 3.71034e-26 3.81931e-26 3.82729e-26 3.83771e-26 3.84570e-26 

          7
          100.0
  0.00001   9.11370e-45 4.32987e-44 3.59606e-43 3.26784e-42 2.16990e-41 4.61724e-41 2.33592e-40 4.55099e-39 
  0.00010   9.07804e-44 4.32359e-43 3.56597e-42 3.20989e-41 2.08496e-40 4.40590e-40 2.01614e-39 3.11623e-38 
  0.00100   9.04516e-43 4.31579e-42 3.55237e-41 3.17933e-40 2.02184e-39 4.18561e-39 1.81125e-38 2.78319e-37 
  0.01000   8.99549e-42 4.28920e-41 3.49126e-40 2.95206e-39 1.80161e-38 3.69227e-38 1.28873e-37 1.36231e-36 
  0.10000   8.78763e-41 4.04615e-40 3.11122e-39 2.26838e-38 8.19965e-38 1.29109e-37 4.23126e-37 2.01374e-36 
  1.00000   7.79676e-40 2.76466e-39 8.95951e-39 8.05019e-38 1.78513e-37 2.21376e-37 3.10270e-37 4.27697e-37 
 10.00000   1.49002e-39 2.86185e-39 8.67919e-39 9.27804e-38 1.27801e-37 1.31898e-37 1.34566e-37 1.35720e-37 
100.00000   5.37660e-40 7.01651e-40 4.64599e-39 2.31744e-38 2.75037e-38 2.78867e-38 2.80867e-38 2.82400e-38 

          7
          150.0
  0.00001   8.80281e-40 4.42198e-39 3.45841e-38 3.23686e-37 2.91761e-36 6.33530e-36 4.21065e-35 1.32887e-33 
  0.00010   8.80476e-39 4.42702e-38 3.46391e-37 3.14607e-36 2.45514e-35 4.84610e-35 2.13004e-34 4.01594e-33 
  0.00100   8.80894e-38 4.41497e-37 3.45345e-36 3.03443e-35 2.14603e-34 4.12050e-34 1.63423e-33 2.49223e-32 
  0.01000   8.80477e-37 4.38906e-36 3.38586e-35 2.78614e-34 1.73795e-33 3.15167e-33 9.51862e-33 1.36065e-31 
  0.10000   8.44062e-36 4.00332e-35 2.98154e-34 1.70204e-33 6.59604e-33 1.20925e-32 3.68795e-32 1.84090e-31 
  1.00000   6.53680e-35 1.96267e-34 1.08195e-33 6.40919e-33 1.53516e-32 1.94421e-32 2.67950e-32 3.60148e-32 
 10.00000   1.35369e-34 2.04244e-34 1.69687e-33 8.08058e-33 9.23921e-33 9.29002e-33 9.36737e-33 9.42990e-33 
100.00000   7.28576e-35 9.91915e-35 9.85816e-34 2.56057e-33 2.67261e-33 2.67987e-33 2.68933e-33 2.69659e-33 

          7
          200.0
  0.00001   3.96114e-37 2.05834e-36 1.08509e-35 1.09954e-34 1.07276e-33 3.08611e-33 5.49673e-32 1.37535e-30 
  0.00010   3.96243e-36 2.05746e-35 1.08482e-34 1.08775e-33 9.57482e-33 2.22472e-32 1.36769e-31 2.29568e-30 
  0.00100   3.96209e-35 2.05688e-34 1.08462e-33 1.07352e-32 8.17243e-32 1.58652e-31 6.25552e-31 7.71232e-30 
  0.01000   3.96134e-34 2.05446e-33 1.07636e-32 9.72504e-32 6.06550e-31 1.05049e-30 3.04720e-30 3.97495e-29 
  0.10000   3.92416e-33 1.88077e-32 9.11858e-32 5.37783e-31 1.95693e-30 3.55919e-30 1.01692e-29 5.35039e-29 
  1.00000   3.04433e-32 9.05144e-32 4.07177e-31 1.77975e-30 4.43096e-30 5.54794e-30 7.66176e-30 1.00904e-29 
 10.00000   6.97328e-32 7.55999e-32 7.22913e-31 2.10508e-30 2.21626e-30 2.22801e-30 2.24784e-30 2.27113e-30 
100.00000   3.97725e-32 6.35182e-32 4.21683e-31 7.75466e-31 7.94287e-31 7.96034e-31 7.98313e-31 8.00060e-31 

          7
          250.0
  0.00001   1.67283e-35 8.72205e-35 3.67290e-34 3.96408e-33 3.72791e-32 1.22860e-31 5.40476e-30 1.13007e-28 
  0.00010   1.67277e-34 8.70087e-34 3.67105e-33 3.92315e-32 3.26301e-31 9.12491e-31 9.70821e-30 1.33218e-28 
  0.00100   1.67073e-33 8.69302e-33 3.67123e-32 3.88327e-31 2.90018e-30 6.56523e-30 2.88842e-29 2.67265e-28 
  0.01000   1.67066e-32 8.69619e-32 3.66105e-31 3.66448e-30 2.14148e-29 3.72869e-29 1.08094e-28 1.14578e-27 
  0.10000   1.66356e-31 8.39950e-31 3.11695e-30 1.91759e-29 6.20355e-29 1.02590e-28 2.85791e-28 1.54215e-27 
  1.00000   1.34483e-30 4.35995e-30 1.29045e-29 4.98673e-29 1.27227e-28 1.58670e-28 2.19795e-28 2.84995e-28 
 10.00000   2.91651e-30 4.36553e-30 2.60367e-29 5.32694e-29 5.53207e-29 5.58977e-29 5.67060e-29 5.73251e-29 
100.00000   2.13922e-30 3.43003e-30 1.52126e-29 2.26399e-29 2.31527e-29 2.31948e-29 2.32498e-29 2.32919e-29 

          7
          300.0
  0.00001   2.20987e-34 1.00738e-33 3.89245e-33 4.47515e-32 4.16880e-31 1.48359e-30 1.15359e-28 2.09566e-27 
  0.00010   2.21068e-33 1.00764e-32 3.89280e-32 4.43334e-31 3.63810e-30 1.06202e-29 1.77701e-28 2.24062e-27 
  0.00100   2.21108e-32 1.00763e-31 3.89342e-31 4.39841e-30 3.23206e-29 7.74834e-29 4.24505e-28 3.25680e-27 
  0.01000   2.21157e-31 1.00748e-30 3.88564e-30 4.22353e-29 2.42787e-28 4.48890e-28 1.20768e-27 1.03749e-26 
  0.10000   2.20533e-30 9.91812e-30 3.42955e-29 2.10422e-28 7.05531e-28 9.59705e-28 2.58810e-27 1.37523e-26 
  1.00000   1.78060e-29 5.92733e-29 1.23113e-28 4.47605e-28 1.13400e-27 1.42293e-27 1.98248e-27 2.55600e-27 
 10.00000   3.84322e-29 6.93403e-29 2.81757e-28 4.29696e-28 4.53996e-28 4.59453e-28 4.67408e-28 4.73042e-28 
100.00000   3.23106e-29 5.00787e-29 1.60101e-28 2.06744e-28 2.10875e-28 2.11207e-28 2.11640e-28 2.11972e-28 

          7
          350.0
  0.00001   1.37151e-33 5.15794e-33 2.08465e-32 2.45365e-31 2.27897e-30 9.87393e-30 1.01770e-27 1.59621e-26 
  0.00010   1.37155e-32 5.15596e-32 2.08506e-31 2.43654e-30 2.01054e-29 5.97176e-29 1.37260e-27 1.64821e-26 
  0.00100   1.37108e-31 5.15371e-31 2.08482e-30 2.41611e-29 1.80472e-28 4.34262e-28 2.82033e-27 2.05644e-26 
  0.01000   1.37145e-30 5.15471e-30 2.08189e-29 2.33634e-28 1.41229e-27 2.65093e-27 7.57149e-27 4.91412e-26 
  0.10000   1.36761e-29 5.10244e-29 1.89818e-28 1.20199e-27 3.90437e-27 5.25728e-27 1.22283e-26 6.26748e-26 
  1.00000   1.12090e-28 3.55206e-28 6.66401e-28 2.13083e-27 5.26891e-27 6.62335e-27 9.22510e-27 1.18314e-26 
 10.00000   2.59618e-28 4.89889e-28 1.41379e-27 1.85973e-27 1.99005e-27 2.01466e-27 2.05770e-27 2.09318e-27 
100.00000   2.27343e-28 3.37750e-28 8.21189e-28 9.72577e-28 9.89352e-28 9.90729e-28 9.92525e-28 9.93902e-28 

          7
          400.0
  0.00001   5.18442e-33 1.73107e-32 7.04927e-32 8.47145e-31 7.95576e-30 4.24439e-29 5.03243e-27 7.01674e-26 
  0.00010   5.18457e-32 1.73047e-31 7.04646e-31 8.40606e-30 7.08140e-29 2.26758e-28 6.25811e-27 7.14818e-26 
  0.00100   5.18617e-31 1.73028e-30 7.04778e-30 8.35014e-29 6.32619e-28 1.53041e-27 1.15225e-26 8.37463e-26 
  0.01000   5.18571e-30 1.73017e-29 7.03900e-29 8.11488e-28 5.08081e-27 9.62165e-27 2.91355e-26 1.52863e-25 
  0.10000   5.17562e-29 1.71478e-28 6.55889e-28 4.46697e-27 1.36729e-26 1.89293e-26 3.74803e-26 1.88355e-25 
  1.00000   4.33286e-28 1.23440e-27 2.39603e-27 6.85506e-27 1.60878e-26 2.04001e-26 2.82863e-26 3.60983e-26 
 10.00000   1.10566e-27 2.08091e-27 4.47853e-27 5.49335e-27 5.89556e-27 6.00988e-27 6.14061e-27 6.26795e-27 
100.00000   9.74830e-28 1.38421e-27 2.61514e-27 3.03028e-27 3.07411e-27 3.07845e-27 3.08326e-27 3.08695e-27 

          7
          600.0
  0.00001   8.23036e-32 2.20783e-31 9.35004e-31 1.15707e-29 1.12737e-28 1.23751e-27 1.59698e-25 1.86923e-24 
  0.00010   8.23739e-31 2.20821e-30 9.35095e-30 1.14736e-28 9.99870e-28 4.58046e-27 1.75303e-25 1.87442e-24 
  0.00100   8.25648e-30 2.20611e-29 9.34830e-29 1.14046e-27 8.87629e-27 2.42252e-26 2.45536e-25 1.93930e-24 
  0.01000   8.25288e-29 2.20631e-28 9.34463e-28 1.11625e-26 7.38860e-26 1.49301e-25 5.68483e-25 2.27435e-24 
  0.10000   8.24588e-28 2.19394e-27 8.95008e-27 7.51372e-26 2.38534e-25 3.27479e-25 5.79639e-25 1.90314e-24 
  1.00000   7.61804e-27 1.73249e-26 3.93099e-26 9.57375e-26 1.96690e-25 2.40878e-25 3.15174e-25 4.15306e-25 
 10.00000   2.63725e-26 4.20187e-26 4.99391e-26 6.12391e-26 6.65202e-26 6.78665e-26 7.01171e-26 7.80700e-26 
100.00000   2.44809e-26 2.87835e-26 3.48589e-26 3.70003e-26 3.72594e-26 3.72793e-26 3.73270e-26 3.73807e-26 

          8
          100.0
  0.00001   2.49628e-45 1.49947e-44 2.22049e-43 6.98355e-42 6.60908e-41 1.48652e-40 1.10162e-39 6.87370e-38 
  0.00010   1.85335e-44 1.49837e-43 2.20069e-42 6.62322e-41 5.28740e-40 1.06897e-39 4.73602e-39 1.40946e-37 
  0.00100   1.85020e-43 1.49712e-42 2.17929e-41 6.28357e-40 4.45097e-39 8.54060e-39 2.97500e-38 5.22717e-37 
  0.01000   1.84783e-42 1.48295e-41 2.01371e-40 5.33088e-39 2.82735e-38 4.91045e-38 1.39848e-37 1.69524e-36 
  0.10000   1.77868e-41 1.19140e-40 1.16959e-39 2.63081e-38 1.19391e-37 1.83686e-37 4.41881e-37 1.21995e-36 
  1.00000   1.12033e-40 3.44708e-40 1.84856e-39 7.50897e-38 2.04070e-37 2.43981e-37 2.89054e-37 3.73529e-37 
 10.00000   1.34839e-40 4.33092e-40 2.53641e-39 7.54240e-38 1.89511e-37 2.20444e-37 2.65429e-37 3.17742e-37 
100.00000   6.33312e-41 1.59518e-40 1.19815e-39 4.08834e-38 1.14883e-37 1.39647e-37 1.78308e-37 2.26493e-37 

          8
          150.0
  0.00001   1.03479e-39 5.87193e-39 5.75950e-38 9.94924e-37 1.19976e-35 3.68949e-35 5.81538e-34 2.61776e-32 
  0.00010   1.03352e-38 5.86979e-38 5.73307e-37 9.35914e-36 8.92776e-35 2.03348e-34 1.19274e-33 3.27437e-32 
  0.00100   1.03431e-37 5.86836e-37 5.70835e-36 8.78079e-35 6.72716e-34 1.28899e-33 4.81475e-33 7.01362e-32 
  0.01000   1.03424e-36 5.84317e-36 5.49410e-35 7.27461e-34 4.30639e-33 7.18031e-33 1.96063e-32 1.13420e-31 
  0.10000   9.89521e-36 5.18158e-35 3.79175e-34 3.16269e-33 9.90904e-33 1.51248e-32 2.80694e-32 8.96686e-32 
  1.00000   6.42490e-35 1.87413e-34 7.29680e-34 6.53247e-33 1.33145e-32 1.47517e-32 1.81474e-32 2.54978e-32 
 10.00000   1.02587e-34 2.27371e-34 1.09678e-33 6.37963e-33 1.30510e-32 1.50012e-32 1.82125e-32 2.19916e-32 
100.00000   6.12972e-35 7.96070e-35 5.11747e-34 5.26553e-33 1.25275e-32 1.47250e-32 1.79911e-32 2.17913e-32 

          8
          200.0
  0.00001   7.28303e-37 3.55603e-36 2.91567e-35 4.91600e-34 7.35396e-33 3.09858e-32 6.52016e-31 1.90673e-29 
  0.00010   7.28758e-36 3.55479e-35 2.91330e-34 4.66064e-33 4.92017e-32 1.30449e-31 9.50506e-31 2.08085e-29 
  0.00100   7.30073e-35 3.56025e-34 2.91015e-33 4.36084e-32 3.28481e-31 6.76550e-31 2.66955e-30 3.19809e-29 
  0.01000   7.31526e-34 3.55090e-33 2.82341e-32 3.52066e-31 1.97591e-30 3.48690e-30 9.49084e-30 4.77089e-29 
  0.10000   7.00861e-33 3.21001e-32 2.01226e-31 1.48663e-30 4.28736e-30 5.78795e-30 1.13955e-29 3.49750e-29 
  1.00000   4.12302e-32 1.45417e-31 4.87160e-31 2.38431e-30 4.94504e-30 5.86366e-30 7.63655e-30 1.22903e-29 
 10.00000   8.15443e-32 1.87350e-31 6.77272e-31 2.33324e-30 4.54419e-30 5.15152e-30 6.32198e-30 7.40940e-30 
100.00000   5.90785e-32 7.66678e-32 3.82796e-31 2.06354e-30 4.20480e-30 4.80215e-30 5.66159e-30 6.61873e-30 

          8
          250.0
  0.00001   3.63303e-35 1.62441e-34 1.24540e-33 2.13481e-32 3.68097e-31 1.94787e-30 4.54040e-29 1.11069e-27 
  0.00010   3.63250e-34 1.62404e-33 1.24389e-32 2.02086e-31 2.38083e-30 6.84459e-30 5.93582e-29 1.14488e-27 
  0.00100   3.63489e-33 1.62304e-32 1.24382e-31 1.91491e-30 1.50195e-29 3.17838e-29 1.35843e-28 1.35949e-27 
  0.01000   3.63367e-32 1.62113e-31 1.22169e-30 1.56715e-29 8.53918e-29 1.51663e-28 4.06445e-28 1.97108e-27 
  0.10000   3.56030e-31 1.50406e-30 9.16337e-30 6.36334e-29 1.81107e-28 2.43151e-28 4.62225e-28 1.21492e-27 
  1.00000   2.14989e-30 7.44577e-30 2.31434e-29 8.91221e-29 1.84242e-28 2.33016e-28 3.45966e-28 5.88294e-28 
 10.00000   4.46475e-30 1.01996e-29 3.01039e-29 1.06503e-28 1.65509e-28 1.83169e-28 2.25698e-28 2.52363e-28 
100.00000   3.57548e-30 4.63506e-30 2.05651e-29 7.54272e-29 1.37130e-28 1.53340e-28 1.76135e-28 2.00637e-28 

          8
          300.0
  0.00001   4.59938e-34 1.97077e-33 1.53595e-32 2.64364e-31 5.41264e-30 3.40539e-29 8.97635e-28 1.52753e-26 
  0.00010   4.59333e-33 1.97065e-32 1.53392e-31 2.49898e-30 3.19672e-29 9.71097e-29 1.04524e-27 1.54975e-26 
  0.00100   4.59811e-32 1.97057e-31 1.53306e-30 2.34725e-29 1.97621e-28 4.29426e-28 1.91481e-27 1.80182e-26 
  0.01000   4.59461e-31 1.96841e-30 1.50910e-29 1.97908e-28 1.08916e-27 1.92927e-27 5.07264e-27 2.33766e-26 
  0.10000   4.53217e-30 1.83269e-29 1.16165e-28 8.04852e-28 2.26666e-27 2.99991e-27 5.44376e-27 1.38224e-26 
  1.00000   3.03857e-29 9.31307e-29 2.95535e-28 1.01471e-27 2.13772e-27 2.84242e-27 4.39022e-27 7.27951e-27 
 10.00000   6.40491e-29 1.38071e-28 3.81071e-28 1.32830e-27 1.84197e-27 2.00790e-27 2.43150e-27 2.63595e-27 
100.00000   5.49185e-29 6.74544e-29 2.90519e-28 8.41973e-28 1.40579e-27 1.54707e-27 1.74065e-27 1.94368e-27 

          8
          350.0
  0.00001   2.62761e-33 1.11543e-32 8.94243e-32 1.58782e-30 4.11626e-29 2.88284e-28 7.71937e-27 1.09327e-25 
  0.00010   2.62486e-32 1.11523e-31 8.92249e-31 1.48713e-29 2.03054e-28 6.69803e-28 8.52797e-27 1.10102e-25 
  0.00100   2.62491e-31 1.11426e-30 8.90904e-30 1.39366e-28 1.19251e-27 2.64577e-27 1.31008e-26 1.14016e-25 
  0.01000   2.62526e-30 1.11356e-29 8.79074e-29 1.19631e-27 6.67690e-27 1.17434e-26 3.05152e-26 1.34934e-25 
  0.10000   2.59497e-29 1.03621e-28 7.04593e-28 5.01410e-27 1.35933e-26 1.78422e-26 3.06952e-26 7.95011e-26 
  1.00000   2.00116e-28 5.52756e-28 1.80251e-27 5.84477e-27 1.26976e-26 1.68798e-26 2.51835e-26 4.17755e-26 
 10.00000   4.26138e-28 8.44528e-28 2.32231e-27 7.69267e-27 1.07705e-26 1.10911e-26 1.30838e-26 1.39407e-26 
100.00000   3.74039e-28 4.36140e-28 1.90393e-27 4.75362e-27 7.44559e-27 8.09403e-27 8.95835e-27 9.84452e-27 

          8
          400.0
  0.00001   9.17635e-33 3.96025e-32 3.26558e-31 5.94043e-30 1.99386e-28 1.43835e-27 3.82821e-26 4.70548e-25 
  0.00010   9.16913e-32 3.96037e-31 3.25349e-30 5.55964e-29 8.03179e-28 2.79541e-27 4.12607e-26 4.71947e-25 
  0.00100   9.16933e-31 3.95565e-30 3.24556e-29 5.17732e-28 4.50593e-27 1.02815e-26 5.81644e-26 4.78003e-25 
  0.01000   9.16882e-30 3.95432e-29 3.19915e-28 4.45288e-27 2.57639e-26 4.51477e-26 1.17538e-25 5.02199e-25 
  0.10000   9.06938e-29 3.69954e-28 2.64681e-27 1.95773e-26 5.13605e-26 6.64525e-26 1.09349e-25 2.93571e-25 
  1.00000   7.64251e-28 2.04142e-27 6.87513e-27 2.21610e-26 4.82788e-26 6.28156e-26 8.86372e-26 1.56359e-25 
 10.00000   1.72193e-27 3.07451e-27 8.75890e-27 2.85437e-26 3.90689e-26 4.08831e-26 4.55521e-26 4.90944e-26 
100.00000   1.50239e-27 1.73085e-27 7.68487e-27 1.74254e-26 2.60374e-26 2.80076e-26 3.06351e-26 3.32409e-26 

          8
          600.0
  0.00001   1.20516e-31 5.72102e-31 5.17285e-30 1.04456e-28 8.34209e-27 5.91344e-26 1.21942e-24 1.14223e-23 
  0.00010   1.20573e-30 5.72192e-30 5.12775e-29 9.53079e-28 1.90413e-26 8.05505e-26 1.24957e-24 1.14097e-23 
  0.00100   1.20549e-29 5.71931e-29 5.09271e-28 8.61167e-27 8.26089e-26 2.01751e-25 1.48805e-24 1.12832e-23 
  0.01000   1.20532e-28 5.71385e-28 4.99874e-27 7.46017e-26 4.70950e-25 8.76572e-25 2.50680e-24 9.91345e-24 
  0.10000   1.19809e-27 5.41138e-27 4.33302e-26 4.04880e-25 1.05721e-24 1.33536e-24 2.07997e-24 5.38018e-24 
  1.00000   1.07549e-26 3.43738e-26 1.31019e-25 4.96112e-25 9.33363e-25 1.06839e-24 1.32662e-24 2.56261e-24 
 10.00000   3.50698e-26 4.97175e-26 1.79843e-25 5.49027e-25 7.10909e-25 7.32881e-25 7.60792e-25 8.44705e-25 
100.00000   2.95405e-26 3.68966e-26 1.75305e-25 3.35557e-25 4.61407e-25 4.86252e-25 5.17466e-25 5.45149e-25 

          9
          100.0
  0.00001   1.74825e-41 4.50219e-40 2.02861e-39 3.54382e-38 4.01887e-37 1.26947e-36 1.14804e-35 2.93311e-34 
  0.00010   1.73893e-40 4.47342e-39 1.97116e-38 3.04766e-37 2.34021e-36 5.22829e-36 3.21057e-35 3.90420e-34 
  0.00100   1.72926e-39 4.44036e-38 1.93686e-37 2.70038e-36 1.62507e-35 3.24963e-35 1.55316e-34 1.33203e-33 
  0.01000   1.69183e-38 4.36270e-37 1.81030e-36 1.93948e-35 9.14035e-35 1.58194e-34 6.15580e-34 4.28138e-33 
  0.10000   1.59898e-37 3.70570e-36 1.22874e-35 9.24008e-35 2.96961e-34 4.28465e-34 7.76259e-34 2.22407e-33 
  1.00000   5.41768e-37 2.27198e-35 5.21919e-35 1.14216e-34 1.82777e-34 2.17773e-34 4.83936e-34 1.72467e-33 
 10.00000   6.84464e-37 2.48532e-35 5.46717e-35 1.34403e-34 1.96460e-34 2.14227e-34 2.32273e-34 2.39334e-34 
100.00000   5.41874e-37 7.67753e-36 2.20536e-35 3.70479e-35 1.00397e-34 1.22912e-34 1.61006e-34 2.11454e-34 

          9
          150.0
  0.00001   8.01826e-37 9.01623e-36 5.12549e-35 1.27951e-33 2.09628e-32 6.93483e-32 6.01224e-31 1.14244e-29 
  0.00010   7.98217e-36 8.83331e-35 4.76034e-34 8.45560e-33 7.76605e-32 1.89014e-31 1.03854e-30 1.29792e-29 
  0.00100   7.95172e-35 8.65834e-34 4.49658e-33 6.48885e-32 4.19111e-31 8.31112e-31 3.60276e-30 3.62703e-29 
  0.01000   7.74207e-34 8.29510e-33 4.07442e-32 4.30892e-31 2.03938e-30 3.72537e-30 1.52814e-29 9.97774e-29 
  0.10000   6.78508e-33 6.58982e-32 2.58542e-31 1.96455e-30 7.51259e-30 1.07898e-29 2.01548e-29 4.98411e-29 
  1.00000   3.06280e-32 4.20290e-31 1.16214e-30 2.90543e-30 4.87584e-30 5.57960e-30 8.56185e-30 4.12456e-29 
 10.00000   5.00957e-32 6.98489e-31 1.35575e-30 3.08361e-30 4.32365e-30 5.16764e-30 6.15145e-30 6.55615e-30 
100.00000   4.27478e-32 2.84764e-31 7.37747e-31 1.07086e-30 1.76939e-30 1.97472e-30 2.31099e-30 2.72408e-30 

          9
          200.0
  0.00001   1.94641e-34 1.38831e-33 1.04150e-32 4.07484e-31 8.72553e-30 2.49991e-29 1.77399e-28 3.22774e-27 
  0.00010   1.94404e-33 1.36499e-32 9.18959e-32 1.94901e-30 1.94620e-29 4.58607e-29 2.35791e-28 3.50700e-27 
  0.00100   1.94135e-32 1.33484e-31 8.25477e-31 1.17110e-29 7.46719e-29 1.53025e-28 6.00255e-28 6.58981e-27 
  0.01000   1.90225e-31 1.24503e-30 6.90696e-30 7.11248e-29 3.49000e-28 6.23467e-28 2.30261e-27 1.43558e-26 
  0.10000   1.54345e-30 9.17270e-30 4.06608e-29 3.00260e-28 1.15760e-27 1.70327e-27 3.23128e-27 8.38629e-27 
  1.00000   7.94735e-30 5.05603e-29 1.74140e-28 4.64688e-28 8.40337e-28 9.61892e-28 1.26542e-27 6.10512e-27 
 10.00000   1.52208e-29 1.06851e-28 2.18315e-28 4.85413e-28 6.27425e-28 7.88971e-28 1.01718e-27 1.12330e-27 
100.00000   1.14207e-29 5.14810e-29 1.40169e-28 2.05730e-28 2.98359e-28 3.23265e-28 3.62607e-28 4.09306e-28 

          9
          250.0
  0.00001   5.55636e-33 3.08846e-32 2.74361e-31 1.84468e-29 4.07148e-28 1.10951e-27 6.72567e-27 1.19106e-25 
  0.00010   5.55134e-32 3.06008e-31 2.39665e-30 6.36417e-29 6.87484e-28 1.56659e-27 7.58860e-27 1.22648e-25 
  0.00100   5.54657e-31 3.02555e-30 2.09441e-29 3.10390e-28 1.92720e-27 3.81557e-27 1.42226e-26 1.61578e-25 
  0.01000   5.49622e-30 2.85695e-29 1.67334e-28 1.63162e-27 8.17194e-27 1.47513e-26 4.78004e-26 2.84743e-25 
  0.10000   4.33424e-29 1.92031e-28 8.98463e-28 6.48473e-27 2.36917e-26 3.52419e-26 6.57620e-26 1.78345e-25 
  1.00000   2.08104e-28 9.09428e-28 3.57783e-27 9.55948e-27 1.77215e-26 2.09913e-26 2.70274e-26 1.16195e-25 
 10.00000   4.63192e-28 2.04994e-27 5.17848e-27 9.88672e-27 1.21306e-26 1.54734e-26 2.14416e-26 2.44943e-26 
100.00000   3.16642e-28 1.10327e-27 3.24347e-27 4.76459e-27 6.47261e-27 6.91270e-27 7.59256e-27 8.38610e-27 

          9
          300.0
  0.00001   5.02403e-32 2.62989e-31 2.54148e-30 2.76765e-28 6.28846e-27 1.59008e-26 8.15071e-26 1.25906e-24 
  0.00010   5.02010e-31 2.60531e-30 2.17071e-29 7.54714e-28 8.29960e-27 1.90469e-26 8.67643e-26 1.28622e-24 
  0.00100   5.01769e-30 2.59096e-29 1.90162e-28 3.03667e-27 1.92378e-26 3.70239e-26 1.30892e-25 1.46956e-24 
  0.01000   4.99767e-29 2.49643e-28 1.49660e-27 1.44090e-26 6.90356e-26 1.22234e-25 3.86941e-25 2.17449e-24 
  0.10000   4.14837e-28 1.63367e-27 7.40209e-27 5.29540e-26 1.77998e-25 2.60388e-25 4.84744e-25 1.29534e-24 
  1.00000   1.79452e-27 6.52947e-27 2.68705e-26 7.45651e-26 1.29065e-25 1.57322e-25 2.03160e-25 8.06340e-25 
 10.00000   4.32356e-27 1.42589e-26 4.01807e-26 7.23924e-26 8.50688e-26 1.08103e-25 1.59108e-25 1.87174e-25 
100.00000   2.86264e-27 8.28734e-27 2.65209e-26 3.81142e-26 4.95121e-26 5.24048e-26 5.68239e-26 6.19781e-26 

          9
          350.0
  0.00001   2.35350e-31 1.28427e-30 1.29169e-29 2.00798e-27 4.64483e-26 1.11998e-25 5.21560e-25 6.45291e-24 
  0.00010   2.35297e-30 1.27422e-29 1.07292e-28 4.55652e-27 5.52334e-26 1.22637e-25 5.35641e-25 6.49926e-24 
  0.00100   2.35475e-29 1.26396e-28 9.32980e-28 1.62230e-26 1.07197e-25 2.04470e-25 7.18019e-25 6.94075e-24 
  0.01000   2.35029e-28 1.22781e-27 7.37437e-27 7.11229e-26 3.26471e-25 5.64467e-25 1.68769e-24 8.51678e-24 
  0.10000   2.02024e-27 7.98317e-27 3.51072e-26 2.36930e-25 7.46633e-25 1.06735e-24 1.96234e-24 5.16320e-24 
  1.00000   8.78108e-27 2.85586e-26 1.14254e-25 3.32630e-25 5.44236e-25 6.36222e-25 8.48123e-25 3.07413e-24 
 10.00000   2.05671e-26 5.59212e-26 1.68786e-25 2.92921e-25 3.39323e-25 4.18475e-25 6.45664e-25 7.78798e-25 
100.00000   1.37197e-26 3.49052e-26 1.19213e-25 1.66313e-25 2.08547e-25 2.19309e-25 2.35731e-25 2.54708e-25 

          9
          400.0
  0.00001   7.22672e-31 4.22133e-30 4.48849e-29 8.92737e-27 2.10990e-25 4.90440e-25 2.13420e-24 2.20043e-23 
  0.00010   7.22674e-30 4.18389e-29 3.62387e-28 1.74870e-26 2.35031e-25 5.18110e-25 2.16959e-24 2.20661e-23 
  0.00100   7.22554e-29 4.15292e-28 3.09174e-27 5.68190e-26 3.93295e-25 7.61606e-25 2.56445e-24 2.24933e-23 
  0.01000   7.20586e-28 4.04699e-27 2.46506e-26 2.42365e-25 1.06709e-24 1.79309e-24 4.95580e-24 2.33932e-23 
  0.10000   6.46730e-27 2.72031e-26 1.17182e-25 7.29862e-25 2.16729e-24 3.01852e-24 5.43869e-24 1.39458e-23 
  1.00000   2.89485e-26 8.95868e-26 3.42689e-25 9.82639e-25 1.61589e-24 1.83061e-24 2.42238e-24 8.02817e-24 
 10.00000   6.51601e-26 1.58968e-25 4.85201e-25 8.49479e-25 9.47922e-25 1.12142e-24 1.79226e-24 2.20432e-24 
100.00000   4.43104e-26 1.03995e-25 3.65924e-25 4.97220e-25 6.04814e-25 6.32774e-25 6.75109e-25 7.24291e-25 

          9
          600.0
  0.00001   8.90625e-30 6.11908e-29 7.27926e-28 2.57989e-25 7.05605e-24 1.66690e-23 5.52544e-23 2.95407e-22 
  0.00010   8.89630e-29 6.01908e-28 5.63301e-27 3.85420e-25 7.33853e-24 1.68388e-23 5.53305e-23 2.94473e-22 
  0.00100   8.89342e-28 5.93843e-27 4.61639e-26 9.53891e-25 8.93813e-24 1.83417e-23 5.62245e-23 2.87096e-22 
  0.01000   8.88116e-27 5.76953e-26 3.68784e-25 3.94554e-24 1.76015e-23 2.76996e-23 6.29772e-23 2.36595e-22 
  0.10000   8.19029e-26 4.43065e-25 1.94955e-24 9.90384e-24 2.51135e-23 3.33479e-23 5.31596e-23 1.14883e-22 
  1.00000   4.53379e-25 1.42950e-24 4.04701e-24 1.12327e-23 1.85248e-23 2.06802e-23 2.50508e-23 5.63454e-23 
 10.00000   9.02382e-25 2.00925e-24 4.97223e-24 9.76466e-24 1.24429e-23 1.33740e-23 1.57563e-23 2.01734e-23 
100.00000   6.52423e-25 1.48218e-24 4.43391e-24 6.03549e-24 6.55212e-24 6.75791e-24 7.07168e-24 7.44233e-24 

         10
          100.0
  0.00001   1.48651e-38 1.24168e-36 7.12621e-35 1.42565e-33 1.62704e-32 4.37819e-32 3.79392e-31 1.24290e-29 
  0.00010   1.46270e-37 1.15669e-35 6.73998e-34 1.13306e-32 1.03157e-31 2.32267e-31 1.44580e-30 2.24985e-29 
  0.00100   1.44400e-36 1.07628e-34 6.49108e-33 9.66439e-32 7.57918e-31 1.58186e-30 7.55813e-30 9.44869e-29 
  0.01000   1.36087e-35 9.39101e-34 6.03073e-32 7.61596e-31 4.59349e-30 8.21769e-30 3.71609e-29 4.85232e-28 
  0.10000   1.00050e-34 5.95504e-33 4.89761e-31 3.79150e-30 1.96651e-29 3.37390e-29 9.65840e-29 4.57483e-28 
  1.00000   3.26093e-34 2.03852e-32 2.20537e-30 1.08541e-29 1.95353e-29 2.34897e-29 8.34576e-29 2.69177e-28 
 10.00000   4.78955e-34 2.49676e-32 2.45148e-30 1.03202e-29 2.96151e-29 3.68829e-29 4.42280e-29 4.66299e-29 
100.00000   5.59401e-34 2.18525e-32 8.19941e-31 3.92249e-30 5.78426e-30 5.86717e-30 5.96089e-30 6.03273e-30 

         10
          150.0
  0.00001   1.47170e-34 4.66344e-33 6.63353e-32 1.67018e-30 2.43768e-29 6.60492e-29 6.43237e-28 1.04004e-26 
  0.00010   1.44041e-33 4.19669e-32 5.68963e-31 1.03424e-29 9.46067e-29 2.24882e-28 1.45428e-27 1.46060e-26 
  0.00100   1.40934e-32 3.87400e-31 5.12955e-30 7.57454e-29 5.79839e-28 1.20907e-27 5.39508e-27 5.40055e-26 
  0.01000   1.33497e-31 3.34850e-30 4.54412e-29 5.42776e-28 3.18026e-27 5.87904e-27 2.63701e-26 3.18166e-25 
  0.10000   9.75932e-31 2.29561e-29 3.38453e-28 2.56470e-27 1.39287e-26 2.56960e-26 7.60300e-26 3.28284e-25 
  1.00000   4.91888e-30 6.94900e-29 2.13522e-27 7.50419e-27 1.54987e-26 1.86184e-26 6.01632e-26 2.07359e-25 
 10.00000   5.51577e-30 8.27113e-29 3.14089e-27 7.01115e-27 2.14188e-26 2.97672e-26 4.15319e-26 4.60137e-26 
100.00000   5.28938e-30 9.15732e-29 1.29597e-27 4.36107e-27 5.96731e-27 6.04839e-27 6.12105e-27 6.17675e-27 

         10
          200.0
  0.00001   1.64794e-32 3.16139e-31 2.92978e-30 1.00516e-28 1.70158e-27 5.03863e-27 3.86807e-26 4.04247e-25 
  0.00010   1.59399e-31 2.76337e-30 2.13377e-29 4.17380e-28 4.44728e-27 1.11242e-26 5.91025e-26 4.36956e-25 
  0.00100   1.54592e-30 2.47777e-29 1.73545e-28 2.53307e-27 1.93336e-26 3.91001e-26 1.63586e-25 1.14278e-24 
  0.01000   1.45802e-29 2.16007e-28 1.45581e-27 1.66423e-26 8.88219e-26 1.56746e-25 6.63723e-25 7.30656e-24 
  0.10000   1.06297e-28 1.55864e-27 9.32736e-27 6.41847e-26 3.52835e-25 6.75280e-25 2.03721e-24 8.39006e-24 
  1.00000   5.19469e-28 5.29287e-27 5.05668e-26 1.93465e-25 4.24560e-25 5.10513e-25 1.62699e-24 5.30804e-24 
 10.00000   6.99315e-28 8.00290e-27 1.04040e-25 1.62473e-25 5.14843e-25 7.73170e-25 1.25726e-24 1.44994e-24 
100.00000   6.74525e-28 6.21330e-27 4.81379e-26 1.41513e-25 1.95039e-25 1.98499e-25 2.02052e-25 2.04447e-25 

         10
          250.0
  0.00001   2.86458e-31 3.75330e-30 3.95319e-29 1.90153e-27 2.96794e-26 9.25327e-26 5.75266e-25 4.08358e-24 
  0.00010   2.80565e-30 3.36379e-29 2.41848e-28 5.16279e-27 5.81769e-26 1.47452e-25 6.95146e-25 4.24093e-24 
  0.00100   2.71340e-29 3.01170e-28 1.71987e-27 2.43384e-26 1.86210e-25 3.81722e-25 1.42467e-24 7.95535e-24 
  0.01000   2.53854e-28 2.56924e-27 1.31252e-26 1.45080e-25 7.18453e-25 1.22615e-24 4.56245e-24 4.37706e-23 
  0.10000   1.86675e-27 1.77757e-26 8.17544e-26 4.88865e-25 2.34466e-24 4.50575e-24 1.38578e-23 5.31892e-23 
  1.00000   8.93975e-27 6.87307e-26 3.38935e-25 1.32058e-24 2.99003e-24 3.68614e-24 1.14282e-23 3.45124e-23 
 10.00000   1.30299e-26 1.26883e-25 7.89525e-25 1.01565e-24 3.17467e-24 5.01810e-24 9.30443e-24 1.11938e-23 
100.00000   1.27212e-26 8.05379e-26 3.96545e-25 1.10397e-24 1.57327e-24 1.61588e-24 1.65676e-24 1.68877e-24 

         10
          300.0
  0.00001   1.94468e-30 1.89872e-29 2.83560e-28 1.84637e-26 2.56374e-25 7.67134e-25 3.82206e-24 2.32052e-23 
  0.00010   1.90156e-29 1.71250e-28 1.49394e-27 3.65403e-26 3.90353e-25 9.82826e-25 4.11551e-24 2.37143e-23 
  0.00100   1.85284e-28 1.53264e-27 9.20978e-27 1.32289e-25 9.68544e-25 1.97787e-24 6.71261e-24 3.27981e-23 
  0.01000   1.73531e-27 1.27995e-26 6.38631e-26 6.82708e-25 3.23981e-24 5.42022e-24 1.82573e-23 1.37637e-22 
  0.10000   1.24790e-26 8.89604e-26 3.65406e-25 1.98574e-24 8.21441e-24 1.53568e-23 4.74612e-23 1.70265e-22 
  1.00000   5.98940e-26 3.70585e-25 1.24736e-24 4.67272e-24 1.06908e-23 1.32011e-23 3.57354e-23 1.12725e-22 
 10.00000   9.24619e-26 7.54092e-25 2.87157e-24 3.33464e-24 1.01140e-23 1.63957e-23 3.30830e-23 4.21482e-23 
100.00000   8.94292e-26 4.54213e-25 1.54873e-24 4.19182e-24 6.29933e-24 6.54154e-24 6.77877e-24 6.97929e-24 

         10
          350.0
  0.00001   7.72881e-30 6.69761e-29 1.34466e-27 1.15502e-25 1.44073e-24 3.78300e-24 1.64228e-23 9.18821e-23 
  0.00010   7.55127e-29 5.98263e-28 6.22067e-27 1.83093e-25 1.74982e-24 4.18722e-24 1.69683e-23 9.20167e-23 
  0.00100   7.34347e-28 5.35691e-27 3.45516e-26 5.03589e-25 3.45198e-24 7.01973e-24 2.31983e-23 1.08789e-22 
  0.01000   6.89274e-27 4.47560e-26 2.20103e-25 2.24305e-24 1.01619e-23 1.68918e-23 5.11934e-23 2.99589e-22 
  0.10000   4.83755e-26 2.84837e-25 1.15649e-24 6.16201e-24 2.14633e-23 3.58637e-23 1.09065e-22 3.74338e-22 
  1.00000   2.25745e-25 1.17374e-24 3.37772e-24 1.15465e-23 2.57797e-23 3.19026e-23 7.25008e-23 2.48917e-22 
 10.00000   3.75037e-25 2.63223e-24 6.98019e-24 7.86106e-24 2.29185e-23 3.69351e-23 7.85297e-23 1.04921e-22 
100.00000   3.54792e-25 1.57650e-24 3.99406e-24 1.08193e-23 1.69834e-23 1.78129e-23 1.87011e-23 1.94872e-23 

         10
          400.0
  0.00001   2.12343e-29 1.83733e-28 4.54483e-27 5.07987e-25 5.57533e-24 1.29058e-23 5.15002e-23 2.82297e-22 
  0.00010   2.07256e-28 1.62341e-27 1.88430e-26 6.82676e-25 6.05405e-24 1.34605e-23 5.23438e-23 2.82472e-22 
  0.00100   2.02578e-27 1.44865e-26 1.00752e-25 1.53132e-24 9.64859e-24 1.92121e-23 6.25412e-23 2.87468e-22 
  0.01000   1.91369e-26 1.23068e-25 6.07303e-25 5.79167e-24 2.56308e-23 4.20782e-23 1.16759e-22 5.34468e-22 
  0.10000   1.33495e-25 7.32861e-25 2.90197e-24 1.51084e-23 4.68112e-23 7.04406e-23 1.96003e-22 6.59877e-22 
  1.00000   6.05561e-25 2.69210e-24 7.49761e-24 2.46383e-23 4.90459e-23 6.02993e-23 1.18863e-22 4.33111e-22 
 10.00000   1.05839e-24 6.43109e-24 1.32068e-23 1.53479e-23 4.36529e-23 6.76844e-23 1.45341e-22 2.01858e-22 
100.00000   9.81329e-25 4.01205e-24 8.07677e-24 2.21389e-23 3.60055e-23 3.81018e-23 4.04672e-23 4.26439e-23 

         10
          600.0
  0.00001   2.13021e-28 2.30736e-27 8.83510e-26 1.75773e-23 1.54979e-22 2.85991e-22 8.79851e-22 3.55815e-21 
  0.00010   2.06011e-27 1.94927e-26 2.88002e-25 1.94594e-23 1.56224e-22 2.87079e-22 8.79539e-22 3.54973e-21 
  0.00100   1.99246e-26 1.67296e-25 1.35572e-24 2.89343e-23 1.69340e-22 3.02020e-22 8.92139e-22 3.45917e-21 
  0.01000   1.89051e-25 1.39772e-24 7.88545e-24 7.08377e-23 2.72954e-22 4.30593e-22 9.86591e-22 2.87959e-21 
  0.10000   1.37843e-24 8.92265e-24 3.31069e-23 1.57420e-22 3.75497e-22 5.04967e-22 8.63294e-22 2.02988e-21 
  1.00000   5.68114e-24 2.45358e-23 6.73572e-23 1.70576e-22 2.69806e-22 3.01833e-22 4.59391e-22 1.20405e-21 
 10.00000   1.04933e-23 4.41130e-23 7.59164e-23 1.25661e-22 2.80462e-22 3.40889e-22 5.49010e-22 8.03637e-22 
100.00000   9.35672e-24 3.40531e-23 5.02260e-23 1.40165e-22 2.25212e-22 2.41396e-22 2.61284e-22 2.81350e-22 

         11
          100.0
  0.00001   1.62750e-34 1.04470e-32 5.91632e-30 1.90386e-28 2.02338e-27 4.72733e-27 4.20426e-26 1.68117e-24 
  0.00010   1.59627e-33 9.02143e-32 4.81904e-29 1.64539e-27 1.37027e-26 2.78029e-26 1.45109e-25 3.71398e-24 
  0.00100   1.56731e-32 8.14437e-31 4.21385e-28 1.49581e-26 1.09085e-25 2.04760e-25 8.42892e-25 1.61414e-23 
  0.01000   1.51633e-31 7.16070e-30 3.64429e-27 1.29190e-25 7.48325e-25 1.27719e-24 4.47626e-24 7.09487e-23 
  0.10000   1.33903e-30 4.25727e-29 2.14329e-26 8.21950e-25 3.80872e-24 6.58805e-24 1.86736e-23 7.18569e-23 
  1.00000   8.81736e-30 5.75973e-29 5.12465e-26 3.83140e-24 7.81929e-24 9.16301e-24 1.15039e-23 2.53757e-23 
 10.00000   1.25945e-29 8.21189e-29 7.62151e-26 4.36477e-24 7.74840e-24 1.02965e-23 1.55333e-23 2.33102e-23 
100.00000   4.96368e-30 9.99838e-29 5.98395e-26 1.54059e-24 3.94217e-24 4.86219e-24 6.08633e-24 7.70127e-24 

         11
          150.0
  0.00001   8.89038e-32 3.50873e-30 4.10848e-28 8.91269e-27 1.13344e-25 3.01436e-25 3.45205e-24 8.80755e-23 
  0.00010   8.33724e-31 2.70210e-29 3.29485e-27 5.33370e-26 4.77537e-25 1.11664e-24 7.57831e-24 1.16067e-22 
  0.00100   7.99268e-30 2.25932e-28 2.77290e-26 4.07692e-25 3.00336e-24 6.02601e-24 2.54721e-23 3.68342e-22 
  0.01000   7.60319e-29 1.83618e-27 2.26409e-25 3.26453e-24 1.82342e-23 3.00651e-23 1.09722e-22 1.80063e-21 
  0.10000   6.24291e-28 1.01013e-26 1.40575e-24 1.81895e-23 8.87053e-23 1.47467e-22 4.66204e-22 1.95950e-21 
  1.00000   3.92856e-27 2.14190e-26 4.28378e-24 8.14075e-23 1.78573e-22 2.12725e-22 2.88336e-22 6.86541e-22 
 10.00000   7.66790e-27 2.69956e-26 6.94805e-24 1.06284e-22 1.60391e-22 2.12158e-22 3.50093e-22 6.45118e-22 
100.00000   4.46958e-27 2.52805e-26 5.34517e-24 5.11779e-23 9.13476e-23 1.03216e-22 1.13818e-22 1.23666e-22 

         11
          200.0
  0.00001   3.34698e-30 1.09819e-28 3.51127e-27 1.19439e-25 1.86250e-24 5.11996e-24 4.89115e-23 8.47837e-22 
  0.00010   2.89831e-29 7.34604e-28 2.63390e-26 4.86906e-25 4.74631e-24 1.04491e-23 7.39967e-23 9.78927e-22 
  0.00100   2.63042e-28 5.66881e-27 2.18875e-25 2.97447e-24 2.05573e-23 4.12788e-23 1.78972e-22 2.08947e-21 
  0.01000   2.39638e-27 4.44800e-26 1.83564e-24 2.02127e-23 1.06874e-22 1.88075e-22 5.84559e-22 8.74780e-21 
  0.10000   1.86403e-26 2.60097e-25 1.19056e-23 9.44670e-23 4.36276e-22 7.03154e-22 2.24969e-21 1.00242e-20 
  1.00000   1.01559e-25 6.46957e-25 4.21993e-23 3.67920e-22 8.71670e-22 1.04897e-21 1.45297e-21 4.05562e-21 
 10.00000   2.23182e-25 7.92738e-25 7.04963e-23 4.77305e-22 6.77623e-22 9.09670e-22 1.63460e-21 3.58861e-21 
100.00000   1.58220e-25 6.86652e-25 4.90981e-23 2.94774e-22 4.98531e-22 5.53242e-22 5.95765e-22 6.28624e-22 

         11
          250.0
  0.00001   4.29448e-29 1.10348e-27 1.82772e-26 9.11771e-25 1.48778e-23 4.12550e-23 2.91844e-22 3.86372e-21 
  0.00010   3.39723e-28 6.91504e-27 1.06427e-25 2.54101e-24 2.61782e-23 6.03963e-23 3.53274e-22 4.08328e-21 
  0.00100   2.81290e-27 4.89041e-26 7.85948e-25 1.20958e-23 8.45964e-23 1.60472e-22 6.94325e-22 6.40135e-21 
  0.01000   2.41212e-26 3.67340e-25 6.24235e-24 7.16821e-23 3.55595e-22 6.34187e-22 1.98482e-21 2.27316e-20 
  0.10000   1.73890e-25 2.06779e-24 4.03243e-23 3.03488e-22 1.15993e-21 1.97846e-21 5.82410e-21 2.60311e-20 
  1.00000   8.21243e-25 5.64027e-24 1.76661e-22 9.58703e-22 2.27284e-21 2.76532e-21 3.78628e-21 1.21020e-20 
 10.00000   1.66944e-24 7.11917e-24 2.73260e-22 1.09562e-21 1.52690e-21 2.09596e-21 4.05506e-21 1.00195e-20 
100.00000   1.41305e-24 5.66603e-24 1.84214e-22 8.09133e-22 1.39226e-21 1.54410e-21 1.65943e-21 1.73992e-21 

         11
          300.0
  0.00001   2.65180e-28 5.65113e-27 8.26879e-26 4.63508e-24 7.37477e-23 1.92913e-22 1.07873e-21 1.14966e-20 
  0.00010   2.08774e-27 3.11135e-26 3.51696e-25 9.45052e-24 1.00520e-22 2.38086e-22 1.17516e-21 1.17633e-20 
  0.00100   1.65030e-26 2.15784e-25 2.15164e-24 3.56231e-23 2.46525e-22 4.70813e-22 1.96360e-21 1.47501e-20 
  0.01000   1.33059e-25 1.59874e-24 1.55381e-23 1.85131e-22 8.74993e-22 1.51959e-21 4.83039e-21 4.25836e-20 
  0.10000   8.97281e-25 9.18299e-24 9.33465e-23 7.08743e-22 2.43822e-21 4.10479e-21 1.13389e-20 4.74345e-20 
  1.00000   3.86986e-24 2.48129e-23 3.79575e-22 1.79434e-21 4.39191e-21 5.32522e-21 7.16585e-21 2.45532e-20 
 10.00000   6.70649e-24 3.29002e-23 6.54229e-22 1.85494e-21 2.56291e-21 3.62098e-21 7.41949e-21 1.94503e-20 
100.00000   6.27468e-24 2.39488e-23 4.41812e-22 1.52967e-21 2.73748e-21 3.05062e-21 3.29380e-21 3.45343e-21 

         11
          350.0
  0.00001   1.00630e-27 1.92739e-26 3.25504e-25 1.78557e-23 2.57142e-22 6.29906e-22 3.11028e-21 2.71459e-20 
  0.00010   7.93208e-27 9.76178e-26 1.01104e-24 2.87829e-23 3.05588e-22 6.95183e-22 3.21499e-21 2.74231e-20 
  0.00100   6.26516e-26 6.17977e-25 5.13446e-24 8.40078e-23 5.64924e-22 1.09350e-21 4.38898e-21 2.96731e-20 
  0.01000   4.94030e-25 4.48329e-24 3.28572e-23 3.83143e-22 1.80472e-21 2.95970e-21 9.37091e-21 6.53373e-20 
  0.10000   3.14011e-24 2.66934e-23 1.76519e-22 1.33434e-21 4.47532e-21 6.95488e-21 1.82852e-20 7.14111e-20 
  1.00000   1.30462e-23 7.00939e-23 6.41918e-22 2.88057e-21 7.00544e-21 8.53437e-21 1.17471e-20 3.92047e-20 
 10.00000   1.94716e-23 9.87534e-23 1.16391e-21 2.68262e-21 3.93919e-21 5.42994e-21 1.15064e-20 3.03896e-20 
100.00000   1.86750e-23 6.75741e-23 8.17138e-22 2.34998e-21 4.39213e-21 4.92425e-21 5.35348e-21 5.62183e-21 

         11
          400.0
  0.00001   2.79595e-27 4.90363e-26 1.08160e-24 5.50194e-23 6.84351e-22 1.56472e-21 6.72679e-21 4.95429e-20 
  0.00010   2.13404e-26 2.41300e-25 2.62509e-24 7.33905e-23 7.52781e-22 1.64579e-21 6.81924e-21 4.96291e-20 
  0.00100   1.70163e-25 1.39490e-24 1.08434e-23 1.73828e-22 1.16394e-21 2.27873e-21 8.20132e-21 5.10637e-20 
  0.01000   1.35709e-24 9.70399e-24 6.26791e-23 6.84139e-22 3.13101e-21 5.10469e-21 1.54149e-20 9.00488e-20 
  0.10000   8.41933e-24 5.64843e-23 3.02239e-22 2.18661e-21 7.18875e-21 1.04841e-20 2.58428e-20 9.41655e-20 
  1.00000   3.34094e-23 1.57701e-22 9.68915e-22 4.18462e-21 1.00773e-20 1.20175e-20 1.67315e-20 5.32399e-20 
 10.00000   4.59336e-23 2.06225e-22 1.73964e-21 3.58974e-21 6.23105e-21 7.55752e-21 1.61290e-20 4.12444e-20 
100.00000   4.26536e-23 1.46770e-22 1.28219e-21 3.19347e-21 6.20896e-21 6.99892e-21 7.65747e-21 8.05572e-21 

         11
          600.0
  0.00001   2.89615e-26 6.01013e-25 2.74638e-23 9.99696e-22 7.35317e-21 1.39900e-20 4.06081e-20 1.83566e-19 
  0.00010   2.05337e-25 2.13040e-24 3.92879e-23 1.04634e-21 7.46410e-21 1.40953e-20 4.06977e-20 1.83160e-19 
  0.00100   1.61803e-24 1.08577e-23 9.45538e-23 1.37350e-21 8.23968e-21 1.48323e-20 4.12583e-20 1.80890e-19 
  0.01000   1.30840e-23 6.73368e-23 3.68736e-22 3.21677e-21 1.30029e-20 2.03074e-20 4.79680e-20 1.88442e-19 
  0.10000   8.40656e-23 3.31822e-22 1.36873e-21 7.47239e-21 2.07043e-20 2.88664e-20 5.59743e-20 1.58843e-19 
  1.00000   3.06558e-22 8.49067e-22 2.74329e-21 1.00271e-20 2.18446e-20 2.58651e-20 4.00479e-20 9.33650e-20 
 10.00000   3.87756e-22 1.14646e-21 4.47704e-21 7.94447e-21 1.70620e-20 2.02783e-20 3.53872e-20 6.77903e-20 
100.00000   3.05875e-22 8.53309e-22 3.44089e-21 6.39940e-21 1.33103e-20 1.50945e-20 1.66980e-20 1.74392e-20 

         12
          100.0
  0.00001   3.08499e-28 1.87251e-26 9.21139e-25 1.48451e-23 1.50296e-22 3.62466e-22 3.56867e-21 1.01250e-19 
  0.00010   3.02710e-27 1.78540e-25 8.86503e-24 1.14411e-22 9.04902e-22 1.85177e-21 1.11067e-20 2.12389e-19 
  0.00100   2.97825e-26 1.73483e-24 8.59844e-23 9.68617e-22 6.71433e-21 1.31077e-20 6.20590e-20 8.74252e-19 
  0.01000   2.90829e-25 1.63069e-23 8.07555e-22 7.69587e-21 4.41189e-20 8.00578e-20 2.89331e-19 4.10380e-18 
  0.10000   2.56874e-24 1.18219e-22 6.42480e-21 4.17557e-20 1.77287e-19 2.85832e-19 8.38563e-19 2.91791e-18 
  1.00000   1.44503e-23 4.81804e-22 2.51669e-20 1.32395e-19 2.27498e-19 2.61894e-19 3.22853e-19 3.28593e-18 
 10.00000   2.47855e-23 5.36864e-22 3.13176e-20 1.35209e-19 2.99022e-19 3.79848e-19 5.02925e-19 6.62087e-19 
100.00000   1.53082e-23 3.16871e-22 1.02767e-20 4.94608e-20 8.03584e-20 8.23284e-20 8.33865e-20 8.41975e-20 

         12
          150.0
  0.00001   3.15122e-27 6.75599e-26 1.06780e-24 2.41808e-23 3.52651e-22 1.02305e-21 9.34818e-21 1.58097e-19 
  0.00010   3.02453e-26 6.02526e-25 9.26228e-24 1.48553e-22 1.32253e-21 2.78906e-21 1.79714e-20 2.02946e-19 
  0.00100   2.91547e-25 5.56845e-24 8.59678e-23 1.09646e-21 7.66729e-21 1.44081e-20 6.91586e-20 7.16769e-19 
  0.01000   2.80311e-24 5.15498e-23 7.67834e-22 8.03817e-21 4.20401e-20 7.30415e-20 2.88984e-19 3.49709e-18 
  0.10000   2.40083e-23 4.03020e-22 6.08910e-21 3.88166e-20 1.58165e-19 2.78710e-19 8.27365e-19 3.00746e-18 
  1.00000   1.47635e-22 1.38215e-21 3.59370e-20 1.24578e-19 2.25731e-19 2.67479e-19 3.40363e-19 3.08381e-18 
 10.00000   2.76477e-22 1.39799e-21 5.52106e-20 1.23007e-19 2.53022e-19 3.42977e-19 5.13980e-19 8.43083e-19 
100.00000   1.64474e-22 1.46697e-21 2.19128e-20 7.29940e-20 1.06540e-19 1.09395e-19 1.11284e-19 1.12454e-19 

         12
          200.0
  0.00001   1.19387e-26 1.77128e-25 1.63013e-24 4.99306e-23 1.04113e-21 3.16584e-21 2.74682e-20 3.07398e-19 
  0.00010   1.07921e-25 1.46187e-24 1.19804e-23 2.14042e-22 2.32478e-21 6.04922e-21 3.66083e-20 3.21485e-19 
  0.00100   1.01398e-24 1.28528e-23 1.01281e-22 1.36061e-21 9.92339e-21 1.98284e-20 8.83907e-20 6.21523e-19 
  0.01000   9.47466e-24 1.15673e-22 8.83744e-22 9.27229e-21 4.75090e-20 8.09699e-20 2.90494e-19 3.00958e-18 
  0.10000   7.89780e-23 8.89582e-22 6.42123e-21 3.87020e-20 1.44532e-19 2.67296e-19 8.13845e-19 2.98822e-18 
  1.00000   4.75072e-22 3.05540e-21 3.36917e-20 1.13484e-19 2.32377e-19 2.76595e-19 3.48952e-19 2.74423e-18 
 10.00000   8.92646e-22 3.85140e-21 7.05421e-20 1.06305e-19 2.10173e-19 2.95285e-19 4.80907e-19 9.59703e-19 
100.00000   7.34774e-22 3.44595e-21 3.04013e-20 8.65107e-20 1.25002e-19 1.29358e-19 1.32017e-19 1.34083e-19 

         12
          250.0
  0.00001   3.16681e-26 3.52337e-25 3.10008e-24 1.30641e-22 2.66212e-21 8.47997e-21 6.03385e-20 5.09386e-19 
  0.00010   2.65602e-25 2.67817e-24 1.77866e-23 3.55187e-22 4.32530e-21 1.20044e-20 6.93103e-20 5.21476e-19 
  0.00100   2.38057e-24 2.24735e-23 1.31187e-22 1.74945e-21 1.33199e-20 2.81993e-20 1.19320e-19 6.99983e-19 
  0.01000   2.16164e-23 1.92034e-22 1.03756e-21 1.07970e-20 5.39527e-20 9.14641e-20 3.30903e-19 2.61913e-18 
  0.10000   1.69900e-22 1.45640e-21 7.04782e-21 4.13380e-20 1.39813e-19 2.51387e-19 7.83885e-19 2.87383e-18 
  1.00000   1.04868e-21 5.54944e-21 3.13506e-20 1.06146e-19 2.28242e-19 2.71564e-19 3.54842e-19 2.31393e-18 
 10.00000   1.91250e-21 8.54735e-21 7.77789e-20 9.30133e-20 1.75116e-19 2.50765e-19 4.31450e-19 1.01687e-18 
100.00000   1.91452e-21 5.93662e-21 3.56397e-20 9.26996e-20 1.37239e-19 1.43754e-19 1.47965e-19 1.51158e-19 

         12
          300.0
  0.00001   6.87777e-26 5.85519e-25 6.56361e-24 3.38647e-22 5.89857e-21 1.80804e-20 1.08243e-19 7.44790e-19 
  0.00010   5.38525e-25 4.01376e-24 2.85337e-23 6.60981e-22 7.85706e-21 2.08703e-20 1.14931e-19 7.52219e-19 
  0.00100   4.52713e-24 3.21765e-23 1.77537e-22 2.38336e-21 1.78592e-20 3.82065e-20 1.54460e-19 8.72474e-19 
  0.01000   3.91395e-23 2.75230e-22 1.29708e-21 1.27049e-20 6.30262e-20 1.08602e-19 3.76429e-19 2.29722e-18 
  0.10000   2.87612e-22 2.03958e-21 7.79696e-21 4.68303e-20 1.52783e-19 2.39281e-19 7.41978e-19 2.69251e-18 
  1.00000   1.78214e-21 8.30467e-21 3.00521e-20 1.02502e-19 2.17981e-19 2.61839e-19 3.50953e-19 1.92464e-18 
 10.00000   3.26934e-21 1.35243e-20 7.55637e-20 8.50127e-20 1.46979e-19 2.12530e-19 3.78886e-19 1.02602e-18 
100.00000   3.60498e-21 8.65800e-21 3.87638e-20 9.38501e-20 1.44899e-19 1.53553e-19 1.59688e-19 1.64787e-19 

         12
          350.0
  0.00001   1.39059e-25 1.06465e-24 1.51719e-23 7.79598e-22 1.12869e-20 3.07089e-20 1.61110e-19 1.02516e-18 
  0.00010   9.70926e-25 6.00604e-24 4.73146e-23 1.21532e-21 1.30680e-20 3.27341e-20 1.64339e-19 1.03164e-18 
  0.00100   7.60739e-24 4.35526e-23 2.45230e-22 3.40705e-21 2.39403e-20 5.06638e-20 1.97794e-19 1.10282e-18 
  0.01000   6.35312e-23 3.48722e-22 1.61849e-21 1.47490e-20 7.28968e-20 1.28678e-19 4.03586e-19 2.00863e-18 
  0.10000   4.47354e-22 2.54324e-21 8.97495e-21 5.20339e-20 1.64104e-19 2.38622e-19 6.84320e-19 2.46350e-18 
  1.00000   2.59344e-21 1.05330e-20 2.96613e-20 1.02897e-19 2.09140e-19 2.51706e-19 3.39164e-19 1.59108e-18 
 10.00000   4.89773e-21 1.83493e-20 6.73627e-20 8.06244e-20 1.24497e-19 1.80716e-19 3.29233e-19 1.00099e-18 
100.00000   5.62263e-21 1.13924e-20 4.06672e-20 9.23472e-20 1.48952e-19 1.59709e-19 1.68038e-19 1.75477e-19 

         12
          400.0
  0.00001   2.59913e-25 2.11708e-24 3.54537e-23 1.65163e-21 1.88646e-20 4.65044e-20 2.21038e-19 1.30778e-18 
  0.00010   1.61184e-24 9.06623e-24 8.18571e-23 2.13959e-21 2.02301e-20 4.84683e-20 2.24114e-19 1.31332e-18 
  0.00100   1.19056e-23 5.83791e-23 3.37599e-22 4.79470e-21 3.13138e-20 6.57337e-20 2.51965e-19 1.34968e-18 
  0.01000   9.43483e-23 4.44968e-22 1.99470e-21 1.74213e-20 8.15593e-20 1.46999e-19 4.30404e-19 1.82803e-18 
  0.10000   6.41451e-22 3.00974e-21 1.03374e-20 5.65900e-20 1.71483e-19 2.45757e-19 6.27512e-19 2.22463e-18 
  1.00000   3.41705e-21 1.23952e-20 3.07410e-20 1.01349e-19 1.97725e-19 2.40068e-19 3.25988e-19 1.31406e-18 
 10.00000   6.81388e-21 2.27000e-20 6.09775e-20 7.84053e-20 1.06586e-19 1.54639e-19 2.84884e-19 9.53153e-19 
100.00000   7.68162e-21 1.39197e-20 4.19810e-20 8.91128e-20 1.50048e-19 1.62856e-19 1.73441e-19 1.83540e-19 

         12
          600.0
  0.00001   1.56900e-24 2.25462e-23 5.11396e-22 1.18715e-20 7.49934e-20 1.45896e-19 4.68584e-19 1.87714e-18 
  0.00010   7.01497e-24 4.79643e-23 6.27852e-22 1.22771e-20 7.54746e-20 1.46665e-19 4.69011e-19 1.87637e-18 
  0.00100   4.16428e-23 1.83964e-22 1.23275e-21 1.53920e-20 8.09763e-20 1.52245e-19 4.70529e-19 1.84558e-18 
  0.01000   2.91873e-22 1.03277e-21 4.44316e-21 3.26771e-20 1.27237e-19 2.17430e-19 5.23111e-19 1.63594e-18 
  0.10000   1.72995e-21 5.27529e-21 1.63803e-20 7.57585e-20 2.03398e-19 2.70752e-19 4.77253e-19 1.42302e-18 
  1.00000   6.81419e-21 1.82895e-20 3.60939e-20 9.11295e-20 1.63141e-19 1.90898e-19 2.56301e-19 6.14718e-19 
 10.00000   1.39159e-20 3.29534e-20 5.01626e-20 7.31544e-20 9.44788e-20 9.87407e-20 1.62114e-19 6.82824e-19 
100.00000   1.44482e-20 2.12898e-20 4.55988e-20 7.23478e-20 1.37539e-19 1.55721e-19 1.73769e-19 1.94171e-19 

         13
          100.0
  0.00001   6.58014e-29 1.86970e-27 6.70361e-25 9.52799e-24 8.76812e-23 2.14430e-22 1.51332e-21 4.19152e-20 
  0.00010   6.50292e-28 1.69183e-26 6.08836e-24 8.49265e-23 7.46611e-22 1.74030e-21 9.73509e-21 1.78914e-19 
  0.00100   6.46877e-27 1.57250e-25 5.74733e-23 8.15096e-22 6.67823e-21 1.50248e-20 7.54652e-20 1.41182e-18 
  0.01000   6.35619e-26 1.38322e-24 5.44953e-22 7.51817e-21 5.57642e-20 1.22350e-19 5.97975e-19 7.74707e-18 
  0.10000   5.82043e-25 1.09098e-23 5.01725e-21 5.99778e-20 3.52537e-19 6.46586e-19 1.61020e-18 4.63488e-18 
  1.00000   3.99329e-24 3.26699e-23 3.13199e-20 2.18383e-19 3.95267e-19 4.65409e-19 1.06498e-18 3.84930e-18 
 10.00000   7.15705e-24 1.16411e-22 3.82478e-20 1.96050e-19 4.52939e-19 5.62367e-19 6.39468e-19 6.72205e-19 
100.00000   4.45078e-24 2.98702e-22 1.50943e-20 6.60796e-20 8.49387e-20 8.55474e-20 8.63417e-20 8.69504e-20 

         13
          150.0
  0.00001   1.49846e-27 3.12770e-26 8.00974e-25 1.78782e-23 2.29470e-22 6.15981e-22 4.48507e-21 1.20104e-19 
  0.00010   1.43708e-26 2.64018e-25 7.42951e-24 1.28222e-22 1.15528e-21 2.56217e-21 1.71311e-20 2.19104e-19 
  0.00100   1.40502e-25 2.41186e-24 7.10295e-23 1.05268e-21 8.76098e-21 1.82323e-20 1.00123e-19 1.10106e-18 
  0.01000   1.37562e-24 2.19757e-23 6.78835e-22 8.92288e-21 6.34217e-20 1.25381e-19 6.85304e-19 6.89941e-18 
  0.10000   1.25841e-23 1.70220e-22 6.12441e-21 6.28595e-20 3.90244e-19 7.21477e-19 1.79625e-18 4.92749e-18 
  1.00000   8.39103e-23 5.70345e-22 4.52977e-20 2.07512e-19 4.02925e-19 4.73648e-19 1.16030e-18 3.80810e-18 
 10.00000   1.59548e-22 1.15508e-21 6.65594e-20 1.72746e-19 4.66833e-19 6.46380e-19 7.95966e-19 8.68383e-19 
100.00000   1.34357e-22 1.95502e-21 3.08506e-20 9.22953e-20 1.12122e-19 1.12579e-19 1.13176e-19 1.13634e-19 

         13
          200.0
  0.00001   8.29740e-27 1.26071e-25 1.24345e-24 3.69708e-23 6.63943e-22 2.39732e-21 2.02115e-20 3.88762e-19 
  0.00010   7.60448e-26 1.04894e-24 9.70426e-24 2.10871e-22 2.30879e-21 6.27946e-21 3.52718e-20 4.44768e-19 
  0.00100   7.20588e-25 9.18472e-24 8.46650e-23 1.50817e-21 1.26411e-20 2.70215e-20 1.33180e-19 1.07065e-18 
  0.01000   6.85282e-24 8.17818e-23 7.56231e-22 1.16242e-20 8.02213e-20 1.57652e-19 7.48527e-19 5.97059e-18 
  0.10000   6.10757e-23 6.39766e-22 6.15636e-21 6.81601e-20 4.08048e-19 7.40461e-19 1.92978e-18 5.22960e-18 
  1.00000   3.96599e-22 2.55494e-21 4.22705e-20 2.05207e-19 4.14041e-19 4.96532e-19 1.30164e-18 3.53668e-18 
 10.00000   7.58923e-22 4.26871e-21 8.16120e-20 1.48839e-19 4.75289e-19 6.91105e-19 9.11364e-19 1.02193e-18 
100.00000   7.34444e-22 4.76263e-21 4.15500e-20 1.09646e-19 1.33410e-19 1.33858e-19 1.34442e-19 1.34889e-19 

         13
          250.0
  0.00001   2.67327e-26 3.03529e-25 2.47243e-24 9.56032e-23 1.94499e-21 7.65768e-21 7.02153e-20 9.94701e-19 
  0.00010   2.27620e-25 2.37677e-24 1.59265e-23 3.70512e-22 4.71943e-21 1.43764e-20 8.82306e-20 1.03567e-18 
  0.00100   2.06878e-24 2.01071e-23 1.22816e-22 2.14057e-21 1.93813e-20 4.41657e-20 1.93919e-19 1.53580e-18 
  0.01000   1.93946e-23 1.77184e-22 1.01796e-21 1.51470e-20 1.01462e-19 2.10543e-19 8.43210e-19 5.37520e-18 
  0.10000   1.66337e-22 1.37378e-21 7.55599e-21 7.59510e-20 4.29437e-19 7.73720e-19 1.96501e-18 5.33913e-18 
  1.00000   1.06885e-21 5.84543e-21 3.90250e-20 2.06245e-19 4.34869e-19 5.22776e-19 1.40876e-18 3.37845e-18 
 10.00000   2.01932e-21 9.61628e-21 8.83377e-20 1.29675e-19 4.88437e-19 7.15583e-19 9.87826e-19 1.13008e-18 
100.00000   2.04967e-21 8.22451e-21 4.77446e-20 1.20486e-19 1.50433e-19 1.50983e-19 1.51700e-19 1.52249e-19 

         13
          300.0
  0.00001   6.68324e-26 5.12749e-25 5.28141e-24 2.61874e-22 5.33502e-21 2.10850e-20 1.70177e-19 1.83831e-18 
  0.00010   5.23583e-25 3.73956e-24 2.67900e-23 6.84748e-22 9.38521e-21 2.91259e-20 1.85301e-19 1.87265e-18 
  0.00100   4.51267e-24 3.18869e-23 1.82753e-22 3.09861e-21 2.92679e-20 6.97134e-20 2.95493e-19 2.18156e-18 
  0.01000   4.07406e-23 2.85353e-22 1.40886e-21 1.95137e-20 1.30158e-19 2.58881e-19 9.11829e-19 4.83253e-18 
  0.10000   3.40704e-22 2.26407e-21 9.57197e-21 8.98041e-20 4.37461e-19 8.08281e-19 1.92093e-18 5.26481e-18 
  1.00000   2.17965e-21 9.78043e-21 4.04931e-20 2.02637e-19 4.44318e-19 5.39760e-19 1.48065e-18 3.21751e-18 
 10.00000   3.99160e-21 1.61611e-20 9.15289e-20 1.15225e-19 5.05768e-19 7.27398e-19 1.02890e-18 1.19448e-18 
100.00000   4.10333e-21 1.20185e-20 5.11066e-20 1.26725e-19 1.63751e-19 1.64778e-19 1.65644e-19 1.66308e-19 

         13
          350.0
  0.00001   1.46843e-25 9.21488e-25 1.21069e-23 6.66772e-22 1.35963e-20 4.76941e-20 3.16418e-19 2.70418e-18 
  0.00010   1.01831e-24 5.71442e-24 4.59805e-23 1.29416e-21 1.78915e-20 5.63107e-20 3.28822e-19 2.71902e-18 
  0.00100   8.32707e-24 4.28544e-23 2.65273e-22 4.55169e-21 4.29912e-20 1.01644e-19 4.31338e-19 2.85092e-18 
  0.01000   7.17271e-23 3.63686e-22 1.86895e-21 2.49012e-20 1.67606e-19 3.11232e-19 9.63762e-19 4.33675e-18 
  0.10000   5.85982e-22 2.87189e-21 1.19473e-20 1.04614e-19 4.58776e-19 8.20813e-19 1.84528e-18 4.91902e-18 
  1.00000   3.71552e-21 1.39334e-20 4.33562e-20 1.98046e-19 4.37827e-19 5.43530e-19 1.50376e-18 3.03319e-18 
 10.00000   6.54786e-21 2.30336e-20 8.99927e-20 1.05789e-19 5.03899e-19 7.32248e-19 1.04412e-18 1.22271e-18 
100.00000   6.71566e-21 1.58396e-20 5.28567e-20 1.30548e-19 1.73997e-19 1.75882e-19 1.76858e-19 1.77606e-19 

         13
          400.0
  0.00001   2.83134e-25 1.76490e-24 2.89835e-23 1.55149e-21 2.87921e-20 8.89266e-20 4.92517e-19 3.47862e-18 
  0.00010   1.79913e-24 8.95760e-24 8.10995e-23 2.37275e-21 3.29835e-20 9.68729e-20 5.03355e-19 3.48917e-18 
  0.00100   1.35454e-23 6.03448e-23 3.80447e-22 6.60797e-21 6.15876e-20 1.42900e-19 5.83154e-19 3.47066e-18 
  0.01000   1.13842e-22 4.73810e-22 2.43907e-21 3.14116e-20 2.09929e-19 3.69121e-19 1.02434e-18 4.02487e-18 
  0.10000   8.73260e-22 3.42771e-21 1.43922e-20 1.19817e-19 4.93974e-19 8.19616e-19 1.76101e-18 4.54423e-18 
  1.00000   5.34971e-21 1.81294e-20 4.68157e-20 1.93197e-19 4.39143e-19 5.38201e-19 1.47600e-18 2.83486e-18 
 10.00000   9.59043e-21 2.94727e-20 8.42526e-20 1.00144e-19 4.92797e-19 7.22233e-19 1.04238e-18 1.22271e-18 
100.00000   9.65102e-21 1.94889e-20 5.36556e-20 1.32795e-19 1.81846e-19 1.84329e-19 1.85704e-19 1.86504e-19 

         13
          600.0
  0.00001   1.54315e-24 1.75012e-23 5.01950e-22 1.65514e-20 1.74039e-19 3.61142e-19 1.16387e-18 4.73186e-18 
  0.00010   7.88177e-24 4.60510e-23 6.99207e-22 1.75497e-20 1.76058e-19 3.63470e-19 1.16558e-18 4.72329e-18 
  0.00100   5.09878e-23 2.05312e-22 1.55389e-21 2.49010e-20 1.97579e-19 3.86707e-19 1.18166e-18 4.63880e-18 
  0.01000   3.76547e-22 1.23127e-21 6.13853e-21 6.57801e-20 3.47589e-19 5.53347e-19 1.30197e-18 4.08647e-18 
  0.10000   2.49794e-21 7.17801e-21 2.62562e-20 1.72539e-19 5.53490e-19 7.78071e-19 1.43309e-18 3.20550e-18 
  1.00000   1.24166e-20 2.64414e-20 5.85132e-20 1.73418e-19 4.03092e-19 6.10172e-19 1.26822e-18 1.94899e-18 
 10.00000   2.29666e-20 4.50612e-20 6.96505e-20 1.00977e-19 4.51054e-19 6.43058e-19 9.36121e-19 1.07397e-18 
100.00000   2.08659e-20 2.99553e-20 5.44265e-20 1.31500e-19 1.95181e-19 1.99531e-19 2.02184e-19 2.03154e-19 

         14
          100.0
  0.00001   2.42364e-34 1.81271e-33 1.34816e-30 1.18248e-28 1.15596e-27 2.57857e-27 1.98989e-26 6.11779e-25 
  0.00010   2.37752e-33 1.72441e-32 1.07249e-29 1.05739e-27 9.13495e-27 1.90118e-26 1.18138e-25 4.05202e-24 
  0.00100   2.35873e-32 1.66108e-31 9.50997e-29 9.88541e-27 8.04362e-26 1.61572e-25 9.36676e-25 2.42905e-23 
  0.01000   2.32043e-31 1.56675e-30 8.31856e-28 9.08357e-26 7.15773e-25 1.38609e-24 7.25152e-24 1.53583e-22 
  0.10000   2.08391e-30 1.26986e-29 4.68847e-27 7.77402e-25 5.01101e-24 8.02221e-24 2.78639e-23 1.41195e-22 
  1.00000   1.19750e-29 5.84969e-29 2.41235e-26 3.87353e-24 8.61400e-24 1.04993e-23 1.55133e-23 1.21723e-22 
 10.00000   2.02212e-29 8.54463e-29 5.45216e-26 4.68956e-24 9.68022e-24 1.35944e-23 2.00920e-23 2.27659e-23 
100.00000   1.13978e-29 3.63635e-29 6.38195e-26 1.48964e-24 2.81837e-24 2.92600e-24 3.03675e-24 3.26930e-24 

         14
          150.0
  0.00001   1.45601e-31 1.22539e-30 2.58817e-28 6.02087e-27 6.75925e-26 1.83409e-25 1.80368e-24 4.93230e-23 
  0.00010   1.42222e-30 1.07777e-29 2.03182e-27 3.95025e-26 3.38119e-25 7.86800e-25 6.06318e-24 1.03749e-22 
  0.00100   1.40402e-29 1.00226e-28 1.71387e-26 3.04047e-25 2.32045e-24 4.95511e-24 2.88293e-23 4.54238e-22 
  0.01000   1.38214e-28 9.26861e-28 1.37406e-25 2.54114e-24 1.68370e-23 3.36050e-23 1.80872e-22 3.16492e-21 
  0.10000   1.30942e-27 7.05906e-27 8.50569e-25 1.71871e-23 1.04918e-22 1.83550e-22 6.86312e-22 3.51427e-21 
  1.00000   9.73207e-27 3.09211e-26 3.67506e-24 8.50917e-23 2.09175e-22 2.60428e-22 3.72493e-22 3.06305e-21 
 10.00000   1.88066e-26 4.01839e-26 6.42106e-24 1.07343e-22 1.97927e-22 3.05935e-22 5.67805e-22 7.19405e-22 
100.00000   1.14394e-26 2.31304e-26 5.96571e-24 5.44891e-23 9.34680e-23 9.80491e-23 1.02852e-22 1.10307e-22 

         14
          200.0
  0.00001   3.46919e-30 4.97388e-29 2.30368e-27 7.40326e-26 1.10578e-24 3.39332e-24 3.86977e-23 7.72334e-22 
  0.00010   3.23194e-29 3.67475e-28 1.89877e-26 3.57366e-25 3.69904e-24 8.66024e-24 6.87500e-23 9.23154e-22 
  0.00100   3.08393e-28 3.10272e-27 1.71252e-25 2.35939e-24 1.76125e-23 3.74184e-23 2.14226e-22 2.05671e-21 
  0.01000   2.96189e-27 2.74892e-26 1.57335e-24 1.72659e-23 1.08174e-22 2.11558e-22 9.52792e-22 1.29306e-20 
  0.10000   2.72296e-26 2.00315e-25 1.16325e-23 9.60750e-23 4.72479e-22 9.20367e-22 3.49389e-21 1.72572e-20 
  1.00000   1.97554e-25 8.21598e-25 4.10737e-23 3.85820e-22 1.02303e-21 1.32560e-21 1.90590e-21 1.45870e-20 
 10.00000   4.96242e-25 1.03749e-24 7.02063e-23 4.75515e-22 8.07553e-22 1.31491e-21 2.95321e-21 4.13521e-21 
100.00000   3.61875e-25 6.01500e-25 5.52123e-23 3.17919e-22 5.46459e-22 5.79060e-22 6.12099e-22 6.50585e-22 

         14
          250.0
  0.00001   3.02769e-29 6.54240e-28 1.20410e-26 5.61334e-25 9.37397e-24 2.93752e-23 3.11628e-22 3.90734e-21 
  0.00010   2.60896e-28 3.94803e-27 7.37226e-26 1.87188e-24 2.11931e-23 5.30281e-23 3.97328e-22 4.11525e-21 
  0.00100   2.34873e-27 2.90695e-26 5.72152e-25 9.51522e-24 7.63250e-23 1.59894e-22 8.52793e-22 6.86412e-21 
  0.01000   2.17908e-26 2.34976e-25 4.84649e-24 6.16484e-23 3.67368e-22 7.15816e-22 2.97642e-21 2.84625e-20 
  0.10000   1.89450e-25 1.62555e-24 3.88933e-23 2.94833e-22 1.34957e-21 2.46186e-21 9.10025e-21 4.37885e-20 
  1.00000   1.21407e-24 6.33394e-24 1.65567e-22 9.91160e-22 2.60741e-21 3.40193e-21 5.06532e-21 3.51759e-20 
 10.00000   3.20873e-24 8.63297e-24 2.84009e-22 1.11639e-21 1.75731e-21 2.93229e-21 7.70038e-21 1.16241e-20 
100.00000   2.82010e-24 4.45233e-24 2.08471e-22 8.74049e-22 1.56408e-21 1.68157e-21 1.79498e-21 1.90440e-21 

         14
          300.0
  0.00001   1.54618e-28 3.87693e-27 5.90498e-26 3.25457e-24 5.46130e-23 1.54621e-22 1.29910e-21 1.28793e-20 
  0.00010   1.29238e-27 2.24824e-26 2.63254e-25 7.27782e-24 8.46433e-23 2.12066e-22 1.43445e-21 1.31808e-20 
  0.00100   1.10469e-26 1.48261e-25 1.66907e-24 2.89369e-23 2.31518e-22 4.93424e-22 2.40022e-21 1.67944e-20 
  0.01000   9.77927e-26 1.10432e-24 1.26415e-23 1.59534e-22 9.24414e-22 1.71979e-21 6.58716e-21 4.69391e-20 
  0.10000   7.80630e-25 7.04528e-24 8.63961e-23 6.84394e-22 2.93537e-21 5.10893e-21 1.66968e-20 7.75235e-20 
  1.00000   4.26183e-24 2.51499e-23 4.16815e-22 1.92886e-21 4.81360e-21 6.21483e-21 9.45106e-21 6.02151e-20 
 10.00000   1.01793e-23 3.73037e-23 7.03884e-22 1.99244e-21 2.85155e-21 4.77165e-21 1.38475e-20 2.25261e-20 
100.00000   1.11702e-23 1.99429e-23 5.02502e-22 1.65567e-21 3.11852e-21 3.40519e-21 3.68400e-21 3.92164e-21 

         14
          350.0
  0.00001   5.63933e-28 1.44528e-26 2.55108e-25 1.42653e-23 2.24289e-22 5.62948e-22 3.72304e-21 3.07174e-20 
  0.00010   4.64039e-27 7.65802e-26 8.09371e-25 2.37803e-23 2.82718e-22 6.54072e-22 3.88383e-21 3.07786e-20 
  0.00100   3.84653e-26 4.79694e-25 4.23326e-24 7.29555e-23 5.61259e-22 1.19559e-21 5.28082e-21 3.39598e-20 
  0.01000   3.27482e-25 3.43642e-24 2.86691e-23 3.37626e-22 1.92618e-21 3.48027e-21 1.19208e-20 6.70940e-20 
  0.10000   2.48484e-24 2.09780e-23 1.75403e-22 1.28295e-21 5.13462e-21 8.41108e-21 2.49861e-20 1.10935e-19 
  1.00000   1.16123e-23 7.03432e-23 7.07100e-22 3.10532e-21 7.66461e-21 9.65350e-21 1.46802e-20 8.46314e-20 
 10.00000   2.51442e-23 1.03933e-22 1.31335e-21 3.04159e-21 4.54972e-21 6.58842e-21 1.99567e-20 3.49259e-20 
100.00000   3.07022e-23 5.92024e-23 9.30585e-22 2.54179e-21 5.04705e-21 5.59732e-21 6.14489e-21 6.58242e-21 

         14
          400.0
  0.00001   1.58818e-27 3.96567e-26 9.42971e-25 4.91707e-23 6.62577e-22 1.53789e-21 8.33547e-21 5.81154e-20 
  0.00010   1.28312e-26 1.98977e-25 2.24831e-24 6.71830e-23 7.40384e-22 1.63817e-21 8.49209e-21 5.85101e-20 
  0.00100   1.05340e-25 1.17110e-24 9.32358e-24 1.58400e-22 1.19022e-21 2.49464e-21 1.02349e-20 6.09385e-20 
  0.01000   8.80305e-25 7.94203e-24 5.72218e-23 6.30906e-22 3.39986e-21 6.11029e-21 1.87785e-20 9.17853e-20 
  0.10000   6.33083e-24 4.79145e-23 3.18515e-22 2.14336e-21 7.95124e-21 1.26102e-20 3.35945e-20 1.38928e-19 
  1.00000   2.73297e-23 1.56562e-22 1.06590e-21 4.41777e-21 1.06007e-20 1.34754e-20 1.98026e-20 1.05387e-19 
 10.00000   5.45872e-23 2.30019e-22 2.02397e-21 4.17996e-21 7.13785e-21 8.32019e-21 2.53876e-20 4.71521e-20 
100.00000   6.71024e-23 1.34834e-22 1.45593e-21 3.48139e-21 7.17187e-21 8.06359e-21 8.98145e-21 9.69144e-21 

         14
          600.0
  0.00001   1.96906e-26 5.70723e-25 3.02191e-23 1.18889e-21 8.99052e-21 1.62163e-20 5.07345e-20 2.27581e-19 
  0.00010   1.48110e-25 2.11737e-24 4.20082e-23 1.23539e-21 9.08187e-21 1.63174e-20 5.08176e-20 2.27122e-19 
  0.00100   1.20014e-24 1.09374e-23 9.64802e-23 1.59495e-21 9.88464e-21 1.71914e-20 5.23622e-20 2.24403e-19 
  0.01000   9.89212e-24 6.71098e-23 3.77622e-22 3.50969e-21 1.52104e-20 2.39701e-20 5.97706e-20 2.10372e-19 
  0.10000   6.96089e-23 3.38015e-22 1.55999e-21 8.20747e-21 2.34635e-20 3.40282e-20 6.93113e-20 1.97771e-19 
  1.00000   2.56464e-22 9.41815e-22 3.50696e-21 1.11400e-20 2.17696e-20 2.69381e-20 4.22353e-20 1.40623e-19 
 10.00000   4.15348e-22 1.26029e-21 5.13690e-21 9.88220e-21 1.67254e-20 2.06908e-20 3.76552e-20 8.25095e-20 
100.00000   4.17670e-22 8.88169e-22 3.80286e-21 7.52335e-21 1.54215e-20 1.78472e-20 2.06812e-20 2.28987e-20 

         15
          100.0
  0.00001   9.73597e-39 7.89820e-38 3.69124e-36 5.31403e-34 4.70076e-33 9.10303e-33 4.24399e-32 1.82128e-30 
  0.00010   9.61233e-38 7.55342e-37 2.90764e-35 4.40917e-33 2.93417e-32 5.89102e-32 2.29592e-31 7.14120e-30 
  0.00100   9.47365e-37 7.31989e-36 2.47755e-34 4.00170e-32 2.39853e-31 4.78493e-31 1.68476e-30 5.53270e-29 
  0.01000   9.25192e-36 6.90556e-35 1.92100e-33 3.61399e-31 2.02616e-30 4.02546e-30 1.35677e-29 3.83026e-28 
  0.10000   8.29454e-35 5.25361e-34 1.09676e-32 3.27677e-30 1.59028e-29 3.08309e-29 9.38366e-29 6.50650e-28 
  1.00000   5.58656e-34 1.53963e-33 2.17757e-32 2.01175e-29 5.57189e-29 7.42931e-29 1.15250e-28 1.87002e-28 
 10.00000   8.58362e-34 1.64430e-33 5.38111e-32 2.32018e-29 5.43868e-29 6.04064e-29 6.75197e-29 7.32522e-29 
100.00000   3.18750e-34 5.00183e-34 1.22164e-31 8.32889e-30 1.57446e-29 1.73664e-29 1.94905e-29 2.20646e-29 

         15
          150.0
  0.00001   1.17693e-34 9.20135e-34 2.79541e-32 6.96916e-31 9.85256e-30 2.75407e-29 2.27340e-28 4.75725e-27 
  0.00010   1.09723e-33 8.16534e-33 1.99231e-31 4.41206e-30 4.01717e-29 8.97728e-29 4.06301e-28 7.63694e-27 
  0.00100   1.04606e-32 7.48147e-32 1.58866e-30 3.31229e-29 2.32231e-28 4.26246e-28 1.54498e-27 3.07965e-26 
  0.01000   9.92351e-32 6.78465e-31 1.20952e-29 2.67959e-28 1.51571e-27 2.58605e-27 8.25083e-27 2.26123e-25 
  0.10000   8.27016e-31 5.09968e-30 7.80481e-29 1.68670e-27 9.56041e-27 1.68559e-26 5.25757e-26 3.86278e-25 
  1.00000   5.29290e-30 1.97955e-29 1.66241e-28 1.15957e-26 3.07890e-26 4.16344e-26 6.56861e-26 1.00196e-25 
 10.00000   1.03750e-29 2.17112e-29 3.32650e-28 1.70565e-26 2.82439e-26 2.97284e-26 3.13312e-26 3.23109e-26 
100.00000   6.38228e-30 7.81242e-30 3.94250e-28 7.45359e-27 1.16299e-26 1.25254e-26 1.37589e-26 1.52331e-26 

         15
          200.0
  0.00001   1.55710e-32 1.24511e-31 2.16642e-30 5.80306e-29 9.40443e-28 3.20616e-27 3.12991e-26 3.31056e-25 
  0.00010   1.47194e-31 1.01761e-30 1.48484e-29 2.29002e-28 2.43031e-27 5.87507e-27 4.08317e-26 3.79809e-25 
  0.00100   1.37563e-30 8.67215e-30 1.10974e-28 1.31748e-27 9.85236e-27 2.03409e-26 8.01282e-26 9.53620e-25 
  0.01000   1.26189e-29 7.47610e-29 8.53567e-28 9.05392e-27 5.19126e-26 9.18326e-26 2.60817e-25 5.03701e-24 
  0.10000   9.97876e-29 5.30375e-28 5.57875e-27 4.67777e-26 2.38812e-25 3.83895e-25 1.26759e-24 9.07741e-24 
  1.00000   5.54694e-28 2.26244e-27 1.34190e-26 2.42177e-25 7.29953e-25 9.95581e-25 1.53921e-24 2.30880e-24 
 10.00000   1.03738e-27 2.59221e-27 2.83209e-26 4.26301e-25 5.88298e-25 6.03228e-25 6.13648e-25 6.20586e-25 
100.00000   7.92605e-28 1.09517e-27 2.20325e-26 2.09350e-25 3.00542e-25 3.21920e-25 3.50373e-25 3.87470e-25 

         15
          250.0
  0.00001   3.33609e-31 2.67194e-30 3.46172e-29 1.51275e-27 2.46993e-26 8.34312e-26 6.36787e-25 4.63822e-24 
  0.00010   3.16768e-30 2.06905e-29 1.88472e-28 3.70594e-27 4.03472e-26 1.06576e-25 7.02189e-25 4.88910e-24 
  0.00100   2.99617e-29 1.65027e-28 1.27067e-27 1.55962e-26 1.22343e-25 2.48089e-25 1.11403e-24 8.43018e-24 
  0.01000   2.69513e-28 1.35649e-27 9.72761e-27 9.33843e-26 4.80135e-25 8.87465e-25 2.71654e-24 3.14258e-23 
  0.10000   2.03659e-27 9.12447e-27 6.49286e-26 4.19568e-25 1.65079e-24 2.53705e-24 8.22541e-24 5.89879e-23 
  1.00000   1.02204e-26 3.73565e-26 1.80571e-25 1.63532e-24 4.83104e-24 6.46809e-24 1.00840e-23 1.48996e-23 
 10.00000   1.72450e-26 4.53545e-26 3.79827e-25 2.77046e-24 3.35533e-24 3.38830e-24 3.43266e-24 3.47338e-24 
100.00000   1.49319e-26 2.14040e-26 2.53363e-25 1.46745e-24 1.99868e-24 2.13289e-24 2.32467e-24 2.58290e-24 

         15
          300.0
  0.00001   2.78655e-30 1.96291e-29 3.13496e-28 1.99245e-26 2.81359e-25 8.66245e-25 5.06948e-24 3.14132e-23 
  0.00010   2.68093e-29 1.57373e-28 1.37147e-27 3.29348e-26 3.58802e-25 9.70285e-25 5.25631e-24 3.16873e-23 
  0.00100   2.57129e-28 1.24155e-27 7.53220e-27 9.91394e-26 7.57636e-25 1.58126e-24 6.68182e-24 3.90792e-23 
  0.01000   2.35137e-27 9.83110e-27 5.09236e-26 4.85373e-25 2.49400e-24 4.27637e-24 1.36224e-23 1.03707e-22 
  0.10000   1.73178e-26 6.40095e-26 3.10968e-25 1.97236e-24 6.23110e-24 9.93377e-24 2.93515e-23 1.94860e-22 
  1.00000   7.87053e-26 2.35742e-25 9.46941e-25 5.59924e-24 1.67231e-23 2.22152e-23 3.44352e-23 5.06582e-23 
 10.00000   1.26254e-25 2.96867e-25 2.03369e-24 9.26434e-24 1.01790e-23 1.03155e-23 1.05179e-23 1.06934e-23 
100.00000   1.12133e-25 1.59648e-25 1.32047e-24 5.16719e-24 6.77221e-24 7.22502e-24 7.88729e-24 8.84020e-24 

         15
          350.0
  0.00001   1.27516e-29 7.73167e-29 1.78228e-27 1.53365e-25 1.84475e-24 4.96123e-24 2.26717e-23 1.16904e-22 
  0.00010   1.23063e-28 6.34400e-28 6.58877e-27 1.97264e-25 2.04867e-24 5.17200e-24 2.29357e-23 1.17330e-22 
  0.00100   1.19198e-27 5.21356e-27 3.16947e-26 4.37704e-25 3.26574e-24 6.88310e-24 2.59726e-23 1.26869e-22 
  0.01000   1.11677e-26 4.11117e-26 1.89226e-25 1.71464e-24 8.60863e-24 1.45941e-23 4.43847e-23 2.64184e-22 
  0.10000   8.52167e-26 2.61884e-25 1.01823e-24 6.05688e-24 1.83119e-23 2.69629e-23 7.19255e-23 4.43189e-22 
  1.00000   3.62480e-25 9.03832e-25 3.08797e-24 1.31631e-23 4.20380e-23 5.39407e-23 8.05499e-23 1.18673e-22 
 10.00000   5.83791e-25 1.15056e-24 6.51054e-24 2.06515e-23 2.21106e-23 2.25091e-23 2.30181e-23 2.35564e-23 
100.00000   5.02789e-25 6.88805e-25 4.32901e-24 1.23462e-23 1.57842e-23 1.68515e-23 1.84722e-23 2.09039e-23 

         15
          400.0
  0.00001   4.00894e-29 2.21489e-28 7.22956e-27 7.68340e-25 7.76814e-24 1.85276e-23 7.07810e-23 3.08251e-22 
  0.00010   3.88139e-28 1.80372e-27 2.29251e-26 8.79985e-25 8.08312e-24 1.87999e-23 7.09923e-23 3.07741e-22 
  0.00100   3.76074e-27 1.50898e-26 1.01963e-25 1.53316e-24 1.06690e-23 2.22091e-23 7.58403e-23 3.15894e-22 
  0.01000   3.57987e-26 1.23144e-25 5.57042e-25 4.85798e-24 2.29059e-23 3.84382e-23 1.07635e-22 5.37251e-22 
  0.10000   2.77081e-25 7.65908e-25 2.68210e-24 1.48799e-23 4.20154e-23 5.94303e-23 1.44695e-22 7.99624e-22 
  1.00000   1.18467e-24 2.61371e-24 7.24278e-24 2.62686e-23 8.03526e-23 1.03188e-22 1.50755e-22 2.19883e-22 
 10.00000   1.96957e-24 3.17677e-24 1.49301e-23 3.66759e-23 3.94404e-23 4.02180e-23 4.12761e-23 4.21807e-23 
100.00000   1.62390e-24 2.08912e-24 1.05331e-23 2.33889e-23 2.95671e-23 3.16368e-23 3.48535e-23 3.98091e-23 

         15
          600.0
  0.00001   5.76058e-28 3.35240e-27 2.73028e-25 3.73192e-23 2.34184e-22 4.12975e-22 1.02618e-21 2.81794e-21 
  0.00010   5.54519e-27 2.57647e-26 5.18310e-25 3.82305e-23 2.35043e-22 4.13445e-22 1.02630e-21 2.81650e-21 
  0.00100   5.34267e-26 2.08731e-25 1.73917e-24 4.45308e-23 2.42291e-22 4.17497e-22 1.02666e-21 2.80374e-21 
  0.01000   5.09322e-25 1.72549e-24 8.74462e-24 7.82244e-23 2.97931e-22 4.57748e-22 9.81533e-22 2.76012e-21 
  0.10000   4.14762e-24 1.14402e-23 3.59280e-23 1.44947e-22 3.27590e-22 4.23189e-22 7.79376e-22 2.73642e-21 
  1.00000   1.84764e-23 3.21906e-23 6.39360e-23 1.62554e-22 3.21221e-22 4.21653e-22 6.19028e-22 8.62250e-22 
 10.00000   3.19962e-23 3.78099e-23 8.99657e-23 1.66054e-22 1.85453e-22 1.92010e-22 2.12332e-22 2.86850e-22 
100.00000   2.44898e-23 2.95784e-23 7.41559e-23 1.12711e-22 1.49348e-22 1.61719e-22 1.80359e-22 2.08348e-22 

         16
          100.0
  0.00001   3.16280e-38 2.17024e-36 1.03782e-35 1.36574e-34 1.16734e-33 2.95913e-33 3.10681e-32 7.91663e-31 
  0.00010   3.08772e-37 2.07786e-35 9.83877e-35 1.14486e-33 7.47657e-33 1.58126e-32 1.09140e-31 1.15453e-30 
  0.00100   3.04983e-36 2.01126e-34 9.55340e-34 1.03225e-32 5.81370e-32 1.13471e-31 6.37083e-31 5.85438e-30 
  0.01000   2.93240e-35 1.94013e-33 9.13620e-33 8.49420e-32 4.05154e-31 7.64168e-31 3.97556e-30 2.80352e-29 
  0.10000   2.56052e-34 1.62106e-32 7.47146e-32 5.92496e-31 2.35869e-30 3.61059e-30 7.66043e-30 1.71551e-29 
  1.00000   1.21270e-33 1.00644e-31 4.39144e-31 1.18607e-30 1.78303e-30 2.07734e-30 3.66606e-30 8.39725e-30 
 10.00000   1.70734e-33 1.55505e-31 4.81599e-31 7.33638e-31 2.34737e-30 2.92789e-30 3.90178e-30 4.83902e-30 
100.00000   1.74412e-33 4.86083e-32 1.09653e-31 4.74766e-31 1.11307e-30 1.30085e-30 1.58328e-30 1.84061e-30 

         16
          150.0
  0.00001   2.37956e-34 2.55324e-33 1.85127e-32 3.48773e-31 4.63932e-30 1.52631e-29 2.50133e-28 7.14184e-27 
  0.00010   2.24535e-33 2.33133e-32 1.51820e-31 2.19259e-30 1.81387e-29 4.22926e-29 3.47267e-28 7.46452e-27 
  0.00100   2.14539e-32 2.17547e-31 1.35605e-30 1.61188e-29 9.73458e-29 1.99254e-28 9.35762e-28 1.12185e-26 
  0.01000   2.03169e-31 2.06255e-30 1.22587e-29 1.22799e-28 6.60368e-28 1.25953e-27 4.55682e-27 3.20857e-26 
  0.10000   1.75281e-30 1.79015e-29 9.73233e-29 7.36737e-28 2.66015e-27 4.03967e-27 8.40208e-27 4.38342e-26 
  1.00000   9.93624e-30 1.06713e-28 4.20190e-28 1.53639e-27 3.51392e-27 4.82117e-27 9.38473e-27 2.04480e-26 
 10.00000   1.35552e-29 1.85888e-28 3.58404e-28 2.21937e-27 4.99879e-27 5.62889e-27 6.87951e-27 7.78389e-27 
100.00000   9.87572e-30 7.01198e-29 1.58143e-28 1.38365e-27 2.45796e-27 2.70975e-27 3.05597e-27 3.34954e-27 

         16
          200.0
  0.00001   2.44307e-32 1.70750e-31 1.41317e-30 4.19002e-29 5.85882e-28 2.28756e-27 3.94828e-26 7.52448e-25 
  0.00010   2.29431e-31 1.45806e-30 9.98227e-30 1.59930e-28 1.45615e-27 3.79116e-27 4.41050e-26 7.59873e-25 
  0.00100   2.13832e-30 1.28936e-29 7.91081e-29 9.48618e-28 6.05271e-27 1.28547e-26 7.47963e-26 8.23166e-25 
  0.01000   1.97942e-29 1.14722e-28 6.69305e-28 6.45115e-27 3.34817e-26 6.44971e-26 2.17571e-25 1.43875e-24 
  0.10000   1.62918e-28 9.26506e-28 4.84256e-27 3.59189e-26 1.19245e-25 1.61338e-25 3.17936e-25 2.27691e-24 
  1.00000   8.29951e-28 4.61320e-27 1.83495e-26 7.36605e-26 1.76821e-25 2.55173e-25 4.73446e-25 9.94056e-25 
 10.00000   1.29156e-27 6.95931e-27 1.71751e-26 1.20056e-25 2.22011e-25 2.32536e-25 2.74830e-25 2.92780e-25 
100.00000   8.40500e-28 3.16066e-27 1.04495e-26 7.14007e-26 1.09740e-25 1.17774e-25 1.28166e-25 1.36632e-25 

         16
          250.0
  0.00001   4.61804e-31 3.00421e-30 2.77716e-29 1.19626e-27 1.64139e-26 6.30160e-26 8.53889e-25 1.04550e-23 
  0.00010   4.40607e-30 2.43927e-29 1.59694e-28 3.12497e-27 2.62454e-26 7.73175e-26 9.01069e-25 1.04997e-23 
  0.00100   4.17040e-29 2.04699e-28 1.10379e-27 1.33604e-26 8.59378e-26 1.97274e-25 1.27562e-24 1.10213e-23 
  0.01000   3.86235e-28 1.76006e-27 8.62877e-27 8.24192e-26 4.13059e-25 7.89111e-25 2.71560e-24 1.53350e-23 
  0.10000   2.99275e-27 1.36002e-26 5.92060e-26 4.18418e-25 1.37809e-24 1.88026e-24 3.41678e-24 2.34840e-23 
  1.00000   1.44267e-26 6.24870e-26 2.25274e-25 7.59584e-25 1.93096e-24 2.72212e-24 4.82705e-24 9.83357e-24 
 10.00000   2.19621e-26 7.75495e-26 2.56228e-25 1.26628e-24 2.02332e-24 2.11663e-24 2.38170e-24 2.49604e-24 
100.00000   1.41737e-26 4.24172e-26 1.56346e-25 7.42514e-25 1.04503e-24 1.10319e-24 1.17540e-24 1.23248e-24 

         16
          300.0
  0.00001   3.77827e-30 2.13796e-29 2.51803e-28 1.51010e-26 1.88033e-25 7.16188e-25 7.21367e-24 6.15301e-23 
  0.00010   3.61458e-29 1.80735e-28 1.21800e-27 2.77258e-26 2.33415e-25 7.91925e-25 7.39054e-24 6.16224e-23 
  0.00100   3.44682e-28 1.48139e-27 7.34543e-27 9.23745e-26 5.66747e-25 1.35851e-24 8.71978e-24 6.29441e-23 
  0.01000   3.15131e-27 1.22624e-26 5.30031e-26 4.77877e-25 2.45737e-24 4.53674e-24 1.53952e-23 8.01958e-23 
  0.10000   2.42243e-26 8.79913e-26 3.38278e-25 2.22213e-24 7.05952e-24 9.72343e-24 1.98111e-23 1.07601e-22 
  1.00000   1.14740e-25 4.05298e-25 1.24387e-24 3.68105e-24 9.37514e-24 1.29093e-23 2.23029e-23 4.49618e-23 
 10.00000   1.66629e-25 4.86061e-25 1.57987e-24 5.86325e-24 8.49133e-24 9.15287e-24 9.66583e-24 1.03908e-23 
100.00000   1.09261e-25 2.95343e-25 9.88472e-25 3.46006e-24 4.59159e-24 4.79752e-24 5.04271e-24 5.22910e-24 

         16
          350.0
  0.00001   1.83016e-29 8.28295e-29 1.35581e-27 1.10712e-25 1.22566e-24 4.42479e-24 3.27988e-23 2.20574e-22 
  0.00010   1.74537e-28 7.14272e-28 5.68004e-27 1.55385e-25 1.33053e-24 4.58865e-24 3.30499e-23 2.20938e-22 
  0.00100   1.67023e-27 6.10657e-27 3.07222e-26 4.04042e-25 2.42647e-24 6.40428e-24 3.69377e-23 2.26999e-22 
  0.01000   1.53073e-26 5.12335e-26 2.05418e-25 1.79365e-24 8.97456e-24 1.65594e-23 5.39867e-23 2.61108e-22 
  0.10000   1.15244e-25 3.60146e-25 1.21141e-24 7.46920e-24 2.27353e-23 3.25508e-23 7.07981e-23 3.10139e-22 
  1.00000   5.30423e-25 1.63012e-24 4.26080e-24 1.17558e-23 2.90512e-23 3.82751e-23 6.35452e-23 1.26184e-22 
 10.00000   7.92650e-25 2.01621e-24 5.89487e-24 1.68298e-23 2.31716e-23 2.44216e-23 2.59612e-23 2.83422e-23 
100.00000   5.24544e-25 1.28327e-24 3.68781e-24 1.01450e-23 1.29221e-23 1.34102e-23 1.39626e-23 1.43769e-23 

         16
          400.0
  0.00001   5.94275e-29 2.26679e-28 5.23178e-27 5.24820e-25 5.17182e-24 1.68970e-23 9.83941e-23 5.56611e-22 
  0.00010   5.70822e-28 1.97569e-27 1.83382e-26 6.36739e-25 5.35561e-24 1.71490e-23 9.88436e-23 5.56650e-22 
  0.00100   5.43359e-27 1.70234e-26 9.32195e-26 1.31424e-24 7.64949e-24 2.06720e-23 1.05926e-22 5.67165e-22 
  0.01000   5.02726e-26 1.45264e-25 5.83489e-25 5.02109e-24 2.39253e-23 4.46514e-23 1.41889e-22 6.27577e-22 
  0.10000   3.85427e-25 1.04980e-24 3.25516e-24 1.92130e-23 5.48556e-23 8.13143e-23 1.78180e-22 6.66204e-22 
  1.00000   1.71459e-24 4.56979e-24 1.05421e-23 2.89666e-23 6.41284e-23 8.55475e-23 1.37611e-22 2.67105e-22 
 10.00000   2.70484e-24 6.06170e-24 1.52757e-23 3.57393e-23 4.78214e-23 4.95718e-23 5.35786e-23 5.86141e-23 
100.00000   1.79985e-24 3.95275e-24 9.77324e-24 2.22145e-23 2.74710e-23 2.83645e-23 2.93450e-23 3.00715e-23 

         16
          600.0
  0.00001   7.40859e-28 2.46987e-27 1.43331e-25 2.08355e-23 1.51994e-22 3.68363e-22 1.29527e-21 4.72602e-21 
  0.00010   7.12494e-27 2.07084e-26 3.18820e-25 2.17275e-23 1.53247e-22 3.69175e-22 1.29432e-21 4.71984e-21 
  0.00100   6.84693e-26 1.76024e-25 1.25393e-24 2.78329e-23 1.61909e-22 3.78443e-22 1.29003e-21 4.65410e-21 
  0.01000   6.47492e-25 1.52270e-24 7.01179e-24 6.23287e-23 2.55884e-22 4.81671e-22 1.37567e-21 4.38059e-21 
  0.10000   5.52848e-24 1.12823e-23 3.42664e-23 1.67511e-22 4.57657e-22 6.47378e-22 1.28341e-21 3.63941e-21 
  1.00000   2.63793e-23 4.72105e-23 8.75734e-23 2.16702e-22 3.55997e-22 4.44429e-22 7.40562e-22 1.27875e-21 
 10.00000   4.85361e-23 7.38488e-23 1.14574e-22 1.77112e-22 2.12765e-22 2.24803e-22 2.45931e-22 2.66549e-22 
100.00000   3.36541e-23 5.18643e-23 8.33187e-23 1.19092e-22 1.37108e-22 1.40108e-22 1.43185e-22 1.45426e-22 

         17
          100.0
  0.00001   8.19221e-37 5.68632e-35 3.27168e-34 3.70789e-33 2.81225e-32 7.52284e-32 9.67438e-31 1.61737e-29 
  0.00010   8.10635e-36 5.44133e-34 3.18731e-33 3.30581e-32 2.08428e-31 4.60444e-31 3.49470e-30 3.66719e-29 
  0.00100   8.03113e-35 5.26405e-33 3.12258e-32 3.07601e-31 1.75727e-30 3.43372e-30 2.04969e-29 2.20736e-28 
  0.01000   7.94991e-34 5.07232e-32 3.06457e-31 2.74367e-30 1.43879e-29 2.71348e-29 1.48121e-28 1.26857e-27 
  0.10000   7.06107e-33 4.44487e-31 2.79126e-30 2.17972e-29 9.74091e-29 1.49359e-28 3.35189e-28 7.34951e-28 
  1.00000   4.93635e-32 2.46051e-30 1.83081e-29 4.83997e-29 7.58914e-29 8.31936e-29 9.57917e-29 1.11431e-28 
 10.00000   1.22825e-31 3.98880e-30 2.05797e-29 3.01690e-29 3.60471e-29 3.65694e-29 3.69831e-29 3.72817e-29 
100.00000   1.04630e-31 2.01349e-30 5.62375e-30 6.73051e-30 7.28836e-30 7.34545e-30 7.40162e-30 7.44437e-30 

         17
          150.0
  0.00001   1.33181e-33 6.07248e-32 2.20542e-31 2.88076e-30 2.74584e-29 9.11761e-29 1.61527e-27 1.69673e-26 
  0.00010   1.28710e-32 5.72324e-31 2.04487e-30 2.24642e-29 1.63713e-28 4.40827e-28 3.35337e-27 2.66836e-26 
  0.00100   1.24667e-31 5.52663e-30 1.94982e-29 1.99109e-28 1.22721e-27 2.67575e-27 1.47789e-26 1.34655e-25 
  0.01000   1.19978e-30 5.33469e-29 1.87746e-28 1.75748e-27 9.00899e-27 1.86182e-26 1.04251e-25 8.41879e-25 
  0.10000   1.06409e-29 4.87248e-28 1.65705e-27 1.37512e-26 6.49485e-26 1.04665e-25 2.62746e-25 5.99302e-25 
  1.00000   7.88357e-29 3.16417e-27 1.18365e-26 3.71404e-26 6.03704e-26 6.76691e-26 7.88772e-26 9.09074e-26 
 10.00000   1.92238e-28 7.28671e-27 1.68967e-26 2.34536e-26 2.67215e-26 2.70152e-26 2.72506e-26 2.74310e-26 
100.00000   2.70051e-28 3.57585e-27 5.77680e-27 6.89221e-27 7.30455e-27 7.33186e-27 7.36750e-27 7.39481e-27 

         17
          200.0
  0.00001   8.43954e-32 1.75539e-30 6.17491e-30 1.05116e-28 1.20496e-27 5.02174e-27 8.98855e-26 1.16049e-24 
  0.00010   7.90607e-31 1.65144e-29 5.32028e-29 6.46977e-28 5.42730e-27 1.60350e-26 1.41283e-25 1.38590e-24 
  0.00100   7.46968e-30 1.57288e-28 4.83469e-28 5.16761e-27 3.41988e-26 7.79087e-26 4.34302e-25 3.31528e-24 
  0.01000   6.87407e-29 1.51587e-27 4.53181e-27 4.36922e-26 2.24685e-25 4.75415e-25 2.63317e-24 2.00033e-23 
  0.10000   5.61229e-28 1.39395e-26 3.92478e-26 3.18742e-25 1.54494e-24 2.63567e-24 6.94006e-24 1.69679e-23 
  1.00000   3.40145e-27 9.85038e-26 2.74900e-25 1.00460e-24 1.71280e-24 1.94008e-24 2.30724e-24 2.64613e-24 
 10.00000   6.89516e-27 1.97154e-25 4.64148e-25 6.19093e-25 6.89675e-25 6.96619e-25 7.02292e-25 7.06640e-25 
100.00000   1.48517e-26 1.44193e-25 1.82112e-25 2.19021e-25 2.30487e-25 2.31232e-25 2.32203e-25 2.32948e-25 

         17
          250.0
  0.00001   1.24938e-30 1.21570e-29 5.27661e-29 1.25042e-27 1.56705e-26 7.29583e-26 1.12356e-24 1.97318e-23 
  0.00010   1.16424e-29 1.14303e-28 4.07161e-28 5.71826e-27 5.13499e-26 1.62249e-25 1.47495e-24 2.12059e-23 
  0.00100   1.06737e-28 1.08541e-27 3.47299e-27 3.85294e-26 2.64901e-25 6.08186e-25 3.57407e-24 3.08278e-23 
  0.01000   9.61481e-28 1.04485e-26 3.12075e-26 3.06374e-25 1.60753e-24 3.32623e-24 1.81123e-23 1.26696e-22 
  0.10000   7.76942e-27 9.70557e-26 2.63106e-25 2.09412e-24 9.75654e-24 1.73551e-23 4.67755e-23 1.23102e-22 
  1.00000   4.57487e-26 7.09098e-25 1.73315e-24 6.92476e-24 1.26186e-23 1.43706e-23 1.71528e-23 1.99406e-23 
 10.00000   7.87738e-26 1.41544e-24 3.27951e-24 4.24836e-24 4.63821e-24 4.67169e-24 4.71970e-24 4.76473e-24 
100.00000   1.65293e-25 1.11850e-24 1.42440e-24 1.70767e-24 1.79594e-24 1.80155e-24 1.80865e-24 1.81409e-24 

         17
          300.0
  0.00001   7.35663e-30 4.47302e-29 2.40792e-28 8.25328e-27 1.11736e-25 5.10109e-25 6.94304e-24 1.25747e-22 
  0.00010   6.94626e-29 4.22114e-28 1.70508e-27 2.84299e-26 2.60994e-25 8.23888e-25 7.90905e-24 1.30944e-22 
  0.00100   6.52391e-28 3.91132e-27 1.33859e-26 1.57850e-25 1.08545e-24 2.57339e-24 1.55020e-23 1.63082e-22 
  0.01000   5.92926e-27 3.68016e-26 1.15413e-25 1.12424e-24 6.06427e-24 1.23048e-23 6.56777e-23 4.16274e-22 
  0.10000   5.02721e-26 3.34766e-25 9.39695e-25 7.49657e-24 3.19623e-23 5.88838e-23 1.60562e-22 4.44965e-22 
  1.00000   2.98840e-25 2.52214e-24 5.78916e-24 2.41078e-23 4.56985e-23 5.33471e-23 6.47080e-23 7.55163e-23 
 10.00000   4.93455e-25 5.30477e-24 1.16591e-23 1.48084e-23 1.58502e-23 1.59764e-23 1.62456e-23 1.64323e-23 
100.00000   8.43831e-25 3.97863e-24 5.55618e-24 6.56037e-24 6.88787e-24 6.90804e-24 6.93262e-24 6.95145e-24 

         17
          350.0
  0.00001   2.43726e-29 1.09111e-28 7.39826e-28 3.98326e-26 5.42680e-25 2.24931e-24 2.91878e-23 4.52878e-22 
  0.00010   2.33751e-28 1.03579e-27 5.00018e-27 1.01516e-25 9.50775e-25 2.94471e-24 3.07270e-23 4.61063e-22 
  0.00100   2.24701e-27 9.76435e-27 3.67454e-26 4.55780e-25 3.00698e-24 7.32783e-24 4.99320e-23 5.28397e-22 
  0.01000   2.10553e-26 9.20607e-26 2.98327e-25 2.89473e-24 1.54866e-23 3.17552e-23 1.63543e-22 9.60046e-22 
  0.10000   1.79005e-25 8.23603e-25 2.34693e-24 1.85876e-23 7.75030e-23 1.38375e-22 3.75442e-22 1.07723e-21 
  1.00000   1.17843e-24 5.90735e-24 1.36546e-23 5.69013e-23 1.11185e-22 1.30635e-22 1.61978e-22 1.91158e-22 
 10.00000   2.03646e-24 1.32605e-23 2.81563e-23 3.44404e-23 3.67275e-23 3.72486e-23 3.79760e-23 3.86280e-23 
100.00000   2.77087e-24 9.69650e-24 1.45285e-23 1.66578e-23 1.74697e-23 1.75247e-23 1.75824e-23 1.76266e-23 

         17
          400.0
  0.00001   5.91779e-29 2.13433e-28 1.75884e-27 1.48842e-25 1.91351e-24 7.21332e-24 8.57947e-23 1.13900e-21 
  0.00010   5.72280e-28 2.01381e-27 1.14199e-26 2.94321e-25 2.65308e-24 8.08390e-24 8.76091e-23 1.14712e-21 
  0.00100   5.50222e-27 1.89671e-26 8.06024e-26 1.07019e-24 6.91438e-24 1.68937e-23 1.23087e-22 1.25319e-21 
  0.01000   5.21924e-26 1.76961e-25 6.22445e-25 5.95965e-24 3.16164e-23 6.66536e-23 3.18428e-22 1.76510e-21 
  0.10000   4.45420e-25 1.57798e-24 4.66817e-24 3.66304e-23 1.52059e-22 2.60537e-22 6.88306e-22 2.00915e-21 
  1.00000   3.09771e-24 1.12883e-23 2.59696e-23 1.05938e-22 2.10742e-22 2.47397e-22 3.12820e-22 3.76207e-22 
 10.00000   6.10692e-24 2.62326e-23 5.28997e-23 6.41160e-23 6.71912e-23 6.82233e-23 6.98132e-23 7.11530e-23 
100.00000   6.87439e-24 1.87714e-23 2.88837e-23 3.26876e-23 3.41531e-23 3.42879e-23 3.43976e-23 3.44817e-23 

         17
          600.0
  0.00001   3.81113e-28 1.08372e-27 1.51874e-26 3.67430e-24 4.54330e-23 1.40923e-22 1.12780e-21 7.81174e-21 
  0.00010   3.74458e-27 9.96086e-27 8.23427e-26 4.68383e-24 4.68105e-23 1.42849e-22 1.13121e-21 7.82016e-21 
  0.00100   3.67165e-26 9.19394e-26 5.21966e-25 9.76039e-24 6.46521e-23 1.69197e-22 1.18268e-21 7.88405e-21 
  0.01000   3.59276e-25 8.51768e-25 3.72840e-24 3.65611e-23 1.79386e-22 3.98522e-22 1.75557e-21 8.03049e-21 
  0.10000   3.24372e-24 7.21251e-24 2.46813e-23 1.75599e-22 6.70475e-22 1.05164e-21 2.51138e-21 7.15938e-21 
  1.00000   2.39711e-23 4.61299e-23 1.11765e-22 3.77211e-22 7.50757e-22 9.07062e-22 1.19226e-21 1.50670e-21 
 10.00000   5.73244e-23 1.18853e-22 1.94878e-22 2.32131e-22 2.52305e-22 2.60657e-22 2.74241e-22 2.83077e-22 
100.00000   5.88738e-23 8.46280e-23 1.23672e-22 1.41664e-22 1.47821e-22 1.48189e-22 1.48466e-22 1.48678e-22 

         18
          100.0
  0.00001   5.06042e-36 2.26566e-35 4.23126e-34 5.11606e-33 4.87239e-32 1.17042e-31 9.64292e-31 1.85518e-29 
  0.00010   5.00956e-35 2.20318e-34 3.96889e-33 4.40891e-32 3.31615e-31 6.60672e-31 3.02481e-30 5.36935e-29 
  0.00100   4.96768e-34 2.15787e-33 3.77299e-32 3.96295e-31 2.60536e-30 4.91817e-30 1.87947e-29 3.40482e-28 
  0.01000   4.93123e-33 2.08556e-32 3.45071e-31 3.52448e-30 2.00533e-29 3.56608e-29 1.14139e-28 2.24252e-27 
  0.10000   4.61596e-32 1.68967e-31 2.94787e-30 2.28442e-29 1.09601e-28 1.91936e-28 5.38889e-28 2.05258e-27 
  1.00000   3.42818e-31 1.01185e-30 1.07432e-29 9.62611e-29 1.97042e-28 2.32109e-28 3.01230e-28 3.88580e-28 
 10.00000   4.95978e-31 9.22960e-31 1.49342e-29 9.53423e-29 1.13077e-28 1.14671e-28 1.16008e-28 1.16984e-28 
100.00000   1.55415e-31 2.26261e-31 6.07044e-30 2.28680e-29 2.39906e-29 2.41353e-29 2.43625e-29 2.46656e-29 

         18
          150.0
  0.00001   1.79191e-33 1.61359e-32 2.24107e-31 3.51076e-30 3.76078e-29 1.05809e-28 1.27342e-27 3.21125e-26 
  0.00010   1.76359e-32 1.48049e-31 2.02110e-30 2.48715e-29 1.83759e-28 3.79733e-28 2.87247e-27 3.93083e-26 
  0.00100   1.74459e-31 1.40005e-30 1.90043e-29 1.97505e-28 1.23455e-27 2.36422e-27 1.20137e-26 1.35680e-25 
  0.01000   1.71918e-30 1.32199e-29 1.75560e-28 1.65324e-27 9.02367e-27 1.55849e-26 5.89586e-26 8.86173e-25 
  0.10000   1.64130e-29 1.10690e-28 1.54000e-27 1.03739e-26 4.59622e-26 8.62736e-26 2.47535e-25 1.01427e-24 
  1.00000   1.27323e-28 5.73167e-28 8.27667e-27 4.21960e-26 9.50730e-26 1.13846e-25 1.51237e-25 2.00381e-25 
 10.00000   2.46366e-28 3.81481e-28 1.62454e-26 4.50129e-26 5.07467e-26 5.13592e-26 5.17994e-26 5.21367e-26 
100.00000   1.16967e-28 2.86630e-28 7.23756e-27 1.41334e-26 1.46922e-26 1.47472e-26 1.48189e-26 1.48738e-26 

         18
          200.0
  0.00001   4.27680e-32 6.54891e-31 6.29686e-30 1.41665e-28 1.90779e-27 5.97827e-27 8.90493e-26 1.57136e-24 
  0.00010   4.13720e-31 5.49096e-30 4.87933e-29 7.29685e-28 6.32914e-27 1.42900e-26 1.25495e-25 1.69442e-24 
  0.00100   4.00352e-30 4.82770e-29 4.23159e-28 5.07161e-27 3.19844e-26 6.11327e-26 3.26088e-25 3.03307e-24 
  0.01000   3.88666e-29 4.37579e-28 3.82845e-27 3.82465e-26 2.01998e-25 3.51708e-25 1.37482e-24 1.65443e-23 
  0.10000   3.48388e-28 3.37861e-27 3.26181e-26 2.26623e-25 9.73537e-25 1.76470e-24 5.37178e-24 2.26758e-23 
  1.00000   2.55235e-27 1.67515e-26 2.08359e-25 8.92675e-25 2.07878e-24 2.54998e-24 3.49179e-24 4.60989e-24 
 10.00000   7.16037e-27 1.70227e-26 4.00120e-25 9.29090e-25 1.01679e-24 1.02698e-24 1.03996e-24 1.04962e-24 
100.00000   4.04238e-27 1.63398e-26 2.36467e-25 3.46922e-25 3.60767e-25 3.61977e-25 3.63555e-25 3.64765e-25 

         18
          250.0
  0.00001   3.79988e-31 7.52807e-30 6.66915e-29 2.19236e-27 3.24998e-26 1.03430e-25 1.50961e-24 2.25866e-23 
  0.00010   3.71292e-30 6.03479e-29 4.19737e-28 7.38427e-27 6.99009e-26 1.68375e-25 1.68594e-24 2.31365e-23 
  0.00100   3.54893e-29 4.94820e-28 3.21988e-27 4.07835e-26 2.71325e-25 5.33067e-25 2.81172e-24 2.96229e-23 
  0.01000   3.32597e-28 4.22755e-27 2.72940e-26 2.83106e-25 1.40182e-24 2.43313e-24 9.54278e-24 9.46402e-23 
  0.10000   2.85699e-27 3.26720e-26 2.15648e-25 1.57326e-24 6.34444e-24 1.06972e-23 3.31123e-23 1.40671e-22 
  1.00000   2.05316e-26 1.49225e-25 1.33155e-24 5.57899e-24 1.30573e-23 1.62548e-23 2.26738e-23 3.03892e-23 
 10.00000   5.15474e-26 2.24534e-25 2.65871e-24 5.57109e-24 5.93700e-24 6.01307e-24 6.13007e-24 6.23414e-24 
100.00000   4.57600e-26 2.02675e-25 1.85336e-24 2.35070e-24 2.43864e-24 2.44616e-24 2.45596e-24 2.46348e-24 

         18
          300.0
  0.00001   2.05990e-30 3.93093e-29 4.32500e-28 2.01992e-26 2.99097e-25 8.40318e-25 8.77472e-24 1.34054e-22 
  0.00010   1.99911e-29 3.24096e-28 2.19646e-27 4.56406e-26 4.61712e-25 1.04588e-24 9.23275e-24 1.35634e-22 
  0.00100   1.92770e-28 2.58320e-27 1.41675e-26 1.89624e-25 1.26614e-24 2.43095e-24 1.30524e-23 1.47096e-22 
  0.01000   1.80264e-27 2.13559e-26 1.11892e-25 1.16302e-24 5.71953e-24 9.89791e-24 3.72357e-23 2.93878e-22 
  0.10000   1.49603e-26 1.64776e-25 8.34697e-25 5.99668e-24 2.30435e-23 3.65417e-23 1.09442e-22 4.65289e-22 
  1.00000   1.02216e-25 7.28994e-25 4.53087e-24 1.86889e-23 4.37754e-23 5.51341e-23 7.75256e-23 1.05367e-22 
 10.00000   2.45923e-25 1.39658e-24 9.66633e-24 1.77451e-23 1.90177e-23 1.92842e-23 1.97945e-23 2.02034e-23 
100.00000   2.67388e-25 1.11124e-24 6.37043e-24 8.35050e-24 8.64653e-24 8.66972e-24 8.69998e-24 8.72317e-24 

         18
          350.0
  0.00001   8.04923e-30 1.25236e-28 1.92328e-27 1.23339e-25 1.72335e-24 4.54837e-24 3.84970e-23 4.72237e-22 
  0.00010   7.75111e-29 1.06896e-27 8.31878e-27 2.09105e-25 2.15223e-24 4.98260e-24 3.91708e-23 4.72934e-22 
  0.00100   7.47115e-28 8.82971e-27 4.68507e-26 6.52756e-25 4.45007e-24 8.50797e-24 4.74097e-23 4.89175e-22 
  0.01000   6.94915e-27 7.18452e-26 3.29655e-25 3.35648e-24 1.64908e-23 2.85207e-23 1.01262e-22 6.64238e-22 
  0.10000   5.59296e-26 5.47040e-25 2.30213e-24 1.59893e-23 6.09487e-23 9.72903e-23 2.56141e-22 1.06022e-21 
  1.00000   3.54379e-25 2.60801e-24 1.11171e-23 4.41931e-23 1.02135e-22 1.28756e-22 1.83220e-22 2.49906e-22 
 10.00000   9.08864e-25 4.98865e-24 2.40996e-23 3.96875e-23 4.32232e-23 4.40450e-23 4.54058e-23 4.64599e-23 
100.00000   1.02264e-24 3.76970e-24 1.51250e-23 2.04137e-23 2.11200e-23 2.11734e-23 2.12430e-23 2.12964e-23 

         18
          400.0
  0.00001   2.36511e-29 2.99975e-28 6.42951e-27 5.30366e-25 6.66977e-24 1.66922e-23 1.15197e-22 1.15836e-21 
  0.00010   2.28577e-28 2.58094e-27 2.44257e-26 7.46332e-25 7.30739e-24 1.72733e-23 1.16125e-22 1.16031e-21 
  0.00100   2.21627e-27 2.19467e-26 1.23885e-25 1.79769e-24 1.23610e-23 2.40743e-23 1.30110e-22 1.17907e-21 
  0.01000   2.08723e-26 1.83413e-25 8.00098e-25 7.93895e-24 3.73320e-23 6.33009e-23 2.20176e-22 1.28314e-21 
  0.10000   1.64624e-25 1.38190e-24 5.14337e-24 3.47328e-23 1.26271e-22 1.99227e-22 4.78550e-22 1.91931e-21 
  1.00000   9.71769e-25 6.89374e-24 2.28798e-23 8.48836e-23 1.90426e-22 2.40165e-22 3.42618e-22 4.67878e-22 
 10.00000   2.70910e-24 1.24741e-23 4.74534e-23 7.19734e-23 7.95374e-23 8.16148e-23 8.38370e-23 8.64637e-23 
100.00000   2.90316e-24 9.42184e-24 2.93234e-23 3.97011e-23 4.09711e-23 4.10684e-23 4.11954e-23 4.12927e-23 

         18
          600.0
  0.00001   3.86667e-28 2.84694e-27 1.45232e-25 2.11511e-23 1.78028e-22 3.94335e-22 1.62433e-21 7.98715e-21 
  0.00010   3.66269e-27 2.28265e-26 3.66276e-25 2.24539e-23 1.79045e-22 3.95024e-22 1.62389e-21 7.98327e-21 
  0.00100   3.45883e-26 1.88063e-25 1.42722e-24 3.05397e-23 1.95140e-22 4.06129e-22 1.62992e-21 7.97031e-21 
  0.01000   3.18774e-25 1.60366e-24 7.92594e-24 7.52772e-23 3.27047e-22 5.51132e-22 1.75898e-21 7.32721e-21 
  0.10000   2.64539e-24 1.22528e-23 4.06463e-23 2.34080e-22 7.06596e-22 1.02364e-21 2.26945e-21 6.83143e-21 
  1.00000   1.44164e-23 5.84017e-23 1.31457e-22 3.60346e-22 7.22649e-22 8.88005e-22 1.24883e-21 1.71686e-21 
 10.00000   3.76984e-23 1.07492e-22 2.11558e-22 2.78255e-22 3.10750e-22 3.19079e-22 3.32794e-22 3.45037e-22 
100.00000   3.63556e-23 7.81750e-23 1.41334e-22 1.76235e-22 1.80190e-22 1.80546e-22 1.80939e-22 1.81240e-22 

         19
          100.0
  0.00001   6.44847e-39 4.54429e-36 9.66097e-34 1.17675e-32 8.96010e-32 2.14045e-31 3.67912e-30 1.63763e-28 
  0.00010   6.14221e-38 3.93198e-35 9.10201e-33 9.49249e-32 6.37566e-31 1.29442e-30 1.12166e-29 2.27362e-28 
  0.00100   5.95683e-37 3.50245e-34 8.61575e-32 8.42763e-31 5.11991e-30 9.47176e-30 4.53197e-29 8.05512e-28 
  0.01000   5.53496e-36 3.07120e-33 8.23606e-31 7.16075e-30 3.84864e-29 6.43464e-29 2.57377e-28 3.89577e-27 
  0.10000   4.67111e-35 1.89764e-32 7.18441e-30 4.93681e-29 2.37164e-28 3.84743e-28 9.79293e-28 2.82559e-27 
  1.00000   3.54043e-34 6.08807e-32 3.82667e-29 1.61804e-28 2.83683e-28 3.14189e-28 3.89689e-28 4.53677e-28 
 10.00000   3.10051e-33 2.70041e-31 4.58022e-29 1.35844e-28 1.47638e-28 1.48827e-28 1.50378e-28 1.51568e-28 
100.00000   1.56384e-32 7.23518e-31 1.56261e-29 2.86400e-29 2.97548e-29 2.99078e-29 3.01075e-29 3.02605e-29 

         19
          150.0
  0.00001   6.14462e-35 2.31633e-32 4.74032e-31 8.98640e-30 8.82966e-29 2.37215e-28 4.99174e-27 1.14548e-25 
  0.00010   5.69279e-34 1.67141e-31 4.21414e-30 5.62391e-29 3.83902e-28 8.46874e-28 8.68064e-27 1.35528e-25 
  0.00100   5.10882e-33 1.35419e-30 3.93746e-29 4.33483e-28 2.49884e-27 5.03733e-27 2.67695e-26 3.64926e-25 
  0.01000   4.63580e-32 1.14391e-29 3.70446e-28 3.53619e-27 1.65897e-26 2.89844e-26 1.24969e-25 1.73362e-24 
  0.10000   3.15993e-31 7.52456e-29 3.33272e-27 2.16590e-26 1.03470e-25 1.64205e-25 4.67955e-25 1.42074e-24 
  1.00000   1.66506e-30 2.20486e-28 2.17723e-26 7.35909e-26 1.34233e-25 1.56524e-25 1.93323e-25 2.30848e-25 
 10.00000   1.34976e-29 6.01107e-28 3.04570e-26 6.32483e-26 6.72065e-26 6.76299e-26 6.81824e-26 6.86058e-26 
100.00000   7.99902e-29 1.55402e-27 1.36692e-26 1.78444e-26 1.83096e-26 1.83753e-26 1.84610e-26 1.85266e-26 

         19
          200.0
  0.00001   1.05996e-32 2.18939e-30 1.46356e-29 4.08560e-28 5.22287e-27 1.58535e-26 3.08725e-25 6.31753e-24 
  0.00010   9.88571e-32 1.64030e-29 1.11508e-28 1.86729e-27 1.51866e-26 3.34529e-26 3.88531e-25 6.72855e-24 
  0.00100   9.18561e-31 1.27322e-28 9.64228e-28 1.16860e-26 6.95626e-26 1.37423e-25 8.48071e-25 1.04904e-23 
  0.01000   8.48452e-30 1.04954e-27 8.53801e-27 8.42443e-26 4.09056e-25 7.40604e-25 3.13525e-24 3.42868e-23 
  0.10000   6.07275e-29 6.57681e-27 6.88444e-26 4.67074e-25 2.03977e-24 3.51704e-24 9.71781e-24 3.14523e-23 
  1.00000   1.95785e-28 2.41707e-26 4.58907e-25 1.54816e-24 2.96009e-24 3.49727e-24 4.35932e-24 5.23835e-24 
 10.00000   9.87523e-28 3.90837e-26 7.41741e-25 1.31001e-24 1.37584e-24 1.38306e-24 1.39248e-24 1.39970e-24 
100.00000   5.48588e-27 6.93974e-26 3.50988e-25 4.49572e-25 4.60166e-25 4.61499e-25 4.63238e-25 4.64571e-25 

         19
          250.0
  0.00001   3.65085e-31 2.41196e-29 1.57261e-28 6.40037e-27 9.90123e-26 3.42341e-25 4.88696e-24 7.44070e-23 
  0.00010   3.34988e-30 2.01968e-28 1.00155e-27 2.00775e-26 1.85281e-25 4.61155e-25 5.20073e-24 7.59456e-23 
  0.00100   3.01647e-29 1.73367e-27 7.74370e-27 1.00342e-25 6.34517e-25 1.23491e-24 8.23572e-24 9.54113e-23 
  0.01000   2.70113e-28 1.52003e-26 6.49584e-26 6.36987e-25 3.01580e-24 5.38991e-24 2.36884e-23 2.15607e-22 
  0.10000   2.04728e-27 1.05993e-25 4.84456e-25 3.36947e-24 1.24588e-23 2.17713e-23 5.92840e-23 1.95653e-22 
  1.00000   6.75177e-27 4.27902e-25 2.70884e-24 9.50230e-24 1.89878e-23 2.24177e-23 2.80787e-23 3.42158e-23 
 10.00000   1.72351e-26 5.77665e-25 4.97481e-24 7.86397e-24 8.20303e-24 8.24818e-24 8.30709e-24 8.35224e-24 
100.00000   7.22367e-26 7.02027e-25 2.44175e-24 3.12243e-24 3.19314e-24 3.20115e-24 3.21160e-24 3.21960e-24 

         19
          300.0
  0.00001   4.35858e-30 1.08728e-28 9.72139e-28 5.47211e-26 8.41044e-25 2.94097e-24 3.21707e-23 3.68956e-22 
  0.00010   4.09551e-29 9.45586e-28 5.09988e-27 1.19366e-25 1.13013e-24 3.32077e-24 3.30530e-23 3.73390e-22 
  0.00100   3.69236e-28 8.10086e-27 3.43357e-26 4.71579e-25 2.95716e-24 5.95919e-24 4.14053e-23 4.18533e-22 
  0.01000   3.16234e-27 7.16852e-26 2.70136e-25 2.61718e-24 1.22164e-23 2.10905e-23 9.42698e-23 7.34209e-22 
  0.10000   2.40950e-26 5.50941e-25 1.88401e-24 1.32760e-23 4.45104e-23 7.33610e-23 1.95969e-22 6.43778e-22 
  1.00000   9.56771e-26 2.56686e-24 9.01654e-24 3.21773e-23 6.46013e-23 7.56808e-23 9.57222e-23 1.17431e-22 
 10.00000   1.53728e-25 3.66395e-24 1.73298e-23 2.54752e-23 2.64081e-23 2.65803e-23 2.68779e-23 2.71060e-23 
100.00000   4.34325e-25 3.43203e-24 8.87826e-24 1.13214e-23 1.15547e-23 1.15827e-23 1.16191e-23 1.16470e-23 

         19
          350.0
  0.00001   2.45822e-29 3.22237e-28 4.12867e-27 3.10867e-25 4.33084e-24 1.41808e-23 1.22955e-22 1.11952e-21 
  0.00010   2.29255e-28 2.77768e-27 1.85022e-26 5.15717e-25 4.89869e-24 1.47729e-23 1.24007e-22 1.12582e-21 
  0.00100   2.12949e-27 2.40457e-26 1.08388e-25 1.55391e-24 9.76545e-24 2.17845e-23 1.38914e-22 1.18968e-21 
  0.01000   1.94128e-26 2.12996e-25 7.81896e-25 7.41962e-24 3.47229e-23 6.09391e-23 2.57260e-22 1.73345e-21 
  0.10000   1.45389e-25 1.68414e-24 5.16508e-24 3.52242e-23 1.15854e-22 1.77212e-22 4.53343e-22 1.45580e-21 
  1.00000   6.43213e-25 8.32003e-24 2.23607e-23 7.60368e-23 1.49434e-22 1.78289e-22 2.23871e-22 2.80655e-22 
 10.00000   8.48614e-25 1.35624e-23 4.08046e-23 5.79968e-23 6.01681e-23 6.07828e-23 6.16016e-23 6.22415e-23 
100.00000   1.67184e-24 1.09615e-23 2.23717e-23 2.82501e-23 2.87884e-23 2.88504e-23 2.89314e-23 2.89935e-23 

         19
          400.0
  0.00001   9.03547e-29 7.46187e-28 1.35241e-26 1.30643e-24 1.62431e-23 4.90344e-23 3.39093e-22 2.49671e-21 
  0.00010   8.26492e-28 6.38664e-27 5.16430e-26 1.71469e-24 1.71460e-23 5.00755e-23 3.42535e-22 2.50994e-21 
  0.00100   7.64273e-27 5.45016e-26 2.73808e-25 4.11794e-24 2.64942e-23 6.28930e-23 3.64516e-22 2.58429e-21 
  0.01000   7.04906e-26 4.71715e-25 1.82758e-24 1.69887e-23 7.85883e-23 1.39420e-22 5.46966e-22 3.22999e-21 
  0.10000   5.65449e-25 3.79133e-24 1.14549e-23 7.26469e-23 2.38962e-22 3.47313e-22 8.43076e-22 2.62051e-21 
  1.00000   2.50979e-24 1.86326e-23 4.45514e-23 1.42988e-22 2.79712e-22 3.26046e-22 4.20277e-22 5.26222e-22 
 10.00000   3.21494e-24 3.05970e-23 7.76342e-23 1.06443e-22 1.11003e-22 1.12063e-22 1.13496e-22 1.14679e-22 
100.00000   4.80786e-24 2.64794e-23 4.46266e-23 5.57189e-23 5.67530e-23 5.68597e-23 5.69989e-23 5.71056e-23 

         19
          600.0
  0.00001   1.32398e-27 5.85220e-27 2.86284e-25 4.48926e-23 3.90550e-22 9.35458e-22 3.37482e-21 1.37071e-20 
  0.00010   1.23172e-26 4.69160e-26 6.95034e-25 4.68054e-23 3.93511e-22 9.37958e-22 3.37443e-21 1.36860e-20 
  0.00100   1.15574e-25 3.91949e-25 2.70662e-24 6.09554e-23 4.23374e-22 9.55712e-22 3.36875e-21 1.36143e-20 
  0.01000   1.08444e-24 3.32837e-24 1.54544e-23 1.46069e-22 6.62604e-22 1.18331e-21 3.45560e-21 1.34746e-20 
  0.10000   9.16099e-24 2.52691e-23 8.17378e-23 4.37791e-22 1.23831e-21 1.72059e-21 3.43007e-21 8.96292e-21 
  1.00000   4.99508e-23 1.13410e-22 2.30585e-22 6.01702e-22 1.01756e-21 1.20863e-21 1.58816e-21 1.95429e-21 
 10.00000   7.00046e-23 1.78002e-22 3.38364e-22 4.19286e-22 4.39813e-22 4.45254e-22 4.54148e-22 4.60730e-22 
100.00000   6.33616e-23 1.32230e-22 2.18193e-22 2.61756e-22 2.65989e-22 2.66378e-22 2.66885e-22 2.67274e-22 

         20
          100.0
  0.00001   3.32471e-43 7.05183e-41 6.66118e-40 3.24496e-38 5.73166e-37 2.08390e-36 3.36340e-35 1.25029e-33 
  0.00010   3.32353e-42 6.95319e-40 6.51922e-39 2.80816e-37 4.03379e-36 1.04333e-35 6.79255e-35 1.53264e-33 
  0.00100   3.32136e-41 6.87341e-39 6.40593e-38 2.44587e-36 2.99522e-35 5.89671e-35 2.80669e-34 3.37541e-33 
  0.01000   3.31932e-40 6.74980e-38 6.19428e-37 2.07853e-35 2.09894e-34 3.78214e-34 1.15931e-33 1.09771e-32 
  0.10000   3.25625e-39 5.97033e-37 5.49771e-36 9.76013e-35 8.80112e-34 1.49503e-33 3.92461e-33 2.06584e-32 
  1.00000   1.72402e-38 3.79234e-36 2.40729e-35 7.82710e-35 2.26750e-33 4.34156e-33 9.34277e-33 1.72958e-32 
 10.00000   6.93582e-38 8.48042e-36 2.49190e-35 5.16691e-34 8.50036e-33 1.49583e-32 3.14889e-32 5.51095e-32 
100.00000   2.10084e-37 4.72688e-36 7.33561e-36 2.34889e-33 3.03875e-32 5.29290e-32 1.10250e-31 1.91348e-31 

         20
          150.0
  0.00001   7.50758e-39 1.36629e-37 8.61221e-37 3.69631e-35 2.13171e-33 9.32402e-33 1.59831e-31 3.07147e-30 
  0.00010   7.52441e-38 1.36509e-36 8.44019e-36 2.97298e-34 6.00197e-33 1.92800e-32 1.79594e-31 3.08787e-30 
  0.00100   7.50914e-37 1.36222e-35 8.28034e-35 2.52137e-33 2.70353e-32 6.52309e-32 2.94659e-31 3.41415e-30 
  0.01000   7.50733e-36 1.35739e-34 8.01674e-34 2.08457e-32 1.35974e-31 2.49951e-31 7.92596e-31 6.54766e-30 
  0.10000   7.46696e-35 1.28683e-33 6.39326e-33 9.14456e-32 3.66250e-31 5.81952e-31 1.59373e-30 6.30681e-30 
  1.00000   5.61549e-34 5.34935e-33 1.89670e-32 1.64757e-31 8.40162e-31 1.34673e-30 2.27611e-30 3.71169e-30 
 10.00000   8.29995e-34 7.54280e-33 1.86908e-32 6.68700e-31 2.44879e-30 3.18907e-30 4.30173e-30 6.02581e-30 
100.00000   9.17137e-34 4.40779e-33 2.23521e-32 2.66270e-30 9.16496e-30 1.11524e-29 1.52598e-29 2.60910e-29 

         20
          200.0
  0.00001   1.28424e-36 5.08890e-36 5.74710e-35 3.18801e-33 5.90866e-31 2.19910e-30 1.50345e-29 2.31667e-28 
  0.00010   1.28376e-35 5.08831e-35 5.69117e-34 1.98845e-32 8.65164e-31 2.57130e-30 1.55419e-29 2.32397e-28 
  0.00100   1.28396e-34 5.09257e-34 5.62777e-33 1.46776e-31 2.21057e-30 4.94575e-30 1.95657e-29 2.41246e-28 
  0.01000   1.28353e-33 5.08846e-33 5.50411e-32 1.12159e-30 7.80775e-30 1.34187e-29 3.56770e-29 2.51598e-28 
  0.10000   1.27913e-32 5.01265e-32 4.40211e-31 5.16047e-30 1.45526e-29 2.25539e-29 5.53080e-29 2.29579e-28 
  1.00000   9.71107e-32 3.30404e-31 9.06795e-31 1.16828e-29 3.70307e-29 4.53189e-29 6.46001e-29 1.20134e-28 
 10.00000   1.75848e-31 4.19169e-31 8.40728e-31 3.47179e-29 9.75623e-29 1.18858e-28 2.05703e-28 3.41182e-28 
100.00000   1.35944e-31 2.02735e-31 2.02282e-30 1.04122e-28 4.60963e-28 7.45737e-28 1.35535e-27 2.17073e-27 

         20
          250.0
  0.00001   1.98347e-35 6.94965e-35 9.54676e-34 8.55166e-32 2.26141e-29 6.77186e-29 3.02257e-28 4.05479e-27 
  0.00010   1.98044e-34 6.94159e-34 9.48292e-33 4.94147e-31 2.80192e-29 7.16657e-29 3.06239e-28 4.03787e-27 
  0.00100   1.98231e-33 6.94589e-33 9.45042e-32 3.14490e-30 4.94902e-29 1.01537e-28 3.52037e-28 3.97881e-27 
  0.01000   1.97956e-32 6.94114e-32 9.38727e-31 2.18694e-29 1.39144e-28 2.31302e-28 6.22294e-28 3.83119e-27 
  0.10000   1.97420e-31 6.87917e-31 7.52719e-30 8.62278e-29 2.83023e-28 3.98349e-28 9.00274e-28 3.09255e-27 
  1.00000   1.64402e-30 4.69567e-30 1.97465e-29 1.73419e-28 5.11084e-28 6.68181e-28 1.00607e-27 1.77233e-27 
 10.00000   3.36421e-30 8.40731e-30 2.25842e-29 4.18152e-28 1.28376e-27 1.99074e-27 3.65118e-27 5.98539e-27 
100.00000   2.85729e-30 4.52636e-30 3.85630e-29 9.69107e-28 8.61503e-27 1.28560e-26 2.15310e-26 3.22237e-26 

         20
          300.0
  0.00001   1.27918e-34 4.86541e-34 7.25194e-33 1.05198e-30 2.71958e-28 7.05906e-28 2.91591e-27 3.05507e-26 
  0.00010   1.27798e-33 4.87181e-33 7.23956e-32 5.41007e-30 3.20864e-28 7.47844e-28 2.96282e-27 3.06325e-26 
  0.00100   1.27848e-32 4.87021e-32 7.22062e-31 3.27059e-29 4.83390e-28 9.70949e-28 3.41947e-27 3.12583e-26 
  0.01000   1.27854e-31 4.86687e-31 7.20484e-30 2.07515e-28 1.20968e-27 2.07522e-27 5.94187e-27 3.56545e-26 
  0.10000   1.27629e-30 4.81386e-30 5.92041e-29 7.51873e-28 2.83024e-27 4.11122e-27 8.44208e-27 3.10679e-26 
  1.00000   1.11977e-29 3.37518e-29 1.87360e-28 1.19471e-27 4.04337e-27 5.50215e-27 1.20992e-26 2.89958e-26 
 10.00000   3.35212e-29 7.69317e-29 2.28072e-28 2.42311e-27 1.09067e-26 1.71105e-26 3.20584e-26 5.32274e-26 
100.00000   3.18110e-29 4.51832e-29 2.94774e-28 8.23772e-27 6.40304e-26 9.11243e-26 1.45148e-25 2.08618e-25 

         20
          350.0
  0.00001   5.61222e-34 2.04224e-33 3.04299e-32 6.85701e-30 1.49260e-27 3.84912e-27 1.83490e-26 1.75449e-25 
  0.00010   5.60539e-33 2.04207e-32 3.03243e-31 3.41289e-29 1.78226e-27 4.19654e-27 1.87421e-26 1.75438e-25 
  0.00100   5.61051e-32 2.04233e-31 3.02834e-30 1.87214e-28 2.61284e-27 5.42353e-27 2.16025e-26 1.80574e-25 
  0.01000   5.60770e-31 2.04107e-30 3.01879e-29 1.11607e-27 6.74869e-27 1.14277e-26 3.47625e-26 2.04227e-25 
  0.10000   5.59891e-30 2.02368e-29 2.53612e-28 4.12883e-27 1.74608e-26 2.45756e-26 5.33420e-26 2.86661e-25 
  1.00000   4.93314e-29 1.49403e-28 9.38697e-28 4.86591e-27 2.57464e-26 4.11121e-26 1.01193e-25 2.46913e-25 
 10.00000   1.88006e-28 3.93083e-28 1.17933e-27 8.07743e-27 6.17094e-26 9.85080e-26 1.86898e-25 3.08709e-25 
100.00000   1.76392e-28 2.40291e-28 1.32328e-27 4.32755e-26 2.83202e-25 3.91742e-25 6.04295e-25 8.45940e-25 

         20
          400.0
  0.00001   1.71948e-33 6.00997e-33 8.77351e-32 2.94024e-29 5.42623e-27 1.43904e-26 7.39015e-26 7.72416e-25 
  0.00010   1.71293e-32 6.00910e-32 8.73131e-31 1.38854e-28 6.54295e-27 1.60900e-26 7.62005e-26 7.74505e-25 
  0.00100   1.71416e-31 6.01102e-31 8.71358e-30 7.14836e-28 9.57465e-27 2.14375e-26 8.70880e-26 7.89909e-25 
  0.01000   1.71638e-30 6.00848e-30 8.67518e-29 4.03241e-27 2.60192e-26 4.56923e-26 1.43887e-25 1.00110e-24 
  0.10000   1.71163e-29 5.95110e-29 7.47840e-28 1.48569e-26 7.17914e-26 1.05856e-25 2.69955e-25 1.54838e-24 
  1.00000   1.54283e-28 4.48587e-28 3.11743e-27 1.59263e-26 1.41155e-25 2.31953e-25 5.23748e-25 1.27191e-24 
 10.00000   6.78026e-28 1.31833e-27 3.98769e-27 2.17724e-26 2.64609e-25 4.22511e-25 7.85765e-25 1.26412e-24 
100.00000   6.00176e-28 8.32117e-28 4.13098e-27 1.53939e-25 9.03851e-25 1.22723e-24 1.84976e-24 2.53934e-24 

         20
          600.0
  0.00001   1.90117e-32 6.22456e-32 8.88714e-31 8.20547e-28 1.12540e-25 3.10466e-25 1.62533e-24 5.96172e-23 
  0.00010   1.90748e-31 6.22067e-31 8.72505e-30 3.57307e-27 1.43279e-25 3.68045e-25 1.76034e-24 5.97876e-23 
  0.00100   1.90447e-30 6.21539e-30 8.58926e-29 1.64205e-26 2.25983e-25 5.13456e-25 2.12630e-24 6.07817e-23 
  0.01000   1.90660e-29 6.21477e-29 8.45048e-28 8.43728e-26 6.37410e-25 1.19897e-24 4.14648e-24 6.97044e-23 
  0.10000   1.90590e-28 6.14690e-28 7.56439e-27 2.93977e-25 2.58539e-24 4.72059e-24 1.48226e-23 8.06657e-23 
  1.00000   1.81242e-27 5.21287e-27 3.95071e-26 2.14979e-25 8.53553e-24 1.25666e-23 2.31622e-23 5.25527e-23 
 10.00000   7.16751e-27 1.76452e-26 5.83656e-26 5.50345e-25 1.14321e-23 1.64143e-23 2.57568e-23 3.63235e-23 
100.00000   6.93897e-27 1.26218e-26 5.34306e-26 3.29292e-24 1.63375e-23 2.11787e-23 2.98052e-23 3.85161e-23 

         21
          100.0
  0.00001   1.72232e-35 6.66466e-32 1.60068e-29 2.05918e-28 1.67387e-27 4.15092e-27 9.98741e-26 1.07633e-23 
  0.00010   1.60291e-34 5.23645e-31 1.53677e-28 1.65288e-27 1.06061e-26 2.33298e-26 2.19452e-25 1.17533e-23 
  0.00100   1.52978e-33 4.32955e-30 1.48923e-27 1.41672e-26 7.88145e-26 1.59757e-25 8.65546e-25 2.15442e-23 
  0.01000   1.38944e-32 3.56080e-29 1.42566e-26 1.21186e-25 5.98413e-25 1.09838e-24 4.00399e-24 3.38043e-23 
  0.10000   8.98720e-32 2.20182e-28 1.21418e-25 7.36598e-25 2.65685e-24 3.80446e-24 6.99993e-24 1.25785e-23 
  1.00000   1.96935e-31 7.49923e-28 5.03064e-25 1.26166e-24 1.59458e-24 1.67891e-24 1.80244e-24 2.00641e-24 
 10.00000   5.97134e-31 1.05213e-27 5.11085e-25 9.39172e-25 1.04413e-24 1.06006e-24 1.08085e-24 1.09679e-24 
100.00000   1.94711e-30 1.25757e-27 1.57637e-25 2.01444e-25 2.17811e-25 2.19837e-25 2.22480e-25 2.24506e-25 

         21
          150.0
  0.00001   2.63109e-33 8.97748e-31 1.59358e-29 3.61255e-28 4.72158e-27 1.22602e-26 3.39947e-25 1.76829e-23 
  0.00010   2.38634e-32 6.04523e-30 1.38122e-28 2.08359e-27 1.61089e-26 3.35559e-26 4.33251e-25 1.82874e-23 
  0.00100   2.21926e-31 4.39904e-29 1.25797e-27 1.43806e-26 8.18611e-26 1.60884e-25 9.96253e-25 2.33643e-23 
  0.01000   2.05487e-30 3.35856e-28 1.16616e-26 1.07537e-25 4.93408e-25 9.25845e-25 3.60323e-24 3.14379e-23 
  0.10000   1.41340e-29 1.78989e-27 9.64344e-26 6.31291e-25 2.28327e-24 3.47711e-24 6.89099e-24 1.34559e-23 
  1.00000   2.15811e-29 5.29688e-27 5.20090e-25 1.13026e-24 1.51949e-24 1.62860e-24 1.77995e-24 1.97229e-24 
 10.00000   3.45740e-29 7.03763e-27 5.22139e-25 9.05104e-25 9.77901e-25 9.88413e-25 1.00213e-24 1.01264e-24 
100.00000   6.93698e-29 8.84943e-27 2.29118e-25 2.61915e-25 2.79396e-25 2.81131e-25 2.83395e-25 2.85130e-25 

         21
          200.0
  0.00001   3.59851e-32 3.06280e-30 2.26649e-29 9.09141e-28 1.59357e-26 4.66648e-26 9.54747e-25 2.27777e-23 
  0.00010   3.42051e-31 2.30514e-29 1.61912e-28 3.26376e-27 3.07172e-26 7.00469e-26 1.01783e-24 2.30510e-23 
  0.00100   3.19844e-30 1.78971e-28 1.31878e-27 1.72292e-26 1.03375e-25 2.02729e-25 1.44018e-24 2.56152e-23 
  0.01000   2.89126e-29 1.43178e-27 1.12787e-26 1.13362e-25 4.93063e-25 8.44073e-25 3.41019e-24 2.98190e-23 
  0.10000   2.05477e-28 7.02898e-27 8.56787e-26 5.68875e-25 2.01754e-24 3.13617e-24 6.57052e-24 1.38858e-23 
  1.00000   3.80434e-28 2.18681e-26 4.78413e-25 1.03780e-24 1.49269e-24 1.61807e-24 1.80173e-24 1.97417e-24 
 10.00000   4.74223e-28 2.66644e-26 5.16380e-25 8.44831e-25 8.91365e-25 8.98532e-25 9.07883e-25 9.15050e-25 
100.00000   6.39818e-28 2.51239e-26 2.50269e-25 2.95576e-25 3.13842e-25 3.15406e-25 3.17448e-25 3.19012e-25 

         21
          250.0
  0.00001   1.63834e-31 4.95655e-30 3.67203e-29 2.65950e-27 5.02859e-26 1.49792e-25 1.82058e-24 2.50233e-23 
  0.00010   1.57060e-30 4.19164e-29 2.25394e-28 5.86919e-27 6.38451e-26 1.63527e-25 1.84740e-24 2.51231e-23 
  0.00100   1.50969e-29 3.31436e-28 1.58080e-27 2.26915e-26 1.43429e-25 2.83683e-25 2.10114e-24 2.63412e-23 
  0.01000   1.38916e-28 2.72172e-27 1.24880e-26 1.23474e-25 5.50438e-25 9.27990e-25 3.54006e-24 2.78106e-23 
  0.10000   1.05198e-27 1.69365e-26 8.33974e-26 5.40901e-25 1.79955e-24 2.84482e-24 6.17537e-24 1.38297e-23 
  1.00000   2.41387e-27 5.24989e-26 4.20932e-25 9.60820e-25 1.44723e-24 1.58656e-24 1.80183e-24 1.98263e-24 
 10.00000   2.63426e-27 6.35381e-26 5.03820e-25 7.85309e-25 8.08373e-25 8.12936e-25 8.18889e-25 8.23452e-25 
100.00000   2.70814e-27 4.91350e-26 2.58721e-25 3.15213e-25 3.30064e-25 3.31584e-25 3.33568e-25 3.35088e-25 

         21
          300.0
  0.00001   4.39328e-31 5.54732e-30 6.12688e-29 7.41059e-27 1.24474e-25 3.30068e-25 2.62608e-24 2.59115e-23 
  0.00010   4.23121e-30 5.12082e-29 3.37433e-28 1.08802e-26 1.34164e-25 3.37734e-25 2.64779e-24 2.59675e-23 
  0.00100   4.09651e-29 4.64417e-28 2.05072e-27 3.07802e-26 2.12011e-25 4.33954e-25 2.84434e-24 2.65201e-23 
  0.01000   3.84764e-28 3.94574e-27 1.45666e-26 1.40881e-25 6.17498e-25 1.06190e-24 3.75724e-24 2.59152e-23 
  0.10000   2.96204e-27 2.72723e-26 8.70863e-26 5.40245e-25 1.64710e-24 2.57727e-24 5.69072e-24 1.32075e-23 
  1.00000   8.24425e-27 8.85758e-26 3.71085e-25 8.98529e-25 1.39328e-24 1.53980e-24 1.76108e-24 1.95820e-24 
 10.00000   8.50397e-27 1.12459e-25 4.88095e-25 7.21356e-25 7.37135e-25 7.39043e-25 7.41534e-25 7.43442e-25 
100.00000   7.43479e-27 7.85818e-26 2.62395e-25 3.24890e-25 3.33105e-25 3.35583e-25 3.37707e-25 3.39334e-25 

         21
          350.0
  0.00001   8.46713e-31 6.06967e-30 1.00367e-28 1.71908e-26 2.35437e-25 5.81534e-25 3.41497e-24 2.60651e-23 
  0.00010   8.18562e-30 5.57858e-29 4.86394e-28 2.06014e-26 2.43360e-25 5.87147e-25 3.42488e-24 2.60602e-23 
  0.00100   7.94740e-29 5.14453e-28 2.73297e-27 4.25065e-26 3.09776e-25 6.49141e-25 3.55572e-24 2.62153e-23 
  0.01000   7.64710e-28 4.59555e-27 1.72667e-26 1.64689e-25 7.02876e-25 1.19707e-24 4.14897e-24 2.43658e-23 
  0.10000   5.96175e-27 3.46732e-26 9.61525e-26 5.53790e-25 1.56037e-24 2.34360e-24 5.30354e-24 1.24539e-23 
  1.00000   1.92782e-26 1.17833e-25 3.36713e-25 8.52741e-25 1.32797e-24 1.47303e-24 1.69597e-24 1.91497e-24 
 10.00000   1.95771e-26 1.65098e-25 4.70609e-25 6.59888e-25 6.73800e-25 6.76506e-25 6.80488e-25 6.83540e-25 
100.00000   1.56280e-26 1.10170e-25 2.63395e-25 3.25168e-25 3.31243e-25 3.32312e-25 3.34204e-25 3.35654e-25 

         21
          400.0
  0.00001   1.33257e-30 6.72470e-30 1.61908e-28 3.41616e-26 3.63904e-25 8.76204e-25 4.15860e-24 2.51042e-23 
  0.00010   1.28453e-29 6.10774e-29 6.59940e-28 3.73224e-26 3.67912e-25 8.79765e-25 4.16365e-24 2.51083e-23 
  0.00100   1.24615e-28 5.59840e-28 3.49757e-27 5.95376e-26 4.24872e-25 9.30757e-25 4.22616e-24 2.50251e-23 
  0.01000   1.19945e-27 5.06199e-27 2.05381e-26 1.87131e-25 7.95041e-25 1.35638e-24 4.48842e-24 2.27727e-23 
  0.10000   9.81008e-27 3.88687e-26 1.07365e-25 5.71885e-25 1.53122e-24 2.19335e-24 4.91619e-24 1.15754e-23 
  1.00000   3.62571e-26 1.41125e-25 3.20428e-25 8.18004e-25 1.25941e-24 1.39364e-24 1.61430e-24 1.84249e-24 
 10.00000   3.60926e-26 2.13598e-25 4.53177e-25 6.02569e-25 6.19133e-25 6.23039e-25 6.26370e-25 6.28923e-25 
100.00000   2.74421e-26 1.40744e-25 2.63438e-25 3.19841e-25 3.25880e-25 3.26502e-25 3.27314e-25 3.27936e-25 

         21
          600.0
  0.00001   2.71989e-30 9.21688e-30 8.11753e-28 1.66870e-25 9.47798e-25 1.97936e-24 5.45892e-24 1.86485e-23 
  0.00010   2.67441e-29 8.04295e-29 1.63031e-27 1.69496e-25 9.48613e-25 1.97931e-24 5.45324e-24 1.86243e-23 
  0.00100   2.62744e-28 7.23186e-28 6.00336e-27 1.85380e-25 9.69629e-25 1.98217e-24 5.39787e-24 1.83836e-23 
  0.01000   2.56566e-27 6.52199e-27 3.21057e-26 2.91660e-25 1.18952e-24 2.09314e-24 5.11312e-24 1.65555e-23 
  0.10000   2.32085e-26 4.95613e-26 1.43191e-25 6.38514e-25 1.49914e-24 1.94930e-24 3.58410e-24 8.06409e-24 
  1.00000   1.10646e-25 1.95499e-25 3.02512e-25 6.84642e-25 1.00592e-24 1.10979e-24 1.25415e-24 1.43573e-24 
 10.00000   1.29411e-25 2.75049e-25 3.95244e-25 4.27372e-25 4.38139e-25 4.40240e-25 4.43240e-25 4.46234e-25 
100.00000   9.60466e-26 2.04236e-25 2.54042e-25 2.75474e-25 2.78479e-25 2.78787e-25 2.79189e-25 2.79497e-25 

         22
          100.0
  0.00001   1.24501e-33 5.04968e-32 1.25300e-30 2.19244e-29 2.28885e-28 6.76898e-28 1.85051e-26 2.26849e-24 
  0.00010   1.23928e-32 4.91092e-31 1.19621e-29 1.94713e-28 1.54428e-27 3.35777e-27 3.29613e-26 2.32196e-24 
  0.00100   1.23268e-31 4.78588e-30 1.15464e-28 1.73900e-27 1.17266e-26 2.26092e-26 1.25021e-25 2.69384e-24 
  0.01000   1.22550e-30 4.60595e-29 1.09117e-27 1.53677e-26 9.20493e-26 1.59158e-25 5.37999e-25 3.75466e-24 
  0.10000   1.07432e-29 3.74392e-28 9.03343e-27 8.99500e-26 2.79415e-25 4.22629e-25 8.14826e-25 2.58731e-24 
  1.00000   3.52747e-29 1.38342e-27 2.47553e-26 1.85706e-25 3.62266e-25 4.16344e-25 5.16807e-25 7.27407e-25 
 10.00000   7.20169e-29 1.89206e-27 2.25808e-26 1.86784e-25 3.36009e-25 3.72271e-25 4.36176e-25 5.54880e-25 
100.00000   1.38350e-28 1.28044e-27 1.29030e-26 7.37063e-26 1.09386e-25 1.16966e-25 1.32617e-25 1.55346e-25 

         22
          150.0
  0.00001   8.31132e-33 1.63596e-31 2.63798e-30 4.68564e-29 7.13526e-28 2.70681e-27 8.89933e-26 4.66800e-24 
  0.00010   8.20197e-32 1.52175e-30 2.38066e-29 3.45625e-28 3.16110e-27 8.47504e-27 1.14638e-25 4.75422e-24 
  0.00100   8.11298e-31 1.44327e-29 2.22964e-28 2.74451e-27 1.88802e-26 4.00336e-26 2.45418e-25 5.44603e-24 
  0.01000   8.05598e-30 1.35313e-28 2.10050e-27 2.28697e-26 1.34238e-25 2.39845e-25 8.08170e-25 7.38130e-24 
  0.10000   7.35531e-29 1.11626e-27 1.67167e-26 1.39842e-25 4.75614e-25 7.09344e-25 1.56971e-24 5.36063e-24 
  1.00000   3.25077e-28 4.87239e-27 4.76853e-26 3.53980e-25 6.01549e-25 6.93519e-25 8.85069e-25 1.18700e-24 
 10.00000   5.40320e-28 5.78665e-27 5.24396e-26 3.61219e-25 5.43482e-25 5.84247e-25 6.45286e-25 7.37777e-25 
100.00000   8.99356e-28 4.69559e-27 4.44919e-26 1.60578e-25 2.05143e-25 2.13459e-25 2.27510e-25 2.47914e-25 

         22
          200.0
  0.00001   2.51437e-32 3.25957e-31 4.48405e-30 1.08959e-28 2.70094e-27 1.09777e-26 2.37983e-25 8.53413e-24 
  0.00010   2.49476e-31 3.00900e-30 3.84875e-29 5.99102e-28 6.61569e-27 1.83258e-26 2.59875e-25 8.63157e-24 
  0.00100   2.46584e-30 2.79257e-29 3.41373e-28 4.05574e-27 2.79232e-26 6.10166e-26 4.04358e-25 9.51808e-24 
  0.01000   2.42050e-29 2.61748e-28 3.14354e-27 3.10012e-26 1.68631e-25 3.10417e-25 1.06607e-24 1.13010e-23 
  0.10000   2.20321e-28 2.20843e-27 2.55415e-26 1.79133e-25 6.39091e-25 9.67573e-25 2.30095e-24 7.86552e-24 
  1.00000   1.23815e-27 8.89827e-27 8.81617e-26 4.46018e-25 7.93597e-25 9.21115e-25 1.16186e-24 1.53844e-24 
 10.00000   1.72536e-27 1.08056e-26 1.02939e-25 4.86241e-25 6.51186e-25 6.87120e-25 7.34801e-25 7.89318e-25 
100.00000   2.37694e-27 1.05707e-26 8.21789e-26 2.27880e-25 2.70931e-25 2.78876e-25 2.89207e-25 3.02526e-25 

         22
          250.0
  0.00001   5.36649e-32 5.85532e-31 6.44886e-30 3.05381e-28 8.00833e-27 2.98750e-26 4.47000e-25 1.28375e-23 
  0.00010   5.33233e-31 5.37406e-30 5.20535e-29 1.06890e-27 1.36382e-26 3.86378e-26 4.66734e-25 1.28992e-23 
  0.00100   5.29928e-30 4.90980e-29 4.45810e-28 5.70759e-27 4.10215e-26 8.72894e-26 6.13865e-25 1.35140e-23 
  0.01000   5.24702e-29 4.45274e-28 3.96535e-27 3.86515e-26 1.98996e-25 3.73790e-25 1.35700e-24 1.43723e-23 
  0.10000   4.66922e-28 3.73396e-27 3.24286e-26 2.11831e-25 7.60132e-25 1.17347e-24 2.90799e-24 9.49922e-24 
  1.00000   2.61728e-27 1.45055e-26 1.28979e-25 5.02837e-25 9.31676e-25 1.08592e-24 1.36861e-24 1.74087e-24 
 10.00000   3.71313e-27 1.74597e-26 1.60086e-25 5.53503e-25 6.86080e-25 7.14190e-25 7.48449e-25 7.74361e-25 
100.00000   4.55134e-27 1.85210e-26 1.17133e-25 2.72198e-25 3.09703e-25 3.16517e-25 3.24317e-25 3.30113e-25 

         22
          300.0
  0.00001   9.82914e-32 9.04342e-31 9.13032e-30 8.55236e-28 2.27880e-26 7.35985e-26 7.45056e-25 1.58472e-23 
  0.00010   9.77554e-31 8.33261e-30 6.76315e-29 1.98080e-27 2.81194e-26 7.94491e-26 7.55607e-25 1.58593e-23 
  0.00100   9.74323e-30 7.76338e-29 5.43874e-28 7.98967e-27 6.16944e-26 1.33592e-25 8.83342e-25 1.61746e-23 
  0.01000   9.67673e-29 7.05742e-28 4.63019e-27 4.65594e-26 2.37629e-25 4.22884e-25 1.62960e-24 1.62975e-23 
  0.10000   8.70880e-28 5.72985e-27 3.67080e-26 2.35830e-25 8.40209e-25 1.33507e-24 3.28817e-24 1.04598e-23 
  1.00000   4.70530e-27 2.21993e-26 1.63064e-25 5.44050e-25 1.02004e-24 1.18899e-24 1.49112e-24 1.85647e-24 
 10.00000   6.56094e-27 2.79079e-26 2.12334e-25 5.76642e-25 6.76995e-25 6.97348e-25 7.20282e-25 7.38891e-25 
100.00000   7.65638e-27 2.81202e-26 1.47371e-25 2.97691e-25 3.29040e-25 3.33429e-25 3.38362e-25 3.45291e-25 

         22
          350.0
  0.00001   1.53818e-31 1.21300e-30 1.17859e-29 2.09451e-27 5.16348e-26 1.48676e-25 1.10995e-24 1.77646e-23 
  0.00010   1.53045e-30 1.14487e-29 8.59773e-29 3.62862e-27 5.68608e-26 1.52656e-25 1.11527e-24 1.77542e-23 
  0.00100   1.52583e-29 1.07444e-28 6.64519e-28 1.11771e-26 9.18669e-26 1.99479e-25 1.20603e-24 1.77779e-23 
  0.01000   1.51503e-28 9.98398e-28 5.36852e-27 5.47273e-26 2.82350e-25 4.83188e-25 1.88127e-24 1.72099e-23 
  0.10000   1.41234e-27 8.02670e-27 4.01108e-26 2.55885e-25 8.86170e-25 1.44380e-24 3.52308e-24 1.07235e-23 
  1.00000   7.85400e-27 3.18004e-26 1.83751e-25 5.66696e-25 1.07009e-24 1.24148e-24 1.54823e-24 1.89374e-24 
 10.00000   1.04802e-26 4.16390e-26 2.53293e-25 5.71453e-25 6.47964e-25 6.59473e-25 6.72821e-25 6.97955e-25 
100.00000   1.17762e-26 3.87840e-26 1.70181e-25 3.09143e-25 3.33007e-25 3.35200e-25 3.43432e-25 3.50523e-25 

         22
          400.0
  0.00001   2.16118e-31 1.44386e-30 1.44039e-29 4.38921e-27 9.38628e-26 2.47282e-25 1.52245e-24 1.86903e-23 
  0.00010   2.15218e-30 1.38481e-29 1.02915e-28 6.30659e-27 9.78556e-26 2.49527e-25 1.52869e-24 1.86983e-23 
  0.00100   2.14246e-29 1.32547e-28 7.87222e-28 1.55342e-26 1.31442e-25 2.87241e-25 1.58937e-24 1.85779e-23 
  0.01000   2.13118e-28 1.26107e-27 6.23083e-27 6.46555e-26 3.27178e-25 5.58253e-25 2.11220e-24 1.74272e-23 
  0.10000   2.02273e-27 1.03888e-26 4.36915e-26 2.70577e-25 9.10888e-25 1.48469e-24 3.60375e-24 1.07964e-23 
  1.00000   1.20123e-26 4.28418e-26 1.94026e-25 5.76216e-25 1.08180e-24 1.25771e-24 1.56016e-24 1.87670e-24 
 10.00000   1.61331e-26 5.70947e-26 2.79960e-25 5.50898e-25 6.04412e-25 6.11831e-25 6.32298e-25 6.49513e-25 
100.00000   1.70103e-26 4.97763e-26 1.86152e-25 3.11246e-25 3.26693e-25 3.33012e-25 3.42198e-25 3.47419e-25 

         22
          600.0
  0.00001   4.26711e-31 1.87969e-30 2.26963e-29 2.54322e-26 3.26975e-25 6.89623e-25 2.80696e-24 1.71419e-23 
  0.00010   4.24243e-30 1.82855e-29 1.52353e-28 2.90453e-26 3.29129e-25 6.91010e-25 2.80690e-24 1.71127e-23 
  0.00100   4.21549e-29 1.77609e-28 1.09929e-27 4.22578e-26 3.53813e-25 7.12102e-25 2.81824e-24 1.69598e-23 
  0.01000   4.17508e-28 1.71985e-27 8.53975e-27 1.08033e-25 5.43966e-25 9.35315e-25 2.89474e-24 1.52936e-23 
  0.10000   4.02415e-27 1.56055e-26 5.74488e-26 3.17236e-25 9.52145e-25 1.38125e-24 3.44367e-24 8.84526e-24 
  1.00000   2.92867e-26 7.65449e-26 1.94489e-25 5.46321e-25 9.62219e-25 1.09728e-24 1.32645e-24 1.54178e-24 
 10.00000   4.98725e-26 1.06360e-25 2.89118e-25 4.22811e-25 4.55199e-25 4.65363e-25 4.74961e-25 4.82956e-25 
100.00000   4.41189e-26 8.46270e-26 2.00000e-25 2.73974e-25 2.94077e-25 2.99651e-25 3.04623e-25 3.07216e-25 

         23
          100.0
  0.00001   1.27928e-39 2.12897e-34 8.56566e-30 1.38448e-28 1.02618e-27 2.48279e-27 2.71557e-26 1.49959e-23 
  0.00010   1.18534e-38 1.72213e-33 7.94846e-29 1.14378e-27 7.13751e-27 1.52349e-26 9.55767e-26 1.56805e-23 
  0.00100   1.12952e-37 1.51635e-32 7.45107e-28 1.01217e-26 5.88824e-26 1.16028e-25 5.32717e-25 2.18248e-23 
  0.01000   1.07114e-36 1.29845e-31 6.94174e-27 9.09405e-26 4.96494e-25 8.83390e-25 2.98690e-24 2.97875e-23 
  0.10000   8.53201e-36 8.73242e-31 6.15811e-26 5.86759e-25 2.19109e-24 3.13691e-24 6.34619e-24 1.30276e-23 
  1.00000   2.54461e-35 1.82270e-30 2.31387e-25 1.27101e-24 1.65164e-24 1.76687e-24 1.94939e-24 2.16730e-24 
 10.00000   9.43771e-35 4.57051e-30 2.35111e-25 9.92902e-25 1.09660e-24 1.12463e-24 1.16120e-24 1.18923e-24 
100.00000   4.51691e-34 1.42256e-29 8.93310e-26 2.19671e-25 2.35025e-25 2.38605e-25 2.43275e-25 2.46855e-25 

         23
          150.0
  0.00001   3.27372e-36 3.21794e-32 1.09632e-29 2.50757e-28 2.72599e-27 7.62188e-27 2.00204e-25 2.01239e-23 
  0.00010   3.05538e-35 2.14344e-31 1.00077e-28 1.45860e-27 1.08586e-26 2.48306e-26 2.44167e-25 2.04343e-23 
  0.00100   2.85814e-34 1.70212e-30 9.23821e-28 1.08481e-26 6.08509e-26 1.26219e-25 6.42578e-25 2.35303e-23 
  0.01000   2.66789e-33 1.37523e-29 8.63496e-27 8.55860e-26 4.08851e-25 7.72248e-25 2.60218e-24 2.84541e-23 
  0.10000   1.70210e-32 8.18507e-29 7.27683e-26 5.18788e-25 1.87310e-24 2.69976e-24 6.22007e-24 1.39594e-23 
  1.00000   3.46300e-32 1.59225e-28 3.11892e-25 1.11227e-24 1.56962e-24 1.69790e-24 1.91902e-24 2.13670e-24 
 10.00000   7.99854e-32 2.23002e-28 4.20105e-25 9.71250e-25 1.05127e-24 1.06461e-24 1.08202e-24 1.09536e-24 
100.00000   2.97148e-31 3.68137e-28 1.85136e-25 2.88462e-25 3.03119e-25 3.06248e-25 3.10331e-25 3.13460e-25 

         23
          200.0
  0.00001   2.27047e-34 4.51587e-31 1.48873e-29 7.04483e-28 1.16197e-26 3.06216e-26 7.11786e-25 2.39638e-23 
  0.00010   2.20012e-33 3.27777e-30 1.09088e-28 2.54749e-27 2.18382e-26 4.95197e-26 7.43048e-25 2.41280e-23 
  0.00100   2.12695e-32 2.16590e-29 9.33758e-28 1.34987e-26 8.15473e-26 1.65653e-25 1.03647e-24 2.56517e-23 
  0.01000   2.03796e-31 1.60839e-28 8.43475e-27 9.28201e-26 4.32219e-25 7.76107e-25 2.54598e-24 2.70052e-23 
  0.10000   1.37510e-30 9.15890e-28 7.18823e-26 4.77278e-25 1.61989e-24 2.48376e-24 5.82616e-24 1.45516e-23 
  1.00000   3.04498e-30 1.93083e-27 3.37159e-25 1.01354e-24 1.54703e-24 1.70395e-24 1.93892e-24 2.14323e-24 
 10.00000   4.22505e-30 2.24304e-27 3.93318e-25 9.19214e-25 9.73398e-25 9.82481e-25 9.94331e-25 1.00341e-24 
100.00000   9.69694e-30 2.46723e-27 2.58666e-25 3.28052e-25 3.44043e-25 3.46991e-25 3.50837e-25 3.53785e-25 

         23
          250.0
  0.00001   2.95678e-33 1.48027e-30 2.99675e-29 2.46458e-27 4.44563e-26 1.05325e-25 1.52387e-24 2.56116e-23 
  0.00010   2.90680e-32 1.19052e-29 1.69694e-28 5.07737e-27 5.47127e-26 1.16653e-25 1.54428e-24 2.57022e-23 
  0.00100   2.85634e-31 9.13767e-29 1.13569e-27 1.93480e-26 1.23064e-25 2.34239e-25 1.75333e-24 2.62723e-23 
  0.01000   2.79972e-30 7.12545e-28 9.06714e-27 1.07663e-25 5.03361e-25 8.87217e-25 2.85389e-24 2.55082e-23 
  0.10000   2.12112e-29 4.06967e-27 7.02078e-26 4.74531e-25 1.44692e-24 2.32509e-24 5.31495e-24 1.43005e-23 
  1.00000   5.20870e-29 9.11071e-27 3.42539e-25 9.26986e-25 1.50475e-24 1.67432e-24 1.94623e-24 2.17729e-24 
 10.00000   6.13606e-29 9.78930e-27 4.07199e-25 8.55632e-25 9.01372e-25 9.10489e-25 9.22384e-25 9.31501e-25 
100.00000   9.27760e-29 8.51461e-27 2.72298e-25 3.49348e-25 3.69694e-25 3.72436e-25 3.76013e-25 3.78755e-25 

         23
          300.0
  0.00001   1.71176e-32 2.77674e-30 5.83340e-29 7.82313e-27 1.15773e-25 2.52528e-25 2.41859e-24 2.59385e-23 
  0.00010   1.70114e-31 2.40806e-29 2.88520e-28 1.10145e-26 1.23420e-25 2.58771e-25 2.43553e-24 2.59705e-23 
  0.00100   1.68582e-30 1.99843e-28 1.63722e-27 2.85109e-26 1.96178e-25 3.57399e-25 2.59172e-24 2.60182e-23 
  0.01000   1.66919e-29 1.57122e-27 1.10671e-26 1.29301e-25 5.84247e-25 9.98842e-25 3.28180e-24 2.39831e-23 
  0.10000   1.33339e-28 1.04150e-26 7.46373e-26 5.08267e-25 1.36543e-24 2.17097e-24 4.90086e-24 1.37320e-23 
  1.00000   3.62410e-28 2.55854e-26 3.40770e-25 8.66611e-25 1.44316e-24 1.62313e-24 1.90835e-24 2.17613e-24 
 10.00000   4.05571e-28 2.64926e-26 4.18538e-25 7.93263e-25 8.44745e-25 8.52549e-25 8.62396e-25 8.69942e-25 
100.00000   4.64460e-28 2.03021e-26 2.72106e-25 3.59756e-25 3.85025e-25 3.87465e-25 3.90650e-25 3.93090e-25 

         23
          350.0
  0.00001   5.76860e-32 3.85973e-30 1.05251e-28 2.01077e-26 2.33929e-25 4.73310e-25 3.28797e-24 2.57064e-23 
  0.00010   5.73134e-31 3.51573e-29 4.56067e-28 2.36098e-26 2.39393e-25 4.79474e-25 3.29570e-24 2.57021e-23 
  0.00100   5.69969e-30 3.10235e-28 2.36887e-27 4.35446e-26 3.07277e-25 5.51634e-25 3.38055e-24 2.55674e-23 
  0.01000   5.67214e-29 2.60860e-27 1.42621e-26 1.57127e-25 6.90069e-25 1.13610e-24 3.79732e-24 2.31492e-23 
  0.10000   4.92903e-28 1.73729e-26 8.47366e-26 5.46733e-25 1.41870e-24 2.07025e-24 4.48506e-24 1.29355e-23 
  1.00000   1.45355e-27 5.12402e-26 3.29432e-25 8.20830e-25 1.37709e-24 1.55265e-24 1.84621e-24 2.13729e-24 
 10.00000   1.60575e-27 5.33608e-26 4.36021e-25 7.25881e-25 7.90409e-25 7.98720e-25 8.06911e-25 8.13188e-25 
100.00000   1.55069e-27 3.83006e-26 2.74411e-25 3.62971e-25 3.91575e-25 3.93725e-25 3.96530e-25 3.98680e-25 

         23
          400.0
  0.00001   1.41931e-31 4.56723e-30 1.81099e-28 4.20264e-26 3.95989e-25 7.58860e-25 4.00260e-24 2.46045e-23 
  0.00010   1.41314e-30 4.24003e-29 6.65801e-28 4.58949e-26 4.00366e-25 7.61576e-25 4.00577e-24 2.45892e-23 
  0.00100   1.40910e-29 3.90103e-28 3.26170e-27 6.63623e-26 4.52719e-25 8.11720e-25 4.02355e-24 2.43796e-23 
  0.01000   1.40434e-28 3.49025e-27 1.83426e-26 1.88991e-25 8.21904e-25 1.29545e-24 4.27303e-24 2.18018e-23 
  0.10000   1.25197e-27 2.42844e-26 9.73486e-26 5.85171e-25 1.52165e-24 2.03391e-24 4.09255e-24 1.20398e-23 
  1.00000   4.05158e-27 8.46071e-26 3.24921e-25 7.84265e-25 1.32441e-24 1.49285e-24 1.76010e-24 2.07136e-24 
 10.00000   4.49694e-27 8.85615e-26 4.50949e-25 6.67292e-25 7.39960e-25 7.47948e-25 7.54811e-25 7.60072e-25 
100.00000   3.91570e-27 6.16124e-26 2.80421e-25 3.64925e-25 3.91776e-25 3.93698e-25 3.96205e-25 3.98127e-25 

         23
          600.0
  0.00001   8.79450e-31 7.72344e-30 9.81289e-28 2.29215e-25 1.19807e-24 1.99526e-24 5.70709e-24 1.85873e-23 
  0.00010   8.75203e-30 6.76262e-29 2.02855e-27 2.32396e-25 1.19882e-24 1.99479e-24 5.70354e-24 1.85591e-23 
  0.00100   8.70821e-29 6.14451e-28 6.96512e-27 2.51414e-25 1.20984e-24 1.99752e-24 5.67830e-24 1.83603e-23 
  0.01000   8.66784e-28 5.62041e-27 3.47817e-26 3.67572e-25 1.38097e-24 2.10117e-24 5.47291e-24 1.65250e-23 
  0.10000   8.21966e-27 4.29638e-26 1.54506e-25 7.25478e-25 1.70521e-24 2.18574e-24 3.54433e-24 8.40017e-24 
  1.00000   3.31824e-26 1.81070e-25 3.72463e-25 7.13526e-25 1.04959e-24 1.18104e-24 1.45808e-24 1.74954e-24 
 10.00000   4.31424e-26 2.41335e-25 4.52113e-25 5.33093e-25 5.80197e-25 5.84802e-25 5.89985e-25 5.93516e-25 
100.00000   3.25542e-26 1.68931e-25 2.97610e-25 3.50476e-25 3.64229e-25 3.65299e-25 3.66696e-25 3.67766e-25 

         24
          100.0
  0.00001   4.65539e-43 3.59222e-41 6.87949e-39 6.46940e-38 4.49855e-37 1.07062e-36 3.81726e-35 1.05253e-32 
  0.00010   4.65623e-42 3.50754e-40 6.71965e-38 6.15985e-37 3.85673e-36 8.66973e-36 1.11047e-34 1.09149e-32 
  0.00100   4.71319e-41 3.39658e-39 6.56853e-37 5.85644e-36 3.58240e-35 7.69298e-35 4.46329e-34 1.40929e-32 
  0.01000   4.70386e-40 3.18444e-38 6.37310e-36 5.64010e-35 3.08622e-34 5.74310e-34 1.86133e-33 1.69234e-32 
  0.10000   4.66761e-39 2.01474e-37 5.46557e-35 3.41429e-34 1.30755e-33 1.84099e-33 3.67659e-33 7.61193e-33 
  1.00000   4.44476e-38 8.56657e-37 1.62205e-34 7.31805e-34 9.66463e-34 1.03073e-33 1.12716e-33 1.24405e-33 
 10.00000   5.88789e-38 3.19715e-36 1.70688e-34 5.77783e-34 6.46764e-34 6.57942e-34 6.71906e-34 6.82609e-34 
100.00000   6.11682e-38 3.48274e-36 5.93836e-35 1.27125e-34 1.36978e-34 1.38786e-34 1.40687e-34 1.42145e-34 

         24
          150.0
  0.00001   8.80007e-40 1.12949e-37 2.59973e-36 2.79352e-35 2.53923e-34 7.51010e-34 5.11815e-32 6.16898e-30 
  0.00010   8.80027e-39 1.11878e-36 2.57780e-35 2.65706e-34 1.92392e-33 4.48556e-33 8.78277e-32 6.25893e-30 
  0.00100   8.79914e-38 1.11318e-35 2.55653e-34 2.47679e-33 1.49504e-32 3.11090e-32 2.42869e-31 6.89429e-30 
  0.01000   8.79399e-37 1.09807e-34 2.51811e-33 2.22873e-32 1.17494e-31 2.29930e-31 8.39874e-31 7.30639e-30 
  0.10000   8.78313e-36 9.09116e-34 2.31259e-32 1.38110e-31 4.98992e-31 7.45704e-31 1.56737e-30 3.42027e-30 
  1.00000   8.13919e-35 1.97086e-33 9.62878e-32 2.70335e-31 3.83166e-31 4.15249e-31 4.69123e-31 5.23879e-31 
 10.00000   5.26330e-34 4.26442e-33 1.07535e-31 2.38468e-31 2.56917e-31 2.59360e-31 2.63628e-31 2.66983e-31 
100.00000   4.15187e-34 6.50744e-33 4.94770e-32 6.97139e-32 7.39977e-32 7.45643e-32 7.52201e-32 7.57228e-32 

         24
          200.0
  0.00001   9.38258e-38 5.86229e-36 4.69471e-35 5.61976e-34 6.80314e-33 7.55930e-32 3.77520e-30 1.48251e-28 
  0.00010   9.38384e-37 5.85875e-35 4.68054e-34 5.25533e-33 4.81844e-32 1.74543e-31 4.39512e-30 1.48877e-28 
  0.00100   9.38699e-36 5.85434e-34 4.66147e-33 5.00394e-32 3.66580e-31 7.96599e-31 6.85286e-30 1.53707e-28 
  0.01000   9.38563e-35 5.84887e-33 4.64903e-32 4.66569e-31 2.46965e-30 4.53088e-30 1.83527e-29 1.51917e-28 
  0.10000   9.37835e-34 5.57645e-32 4.21604e-31 2.71914e-30 9.48544e-30 1.50286e-29 3.18135e-29 7.26555e-29 
  1.00000   8.84396e-33 1.73543e-31 2.14772e-30 5.15124e-30 7.67276e-30 8.42720e-30 9.70311e-30 1.08123e-29 
 10.00000   4.09200e-32 2.41788e-31 2.31858e-30 4.55878e-30 4.86288e-30 4.89451e-30 4.93578e-30 4.96741e-30 
100.00000   3.32525e-32 3.10117e-31 1.32338e-30 1.62167e-30 1.69595e-30 1.71341e-30 1.73211e-30 2.07938e-30 

         24
          250.0
  0.00001   2.10285e-36 5.77256e-35 2.71372e-34 3.30412e-33 6.49099e-32 1.85829e-30 5.67690e-29 9.26929e-28 
  0.00010   2.10143e-35 5.77061e-34 2.71029e-33 3.17091e-32 3.52693e-31 2.75909e-30 5.95621e-29 9.28638e-28 
  0.00100   2.10230e-34 5.77108e-33 2.70797e-32 3.04895e-31 2.55380e-30 7.37910e-30 7.24081e-29 9.48590e-28 
  0.01000   2.10195e-33 5.76902e-32 2.70703e-31 2.93475e-30 1.77477e-29 3.23155e-29 1.21330e-28 9.13579e-28 
  0.10000   2.10039e-32 5.67121e-31 2.54827e-30 1.67733e-29 5.66231e-29 8.89822e-29 1.87394e-28 4.43744e-28 
  1.00000   1.97047e-31 2.53598e-30 1.26737e-29 2.94582e-29 4.60011e-29 5.10718e-29 5.90598e-29 6.64405e-29 
 10.00000   6.76900e-31 3.20144e-30 1.47686e-29 2.57303e-29 2.69602e-29 2.70802e-29 2.72368e-29 2.73568e-29 
100.00000   4.56478e-31 3.32299e-30 8.44520e-30 1.05478e-29 1.09565e-29 1.10783e-29 1.44783e-29 2.61009e-29 

         24
          300.0
  0.00001   1.53952e-35 2.31040e-34 8.99144e-34 1.08403e-32 5.06840e-31 1.73406e-29 3.40879e-28 3.14040e-27 
  0.00010   1.53939e-34 2.30501e-33 8.99047e-33 1.03237e-31 1.73566e-30 2.14004e-29 3.46784e-28 3.14239e-27 
  0.00100   1.53971e-33 2.30820e-32 8.98520e-32 1.00982e-30 9.51353e-30 4.00538e-29 3.81672e-28 3.15113e-27 
  0.01000   1.53916e-32 2.30550e-31 8.98301e-31 9.88259e-30 6.70422e-29 1.34596e-28 5.11878e-28 2.90197e-27 
  0.10000   1.53815e-31 2.28901e-30 8.61841e-30 6.27107e-29 1.99578e-28 2.97600e-28 6.19758e-28 1.44801e-27 
  1.00000   1.45899e-30 1.31676e-29 4.06662e-29 9.59883e-29 1.52044e-28 1.68258e-28 1.94688e-28 2.20899e-28 
 10.00000   3.73870e-30 1.76277e-29 5.20482e-29 7.86369e-29 8.15909e-29 8.19430e-29 8.24025e-29 1.22346e-28 
100.00000   2.61857e-30 1.62103e-29 2.96784e-29 3.60258e-29 5.06219e-29 6.76737e-29 9.45721e-29 1.57508e-28 

         24
          350.0
  0.00001   5.94347e-35 5.42076e-34 2.06464e-33 2.50736e-32 2.21644e-30 7.82199e-29 1.15003e-27 7.85136e-27 
  0.00010   5.93461e-34 5.41571e-33 2.06420e-32 2.41780e-31 6.55648e-30 8.90699e-29 1.15764e-27 7.84004e-27 
  0.00100   5.97134e-33 5.42496e-32 2.06176e-31 2.36774e-30 2.78563e-29 1.41387e-28 1.22496e-27 7.79215e-27 
  0.01000   5.96784e-32 5.42440e-31 2.06246e-30 2.33761e-29 1.73491e-28 3.91386e-28 1.48663e-27 6.91888e-27 
  0.10000   5.96028e-31 5.38838e-30 1.99708e-29 1.61653e-28 5.51915e-28 7.79090e-28 1.55468e-27 3.30892e-27 
  1.00000   5.65098e-30 3.67402e-29 9.02454e-29 2.46042e-28 3.74529e-28 4.12623e-28 4.74560e-28 5.90352e-28 
 10.00000   1.21432e-29 4.84311e-29 1.25539e-28 1.70798e-28 1.77800e-28 2.40647e-28 3.36827e-28 5.58527e-28 
100.00000   9.18121e-30 4.82050e-29 7.16923e-29 8.38562e-29 2.15423e-28 2.81334e-28 3.81066e-28 6.01314e-28 

         24
          400.0
  0.00001   1.36407e-34 9.60955e-34 3.61743e-33 4.71827e-32 6.87636e-30 2.26269e-28 2.66752e-27 1.64895e-26 
  0.00010   1.36373e-33 9.62303e-33 3.61392e-32 4.60268e-31 1.87797e-29 2.47621e-28 2.67720e-27 1.64659e-26 
  0.00100   1.36378e-32 9.60886e-32 3.61501e-31 4.48900e-30 6.62642e-29 3.48636e-28 2.77944e-27 1.62757e-26 
  0.01000   1.36346e-31 9.61652e-31 3.61302e-30 4.43602e-29 3.53586e-28 8.49476e-28 3.21113e-27 1.42889e-26 
  0.10000   1.36252e-30 9.57396e-30 3.51373e-29 3.21870e-28 1.19683e-27 1.73405e-27 3.32230e-27 6.48714e-27 
  1.00000   1.29145e-29 7.08516e-29 1.70456e-28 5.19323e-28 7.93531e-28 8.67047e-28 1.06402e-27 1.97264e-27 
 10.00000   2.83248e-29 1.02554e-28 2.30413e-28 2.93512e-28 5.95280e-28 8.05957e-28 1.09244e-27 1.73471e-27 
100.00000   2.58731e-29 9.35953e-29 1.36693e-28 1.69229e-28 6.47742e-28 8.32570e-28 1.10347e-27 1.67627e-27 

         24
          600.0
  0.00001   5.28488e-34 2.54299e-33 1.02716e-32 2.17724e-31 1.20117e-28 1.92874e-27 1.46403e-26 8.66258e-26 
  0.00010   5.27842e-33 2.54477e-32 1.02408e-31 2.04354e-30 2.28247e-28 2.08095e-27 1.46912e-26 8.64999e-26 
  0.00100   5.28120e-32 2.54426e-31 1.02486e-30 1.94666e-29 5.27085e-28 2.54471e-27 1.50107e-26 8.56095e-26 
  0.01000   5.28053e-31 2.54316e-30 1.02398e-29 1.86956e-28 1.92328e-27 4.62862e-27 1.70680e-26 7.83692e-26 
  0.10000   5.27922e-30 2.53993e-29 1.00115e-28 1.42287e-27 6.69590e-27 1.03636e-26 1.92404e-26 6.56990e-26 
  1.00000   4.89393e-29 2.23340e-28 5.47993e-28 2.47524e-27 7.96484e-27 1.05390e-26 1.55667e-26 2.72071e-26 
 10.00000   1.17231e-28 4.52498e-28 7.62790e-28 1.04023e-27 8.86356e-27 1.13748e-26 1.42681e-26 2.07097e-26 
100.00000   2.13993e-28 3.28529e-28 4.90427e-28 1.87689e-27 7.77865e-27 9.67668e-27 1.22618e-26 1.72549e-26 

         25
          100.0
  0.00001   1.78698e-44 1.89286e-41 2.07366e-37 3.89098e-36 4.09704e-35 1.10059e-34 3.23934e-33 5.40646e-31 
  0.00010   1.78670e-43 1.83535e-40 2.02889e-36 3.47775e-35 3.03233e-34 7.27625e-34 6.95205e-33 5.66727e-31 
  0.00100   1.78701e-42 1.79342e-39 1.99099e-35 3.21990e-34 2.35313e-33 5.07620e-33 2.77506e-32 7.28106e-31 
  0.01000   1.78606e-41 1.76718e-38 1.97510e-34 2.82675e-33 1.84084e-32 3.56358e-32 1.47194e-31 9.00501e-31 
  0.10000   1.78561e-40 1.20836e-37 1.82330e-33 1.91314e-32 7.45371e-32 1.07370e-31 2.01416e-31 5.39942e-31 
  1.00000   1.77754e-39 2.24098e-37 9.56445e-33 2.52611e-32 8.76832e-32 1.17910e-31 1.84104e-31 2.65805e-31 
 10.00000   1.28117e-38 1.69657e-36 1.02878e-32 3.54626e-32 6.33639e-32 9.00422e-32 1.35248e-31 2.48277e-31 
100.00000   6.54396e-39 5.62508e-36 4.32717e-33 8.11345e-33 3.16804e-32 4.11880e-32 5.57594e-32 8.82562e-32 

         25
          150.0
  0.00001   1.24290e-40 1.08971e-37 9.71073e-36 2.69480e-34 8.16363e-33 2.74128e-32 9.85803e-31 3.05244e-29 
  0.00010   1.24220e-39 1.07399e-36 9.57279e-35 2.19390e-33 2.58051e-32 6.44344e-32 1.10956e-30 3.07615e-29 
  0.00100   1.24213e-38 1.05315e-35 9.35806e-34 1.82226e-32 1.40240e-31 3.14009e-31 1.83948e-30 3.24622e-29 
  0.01000   1.24127e-37 1.02130e-34 9.10421e-33 1.49139e-31 9.06208e-31 1.60660e-30 4.79030e-30 3.41366e-29 
  0.10000   1.21863e-36 8.55324e-34 7.37264e-32 7.73821e-31 2.70786e-30 3.80474e-30 7.07525e-30 3.78100e-29 
  1.00000   1.16930e-35 1.67260e-33 2.80971e-31 1.57289e-30 4.28330e-30 5.19881e-30 8.25715e-30 1.49316e-29 
 10.00000   9.71835e-35 2.02878e-33 3.52217e-31 1.49283e-30 4.44087e-30 5.56068e-30 7.20024e-30 1.05424e-29 
100.00000   9.63013e-35 2.05347e-33 1.67012e-31 8.82685e-31 2.33565e-30 2.78822e-30 3.41583e-30 4.64223e-30 

         25
          200.0
  0.00001   1.38780e-38 6.64522e-36 1.27418e-34 3.43057e-33 4.81685e-31 2.08498e-30 2.56273e-29 2.54749e-28 
  0.00010   1.38907e-37 6.63896e-35 1.25952e-33 2.56807e-32 8.05177e-31 2.46704e-30 2.59330e-29 2.55643e-28 
  0.00100   1.38880e-36 6.62830e-34 1.24699e-32 2.15488e-31 2.22627e-30 4.86559e-30 2.91193e-29 2.64474e-28 
  0.01000   1.38824e-35 6.60677e-33 1.22035e-31 1.72873e-30 9.89846e-30 1.69798e-29 4.55227e-29 2.57466e-28 
  0.10000   1.38666e-34 6.10893e-32 9.78016e-31 7.24465e-30 1.86449e-29 2.52908e-29 4.90660e-29 3.24793e-28 
  1.00000   1.26456e-33 2.83666e-31 2.37095e-30 1.40447e-29 3.19496e-29 4.02640e-29 6.43495e-29 1.14643e-28 
 10.00000   8.62263e-33 4.10793e-31 3.04997e-30 1.41365e-29 3.56854e-29 4.16917e-29 4.98758e-29 6.52339e-29 
100.00000   1.49008e-32 1.69082e-31 1.54567e-30 9.27004e-30 1.93856e-29 2.21691e-29 2.58629e-29 3.27652e-29 

         25
          250.0
  0.00001   5.83463e-37 9.00622e-35 7.81364e-34 3.14034e-32 7.96035e-30 3.44554e-29 1.97138e-28 1.12471e-27 
  0.00010   5.81667e-36 8.99924e-34 7.78813e-33 1.67789e-31 1.04859e-29 3.62992e-29 1.98430e-28 1.12314e-27 
  0.00100   5.82836e-35 8.99241e-33 7.77834e-32 1.27309e-30 2.01762e-29 4.84463e-29 2.11491e-28 1.11601e-27 
  0.01000   5.82904e-34 8.99298e-32 7.74520e-31 1.02117e-29 5.93447e-29 1.04339e-28 2.71161e-28 1.12972e-27 
  0.10000   5.81222e-33 8.78008e-31 6.47000e-30 3.90057e-29 1.00758e-28 1.33450e-28 2.54336e-28 1.19851e-27 
  1.00000   5.43525e-32 4.52570e-30 1.80860e-29 5.60840e-29 1.10971e-28 1.45620e-28 2.27420e-28 3.77512e-28 
 10.00000   2.08434e-31 7.36003e-30 1.76711e-29 6.10767e-29 1.20705e-28 1.34871e-28 1.53946e-28 1.90729e-28 
100.00000   4.37067e-31 4.03174e-30 1.05925e-29 3.85407e-29 6.86212e-29 7.63667e-29 8.65543e-29 1.05379e-28 

         25
          300.0
  0.00001   9.41971e-36 5.32518e-34 3.04086e-33 1.93327e-31 5.54620e-29 2.20131e-28 9.33944e-28 4.19445e-27 
  0.00010   9.41587e-35 5.31765e-33 3.02728e-32 8.13777e-31 6.48748e-29 2.24632e-28 9.40613e-28 4.20153e-27 
  0.00100   9.41930e-34 5.32031e-32 3.02399e-31 5.39993e-30 1.03721e-28 2.62670e-28 9.90834e-28 4.25415e-27 
  0.01000   9.41940e-33 5.31905e-31 3.01523e-30 4.11307e-29 2.39979e-28 4.12977e-28 1.18095e-27 5.07995e-27 
  0.10000   9.40965e-32 5.24741e-30 2.60842e-29 1.47566e-28 3.85616e-28 5.87255e-28 1.25754e-27 3.33530e-27 
  1.00000   9.02764e-31 3.25950e-29 8.10778e-29 2.25766e-28 3.72043e-28 4.23129e-28 5.37174e-28 8.41058e-28 
 10.00000   2.92372e-30 6.14855e-29 9.37582e-29 1.64464e-28 2.64920e-28 2.87116e-28 3.19335e-28 3.89173e-28 
100.00000   5.15675e-30 3.30555e-29 5.47419e-29 1.02597e-28 1.60052e-28 1.74845e-28 1.94561e-28 2.31594e-28 

         25
          350.0
  0.00001   7.27630e-35 1.82765e-33 8.46714e-33 7.80379e-31 1.97417e-28 7.43817e-28 3.23819e-27 1.45260e-26 
  0.00010   7.27677e-34 1.82610e-32 8.44453e-32 2.79589e-30 2.21152e-28 7.53192e-28 3.24727e-27 1.45859e-26 
  0.00100   7.27584e-33 1.82512e-31 8.42443e-31 1.62230e-29 3.17589e-28 8.21223e-28 3.34512e-27 1.51275e-26 
  0.01000   7.27560e-32 1.82572e-30 8.40079e-30 1.16470e-28 7.00660e-28 1.28744e-27 4.07807e-27 1.77379e-26 
  0.10000   7.26920e-31 1.80889e-29 7.44057e-29 4.45888e-28 1.19675e-27 1.85289e-27 4.52177e-27 1.12110e-26 
  1.00000   7.02819e-30 1.23824e-28 2.45095e-28 7.43747e-28 1.25393e-27 1.42510e-27 1.77189e-27 2.28407e-27 
 10.00000   2.29009e-29 2.52550e-28 3.64179e-28 4.50729e-28 4.94835e-28 5.15365e-28 5.54041e-28 6.51043e-28 
100.00000   3.26658e-29 1.56066e-28 2.03828e-28 2.36034e-28 2.97827e-28 3.20040e-28 3.50925e-28 4.11466e-28 

         25
          400.0
  0.00001   3.34282e-34 4.42601e-33 1.88384e-32 2.38251e-30 4.74231e-28 1.77871e-27 8.51368e-27 3.83291e-26 
  0.00010   3.32304e-33 4.42480e-32 1.87679e-31 7.45830e-30 5.13210e-28 1.79503e-27 8.53072e-27 3.84530e-26 
  0.00100   3.33474e-32 4.42569e-31 1.87088e-30 3.82428e-29 7.13972e-28 1.96724e-27 8.73480e-27 3.94378e-26 
  0.01000   3.31569e-31 4.42416e-30 1.86537e-29 2.55983e-28 1.53017e-27 3.07775e-27 1.06690e-26 4.63523e-26 
  0.10000   3.32534e-30 4.38691e-29 1.67777e-28 1.09360e-27 3.28422e-27 5.01359e-27 1.19281e-26 3.32736e-26 
  1.00000   3.22439e-29 3.01175e-28 6.23041e-28 1.93841e-27 3.54443e-27 4.24385e-27 5.66948e-27 7.42927e-27 
 10.00000   1.10010e-28 6.34476e-28 9.46488e-28 1.29134e-27 1.38744e-27 1.41431e-27 1.45622e-27 1.57156e-27 
100.00000   1.33384e-28 4.27038e-28 5.64072e-28 6.94643e-28 7.12630e-28 7.15443e-28 7.19285e-28 7.22230e-28 

         25
          600.0
  0.00001   7.82374e-33 2.99871e-32 1.36807e-31 2.62502e-29 3.22636e-27 1.17064e-26 8.04954e-26 5.19611e-25 
  0.00010   7.81128e-32 2.99599e-31 1.33221e-30 7.04515e-29 3.42095e-27 1.18704e-26 8.07236e-26 5.20270e-25 
  0.00100   7.79639e-31 2.99579e-30 1.29497e-29 2.87355e-28 4.45450e-27 1.28459e-26 8.29078e-26 5.26686e-25 
  0.01000   7.81288e-30 2.99181e-29 1.26273e-28 1.71360e-27 1.02085e-26 2.05165e-26 1.05891e-25 5.77607e-25 
  0.10000   7.79435e-29 2.94484e-28 1.13363e-27 8.71701e-27 3.81371e-26 6.15422e-26 1.41544e-25 4.21469e-25 
  1.00000   7.24955e-28 2.09141e-27 5.85776e-27 2.25069e-26 4.59326e-26 5.62125e-26 7.57940e-26 1.00420e-25 
 10.00000   2.51206e-27 5.46323e-27 1.10866e-26 1.60840e-26 1.74497e-26 1.78225e-26 1.83944e-26 1.88644e-26 
100.00000   2.25620e-27 4.25828e-27 7.37561e-27 9.55236e-27 1.05366e-26 1.06188e-26 1.06774e-26 1.07186e-26 

         26
          100.0
  0.00001   1.13850e-40 1.45114e-39 7.43544e-36 1.90193e-34 2.02204e-33 4.81162e-33 9.68741e-32 3.02255e-29 
  0.00010   1.11567e-39 1.41094e-38 6.94584e-35 1.51866e-33 1.33754e-32 2.78743e-32 3.00713e-31 3.08802e-29 
  0.00100   1.09372e-38 1.38941e-37 6.38601e-34 1.29531e-32 1.08565e-31 2.26916e-31 1.44078e-30 3.72903e-29 
  0.01000   1.06583e-37 1.34867e-36 5.78926e-33 1.18664e-31 8.76202e-31 1.67377e-30 6.00837e-30 4.16496e-29 
  0.10000   8.73049e-37 1.16124e-35 4.97048e-32 7.40190e-31 2.96115e-30 4.51879e-30 8.27763e-30 2.34749e-29 
  1.00000   2.29629e-36 4.60734e-35 1.74002e-31 1.21849e-30 1.77671e-30 2.40623e-30 5.90463e-30 1.53327e-29 
 10.00000   3.29741e-36 5.56590e-35 1.92461e-31 1.17840e-30 2.52708e-30 3.01989e-30 3.67352e-30 3.97771e-30 
100.00000   2.66785e-36 2.40226e-35 7.82933e-32 3.85794e-31 5.35044e-31 5.40186e-31 5.46894e-31 5.52036e-31 

         26
          150.0
  0.00001   1.47322e-37 1.08974e-36 2.29926e-34 8.57528e-33 2.28899e-31 6.90707e-31 1.09985e-29 9.70189e-28 
  0.00010   1.46969e-36 1.06472e-35 2.17194e-33 5.68723e-32 6.07347e-31 1.42910e-30 1.50977e-29 9.75344e-28 
  0.00100   1.46907e-35 1.04176e-34 2.07839e-32 3.96976e-31 2.94761e-30 6.11101e-30 3.88912e-29 1.03724e-27 
  0.01000   1.46661e-34 1.00475e-33 1.95045e-31 2.92265e-30 1.93486e-29 3.62327e-29 1.33126e-28 9.96267e-28 
  0.10000   1.42456e-33 8.13461e-33 1.61023e-30 1.75669e-29 7.27693e-29 1.12007e-28 2.11800e-28 4.91716e-28 
  1.00000   6.70746e-33 2.15730e-32 7.39991e-30 2.74573e-29 4.28645e-29 6.38996e-29 1.45017e-28 3.22968e-28 
 10.00000   8.33966e-33 2.45473e-32 8.51863e-30 2.65229e-29 6.13264e-29 7.63410e-29 9.94585e-29 1.10557e-28 
100.00000   4.42355e-33 1.48591e-32 4.00693e-30 1.33391e-29 1.70865e-29 1.72400e-29 1.74220e-29 1.75614e-29 

         26
          200.0
  0.00001   7.16602e-36 5.56341e-35 1.53481e-33 1.22659e-31 7.76526e-30 2.47780e-29 1.56919e-28 5.17616e-27 
  0.00010   7.16832e-35 5.49518e-34 1.44169e-32 5.29512e-31 1.04652e-29 2.81837e-29 1.64688e-28 5.17574e-27 
  0.00100   7.16710e-34 5.44240e-33 1.36108e-31 3.07475e-30 2.59876e-29 5.13612e-29 2.41372e-28 5.23634e-27 
  0.01000   7.16657e-33 5.34251e-32 1.26006e-30 1.90363e-29 9.45657e-29 1.71658e-28 6.11761e-28 4.75237e-27 
  0.10000   7.07347e-32 4.33698e-31 8.62039e-30 8.46809e-29 3.41966e-28 5.25621e-28 1.05945e-27 2.21635e-27 
  1.00000   4.84443e-31 1.21252e-30 4.47191e-29 1.30483e-28 2.23246e-28 3.42924e-28 6.99900e-28 1.36086e-27 
 10.00000   8.30250e-31 1.40092e-30 5.24808e-29 1.18239e-28 3.00257e-28 3.75631e-28 5.05348e-28 5.65406e-28 
100.00000   4.78285e-31 7.06743e-31 2.65413e-29 7.72276e-29 9.75875e-29 9.97607e-29 1.00933e-28 1.01685e-28 

         26
          250.0
  0.00001   1.12678e-34 6.78099e-34 6.34916e-33 1.19856e-30 9.32671e-29 2.66452e-28 1.15253e-27 1.33545e-26 
  0.00010   1.12798e-33 6.76288e-33 5.90992e-32 3.37841e-30 9.98879e-29 2.73675e-28 1.15816e-27 1.33409e-26 
  0.00100   1.12727e-32 6.74824e-32 5.60898e-31 1.44288e-29 1.56313e-28 3.36588e-28 1.22663e-27 1.32623e-26 
  0.01000   1.12696e-31 6.72958e-31 5.31036e-30 7.73539e-29 4.02128e-28 6.59947e-28 1.69327e-27 1.16697e-26 
  0.10000   1.11790e-30 5.89054e-30 3.65261e-29 2.65029e-28 8.66709e-28 1.28400e-27 2.67502e-27 5.53904e-27 
  1.00000   8.12021e-30 2.11502e-29 1.14234e-28 3.33924e-28 6.37703e-28 9.33898e-28 1.72905e-27 3.02262e-27 
 10.00000   1.81965e-29 2.85873e-29 1.48088e-28 2.85023e-28 7.60181e-28 9.57168e-28 1.29099e-27 1.44875e-27 
100.00000   1.18571e-29 1.31229e-29 7.87976e-29 2.19317e-28 2.78217e-28 2.85109e-28 2.90597e-28 2.92749e-28 

         26
          300.0
  0.00001   7.79129e-34 2.84750e-33 2.14934e-32 6.82240e-30 5.03681e-28 1.26980e-27 4.89059e-27 2.53124e-26 
  0.00010   7.79172e-33 2.84407e-32 1.99353e-31 1.51721e-29 5.16151e-28 1.28097e-27 4.89476e-27 2.52972e-26 
  0.00100   7.79248e-32 2.84384e-31 1.88932e-30 5.21509e-29 6.29382e-28 1.40101e-27 5.01501e-27 2.50594e-26 
  0.01000   7.79276e-31 2.84341e-30 1.79976e-29 2.39592e-28 1.26091e-27 2.09999e-27 5.54978e-27 2.22136e-26 
  0.10000   7.74924e-30 2.71410e-29 1.23277e-28 7.44478e-28 2.29791e-27 3.31000e-27 5.50961e-27 1.00565e-26 
  1.00000   6.01346e-29 1.42767e-28 3.38847e-28 7.93726e-28 1.28961e-27 1.73615e-27 3.03021e-27 4.87823e-27 
 10.00000   1.43116e-28 2.26806e-28 3.20086e-28 5.77203e-28 1.33993e-27 1.74274e-27 2.31732e-27 2.60514e-27 
100.00000   9.17636e-29 1.16339e-28 1.82534e-28 4.34410e-28 5.54823e-28 5.70947e-28 5.83012e-28 5.88025e-28 

         26
          350.0
  0.00001   2.92299e-33 7.68554e-33 5.17147e-32 2.45967e-29 1.70140e-27 4.00466e-27 1.41747e-26 4.90632e-26 
  0.00010   2.92354e-32 7.68276e-32 4.83676e-31 4.89596e-29 1.73073e-27 4.02433e-27 1.41783e-26 4.89825e-26 
  0.00100   2.93180e-31 7.68113e-31 4.61959e-30 1.40168e-28 1.96012e-27 4.26340e-27 1.43562e-26 4.86111e-26 
  0.01000   2.92700e-30 7.67787e-30 4.44355e-29 6.09153e-28 3.12081e-27 5.63524e-27 1.57658e-26 4.86780e-26 
  0.10000   2.91956e-29 7.40950e-29 3.25380e-28 1.85206e-27 5.51683e-27 7.56767e-27 1.25535e-26 2.61025e-26 
  1.00000   2.37512e-28 3.98398e-28 8.39059e-28 2.32422e-27 3.90237e-27 4.41287e-27 5.28281e-27 6.56783e-27 
 10.00000   5.00155e-28 7.48150e-28 9.87645e-28 1.19636e-27 2.01413e-27 2.60448e-27 3.40316e-27 3.81780e-27 
100.00000   3.95100e-28 4.66180e-28 5.72125e-28 7.01489e-28 8.97206e-28 9.23600e-28 9.44607e-28 9.55277e-28 

         26
          400.0
  0.00001   5.99110e-33 1.68276e-32 1.05155e-31 6.36475e-29 4.04031e-27 9.96450e-27 3.39010e-26 1.09484e-25 
  0.00010   5.98937e-32 1.68194e-31 9.80705e-31 1.18139e-28 4.12171e-27 9.99774e-27 3.39600e-26 1.09582e-25 
  0.00100   5.98917e-31 1.68073e-30 9.33590e-30 3.07325e-28 4.52188e-27 1.03692e-26 3.44550e-26 1.10723e-25 
  0.01000   5.98873e-30 1.67965e-29 8.93400e-29 1.25709e-27 6.84706e-27 1.30669e-26 3.70340e-26 1.21502e-25 
  0.10000   5.95670e-29 1.62755e-28 6.80613e-28 4.05720e-27 1.15591e-26 1.56373e-26 2.84663e-26 8.21172e-26 
  1.00000   4.30142e-28 8.89712e-28 1.91783e-27 5.77443e-27 9.30173e-27 1.10753e-26 1.41391e-26 1.81996e-26 
 10.00000   8.03007e-28 1.55011e-27 2.85630e-27 3.54240e-27 4.00539e-27 4.38846e-27 4.81867e-27 5.27772e-27 
100.00000   7.30396e-28 1.14358e-27 1.56312e-27 1.99242e-27 2.01164e-27 2.01457e-27 2.01897e-27 2.02472e-27 

         26
          600.0
  0.00001   2.30980e-32 9.32248e-32 7.41500e-31 5.99774e-28 2.55089e-26 6.42289e-26 3.25872e-25 1.48959e-24 
  0.00010   2.30846e-31 9.23709e-31 6.61883e-30 9.05621e-28 2.63409e-26 6.51407e-26 3.25878e-25 1.48851e-24 
  0.00100   2.30548e-30 9.16544e-30 5.92257e-29 1.96066e-27 2.95153e-26 6.88584e-26 3.26937e-25 1.48463e-24 
  0.01000   2.30626e-29 9.11022e-29 5.22198e-28 7.28013e-27 4.77461e-26 8.73613e-26 3.37361e-25 1.48579e-24 
  0.10000   2.27056e-28 8.53549e-28 3.85961e-27 3.02714e-26 1.10712e-25 1.63325e-25 3.55807e-25 1.04795e-24 
  1.00000   1.16325e-27 4.74179e-27 1.61725e-26 6.28957e-26 1.12346e-25 1.37917e-25 1.89116e-25 2.45160e-25 
 10.00000   2.07877e-27 9.94503e-27 3.19636e-26 4.56603e-26 5.17270e-26 5.32279e-26 5.59540e-26 6.83570e-26 
100.00000   2.07122e-27 9.84290e-27 2.02294e-26 3.02202e-26 3.05507e-26 3.06118e-26 3.06916e-26 3.07527e-26 

         27
          100.0
  0.00001   3.57769e-40 2.60572e-38 1.66285e-35 1.71274e-33 3.26669e-32 1.05104e-31 1.24904e-30 1.09085e-28 
  0.00010   3.36444e-39 2.44740e-37 1.49536e-34 1.16765e-32 1.37485e-31 3.19055e-31 2.25764e-30 1.10715e-28 
  0.00100   3.22522e-38 2.35557e-36 1.21067e-33 9.34934e-32 7.90064e-31 1.55687e-30 7.82880e-30 1.35048e-28 
  0.01000   3.09656e-37 2.21936e-35 1.00361e-32 7.42570e-31 5.25489e-30 9.85418e-30 3.26818e-29 3.35197e-28 
  0.10000   2.17783e-36 1.43592e-34 5.32112e-32 3.80937e-30 2.29827e-29 3.72872e-29 1.00323e-28 5.54353e-28 
  1.00000   1.39924e-35 5.73696e-34 1.46289e-31 5.88504e-30 5.75524e-29 8.91603e-29 1.62003e-28 3.35022e-28 
 10.00000   2.35435e-35 8.56564e-34 2.24359e-31 1.53887e-29 9.32581e-29 1.26730e-28 2.02359e-28 3.39468e-28 
100.00000   1.38323e-35 2.58328e-34 1.49442e-31 2.54780e-29 7.08060e-29 8.56015e-29 1.17970e-28 1.93698e-28 

         27
          150.0
  0.00001   4.72688e-37 1.50250e-35 1.51743e-33 2.03214e-31 5.82279e-30 1.79336e-29 1.49300e-28 3.12546e-27 
  0.00010   4.67784e-36 1.32352e-34 1.06153e-32 5.88510e-31 8.95690e-30 2.33368e-29 1.56504e-28 3.13886e-27 
  0.00100   4.65081e-35 1.19692e-33 8.55757e-32 2.76786e-30 2.52290e-29 5.21997e-29 2.32169e-28 3.36872e-27 
  0.01000   4.58271e-34 1.08124e-32 6.89480e-31 1.85465e-29 1.10226e-28 1.89746e-28 5.85082e-28 4.22535e-27 
  0.10000   4.06019e-33 6.49973e-32 4.78582e-30 9.33102e-29 3.35025e-28 4.94256e-28 1.17937e-27 4.18568e-27 
  1.00000   1.32279e-32 1.36311e-31 1.57582e-29 1.73649e-28 5.77066e-28 7.40540e-28 1.16804e-27 2.52126e-27 
 10.00000   2.17134e-32 1.30656e-31 1.69089e-29 2.22919e-28 7.66845e-28 9.78360e-28 1.45801e-27 2.41217e-27 
100.00000   1.15572e-32 1.19679e-31 9.71280e-30 2.73618e-28 9.29221e-28 1.13335e-27 1.55023e-27 2.29445e-27 

         27
          200.0
  0.00001   2.46387e-35 5.63490e-34 4.13767e-32 9.72669e-30 1.63830e-28 4.33406e-28 2.58378e-27 3.30794e-26 
  0.00010   2.46030e-34 4.92615e-33 2.48338e-31 1.55474e-29 1.92443e-28 4.72668e-28 2.64361e-27 3.29964e-26 
  0.00100   2.45935e-33 4.43708e-32 1.67390e-30 4.23834e-29 3.41322e-28 7.17074e-28 3.16814e-27 3.33046e-26 
  0.01000   2.45530e-32 4.00499e-31 1.16808e-29 1.96397e-28 1.11264e-27 1.87165e-27 5.19887e-27 3.35155e-26 
  0.10000   2.30012e-31 2.40544e-30 6.86042e-29 8.97917e-28 2.71728e-27 3.79229e-27 8.66939e-27 4.06386e-26 
  1.00000   1.10914e-30 4.33092e-30 2.55454e-28 1.71635e-27 4.96635e-27 6.39253e-27 1.23362e-26 4.02886e-26 
 10.00000   1.43107e-30 4.37034e-30 2.49068e-28 2.10490e-27 7.68034e-27 9.84650e-27 1.44488e-26 2.25766e-26 
100.00000   8.65891e-31 4.06459e-30 1.46828e-28 2.78370e-27 8.24506e-27 9.73153e-27 1.25337e-26 1.68121e-26 

         27
          250.0
  0.00001   3.41616e-34 5.96306e-33 4.52113e-31 1.53117e-28 1.74396e-27 3.85104e-27 1.73708e-26 1.88353e-25 
  0.00010   3.41466e-33 5.30414e-32 2.41632e-30 1.85910e-28 1.84107e-27 3.95541e-27 1.74678e-26 1.88182e-25 
  0.00100   3.41386e-32 4.81960e-31 1.42318e-29 3.38157e-28 2.52275e-27 4.95765e-27 1.90964e-26 1.88493e-25 
  0.01000   3.41222e-31 4.44046e-30 8.96099e-29 1.18108e-27 6.19820e-27 1.02756e-26 2.86667e-26 1.94553e-25 
  0.10000   3.27994e-30 2.76300e-29 4.59715e-28 4.75124e-27 1.42417e-26 2.00095e-26 4.25754e-26 2.90423e-25 
  1.00000   1.69893e-29 4.76825e-29 1.56948e-27 9.48111e-27 2.60150e-26 3.52029e-26 7.84543e-26 2.45531e-25 
 10.00000   2.52248e-29 4.76718e-29 1.79626e-27 1.25138e-26 4.27899e-26 5.27075e-26 7.18157e-26 1.00520e-25 
100.00000   1.56637e-29 3.74177e-29 1.09836e-27 1.45865e-26 3.69296e-26 4.23876e-26 5.21581e-26 6.57345e-26 

         27
          300.0
  0.00001   2.14763e-33 3.16225e-32 2.51978e-30 1.12115e-27 9.56342e-27 1.85799e-26 7.40802e-26 7.28782e-25 
  0.00010   2.14885e-32 2.92259e-31 1.25747e-29 1.23422e-27 9.75848e-27 1.87505e-26 7.43858e-26 7.28218e-25 
  0.00100   2.14786e-31 2.70772e-30 6.93702e-29 1.80244e-27 1.18035e-26 2.16540e-26 7.83839e-26 7.33800e-25 
  0.01000   2.14856e-30 2.50752e-29 4.22777e-28 4.83979e-27 2.38225e-26 3.88043e-26 1.07831e-25 7.61654e-25 
  0.10000   2.09418e-29 1.65167e-28 1.95078e-27 1.71358e-26 5.21479e-26 7.37961e-26 1.45074e-25 1.07820e-24 
  1.00000   1.10362e-28 3.04716e-28 6.18180e-27 3.44487e-26 8.64292e-26 1.22482e-25 2.82184e-25 8.03584e-25 
 10.00000   1.74652e-28 2.80279e-28 7.74976e-27 5.00762e-26 1.43012e-25 1.66291e-25 2.14767e-25 2.74954e-25 
100.00000   1.21083e-28 2.00033e-28 4.93605e-27 4.91121e-26 1.07439e-25 1.20358e-25 1.42133e-25 1.71305e-25 

         27
          350.0
  0.00001   8.59504e-33 1.14842e-31 9.93234e-30 5.07128e-27 3.65494e-26 6.56578e-26 2.32612e-25 2.07977e-24 
  0.00010   8.59199e-32 1.05969e-30 4.29944e-29 5.40235e-27 3.71125e-26 6.62425e-26 2.33268e-25 2.07585e-24 
  0.00100   8.59446e-31 9.85574e-30 2.26934e-28 7.05740e-27 4.14323e-26 7.23736e-26 2.43801e-25 2.08712e-24 
  0.01000   8.58932e-30 9.23873e-29 1.34149e-27 1.54548e-26 6.80081e-26 1.09221e-25 3.01368e-25 2.16811e-24 
  0.10000   8.42402e-29 6.49879e-28 6.24189e-27 4.68794e-26 1.42405e-25 2.00619e-25 3.90303e-25 2.83121e-24 
  1.00000   4.69907e-28 1.34482e-27 1.74649e-26 9.24002e-26 2.12859e-25 3.16765e-25 6.88104e-25 1.86238e-24 
 10.00000   7.91533e-28 1.10056e-27 2.32429e-26 1.45269e-25 3.34005e-25 3.74521e-25 4.55941e-25 5.61630e-25 
100.00000   5.57385e-28 8.08324e-28 1.55209e-26 1.23590e-25 2.37843e-25 2.61198e-25 2.99416e-25 3.47964e-25 

         27
          400.0
  0.00001   2.52296e-32 3.11322e-31 3.00148e-29 1.62292e-26 1.09454e-25 1.85181e-25 6.08458e-25 4.83153e-24 
  0.00010   2.52092e-31 2.89006e-30 1.14115e-28 1.69639e-26 1.10228e-25 1.85775e-25 6.08770e-25 4.82653e-24 
  0.00100   2.52113e-30 2.70889e-29 5.64284e-28 2.08862e-26 1.16235e-25 1.93174e-25 6.17152e-25 4.78221e-24 
  0.01000   2.52102e-29 2.54481e-28 3.30807e-27 3.98802e-26 1.63516e-25 2.61653e-25 7.12050e-25 4.67456e-24 
  0.10000   2.46741e-28 1.87174e-27 1.59344e-26 1.04812e-25 3.20037e-25 4.45043e-25 8.73919e-25 5.67130e-24 
  1.00000   1.45183e-27 4.37667e-27 4.08100e-26 1.99811e-25 4.29312e-25 6.62167e-25 1.35185e-24 3.49660e-24 
 10.00000   2.57435e-27 3.33718e-27 5.47397e-26 3.24394e-25 6.18824e-25 6.88400e-25 8.02203e-25 9.60009e-25 
100.00000   1.78669e-27 2.60839e-27 3.82996e-26 2.54623e-25 4.41128e-25 4.77021e-25 5.35139e-25 6.06087e-25 

         27
          600.0
  0.00001   2.85695e-31 3.33020e-30 4.82968e-28 2.47359e-25 1.63224e-24 2.59596e-24 7.09493e-24 3.69097e-23 
  0.00010   2.84794e-30 2.98770e-29 1.29348e-27 2.50637e-25 1.63570e-24 2.59928e-24 7.09333e-24 3.68969e-23 
  0.00100   2.84115e-29 2.71701e-28 5.13425e-27 2.77137e-25 1.66336e-24 2.61952e-24 7.09362e-24 3.67475e-23 
  0.01000   2.83390e-28 2.49997e-27 2.73611e-26 4.26654e-25 1.87800e-24 2.87048e-24 7.13726e-24 3.50464e-23 
  0.10000   2.76586e-27 2.04912e-26 1.51247e-25 9.24179e-25 2.69010e-24 3.68658e-24 6.89252e-24 2.92563e-23 
  1.00000   1.87726e-26 7.20722e-26 3.86393e-25 1.50423e-24 2.95905e-24 3.88462e-24 6.44813e-24 1.39061e-23 
 10.00000   3.63655e-26 6.41333e-26 4.96146e-25 1.99174e-24 2.87979e-24 3.10690e-24 3.48418e-24 3.92076e-24 
100.00000   2.61409e-26 5.04448e-26 3.82922e-25 1.53999e-24 2.17442e-24 2.28886e-24 2.46720e-24 2.70434e-24 

         28
          100.0
  0.00001   2.23528e-32 2.00767e-30 5.05846e-29 1.02608e-27 1.61491e-26 4.82322e-26 6.95868e-25 1.89290e-23 
  0.00010   2.09186e-31 1.83017e-29 4.37561e-28 6.46191e-27 6.39923e-26 1.77869e-25 1.44030e-24 2.24447e-23 
  0.00100   1.97960e-30 1.72107e-28 3.76493e-27 4.75267e-26 3.88718e-25 8.88550e-25 4.68431e-24 8.02335e-23 
  0.01000   1.87588e-29 1.60856e-27 3.21012e-26 3.85254e-25 2.49836e-24 4.86718e-24 2.15372e-23 3.14171e-22 
  0.10000   1.63475e-28 1.30721e-26 2.39885e-25 2.24896e-24 1.26774e-23 2.39651e-23 7.04269e-23 2.87782e-22 
  1.00000   7.05630e-28 8.34581e-26 7.07034e-25 9.57959e-24 2.22683e-23 2.82899e-23 4.01627e-23 1.44964e-22 
 10.00000   7.75394e-28 9.13672e-26 1.62097e-24 1.35016e-23 1.70005e-23 2.03488e-23 2.56263e-23 2.81566e-23 
100.00000   6.94911e-28 2.77814e-26 1.66540e-24 3.40021e-24 3.62410e-24 3.64889e-24 3.68124e-24 3.70603e-24 

         28
          150.0
  0.00001   2.08535e-31 4.95388e-30 8.55904e-29 2.98206e-27 5.76317e-26 2.37340e-25 2.81379e-24 6.81476e-23 
  0.00010   1.78272e-30 3.70183e-29 6.46685e-28 1.14672e-26 1.59411e-25 4.16017e-25 3.42766e-24 7.45406e-23 
  0.00100   1.61976e-29 3.00279e-28 5.11574e-27 6.86201e-26 5.99588e-25 1.34230e-24 6.22822e-24 1.22050e-22 
  0.01000   1.46026e-28 2.49247e-27 4.32799e-26 4.88170e-25 2.76120e-24 5.38701e-24 2.41152e-23 3.41767e-22 
  0.10000   1.09366e-27 1.78828e-26 3.17244e-25 2.50126e-24 1.48596e-23 2.63366e-23 8.62041e-23 3.16796e-22 
  1.00000   4.40459e-27 1.03611e-25 1.18527e-24 1.01622e-23 2.75926e-23 3.53629e-23 5.18654e-23 1.45969e-22 
 10.00000   6.41995e-27 1.54479e-25 2.49618e-24 1.45212e-23 1.64056e-23 2.04764e-23 3.01000e-23 3.54141e-23 
100.00000   5.05303e-27 6.77172e-26 2.55607e-24 5.36128e-24 5.54452e-24 5.56491e-24 5.59150e-24 5.61189e-24 

         28
          200.0
  0.00001   1.00751e-30 1.55189e-29 1.97629e-28 1.19811e-26 2.41907e-25 8.85266e-25 6.76572e-24 1.53667e-22 
  0.00010   8.64968e-30 9.94952e-29 1.04325e-27 2.77134e-26 3.63055e-25 1.06162e-24 7.25356e-24 1.57686e-22 
  0.00100   7.51818e-29 7.01614e-28 7.03608e-27 1.14416e-25 1.05095e-24 2.22087e-24 9.78455e-24 1.91521e-22 
  0.01000   6.81771e-28 5.21511e-27 5.61283e-26 6.83374e-25 3.85306e-24 7.09074e-24 2.74454e-23 4.02565e-22 
  0.10000   5.29327e-27 3.49139e-26 4.16770e-25 3.08099e-24 1.62764e-23 2.95483e-23 9.41902e-23 3.25536e-22 
  1.00000   2.74188e-26 1.57598e-25 1.87700e-24 1.13958e-23 3.24388e-23 4.16038e-23 6.21124e-23 1.38217e-22 
 10.00000   4.92708e-26 2.38346e-25 4.06723e-24 1.54161e-23 1.74741e-23 1.99913e-23 3.27529e-23 4.07528e-23 
100.00000   2.79746e-26 1.57437e-25 3.55650e-24 6.62618e-24 6.78158e-24 6.80809e-24 6.84269e-24 6.86921e-24 

         28
          250.0
  0.00001   2.78300e-30 3.80501e-29 6.16700e-28 4.33343e-26 7.51204e-25 2.24980e-24 1.28988e-23 2.59425e-22 
  0.00010   2.23005e-29 2.28863e-28 2.18173e-27 6.99527e-26 8.56385e-25 2.41019e-24 1.33063e-23 2.62273e-22 
  0.00100   1.83966e-28 1.57054e-27 1.14387e-26 2.02869e-25 1.70118e-24 3.49289e-24 1.60039e-23 2.90265e-22 
  0.01000   1.59769e-27 1.15447e-26 7.62823e-26 9.82036e-25 5.46940e-24 9.59436e-24 3.15093e-23 4.35098e-22 
  0.10000   1.29616e-26 7.48272e-26 5.12904e-25 4.15028e-24 1.74886e-23 3.23536e-23 9.77557e-23 3.45127e-22 
  1.00000   7.70506e-26 3.00170e-25 2.29494e-24 1.28721e-23 3.68991e-23 4.76167e-23 7.07006e-23 1.26560e-22 
 10.00000   1.76135e-25 4.38510e-25 6.18762e-24 1.66307e-23 1.83475e-23 2.00349e-23 3.38996e-23 4.37965e-23 
100.00000   9.48697e-26 3.61257e-25 4.73031e-24 7.44183e-24 7.99718e-24 8.03520e-24 8.08480e-24 8.12282e-24 

         28
          300.0
  0.00001   6.47336e-30 7.43247e-29 2.00403e-27 1.30245e-25 1.77148e-24 4.67220e-24 2.33949e-23 3.63391e-22 
  0.00010   5.16427e-29 4.52083e-28 4.86080e-27 1.68536e-25 1.86283e-24 4.80408e-24 2.37468e-23 3.65017e-22 
  0.00100   4.17960e-28 2.84150e-27 1.98035e-26 3.56757e-25 2.72330e-24 5.86847e-24 2.62633e-23 3.82598e-22 
  0.01000   3.45356e-27 2.00792e-26 1.14009e-25 1.37051e-24 7.45267e-24 1.28874e-23 4.05363e-23 4.83013e-22 
  0.10000   2.72045e-26 1.37361e-25 6.73730e-25 5.52687e-24 2.08876e-23 3.50124e-23 1.00400e-22 3.56986e-22 
  1.00000   1.41163e-25 5.55966e-25 2.78398e-24 1.47179e-23 3.98766e-23 5.16632e-23 7.67714e-23 1.13475e-22 
 10.00000   4.04471e-25 5.70662e-25 6.54030e-24 1.74142e-23 1.88191e-23 1.98086e-23 3.38911e-23 4.46855e-23 
100.00000   2.25828e-25 7.67798e-25 5.95579e-24 8.43662e-24 9.11122e-24 9.16445e-24 9.21700e-24 9.25728e-24 

         28
          350.0
  0.00001   1.22641e-29 1.33396e-28 5.70298e-27 3.22959e-25 3.61992e-24 8.76035e-24 3.81805e-23 4.55467e-22 
  0.00010   1.00370e-28 7.53743e-28 1.09404e-26 3.66541e-25 3.68893e-24 8.85510e-24 3.84742e-23 4.56987e-22 
  0.00100   8.30082e-28 4.72344e-27 3.42859e-26 6.20350e-25 4.38722e-24 9.77129e-24 4.03370e-23 4.70410e-22 
  0.01000   6.75874e-27 3.37797e-26 1.69240e-25 1.90635e-24 9.83611e-24 1.72300e-23 5.31572e-23 5.37084e-22 
  0.10000   5.07696e-26 2.18470e-25 9.07320e-25 7.00274e-24 2.50254e-23 3.81122e-23 1.04216e-22 3.65398e-22 
  1.00000   2.41460e-25 9.27151e-25 3.32862e-24 1.66396e-23 4.29481e-23 5.48657e-23 7.97799e-23 1.08836e-22 
 10.00000   6.51038e-25 9.20767e-25 7.18237e-24 1.76204e-23 1.92775e-23 1.99299e-23 3.30977e-23 4.39873e-23 
100.00000   4.33529e-25 1.23877e-24 6.72000e-24 9.42681e-24 1.00690e-23 1.01151e-23 1.01617e-23 1.01974e-23 

         28
          400.0
  0.00001   1.89887e-29 2.30293e-28 1.38049e-26 6.94838e-25 6.44076e-24 1.48440e-23 5.71651e-23 5.17963e-22 
  0.00010   1.57087e-28 1.17621e-27 2.22980e-26 7.44914e-25 6.50878e-24 1.49086e-23 5.72620e-23 5.18545e-22 
  0.00100   1.34096e-27 7.09041e-27 5.81638e-26 1.04393e-24 7.14015e-24 1.57223e-23 5.85249e-23 5.26722e-22 
  0.01000   1.13874e-26 4.86932e-26 2.45845e-25 2.54956e-24 1.26467e-23 2.18424e-23 6.81361e-23 5.65333e-22 
  0.10000   8.75041e-26 3.31753e-25 1.21636e-24 8.50746e-24 2.89908e-23 4.24674e-23 1.06120e-22 3.68323e-22 
  1.00000   3.93107e-25 1.34224e-24 3.85305e-24 1.82747e-23 4.51784e-23 5.71278e-23 8.09831e-23 1.07313e-22 
 10.00000   9.38372e-25 1.47857e-24 8.25408e-24 1.78239e-23 1.98729e-23 2.05750e-23 3.18222e-23 4.22739e-23 
100.00000   7.32243e-25 1.69462e-24 6.91463e-24 1.02291e-23 1.08530e-23 1.09046e-23 1.09523e-23 1.09888e-23 

         28
          600.0
  0.00001   6.47528e-29 1.24362e-27 1.31708e-25 4.99595e-24 2.69987e-23 5.12168e-23 1.40552e-22 5.91955e-22 
  0.00010   5.44065e-28 4.27536e-27 1.51484e-25 5.03736e-24 2.70096e-23 5.12065e-23 1.40579e-22 5.91534e-22 
  0.00100   4.65596e-27 2.12932e-26 2.53894e-25 5.36782e-24 2.71405e-23 5.13204e-23 1.40258e-22 5.89175e-22 
  0.01000   3.98814e-26 1.37968e-25 7.83059e-25 7.53586e-24 2.98646e-23 5.27142e-23 1.37394e-22 5.70345e-22 
  0.10000   3.21096e-25 8.90618e-25 3.05556e-24 1.54733e-23 4.37323e-23 5.96767e-23 1.20924e-22 3.77059e-22 
  1.00000   1.45755e-24 3.49963e-24 7.33582e-24 2.24934e-23 4.58926e-23 5.38132e-23 7.94723e-23 1.24617e-22 
 10.00000   2.38773e-24 5.28118e-24 1.28055e-23 1.90305e-23 2.20254e-23 2.27525e-23 2.54736e-23 3.22754e-23 
100.00000   2.63773e-24 5.03630e-24 8.75439e-24 1.25408e-23 1.31468e-23 1.32003e-23 1.32373e-23 1.32657e-23 

         29
          100.0
  0.00001   1.41226e-32 3.42717e-31 1.22855e-29 3.73641e-28 7.62825e-27 2.10888e-26 2.76707e-25 2.68410e-23 
  0.00010   1.36816e-31 3.12956e-30 1.11273e-28 2.28568e-27 2.71082e-26 5.90773e-26 4.23513e-25 2.78560e-23 
  0.00100   1.34536e-30 2.94341e-29 1.04048e-27 1.61699e-26 1.35877e-25 2.87867e-25 1.46248e-24 3.38544e-23 
  0.01000   1.32432e-29 2.77023e-28 9.66416e-27 1.17039e-25 8.38032e-25 1.79828e-24 7.25021e-24 5.19194e-23 
  0.10000   1.10799e-28 2.23415e-27 6.30930e-26 7.72768e-25 3.29964e-24 5.05327e-24 1.05546e-23 3.63163e-23 
  1.00000   5.52951e-28 6.22800e-27 2.93007e-25 1.68681e-24 3.35652e-24 4.13457e-24 7.47589e-24 2.29021e-23 
 10.00000   1.81759e-27 1.09854e-26 4.57475e-25 2.59811e-24 4.20699e-24 4.51278e-24 6.21339e-24 8.88049e-24 
100.00000   1.83311e-27 1.92666e-26 3.19362e-25 1.42848e-24 4.09300e-24 4.93875e-24 6.48715e-24 7.81499e-24 

         29
          150.0
  0.00001   1.24341e-31 1.85402e-30 3.14328e-29 1.41375e-27 4.29524e-26 1.26164e-25 1.26606e-24 5.10157e-23 
  0.00010   1.16579e-30 1.59548e-29 2.11173e-28 5.79543e-27 7.96774e-26 1.86733e-25 1.54883e-24 5.16690e-23 
  0.00100   1.09983e-29 1.39550e-28 1.67197e-27 3.15384e-26 2.70728e-25 5.85554e-25 3.20462e-24 5.71573e-23 
  0.01000   1.05683e-28 1.25107e-27 1.42664e-26 2.00218e-25 1.44619e-24 3.04961e-24 1.17799e-23 7.67185e-23 
  0.10000   9.52720e-28 9.87935e-27 9.90088e-26 1.26274e-24 5.43197e-24 8.57790e-24 1.73570e-23 7.13242e-23 
  1.00000   5.88283e-27 2.72035e-26 6.36154e-25 2.68016e-24 6.12408e-24 9.34774e-24 1.88543e-23 4.18663e-23 
 10.00000   8.60944e-27 5.33225e-26 6.49787e-25 3.97761e-24 7.75649e-24 1.04731e-23 1.74325e-23 2.49232e-23 
100.00000   1.02776e-26 7.44325e-26 5.06518e-25 3.52140e-24 9.71707e-24 1.14461e-23 1.45576e-23 1.71835e-23 

         29
          200.0
  0.00001   5.08958e-31 5.48239e-30 1.16510e-28 6.77597e-27 1.84952e-25 5.23458e-25 4.32044e-24 8.38669e-23 
  0.00010   4.56870e-30 4.06202e-29 5.46465e-28 1.48476e-26 2.51912e-25 6.35196e-25 4.61828e-24 8.42756e-23 
  0.00100   4.14362e-29 3.36886e-28 3.43505e-27 6.06411e-26 5.93031e-25 1.31277e-24 6.72616e-24 8.98366e-23 
  0.01000   3.86985e-28 3.00052e-27 2.55482e-26 3.58913e-25 2.40038e-24 4.80313e-24 1.72468e-23 1.21006e-22 
  0.10000   3.39045e-27 2.49852e-26 1.59313e-25 1.97241e-24 8.81894e-24 1.39839e-23 3.01356e-23 1.37685e-22 
  1.00000   1.89397e-26 1.06600e-25 8.02272e-25 4.52620e-24 1.46961e-23 2.11981e-23 3.64778e-23 1.13795e-22 
 10.00000   3.19505e-26 2.07586e-25 1.01183e-24 7.66978e-24 1.88267e-23 2.40755e-23 3.61480e-23 4.84140e-23 
100.00000   3.67627e-26 1.81257e-25 6.82184e-25 6.93619e-24 1.72664e-23 1.99839e-23 2.45242e-23 2.82426e-23 

         29
          250.0
  0.00001   1.55621e-30 1.69446e-29 4.64251e-28 2.90593e-26 5.95481e-25 1.68661e-24 1.01172e-23 1.35664e-22 
  0.00010   1.36226e-29 1.02688e-28 1.51003e-27 4.15717e-26 6.97399e-25 1.82800e-24 1.03321e-23 1.36370e-22 
  0.00100   1.18549e-28 7.03537e-28 7.39719e-27 1.15497e-25 1.24859e-24 2.80589e-24 1.24146e-23 1.43029e-22 
  0.01000   1.04089e-27 5.66183e-27 4.70544e-26 5.93185e-25 4.05801e-24 7.37021e-24 2.34079e-23 1.78931e-22 
  0.10000   8.52497e-27 4.37608e-26 2.75767e-25 2.93324e-24 1.29865e-23 2.02907e-23 4.24029e-23 2.74930e-22 
  1.00000   4.80298e-26 2.30292e-25 1.13220e-24 7.00667e-24 2.40850e-23 3.42879e-23 7.23277e-23 2.01841e-22 
 10.00000   9.10216e-26 4.69937e-25 1.42231e-24 1.44330e-23 3.37003e-23 4.12991e-23 5.64002e-23 7.16097e-23 
100.00000   9.56277e-26 3.43527e-25 8.55752e-25 1.17650e-23 2.61381e-23 2.94983e-23 3.50686e-23 3.93449e-23 

         29
          300.0
  0.00001   3.47910e-30 4.64658e-29 1.79471e-27 9.96763e-26 1.50297e-24 3.89484e-24 1.88732e-23 2.13685e-22 
  0.00010   3.07432e-29 2.42303e-28 4.01784e-27 1.19929e-25 1.63697e-24 4.04299e-24 1.90077e-23 2.14302e-22 
  0.00100   2.66738e-28 1.47120e-27 1.52237e-26 2.31679e-25 2.33404e-24 5.10881e-24 2.08237e-23 2.21347e-22 
  0.01000   2.25621e-27 1.04929e-26 8.48777e-26 9.37325e-25 6.15363e-24 1.08456e-23 3.19677e-23 2.79228e-22 
  0.10000   1.80355e-26 7.40866e-26 4.58051e-25 4.17409e-24 1.73148e-23 2.65476e-23 5.37988e-23 4.73843e-22 
  1.00000   9.53344e-26 3.64431e-25 1.73142e-24 1.00933e-23 3.45673e-23 4.89572e-23 1.12182e-22 2.99117e-22 
 10.00000   2.09564e-25 7.90422e-25 1.80934e-24 2.33015e-23 5.01320e-23 5.96543e-23 7.39230e-23 9.03885e-23 
100.00000   1.97681e-25 5.63865e-25 1.05168e-24 1.78106e-23 3.52830e-23 3.90524e-23 4.49096e-23 4.92250e-23 

         29
          350.0
  0.00001   6.29787e-30 1.09228e-28 5.81430e-27 2.74723e-25 3.12185e-24 7.18931e-24 2.92984e-23 3.36167e-22 
  0.00010   5.58757e-29 5.10187e-28 9.96048e-27 3.06284e-25 3.24483e-24 7.29000e-24 2.94067e-23 3.38029e-22 
  0.00100   4.97282e-28 2.84158e-27 2.92592e-26 4.70418e-25 4.08662e-24 8.40116e-24 3.08686e-23 3.50014e-22 
  0.01000   4.30291e-27 1.87889e-26 1.41769e-25 1.43645e-24 8.69523e-24 1.48202e-23 4.30175e-23 4.18194e-22 
  0.10000   3.28719e-26 1.22065e-25 7.26158e-25 5.70200e-24 2.23614e-23 3.30893e-23 6.70310e-23 6.50365e-22 
  1.00000   1.62692e-25 5.35067e-25 2.46240e-24 1.38122e-23 4.68061e-23 6.89065e-23 1.54617e-22 3.96882e-22 
 10.00000   4.07279e-25 1.16386e-24 2.25670e-24 3.33197e-23 6.59011e-23 7.47911e-23 8.69392e-23 1.04170e-22 
100.00000   3.52906e-25 8.34181e-25 1.38558e-24 2.45771e-23 4.38353e-23 4.78123e-23 5.34014e-23 5.74418e-23 

         29
          400.0
  0.00001   1.00641e-29 2.25006e-28 1.53282e-26 6.36420e-25 5.62214e-24 1.15886e-23 4.22326e-23 5.15548e-22 
  0.00010   8.98414e-29 9.50865e-28 2.22804e-26 6.78388e-25 5.72267e-24 1.16809e-23 4.22978e-23 5.16773e-22 
  0.00100   7.94227e-28 5.01375e-27 5.38051e-26 9.12039e-25 6.63903e-24 1.29363e-23 4.34485e-23 5.31782e-22 
  0.01000   7.03864e-27 3.12761e-26 2.24678e-25 2.16612e-24 1.18642e-23 1.96036e-23 5.51783e-23 6.07249e-22 
  0.10000   5.53922e-26 1.89854e-25 1.09911e-24 7.48825e-24 2.80672e-23 4.10207e-23 8.59174e-23 8.42189e-22 
  1.00000   2.59122e-25 7.66455e-25 3.35265e-24 1.75770e-23 5.89661e-23 8.87216e-23 1.92096e-22 4.78617e-22 
 10.00000   6.85043e-25 1.57532e-24 2.81578e-24 4.32293e-23 7.68774e-23 8.50630e-23 9.62121e-23 1.13648e-22 
100.00000   5.70677e-25 1.18037e-24 2.00146e-24 3.15067e-23 5.14007e-23 5.51094e-23 6.04880e-23 6.41576e-23 

         29
          600.0
  0.00001   3.58623e-29 1.62134e-27 1.77563e-25 5.77981e-24 2.97203e-23 4.91570e-23 1.32699e-22 1.34051e-21 
  0.00010   3.02172e-28 5.21020e-27 2.00267e-25 5.82406e-24 2.97395e-23 4.91511e-23 1.32696e-22 1.34050e-21 
  0.00100   2.62937e-27 2.18960e-26 3.20627e-25 6.25537e-24 3.03043e-23 4.98623e-23 1.32936e-22 1.34504e-21 
  0.01000   2.35471e-26 1.25272e-25 9.28596e-25 9.09573e-24 3.60211e-23 5.78586e-23 1.42302e-22 1.40318e-21 
  0.10000   1.96114e-25 7.25389e-25 3.62152e-24 1.91431e-23 6.19050e-23 8.97905e-23 1.97504e-22 1.32884e-21 
  1.00000   1.01914e-24 2.37318e-24 8.83570e-24 3.78918e-23 1.08874e-22 1.52142e-22 2.86619e-22 6.45800e-22 
 10.00000   2.69965e-24 3.58730e-24 9.66550e-24 7.44645e-23 1.01029e-22 1.08596e-22 1.22587e-22 1.40012e-22 
100.00000   2.30318e-24 2.68062e-24 8.14251e-24 5.58234e-23 7.36072e-23 7.65378e-23 8.07806e-23 8.38261e-23 

         30
          100.0
  0.00001   2.82754e-36 2.60124e-33 7.18964e-30 1.67421e-27 2.01430e-26 5.18655e-26 4.93053e-25 1.23245e-22 
  0.00010   2.59339e-35 1.58170e-32 5.20845e-29 1.43716e-26 1.28288e-25 2.91338e-25 1.88345e-24 1.52237e-22 
  0.00100   2.45356e-34 1.23424e-31 4.35733e-28 1.31122e-25 9.48672e-25 1.96034e-24 1.03398e-23 4.31552e-22 
  0.01000   2.32244e-33 1.03222e-30 4.02770e-27 1.18794e-24 7.64515e-24 1.44021e-23 7.89723e-23 1.97136e-21 
  0.10000   1.66804e-32 6.23322e-30 3.30090e-26 1.04025e-23 6.24478e-23 1.10495e-22 3.81824e-22 2.08946e-21 
  1.00000   4.66549e-32 3.61543e-29 1.18258e-25 6.33895e-23 1.34993e-22 1.82096e-22 2.86023e-22 1.42589e-21 
 10.00000   1.60070e-31 1.88629e-28 4.98203e-25 1.04192e-22 1.40506e-22 1.84740e-22 2.65457e-22 3.23095e-22 
100.00000   4.55062e-31 6.54859e-28 1.44932e-24 3.10290e-23 3.58379e-23 3.63684e-23 3.70606e-23 3.75912e-23 

         30
          150.0
  0.00001   6.12559e-33 7.07036e-31 1.14562e-28 4.93362e-27 8.47841e-26 2.20317e-25 3.40653e-24 3.49528e-22 
  0.00010   4.51485e-32 3.42581e-30 6.32953e-28 2.44369e-26 2.62364e-25 7.13080e-25 5.72390e-24 3.83592e-22 
  0.00100   3.72818e-31 2.28978e-29 4.24500e-27 1.61530e-25 1.44894e-24 3.18624e-24 1.78705e-23 6.27380e-22 
  0.01000   3.20451e-30 1.56715e-28 3.31379e-26 1.34761e-24 9.27784e-24 1.70566e-23 8.09677e-23 1.91353e-21 
  0.10000   2.39823e-29 9.37963e-28 2.20786e-25 9.55201e-24 5.84732e-23 1.05816e-22 4.14717e-22 2.44915e-21 
  1.00000   7.19719e-29 2.39967e-27 6.23828e-25 5.74538e-23 1.48578e-22 2.04746e-22 3.37866e-22 1.46635e-21 
 10.00000   1.22769e-28 4.15315e-27 8.41667e-25 1.03083e-22 1.25264e-22 1.66682e-22 2.89243e-22 4.08312e-22 
100.00000   2.04287e-28 1.01084e-26 1.19939e-24 4.53240e-23 5.34935e-23 5.45559e-23 5.56091e-23 5.64163e-23 

         30
          200.0
  0.00001   4.44839e-31 1.73121e-29 5.11016e-28 2.99532e-26 5.14441e-25 1.26905e-24 1.52743e-23 6.61381e-22 
  0.00010   2.95890e-30 7.98906e-29 2.80616e-27 7.62091e-26 9.26114e-25 2.03218e-24 1.83939e-23 6.86449e-22 
  0.00100   2.16138e-29 4.17544e-28 1.64723e-26 3.26304e-25 2.56721e-24 5.53493e-24 3.68792e-23 8.89758e-22 
  0.01000   1.68507e-28 2.61245e-27 1.10246e-25 1.92729e-24 1.31564e-23 2.65656e-23 1.18323e-22 1.94463e-21 
  0.10000   1.24621e-27 1.43833e-26 6.99503e-25 1.19567e-23 6.31939e-23 1.07708e-22 4.10657e-22 2.58993e-21 
  1.00000   3.92772e-27 4.34182e-26 2.43897e-24 5.33878e-23 1.60612e-22 2.30940e-22 3.91834e-22 1.44533e-21 
 10.00000   5.73451e-27 4.32870e-26 2.40095e-24 1.01264e-22 1.23162e-22 1.43587e-22 2.98233e-22 4.76616e-22 
100.00000   6.95273e-27 5.33820e-26 1.98551e-24 5.50925e-23 6.40971e-23 6.56220e-23 6.71863e-23 6.82104e-23 

         30
          250.0
  0.00001   7.91340e-30 1.79238e-28 3.24369e-27 1.88167e-25 2.38933e-24 5.81546e-24 4.82817e-23 1.03238e-21 
  0.00010   4.02163e-29 6.20462e-28 8.43939e-27 2.87847e-25 2.93017e-24 6.64057e-24 5.07331e-23 1.04150e-21 
  0.00100   2.51691e-28 3.10690e-27 3.93933e-26 7.71082e-25 5.86445e-24 1.14944e-23 6.98756e-23 1.14960e-21 
  0.01000   1.82360e-27 1.80917e-26 2.70598e-25 3.40114e-24 1.95010e-23 3.90413e-23 1.78230e-22 1.96219e-21 
  0.10000   1.33588e-26 9.93815e-26 1.54563e-24 1.64460e-23 8.08873e-23 1.29256e-22 3.91041e-22 2.57285e-21 
  1.00000   5.01735e-26 2.60019e-25 5.33079e-24 5.36583e-23 1.67503e-22 2.44436e-22 4.33408e-22 1.38244e-21 
 10.00000   6.75590e-26 2.92209e-25 6.30627e-24 1.04185e-22 1.23885e-22 1.31023e-22 2.99687e-22 5.20324e-22 
100.00000   6.87001e-26 2.96844e-25 4.19574e-24 6.06810e-23 7.11836e-23 7.36388e-23 7.58721e-23 7.68914e-23 

         30
          300.0
  0.00001   7.12499e-29 1.04025e-27 2.07786e-26 9.13203e-25 8.89104e-24 1.97760e-23 1.13783e-22 1.46505e-21 
  0.00010   2.89081e-28 3.15527e-27 3.59129e-26 1.06614e-24 9.43003e-24 2.04294e-23 1.15488e-22 1.47129e-21 
  0.00100   1.54198e-27 1.23034e-26 1.02364e-25 1.89048e-24 1.30816e-23 2.68367e-23 1.32666e-22 1.52536e-21 
  0.01000   1.00466e-26 7.17762e-26 4.81409e-25 6.13680e-24 3.23572e-23 5.93540e-23 2.43440e-22 1.99383e-21 
  0.10000   6.60151e-26 4.12135e-25 2.79587e-24 2.33312e-23 1.05787e-22 1.69699e-22 4.16396e-22 2.44531e-21 
  1.00000   2.95045e-25 1.01596e-24 9.11888e-24 5.64117e-23 1.78278e-22 2.56930e-22 4.61005e-22 1.29500e-21 
 10.00000   3.72708e-25 1.12949e-24 1.24350e-23 1.04965e-22 1.23939e-22 1.29558e-22 2.97008e-22 5.38354e-22 
100.00000   3.41164e-25 1.07747e-24 7.99979e-24 6.38231e-23 7.66852e-23 8.06319e-23 8.34758e-23 8.45530e-23 

         30
          350.0
  0.00001   3.09942e-28 5.05019e-27 1.05433e-25 3.27913e-24 2.57299e-23 5.30284e-23 2.29353e-22 1.86940e-21 
  0.00010   1.34733e-27 1.06478e-26 1.36254e-25 3.46739e-24 2.62714e-23 5.34279e-23 2.30525e-22 1.87107e-21 
  0.00100   6.28993e-27 3.79225e-26 2.86934e-25 4.60770e-24 3.04592e-23 5.96824e-23 2.43682e-22 1.87394e-21 
  0.01000   3.84459e-26 1.94208e-25 1.03873e-24 1.10876e-23 5.50156e-23 9.52862e-23 3.28836e-22 2.04323e-21 
  0.10000   2.36586e-25 1.09506e-24 4.50301e-24 3.36603e-23 1.36283e-22 2.12121e-22 4.69472e-22 2.29107e-21 
  1.00000   9.36752e-25 2.83371e-24 1.50865e-23 6.69476e-23 1.89984e-22 2.65472e-22 4.67557e-22 1.19794e-21 
 10.00000   1.38733e-24 3.12525e-24 2.04090e-23 1.07072e-22 1.25420e-22 1.30343e-22 2.92096e-22 5.41966e-22 
100.00000   1.12502e-24 2.90913e-24 1.34515e-23 6.70239e-23 8.16941e-23 8.69717e-23 9.04539e-23 9.17603e-23 

         30
          400.0
  0.00001   8.50192e-28 1.87512e-26 4.04254e-25 9.56882e-24 6.13748e-23 1.13693e-22 3.87151e-22 2.24982e-21 
  0.00010   3.78757e-27 3.27137e-26 4.57780e-25 9.77775e-24 6.19091e-23 1.13993e-22 3.87985e-22 2.24852e-21 
  0.00100   1.87970e-26 9.26865e-26 7.37981e-25 1.13633e-23 6.59063e-23 1.17218e-22 3.95322e-22 2.24088e-21 
  0.01000   1.08699e-25 4.31247e-25 2.14294e-24 2.01306e-23 9.12117e-23 1.51688e-22 4.60557e-22 2.17945e-21 
  0.10000   6.46189e-25 2.35053e-24 8.15636e-24 4.99382e-23 1.74677e-22 2.61652e-22 5.34146e-22 2.13476e-21 
  1.00000   2.29143e-24 6.49709e-24 2.26131e-23 8.04945e-23 2.00839e-22 2.70352e-22 4.90087e-22 1.09671e-21 
 10.00000   3.41032e-24 6.87374e-24 2.98925e-23 1.09030e-22 1.30363e-22 1.42847e-22 2.86349e-22 5.31915e-22 
100.00000   2.68211e-24 6.62717e-24 2.36382e-23 7.07741e-23 8.64299e-23 9.27765e-23 9.72555e-23 9.87502e-23 

         30
          600.0
  0.00001   1.04976e-26 4.77704e-25 1.15817e-23 1.47801e-22 5.16567e-22 7.42569e-22 1.56411e-21 4.52033e-21 
  0.00010   3.31566e-26 5.70008e-25 1.17006e-23 1.47944e-22 5.16699e-22 7.42278e-22 1.56287e-21 4.50683e-21 
  0.00100   1.50400e-25 1.08324e-24 1.29685e-23 1.49933e-22 5.16786e-22 7.40174e-22 1.55484e-21 4.47391e-21 
  0.01000   9.03134e-25 3.64823e-24 2.23867e-23 1.66401e-22 5.18344e-22 7.27735e-22 1.49299e-21 4.22689e-21 
  0.10000   5.85547e-24 1.59256e-23 5.66690e-23 2.19189e-22 5.27248e-22 6.87466e-22 1.10489e-21 2.56059e-21 
  1.00000   2.27155e-23 4.12383e-23 8.62265e-23 2.44162e-22 4.34730e-22 5.17283e-22 6.75078e-22 9.08765e-22 
 10.00000   3.13609e-23 5.70565e-23 1.02019e-22 2.11742e-22 3.82417e-22 4.16954e-22 4.80152e-22 5.73094e-22 
100.00000   2.51372e-23 4.57522e-23 8.34314e-23 1.28530e-22 2.80402e-22 3.30929e-22 4.12368e-22 4.88025e-22 

         31
          100.0
  0.00001   1.47135e-32 9.33718e-27 8.40810e-25 4.47735e-23 4.97959e-22 1.26289e-21 1.63595e-20 2.33474e-18 
  0.00010   1.00263e-31 8.33527e-26 7.34065e-24 3.76212e-22 3.31418e-21 7.33565e-21 4.64211e-20 2.96536e-18 
  0.00100   8.12529e-31 7.57596e-25 6.77468e-23 3.36210e-21 2.47309e-20 4.91222e-20 2.06041e-19 7.69146e-18 
  0.01000   6.91985e-30 7.03784e-24 6.17692e-22 3.10186e-20 1.88438e-19 3.47157e-19 1.17024e-18 2.90825e-17 
  0.10000   4.68095e-29 5.93037e-23 5.09972e-21 2.54921e-19 1.18265e-18 2.18604e-18 6.63321e-18 3.78764e-17 
  1.00000   2.37429e-28 3.18111e-22 2.36825e-20 1.52359e-18 3.41264e-18 4.27889e-18 6.10571e-18 8.67534e-18 
 10.00000   1.58078e-27 1.24953e-21 3.13138e-20 1.98092e-18 2.73220e-18 2.87823e-18 3.22072e-18 3.36953e-18 
100.00000   5.96212e-27 1.80602e-21 3.92413e-20 5.56861e-19 6.53542e-19 6.63395e-19 6.76250e-19 6.86103e-19 

         31
          150.0
  0.00001   2.93453e-30 3.16267e-26 2.74704e-24 7.37029e-23 1.06381e-21 2.99797e-21 6.15965e-20 7.32869e-18 
  0.00010   1.99225e-29 2.29528e-25 1.84635e-23 4.59558e-22 4.33891e-21 1.05872e-20 9.51269e-20 7.85642e-18 
  0.00100   1.34453e-28 1.90300e-24 1.48248e-22 3.39987e-21 2.74325e-20 5.71523e-20 2.71178e-19 1.21148e-17 
  0.01000   1.03141e-27 1.61669e-23 1.27064e-21 2.98560e-20 1.93207e-19 3.37678e-19 1.12917e-18 2.92024e-17 
  0.10000   6.58239e-27 1.29721e-22 9.55973e-21 2.19894e-19 1.08318e-18 1.96106e-18 6.12433e-18 3.83969e-17 
  1.00000   1.45439e-26 7.70002e-22 3.53052e-20 1.30294e-18 3.29976e-18 4.25997e-18 6.28625e-18 9.20452e-18 
 10.00000   3.21581e-26 2.67925e-21 3.31550e-20 1.90933e-18 2.50108e-18 2.72509e-18 2.97011e-18 3.09233e-18 
100.00000   1.24147e-25 3.54851e-21 7.43455e-20 7.41920e-19 8.23218e-19 8.35204e-19 8.50843e-19 8.62830e-19 

         31
          200.0
  0.00001   1.41130e-28 9.17194e-26 6.18032e-24 2.02053e-22 3.50420e-21 1.08291e-20 1.71302e-19 1.51427e-17 
  0.00010   6.13695e-28 6.19436e-25 4.01302e-23 7.49637e-22 8.29089e-21 2.08796e-20 2.00865e-19 1.54887e-17 
  0.00100   3.91278e-27 4.49499e-24 2.84192e-22 4.36909e-21 3.38995e-20 7.25910e-20 3.76638e-19 1.82784e-17 
  0.01000   2.86302e-26 3.78798e-23 2.29622e-21 3.26733e-20 2.06763e-19 3.73820e-19 1.25457e-18 3.05901e-17 
  0.10000   1.67546e-25 3.08006e-22 1.66533e-20 2.28834e-19 1.04490e-18 1.78971e-18 5.93174e-18 3.85992e-17 
  1.00000   4.05214e-25 1.54905e-21 6.11192e-20 1.15446e-18 3.23380e-18 4.21985e-18 6.49963e-18 9.57014e-18 
 10.00000   5.64040e-25 4.42221e-21 7.04639e-20 1.84528e-18 2.32666e-18 2.56950e-18 2.74925e-18 2.84250e-18 
100.00000   1.36876e-24 5.24473e-21 1.14973e-19 8.03559e-19 9.08632e-19 9.31097e-19 9.52457e-19 9.68829e-19 

         31
          250.0
  0.00001   1.40687e-27 2.88278e-25 1.04957e-23 6.22482e-22 1.12416e-20 3.36881e-20 3.48957e-19 2.15053e-17 
  0.00010   7.37360e-27 1.35477e-24 6.53589e-23 1.53742e-21 1.73667e-20 4.44480e-20 3.65256e-19 2.18010e-17 
  0.00100   3.97634e-26 8.58155e-24 4.57504e-22 6.32479e-21 4.92996e-20 1.02767e-19 5.06720e-19 2.37922e-17 
  0.01000   2.53873e-25 6.63776e-23 3.52424e-21 3.93189e-20 2.29470e-19 4.18831e-19 1.45817e-18 3.27446e-17 
  0.10000   1.53532e-24 5.13862e-22 2.64386e-20 2.49781e-19 1.12653e-18 1.77139e-18 5.69415e-18 3.77099e-17 
  1.00000   3.82566e-24 2.92169e-21 9.80632e-20 1.10864e-18 3.15652e-18 4.17023e-18 6.48316e-18 9.82776e-18 
 10.00000   4.96341e-24 6.65335e-21 1.42684e-19 1.76047e-18 2.20736e-18 2.40257e-18 2.54988e-18 2.62635e-18 
100.00000   8.13230e-24 6.72973e-21 1.70578e-19 8.23380e-19 9.61678e-19 9.97953e-19 1.02159e-18 1.03970e-18 

         31
          300.0
  0.00001   9.11492e-27 1.17543e-24 2.32049e-23 1.80326e-21 3.02312e-20 8.19096e-20 6.09186e-19 2.67120e-17 
  0.00010   3.16238e-26 3.88059e-24 9.54179e-23 3.21473e-21 3.67927e-20 9.03734e-20 6.22500e-19 2.68359e-17 
  0.00100   1.60001e-25 1.79665e-23 6.25333e-22 9.76012e-21 7.43174e-20 1.54430e-19 7.52843e-19 2.79668e-17 
  0.01000   1.10994e-24 1.14132e-22 4.69098e-21 4.99700e-20 2.73903e-19 4.86119e-19 1.72848e-18 3.37477e-17 
  0.10000   7.18047e-24 7.81987e-22 3.56238e-20 2.79160e-19 1.21848e-18 1.94724e-18 5.52262e-18 3.62745e-17 
  1.00000   1.88559e-23 4.12187e-21 1.47935e-19 1.07565e-18 3.07521e-18 4.09122e-18 6.41373e-18 9.87011e-18 
 10.00000   2.46596e-23 8.83231e-21 2.41234e-19 1.66017e-18 2.08407e-18 2.25191e-18 2.35998e-18 2.43983e-18 
100.00000   3.09847e-23 7.96613e-21 2.30765e-19 8.38120e-19 9.97641e-19 1.03998e-18 1.06256e-18 1.07986e-18 

         31
          350.0
  0.00001   5.25378e-26 3.87384e-24 5.84448e-23 4.78516e-21 6.61896e-20 1.59957e-19 1.04181e-18 2.98274e-17 
  0.00010   1.51406e-25 1.13264e-23 1.65622e-22 6.64678e-21 7.05846e-20 1.65261e-19 1.04949e-18 2.98463e-17 
  0.00100   5.45877e-25 4.13197e-23 8.08452e-22 1.52202e-20 1.12804e-19 2.29696e-19 1.15587e-18 3.04716e-17 
  0.01000   3.08329e-24 2.14423e-22 5.80871e-21 6.40304e-20 3.29007e-19 5.85730e-19 2.04584e-18 3.39167e-17 
  0.10000   1.91693e-23 1.23701e-21 4.30413e-20 3.20511e-19 1.30106e-18 2.15028e-18 5.55812e-18 3.41664e-17 
  1.00000   6.17360e-23 5.29704e-21 2.01452e-19 1.07101e-18 2.98638e-18 3.97672e-18 6.21694e-18 9.75606e-18 
 10.00000   8.35940e-23 1.08669e-20 3.57353e-19 1.53498e-18 1.95933e-18 2.07025e-18 2.17843e-18 2.27528e-18 
100.00000   8.63934e-23 9.18614e-21 2.95834e-19 8.42359e-19 1.01501e-18 1.05217e-18 1.07793e-18 1.09513e-18 

         31
          400.0
  0.00001   2.27698e-25 8.29606e-24 1.53193e-22 1.09838e-20 1.23049e-19 2.69094e-19 1.61575e-18 3.24893e-17 
  0.00010   5.63557e-25 2.85779e-23 3.14420e-22 1.32335e-20 1.26567e-19 2.73076e-19 1.62567e-18 3.25304e-17 
  0.00100   1.84606e-24 9.09335e-23 1.12785e-21 2.37542e-20 1.67917e-19 3.25587e-19 1.71556e-18 3.26686e-17 
  0.01000   8.16937e-24 4.04790e-22 6.89689e-21 8.13991e-20 3.98960e-19 7.35021e-19 2.51519e-18 3.39783e-17 
  0.10000   4.54665e-23 2.04216e-21 4.98538e-20 3.63088e-19 1.39814e-18 2.31748e-18 5.79510e-18 3.23354e-17 
  1.00000   1.54468e-22 7.29135e-21 2.50743e-19 1.07843e-18 2.86581e-18 3.81168e-18 5.96862e-18 9.46904e-18 
 10.00000   2.07773e-22 1.29337e-20 4.68406e-19 1.44856e-18 1.84433e-18 1.92409e-18 2.02743e-18 2.12999e-18 
100.00000   1.92591e-22 1.08196e-20 3.61382e-19 8.38392e-19 1.02183e-18 1.05234e-18 1.07713e-18 1.09340e-18 

         31
          600.0
  0.00001   2.56938e-24 1.46241e-22 3.26273e-21 9.93195e-20 6.43387e-19 1.17406e-18 4.86850e-18 3.44746e-17 
  0.00010   1.16054e-23 2.49356e-22 3.66506e-21 1.00829e-19 6.45065e-19 1.17612e-18 4.86960e-18 3.44706e-17 
  0.00100   4.20300e-23 7.34450e-22 5.82946e-21 1.13882e-19 6.65125e-19 1.20188e-18 4.87922e-18 3.42918e-17 
  0.01000   1.58530e-22 2.92813e-21 1.72057e-20 1.95555e-19 8.79982e-19 1.47600e-18 5.08578e-18 3.30736e-17 
  0.10000   6.51191e-22 1.17821e-20 8.12875e-20 5.61405e-19 1.82071e-18 2.70843e-18 6.65724e-18 2.48155e-17 
  1.00000   1.56746e-21 3.13205e-20 3.44709e-19 1.17791e-18 2.43585e-18 3.08659e-18 4.80692e-18 7.83863e-18 
 10.00000   1.83105e-21 3.70727e-20 7.31554e-19 1.21856e-18 1.42127e-18 1.46908e-18 1.56829e-18 1.67748e-18 
100.00000   1.51598e-21 3.50048e-20 5.45967e-19 7.68578e-19 9.41511e-19 9.67372e-19 9.85820e-19 9.96963e-19 

         32
          100.0
  0.00001   6.64852e-35 2.82947e-33 2.62437e-31 1.21554e-29 1.30314e-28 3.40810e-28 3.54501e-27 5.66920e-25 
  0.00010   6.48256e-34 2.17707e-32 2.03336e-30 9.03701e-29 5.91883e-28 1.29893e-27 7.09383e-27 6.78422e-25 
  0.00100   6.34704e-33 1.83932e-31 1.72444e-29 7.37215e-28 3.44206e-27 6.81594e-27 2.61527e-26 1.04335e-24 
  0.01000   6.23692e-32 1.52157e-30 1.49946e-28 6.26772e-27 2.60007e-26 4.15006e-26 1.28198e-25 2.70545e-24 
  0.10000   5.46857e-31 9.86460e-30 8.59645e-28 5.08927e-26 1.76983e-25 2.87346e-25 7.20283e-25 3.17618e-24 
  1.00000   3.82592e-30 2.45167e-29 1.94514e-27 2.29937e-25 5.39293e-25 6.38217e-25 1.03643e-24 3.03614e-24 
 10.00000   7.15409e-30 4.52394e-29 3.55607e-27 3.06474e-25 1.17550e-24 2.73682e-24 1.02055e-23 2.98925e-23 
100.00000   1.92029e-30 7.22836e-29 7.93632e-27 7.89599e-26 7.62723e-24 1.74351e-23 6.32951e-23 1.82872e-22 

         32
          150.0
  0.00001   2.02398e-32 1.14810e-31 3.21303e-30 1.07827e-28 1.64433e-27 4.92972e-27 5.37908e-26 1.61713e-24 
  0.00010   1.90439e-31 9.03805e-31 2.02476e-29 4.28691e-28 2.86896e-27 7.72800e-27 5.51922e-26 1.67052e-24 
  0.00100   1.82994e-30 7.66067e-30 1.39113e-28 2.44146e-27 1.20229e-26 2.16770e-26 7.56148e-26 2.03484e-24 
  0.01000   1.75134e-29 6.99021e-29 1.07225e-27 1.79663e-26 7.30622e-26 9.73775e-26 1.97917e-25 3.33119e-24 
  0.10000   1.60610e-28 5.63426e-28 6.49306e-27 8.85793e-26 4.79698e-25 6.97043e-25 1.22030e-24 3.82827e-24 
  1.00000   1.31549e-27 2.77239e-27 1.16120e-26 3.66871e-25 1.42795e-24 2.61413e-24 6.57930e-24 1.37717e-23 
 10.00000   2.79703e-27 3.38984e-27 1.65387e-26 3.87425e-25 1.40510e-23 2.57388e-23 6.47952e-23 1.35650e-22 
100.00000   1.23352e-27 1.55079e-27 2.82683e-26 3.03061e-25 9.69171e-23 1.75818e-22 4.35282e-22 9.00529e-22 

         32
          200.0
  0.00001   2.52341e-31 1.36857e-30 1.80764e-29 8.16849e-28 1.43947e-26 4.26081e-26 3.89956e-25 5.39925e-24 
  0.00010   2.35332e-30 9.54719e-30 9.09519e-29 1.89749e-27 1.66593e-26 4.49721e-26 3.94347e-25 5.40494e-24 
  0.00100   2.18563e-29 7.36800e-29 5.48319e-28 8.41188e-27 3.50238e-26 7.78714e-26 4.42553e-25 5.45860e-24 
  0.01000   2.03087e-28 6.13819e-28 3.94755e-27 5.12406e-26 1.98653e-25 2.71895e-25 8.21034e-25 5.80456e-24 
  0.10000   1.73737e-27 4.76308e-27 2.75392e-26 2.82129e-25 1.19163e-24 1.61864e-24 2.40988e-24 4.35839e-24 
  1.00000   7.95328e-27 2.61723e-26 1.13325e-25 4.88642e-25 4.93994e-24 8.06079e-24 1.69718e-23 3.02194e-23 
 10.00000   1.12080e-26 5.02341e-26 9.69961e-26 5.76231e-25 4.86097e-23 7.94114e-23 1.67219e-22 2.97982e-22 
100.00000   1.53676e-26 2.87205e-26 5.88749e-26 3.91115e-24 3.50037e-22 5.69582e-22 1.18697e-21 2.09214e-21 

         32
          250.0
  0.00001   1.15672e-30 4.79328e-30 1.19700e-28 5.40780e-27 7.01122e-26 2.15600e-25 1.76402e-24 1.80672e-23 
  0.00010   1.03741e-29 3.55294e-29 3.72088e-28 7.37405e-27 7.27166e-26 2.19367e-25 1.77487e-24 1.80935e-23 
  0.00100   8.75430e-29 2.81643e-28 1.81639e-27 2.43655e-26 1.11839e-25 2.73074e-25 1.90127e-24 1.80550e-23 
  0.01000   7.34669e-28 2.38158e-27 1.15494e-26 1.27812e-25 4.20978e-25 5.96542e-25 2.77612e-24 1.85094e-23 
  0.10000   5.86311e-27 1.96854e-26 6.96034e-26 6.90139e-25 2.74505e-24 3.62232e-24 5.34070e-24 1.29346e-23 
  1.00000   2.86614e-26 1.12243e-25 2.93364e-25 1.60271e-24 1.07611e-23 1.63860e-23 3.12739e-23 5.07847e-23 
 10.00000   3.82583e-26 1.94917e-25 4.22932e-25 2.76215e-24 1.05780e-22 1.61498e-22 3.07281e-22 5.00672e-22 
100.00000   5.17109e-26 1.26871e-25 1.89795e-25 1.84879e-23 7.89301e-22 1.20280e-21 2.27115e-21 3.66370e-21 

         32
          300.0
  0.00001   2.63860e-30 1.49735e-29 4.80264e-28 2.25894e-26 2.51032e-25 6.90432e-25 4.81916e-24 4.80634e-23 
  0.00010   2.30986e-29 1.00735e-28 1.32537e-27 2.66557e-26 2.58359e-25 6.99406e-25 4.83425e-24 4.80842e-23 
  0.00100   2.08175e-28 7.37911e-28 5.16853e-27 6.01595e-26 3.37548e-25 8.14088e-25 5.04101e-24 4.82944e-23 
  0.01000   1.84953e-27 5.83734e-27 2.96113e-26 2.85594e-25 8.34099e-25 1.50828e-24 6.43210e-24 5.13546e-23 
  0.10000   1.52469e-26 4.38752e-26 1.68618e-25 1.47676e-24 4.92365e-24 6.28382e-24 1.25114e-23 4.15532e-23 
  1.00000   8.36379e-26 2.21855e-25 6.33395e-25 4.80757e-24 1.86134e-23 2.70817e-23 4.91111e-23 7.47599e-23 
 10.00000   1.13298e-25 3.03671e-25 1.30993e-24 7.95271e-24 1.82541e-22 2.66532e-22 4.75811e-22 7.36212e-22 
100.00000   1.13015e-25 1.52637e-25 6.46676e-25 5.30077e-23 1.39944e-21 2.04168e-21 3.61446e-21 5.52161e-21 

         32
          350.0
  0.00001   4.69783e-30 3.71310e-29 1.55005e-27 7.04375e-26 6.74103e-25 1.78295e-24 1.10423e-23 1.13423e-22 
  0.00010   4.10684e-29 2.31226e-28 3.64741e-27 7.77473e-26 6.85039e-25 1.79569e-24 1.10545e-23 1.13425e-22 
  0.00100   3.61099e-28 1.58676e-27 1.20069e-26 1.30487e-25 8.15305e-25 1.96133e-24 1.13089e-23 1.13552e-22 
  0.01000   3.21656e-27 1.20986e-26 6.22230e-26 5.38459e-25 1.68595e-24 3.20920e-24 1.26339e-23 1.18015e-22 
  0.10000   2.66272e-26 8.65310e-26 3.40216e-25 2.79934e-24 7.80731e-24 9.97871e-24 2.71575e-23 9.47909e-23 
  1.00000   1.64319e-25 3.99855e-25 1.25559e-24 1.01331e-23 2.84725e-23 4.06314e-23 6.96546e-23 1.01869e-22 
 10.00000   2.54942e-25 3.49482e-25 2.87711e-24 1.69748e-23 2.74509e-22 3.88834e-22 6.65970e-22 9.99205e-22 
100.00000   1.73027e-25 3.88966e-25 1.53123e-24 1.13613e-22 2.14612e-21 3.03581e-21 5.14233e-21 7.58932e-21 

         32
          400.0
  0.00001   8.24140e-30 7.96547e-29 4.19599e-27 1.78553e-25 1.38685e-24 3.69509e-24 2.03505e-23 2.10289e-22 
  0.00010   7.00876e-29 4.43952e-28 7.68130e-27 1.89150e-25 1.40447e-24 3.71861e-24 2.03824e-23 2.10218e-22 
  0.00100   6.08303e-28 2.92483e-27 2.38658e-26 2.78058e-25 1.59578e-24 3.94985e-24 2.06492e-23 2.10016e-22 
  0.01000   5.35304e-27 2.17348e-26 1.12964e-25 8.88774e-25 3.23352e-24 6.12770e-24 2.29207e-23 2.16527e-22 
  0.10000   4.43249e-26 1.54267e-25 5.99093e-25 4.46274e-24 1.14438e-23 1.55934e-23 4.77760e-23 1.71743e-22 
  1.00000   2.60073e-25 6.83204e-25 2.23325e-24 1.71952e-23 4.11016e-23 5.56241e-23 9.26011e-23 1.33126e-22 
 10.00000   3.64442e-25 7.20502e-25 5.03642e-24 2.98937e-23 3.77196e-22 5.23029e-22 8.73558e-22 1.29124e-21 
100.00000   2.24605e-25 8.31764e-25 2.88792e-24 2.01834e-22 2.98842e-21 4.13276e-21 6.78871e-21 9.79908e-21 

         32
          600.0
  0.00001   4.06294e-29 4.86132e-28 4.49496e-26 1.76345e-24 1.16133e-23 2.64019e-23 1.24417e-22 9.04709e-22 
  0.00010   3.21050e-28 2.33006e-27 5.82729e-26 1.79046e-24 1.16578e-23 2.64666e-23 1.24421e-22 9.04896e-22 
  0.00100   2.60198e-27 1.30121e-26 1.29573e-25 2.05100e-24 1.22895e-23 2.71664e-23 1.24960e-22 9.01735e-22 
  0.01000   2.17940e-26 8.92530e-26 4.92469e-25 3.91713e-24 1.89300e-23 3.59562e-23 1.29316e-22 8.78847e-22 
  0.10000   1.76142e-25 6.23313e-25 2.45580e-24 1.51089e-23 4.04497e-23 5.99062e-23 1.83375e-22 6.89329e-22 
  1.00000   9.89786e-25 2.97913e-24 8.35590e-24 5.05502e-23 1.15282e-22 1.38569e-22 2.07130e-22 6.93854e-22 
 10.00000   1.37984e-24 4.60427e-24 1.69739e-23 1.05513e-22 8.18516e-22 1.10284e-21 1.85814e-21 3.08469e-21 
100.00000   1.01702e-24 5.18633e-24 1.17149e-23 7.44806e-22 6.58380e-21 8.73636e-21 1.36544e-20 1.91078e-20 

         33
          100.0
  0.00001   4.13358e-33 1.32674e-31 3.06496e-30 4.92627e-29 7.00513e-28 3.02019e-27 1.23066e-25 7.31532e-24 
  0.00010   4.01744e-32 1.25939e-30 2.74824e-29 3.70668e-28 3.55909e-27 9.90047e-27 1.42978e-25 7.36823e-24 
  0.00100   3.95968e-31 1.21331e-29 2.51792e-28 3.11655e-27 2.27383e-26 4.68655e-26 2.70007e-25 7.69278e-24 
  0.01000   3.90429e-30 1.17019e-28 2.33278e-27 2.72703e-26 1.56744e-25 2.66870e-25 9.14659e-25 8.86994e-24 
  0.10000   3.57695e-29 9.68716e-28 1.81371e-26 1.65391e-25 6.24406e-25 9.39034e-25 1.93231e-24 5.74665e-24 
  1.00000   1.56738e-28 2.86458e-27 4.72786e-26 4.57300e-25 7.59272e-25 8.36752e-25 1.03411e-24 1.28275e-24 
 10.00000   4.94096e-28 3.14208e-27 6.03031e-26 4.20900e-25 6.36548e-25 6.83100e-25 7.42332e-25 8.08158e-25 
100.00000   5.02974e-28 3.20424e-27 2.58698e-26 1.03984e-25 1.60000e-25 1.66136e-25 1.70759e-25 1.72718e-25 

         33
          150.0
  0.00001   1.19468e-32 2.45247e-31 4.29449e-30 1.11093e-28 2.76928e-27 1.44971e-26 2.63697e-25 8.55443e-24 
  0.00010   1.15942e-31 2.13656e-30 3.31085e-29 5.13599e-28 5.93274e-27 2.07082e-26 2.72792e-25 8.54277e-24 
  0.00100   1.12841e-30 1.93702e-29 2.76880e-28 3.24578e-27 2.53788e-26 5.75812e-26 3.59600e-25 8.50599e-24 
  0.01000   1.09743e-29 1.78360e-28 2.41323e-27 2.44382e-26 1.41333e-25 2.48441e-25 8.72771e-25 8.48282e-24 
  0.10000   1.02403e-28 1.46232e-27 1.85518e-26 1.47527e-25 5.90562e-25 8.76394e-25 1.86468e-24 6.19979e-24 
  1.00000   5.58048e-28 4.30561e-27 6.12820e-26 4.17069e-25 6.83601e-25 7.79552e-25 9.81744e-25 1.28010e-24 
 10.00000   8.92007e-28 5.24135e-27 6.91669e-26 3.97332e-25 6.02291e-25 6.37873e-25 6.91041e-25 7.36145e-25 
100.00000   6.39105e-28 5.27662e-27 3.24661e-26 1.52765e-25 2.01947e-25 2.07290e-25 2.13235e-25 2.15906e-25 

         33
          200.0
  0.00001   1.59677e-32 3.90900e-31 5.94239e-30 3.96528e-28 1.12142e-26 4.22214e-26 4.27394e-25 8.67316e-24 
  0.00010   1.56542e-31 3.31279e-30 4.19611e-29 9.45546e-28 1.40412e-26 4.71571e-26 4.31701e-25 8.65358e-24 
  0.00100   1.53354e-30 2.83108e-29 3.20600e-28 4.11310e-27 3.31325e-26 8.13696e-26 4.91267e-25 8.54615e-24 
  0.01000   1.50028e-29 2.44836e-28 2.65683e-27 2.54954e-26 1.43846e-25 2.60186e-25 8.89232e-25 8.01032e-24 
  0.10000   1.39632e-28 1.94247e-27 1.98557e-26 1.39488e-25 5.53608e-25 8.22276e-25 1.80965e-24 6.24476e-24 
  1.00000   9.40041e-28 7.07878e-27 6.76571e-26 3.73525e-25 6.50407e-25 7.53713e-25 9.69432e-25 1.29839e-24 
 10.00000   1.26330e-27 8.21489e-27 7.97063e-26 3.78371e-25 5.65195e-25 5.89448e-25 6.43892e-25 6.74051e-25 
100.00000   7.45685e-28 7.92752e-27 3.58840e-26 1.91071e-25 2.13664e-25 2.24250e-25 2.36665e-25 2.40167e-25 

         33
          250.0
  0.00001   2.03912e-32 5.49183e-31 9.88260e-30 1.38635e-27 3.12303e-26 9.17014e-26 6.24933e-25 8.46868e-24 
  0.00010   2.00883e-31 4.69865e-30 5.54608e-29 2.09629e-27 3.31809e-26 9.46542e-26 6.28232e-25 8.45488e-24 
  0.00100   1.97636e-30 3.90458e-29 3.66928e-28 5.75981e-27 5.03090e-26 1.22939e-25 6.59794e-25 8.31883e-24 
  0.01000   1.93692e-29 3.27847e-28 2.83857e-27 2.87545e-26 1.55970e-25 2.88735e-25 9.51845e-25 7.75049e-24 
  0.10000   1.75102e-28 2.49468e-27 2.14480e-26 1.37975e-25 5.21336e-25 7.76219e-25 1.75634e-24 6.31180e-24 
  1.00000   1.09601e-27 1.01082e-26 7.29200e-26 3.37698e-25 6.25082e-25 7.38538e-25 9.60891e-25 1.31968e-24 
 10.00000   1.52291e-27 1.19960e-26 8.16043e-26 3.49956e-25 5.28024e-25 5.46990e-25 5.98539e-25 6.21132e-25 
100.00000   8.83629e-28 1.10019e-26 4.50596e-26 1.95883e-25 2.25688e-25 2.36218e-25 2.51137e-25 2.55898e-25 

         33
          300.0
  0.00001   2.79977e-32 6.75819e-31 1.81940e-29 3.84841e-27 6.38260e-26 1.57037e-25 8.15226e-25 8.06334e-24 
  0.00010   2.75903e-31 5.89877e-30 8.12565e-29 4.70524e-27 6.47859e-26 1.58370e-25 8.15681e-25 8.04530e-24 
  0.00100   2.72326e-30 5.06272e-29 4.59960e-28 8.96225e-27 7.82829e-26 1.79234e-25 8.33820e-25 7.88637e-24 
  0.01000   2.69433e-29 4.21073e-28 3.10877e-27 3.35170e-26 1.79413e-25 3.25926e-25 1.05529e-24 7.45391e-24 
  0.10000   2.44198e-28 3.13303e-27 2.20816e-26 1.39913e-25 4.98666e-25 7.48535e-25 1.67569e-24 6.11236e-24 
  1.00000   1.31903e-27 1.29305e-26 7.78324e-26 3.13883e-25 6.07254e-25 7.19678e-25 9.55294e-25 1.32180e-24 
 10.00000   1.63562e-27 1.66574e-26 7.93621e-26 3.35371e-25 4.97063e-25 5.11773e-25 5.56081e-25 5.76060e-25 
100.00000   1.05533e-27 1.43694e-26 5.69360e-26 1.97218e-25 2.33404e-25 2.44222e-25 2.59926e-25 2.65047e-25 

         33
          350.0
  0.00001   3.81290e-32 8.23390e-31 3.38098e-29 8.57920e-27 1.09485e-25 2.38529e-25 9.81065e-25 7.78938e-24 
  0.00010   3.76207e-31 7.05847e-30 1.21175e-28 9.61294e-27 1.10174e-25 2.39616e-25 9.81502e-25 7.78058e-24 
  0.00100   3.72524e-30 6.07059e-29 5.93680e-28 1.44908e-26 1.20659e-25 2.54874e-25 9.88941e-25 7.63258e-24 
  0.01000   3.69775e-29 5.07253e-28 3.58447e-27 4.02419e-26 2.11630e-25 3.78611e-25 1.14551e-24 7.12174e-24 
  0.10000   3.42182e-28 3.71516e-27 2.30121e-26 1.46237e-25 5.00775e-25 7.39529e-25 1.60565e-24 5.86600e-24 
  1.00000   1.60826e-27 1.58811e-26 8.27463e-26 2.99224e-25 5.89976e-25 7.04576e-25 9.32866e-25 1.30248e-24 
 10.00000   1.72416e-27 2.07672e-26 7.92997e-26 3.35311e-25 4.67944e-25 4.79985e-25 5.20174e-25 5.37318e-25 
100.00000   1.29544e-27 1.79940e-26 6.88070e-26 1.99265e-25 2.38241e-25 2.47329e-25 2.64712e-25 2.69486e-25 

         33
          400.0
  0.00001   4.99100e-32 9.58263e-31 6.03141e-29 1.63825e-26 1.66887e-25 3.31289e-25 1.12278e-24 7.61340e-24 
  0.00010   4.92396e-31 8.21873e-30 1.77348e-28 1.74633e-26 1.67669e-25 3.32535e-25 1.12337e-24 7.60205e-24 
  0.00100   4.87391e-30 7.02700e-29 7.59510e-28 2.28386e-26 1.75581e-25 3.43709e-25 1.12736e-24 7.48316e-24 
  0.01000   4.83888e-29 5.89209e-28 4.22926e-27 5.04484e-26 2.51547e-25 4.43884e-25 1.22061e-24 6.89161e-24 
  0.10000   4.53646e-28 4.23833e-27 2.48385e-26 1.57532e-25 5.10656e-25 7.33972e-25 1.52999e-24 5.58162e-24 
  1.00000   1.91325e-27 1.90295e-26 8.71734e-26 2.90568e-25 5.73575e-25 6.86035e-25 9.11762e-25 1.26638e-24 
 10.00000   1.95337e-27 2.42386e-26 9.15463e-26 3.30755e-25 4.41459e-25 4.52426e-25 4.89977e-25 5.03982e-25 
100.00000   1.62254e-27 2.16993e-26 7.96577e-26 2.02246e-25 2.40311e-25 2.49018e-25 2.66705e-25 2.70746e-25 

         33
          600.0
  0.00001   9.00578e-32 1.47320e-30 2.85804e-28 7.08033e-26 4.29731e-25 7.07816e-25 1.65091e-24 6.79552e-24 
  0.00010   8.69397e-31 1.14993e-29 5.59545e-28 7.14379e-26 4.30333e-25 7.07649e-25 1.65051e-24 6.78904e-24 
  0.00100   8.47214e-30 9.34461e-29 1.57741e-27 7.68506e-26 4.33241e-25 7.09739e-25 1.64585e-24 6.72545e-24 
  0.01000   8.29073e-29 7.77509e-28 6.93513e-27 1.07452e-25 4.61517e-25 7.29290e-25 1.62557e-24 6.17449e-24 
  0.10000   7.79568e-28 5.95838e-27 3.57024e-26 2.14927e-25 5.96340e-25 7.90387e-25 1.45053e-24 4.26339e-24 
  1.00000   3.72017e-27 2.43471e-26 1.05594e-25 3.08593e-25 5.35182e-25 6.18314e-25 7.94790e-25 1.08280e-24 
 10.00000   4.00260e-27 3.48850e-26 1.41827e-25 3.25022e-25 3.71888e-25 3.90328e-25 4.04773e-25 5.22367e-25 
100.00000   3.45856e-27 2.63776e-26 1.02776e-25 2.21379e-25 2.51182e-25 2.58265e-25 2.86068e-25 4.62120e-25 

         34
          100.0
  0.00001   4.12522e-37 2.83711e-35 1.99606e-33 1.87091e-31 4.70493e-30 1.47914e-29 2.59780e-28 3.04140e-26 
  0.00010   3.75345e-36 2.58995e-34 1.59956e-32 1.22130e-30 1.64112e-29 4.06941e-29 3.72585e-28 3.06252e-26 
  0.00100   3.31969e-35 2.41998e-33 1.34865e-31 9.27262e-30 8.52175e-29 1.90315e-28 1.08527e-27 3.28770e-26 
  0.01000   3.06961e-34 2.26271e-32 1.15752e-30 7.58719e-29 5.62234e-28 1.12031e-27 4.48233e-27 5.22123e-26 
  0.10000   2.12525e-33 1.80401e-31 8.14008e-30 5.36264e-28 2.53883e-27 4.06597e-27 9.52398e-27 3.72193e-26 
  1.00000   1.05902e-32 6.44473e-31 3.09090e-29 1.50207e-27 4.11533e-27 4.74913e-27 6.01347e-27 3.23333e-26 
 10.00000   5.00682e-32 1.69416e-30 4.66534e-29 1.70514e-27 4.74250e-27 5.39927e-27 8.76532e-27 1.40638e-26 
100.00000   1.17643e-31 1.79713e-30 2.81942e-29 1.02789e-27 1.54634e-27 1.60859e-27 1.67076e-27 1.73339e-27 

         34
          150.0
  0.00001   1.37292e-35 3.50357e-34 1.64355e-32 1.85986e-30 6.69353e-29 1.75737e-28 1.52365e-27 4.92954e-26 
  0.00010   1.35589e-34 3.14580e-33 1.09297e-31 4.88824e-30 8.98771e-29 2.13516e-28 1.61661e-27 4.94298e-26 
  0.00100   1.33378e-33 2.82987e-32 7.37638e-31 2.14133e-29 2.13320e-28 4.36761e-28 2.22714e-27 4.96398e-26 
  0.01000   1.29978e-32 2.58720e-31 5.35712e-30 1.21942e-28 8.25701e-28 1.56595e-27 5.67067e-27 5.67921e-26 
  0.10000   1.16098e-31 1.94272e-30 3.02052e-29 6.30607e-28 2.96138e-27 4.59714e-27 1.06322e-26 4.02459e-26 
  1.00000   4.85164e-31 5.98947e-30 6.02281e-29 2.04368e-27 3.79365e-27 4.43852e-27 5.83923e-27 3.01349e-26 
 10.00000   8.69519e-31 7.46511e-30 8.05570e-29 2.21045e-27 4.13351e-27 4.45345e-27 8.26883e-27 1.65913e-26 
100.00000   1.52956e-30 7.13857e-30 7.01340e-29 1.39893e-27 2.22110e-27 2.36851e-27 2.44929e-27 2.81108e-27 

         34
          200.0
  0.00001   1.14932e-34 1.31214e-33 5.27310e-32 2.00718e-29 4.07880e-28 8.89867e-28 4.38548e-27 7.87561e-26 
  0.00010   1.14667e-33 1.24178e-32 3.74431e-31 2.94908e-29 4.34792e-28 9.07701e-28 4.42305e-27 7.86481e-26 
  0.00100   1.14305e-32 1.16818e-31 2.63498e-30 6.49165e-29 6.00945e-28 1.15159e-27 4.93139e-27 7.77456e-26 
  0.01000   1.14061e-31 1.08403e-30 1.87992e-29 2.57920e-28 1.50288e-27 2.54731e-27 8.46460e-27 7.17005e-26 
  0.10000   1.05936e-30 8.06503e-30 9.14352e-29 9.74987e-28 4.17812e-27 6.50605e-27 1.43301e-26 4.40180e-26 
  1.00000   4.56008e-30 2.46190e-29 1.79697e-28 2.53026e-27 4.32485e-27 5.05499e-27 7.11988e-27 2.77661e-26 
 10.00000   6.05579e-30 3.09173e-29 2.07629e-28 2.89872e-27 4.23475e-27 4.98778e-27 7.90126e-27 1.82495e-26 
100.00000   6.16512e-30 2.13109e-29 1.75857e-28 1.78503e-27 2.81290e-27 2.95694e-27 3.06838e-27 4.56057e-27 

         34
          250.0
  0.00001   4.24344e-34 3.79827e-33 1.39941e-31 1.07866e-28 1.37471e-27 2.69663e-27 9.51964e-27 1.07134e-25 
  0.00010   4.24194e-33 3.63968e-32 9.02447e-31 1.33930e-28 1.40408e-27 2.70723e-27 9.54166e-27 1.06966e-25 
  0.00100   4.24022e-32 3.49593e-31 6.14754e-30 2.07404e-28 1.59363e-27 2.85982e-27 9.89484e-27 1.05782e-25 
  0.01000   4.23910e-31 3.36461e-30 4.07985e-29 5.26812e-28 2.75562e-27 4.44600e-27 1.25113e-26 9.89930e-26 
  0.10000   4.13535e-30 2.61850e-29 2.13632e-28 1.57841e-27 5.82415e-27 9.22384e-27 2.05926e-26 5.31756e-26 
  1.00000   2.09093e-29 6.87851e-29 4.35287e-28 3.30092e-27 6.27359e-27 7.46059e-27 1.10519e-26 2.74153e-26 
 10.00000   2.39963e-29 7.76515e-29 4.32893e-28 3.14067e-27 7.02041e-27 8.19039e-27 9.42816e-27 1.89972e-26 
100.00000   1.91797e-29 6.15173e-29 3.76286e-28 2.31535e-27 3.39702e-27 3.74569e-27 5.29757e-27 7.03238e-27 

         34
          300.0
  0.00001   9.70603e-34 9.20752e-33 3.36534e-31 3.67524e-28 3.34342e-27 6.15195e-27 1.83598e-26 1.39425e-25 
  0.00010   9.70141e-33 8.81182e-32 1.94259e-30 4.23386e-28 3.37593e-27 6.15537e-27 1.83829e-26 1.39337e-25 
  0.00100   9.70409e-32 8.47172e-31 1.26427e-29 5.68343e-28 3.56873e-27 6.30387e-27 1.86842e-26 1.38421e-25 
  0.01000   9.69926e-31 8.20431e-30 8.42724e-29 1.08457e-27 4.94955e-27 7.88820e-27 2.02290e-26 1.28246e-25 
  0.10000   9.57144e-30 6.70895e-29 4.00952e-28 2.63365e-27 8.36740e-27 1.24632e-26 2.75435e-26 7.48145e-26 
  1.00000   5.62072e-29 1.57765e-28 8.95359e-28 4.27772e-27 1.01791e-26 1.24887e-26 1.67484e-26 2.98191e-26 
 10.00000   6.69859e-29 1.83624e-28 8.99683e-28 3.78308e-27 1.10633e-26 1.23705e-26 1.35298e-26 1.90455e-26 
100.00000   4.93714e-29 1.27232e-28 7.14253e-28 3.08867e-27 5.36773e-27 6.44793e-27 8.14637e-27 9.95295e-27 

         34
          350.0
  0.00001   1.78220e-33 1.79406e-32 7.08046e-31 9.12467e-28 6.83229e-27 1.17555e-26 3.24183e-26 1.75797e-25 
  0.00010   1.78060e-32 1.70259e-31 3.71768e-30 1.01115e-27 6.88282e-27 1.17639e-26 3.24298e-26 1.75662e-25 
  0.00100   1.78093e-31 1.63519e-30 2.27335e-29 1.26327e-27 7.07194e-27 1.19260e-26 3.25558e-26 1.74882e-25 
  0.01000   1.78018e-30 1.57972e-29 1.50113e-28 2.09162e-27 8.49546e-27 1.34703e-26 3.34672e-26 1.65728e-25 
  0.10000   1.75808e-29 1.33345e-28 7.37040e-28 4.26491e-27 1.26751e-26 1.80527e-26 3.44681e-26 9.80010e-26 
  1.00000   1.01494e-28 3.47644e-28 1.57993e-27 5.85402e-27 1.47731e-26 1.81625e-26 2.36821e-26 3.82410e-26 
 10.00000   1.35138e-28 3.66411e-28 1.71695e-27 6.13138e-27 1.53718e-26 1.69927e-26 1.80304e-26 1.88530e-26 
100.00000   1.07358e-28 2.64529e-28 1.23394e-27 3.99064e-27 8.48724e-27 9.60967e-27 1.12808e-26 1.29913e-26 

         34
          400.0
  0.00001   2.68981e-33 2.93213e-32 1.42318e-30 1.79224e-27 1.27478e-26 2.07603e-26 5.23432e-26 2.22863e-25 
  0.00010   2.68321e-32 2.75278e-31 6.37110e-30 1.92862e-27 1.27977e-26 2.07599e-26 5.23381e-26 2.22465e-25 
  0.00100   2.68402e-31 2.62968e-30 3.63864e-29 2.32615e-27 1.29907e-26 2.08420e-26 5.24585e-26 2.21317e-25 
  0.01000   2.68131e-30 2.52886e-29 2.36677e-28 3.58965e-27 1.42958e-26 2.21826e-26 5.25506e-26 2.07958e-25 
  0.10000   2.64292e-29 2.17099e-28 1.24760e-27 6.81904e-27 1.93466e-26 2.70406e-26 4.64316e-26 1.36154e-25 
  1.00000   1.58498e-28 6.55583e-28 2.64073e-27 9.04791e-27 1.97491e-26 2.39417e-26 3.14105e-26 4.42856e-26 
 10.00000   2.34974e-28 7.57442e-28 3.12313e-27 1.00223e-26 1.99986e-26 2.16922e-26 2.23468e-26 2.28364e-26 
100.00000   1.74221e-28 5.57361e-28 2.13693e-27 6.71386e-27 1.24872e-26 1.34203e-26 1.47698e-26 1.62058e-26 

         34
          600.0
  0.00001   6.25854e-33 1.03928e-31 1.09341e-29 7.51551e-27 6.53984e-26 1.11928e-25 2.57948e-25 7.72736e-25 
  0.00010   6.22974e-32 9.27944e-31 2.92439e-29 7.68239e-27 6.54472e-26 1.11913e-25 2.57722e-25 7.72314e-25 
  0.00100   6.20593e-31 8.45693e-30 1.22277e-28 8.59071e-27 6.60526e-26 1.11884e-25 2.56508e-25 7.66584e-25 
  0.01000   6.18742e-30 7.82348e-29 7.07219e-28 1.24073e-26 7.00874e-26 1.12703e-25 2.46126e-25 7.15277e-25 
  0.10000   6.07784e-29 6.68845e-28 4.04316e-27 2.76159e-26 8.06177e-26 1.11228e-25 1.92996e-25 4.30259e-25 
  1.00000   3.82071e-28 3.14839e-27 1.24393e-26 3.78426e-26 6.14474e-26 7.13196e-26 9.41848e-26 2.21676e-25 
 10.00000   6.30814e-28 5.93594e-27 1.33617e-26 3.30129e-26 5.24585e-26 6.70085e-26 9.28094e-26 1.21119e-25 
100.00000   5.12952e-28 4.45331e-27 8.82208e-27 2.32197e-26 4.17598e-26 5.28970e-26 6.93520e-26 8.70291e-26 

         35
          100.0
  0.00001   1.19910e-33 3.18860e-32 7.72548e-31 2.43908e-29 4.60311e-28 1.51161e-27 2.49926e-26 2.44137e-24 
  0.00010   1.13551e-32 2.80746e-31 6.17249e-30 1.54760e-28 1.59064e-27 3.95997e-27 3.58454e-26 2.59613e-24 
  0.00100   1.09268e-31 2.56812e-30 5.38754e-29 1.20324e-27 8.04007e-27 1.63777e-26 8.99670e-26 3.33769e-24 
  0.01000   1.05955e-30 2.36589e-29 4.76293e-28 9.54161e-27 5.12667e-26 9.83477e-26 3.90987e-25 7.04484e-24 
  0.10000   9.39888e-30 1.76049e-28 3.55163e-27 6.31528e-26 2.96077e-25 5.18437e-25 1.57129e-24 1.08465e-23 
  1.00000   4.21912e-29 6.63188e-28 1.37558e-26 2.06260e-25 9.28109e-25 1.23057e-24 2.40924e-24 5.31608e-24 
 10.00000   8.24571e-29 8.95100e-28 2.32952e-26 2.56774e-25 1.12879e-24 1.38866e-24 1.85964e-24 2.01380e-24 
100.00000   6.52088e-29 6.10806e-28 1.45348e-26 1.47972e-25 3.61851e-25 3.93970e-25 4.23815e-25 4.34000e-25 

         35
          150.0
  0.00001   6.06871e-33 1.50478e-31 2.96036e-30 1.46311e-28 2.89329e-27 9.47552e-27 1.16357e-25 7.16609e-24 
  0.00010   5.28332e-32 1.09001e-30 1.79771e-29 4.10097e-28 5.23033e-27 1.39405e-26 1.24880e-25 7.27752e-24 
  0.00100   4.68479e-31 8.52259e-30 1.17214e-28 2.00353e-27 1.63404e-26 3.60229e-26 1.93659e-25 7.82633e-24 
  0.01000   4.22504e-30 7.07190e-29 8.82692e-28 1.33081e-26 7.86964e-26 1.47219e-25 5.30720e-25 1.03868e-23 
  0.10000   3.26342e-29 5.17829e-28 6.46626e-27 8.62539e-26 3.88118e-25 7.00551e-25 2.19262e-24 1.36014e-23 
  1.00000   1.45712e-28 2.12509e-27 2.66123e-26 3.44576e-25 1.11075e-24 1.55393e-24 2.94739e-24 7.04586e-24 
 10.00000   2.45962e-28 2.95173e-27 4.18737e-26 4.47000e-25 1.40482e-24 1.83432e-24 2.23774e-24 2.39996e-24 
100.00000   3.00400e-28 2.24733e-27 3.05416e-26 2.40457e-25 5.86584e-25 6.53133e-25 7.00877e-25 7.18604e-25 

         35
          200.0
  0.00001   3.04081e-32 5.79988e-31 1.32478e-29 9.39403e-28 1.54969e-26 4.21466e-26 3.46502e-25 1.25304e-23 
  0.00010   2.57005e-31 4.01157e-30 5.46444e-29 1.59219e-27 1.91909e-26 4.64403e-26 3.54784e-25 1.25509e-23 
  0.00100   2.21058e-30 2.77829e-29 2.82551e-28 4.36569e-27 3.65972e-26 8.14292e-26 4.22651e-25 1.28163e-23 
  0.01000   1.93624e-29 2.08124e-28 1.83782e-27 2.15935e-26 1.28572e-25 2.41977e-25 8.54120e-25 1.39879e-23 
  0.10000   1.48999e-28 1.42748e-27 1.15415e-26 1.12811e-25 5.04055e-25 9.19438e-25 2.63570e-24 1.56418e-23 
  1.00000   6.35133e-28 5.51776e-27 4.41351e-26 4.62437e-25 1.34449e-24 1.90539e-24 3.52848e-24 8.55215e-24 
 10.00000   1.06546e-27 8.34750e-27 8.09969e-26 6.78365e-25 1.70999e-24 2.14072e-24 2.58306e-24 2.72326e-24 
100.00000   1.05495e-27 6.26205e-27 5.16572e-26 3.29527e-25 8.19161e-25 9.09845e-25 9.95876e-25 1.01895e-24 

         35
          250.0
  0.00001   9.29706e-32 1.84961e-30 7.69285e-29 5.00728e-27 6.33462e-26 1.40423e-25 7.84485e-25 1.83711e-23 
  0.00010   8.22544e-31 1.03700e-29 1.76612e-28 6.23142e-27 6.64983e-26 1.44677e-25 7.89220e-25 1.83974e-23 
  0.00100   7.27819e-30 6.86124e-29 6.80041e-28 1.16531e-26 8.91185e-26 1.85906e-25 8.38053e-25 1.84952e-23 
  0.01000   6.33748e-29 4.96761e-28 3.63988e-27 3.79482e-26 2.18153e-25 3.89899e-25 1.36366e-24 1.82080e-23 
  0.10000   4.64024e-28 3.43014e-27 2.05511e-26 1.62730e-25 7.14218e-25 1.17391e-24 3.28429e-24 1.87406e-23 
  1.00000   2.18686e-27 1.30515e-26 6.65907e-26 5.89662e-25 1.57931e-24 2.28048e-24 4.33685e-24 1.02009e-23 
 10.00000   3.61036e-27 1.80821e-26 1.26685e-25 8.60855e-25 2.00314e-24 2.41096e-24 2.83482e-24 3.01485e-24 
100.00000   2.84856e-27 1.53635e-26 7.69864e-26 4.24453e-25 1.06045e-24 1.17385e-24 1.27775e-24 1.31188e-24 

         35
          300.0
  0.00001   1.97092e-31 5.30646e-30 3.88053e-28 2.05593e-26 1.92792e-25 3.90183e-25 1.56038e-24 2.31050e-23 
  0.00010   1.77838e-30 2.67852e-29 6.29454e-28 2.21153e-26 1.95488e-25 3.93993e-25 1.56283e-24 2.30892e-23 
  0.00100   1.62022e-29 1.50436e-28 1.61261e-27 3.09265e-26 2.20363e-25 4.32200e-25 1.59298e-24 2.31390e-23 
  0.01000   1.45675e-28 9.68855e-28 7.16687e-27 7.45211e-26 3.80912e-25 6.77854e-25 2.06139e-24 2.24637e-23 
  0.10000   1.11489e-27 6.35035e-27 3.71431e-26 2.48776e-25 9.95860e-25 1.58447e-24 4.02211e-24 2.20692e-23 
  1.00000   5.27546e-27 2.68244e-26 1.05611e-25 7.12610e-25 1.81237e-24 2.69959e-24 5.02264e-24 1.18237e-23 
 10.00000   9.84168e-27 3.48282e-26 1.72235e-25 1.03279e-24 2.28605e-24 2.70324e-24 3.05602e-24 3.31587e-24 
100.00000   6.74417e-27 3.36711e-26 1.07477e-25 5.68507e-25 1.29425e-24 1.44314e-24 1.55581e-24 1.59757e-24 

         35
          350.0
  0.00001   3.50015e-31 1.21566e-29 1.44487e-27 6.38859e-26 4.72269e-25 8.86719e-25 2.82938e-24 2.88141e-23 
  0.00010   3.16048e-30 5.63390e-29 1.94095e-27 6.53275e-26 4.74229e-25 8.89833e-25 2.83139e-24 2.87921e-23 
  0.00100   2.88950e-29 2.94970e-28 3.86197e-27 7.70887e-26 4.98075e-25 9.22990e-25 2.84251e-24 2.86897e-23 
  0.01000   2.64272e-28 1.75533e-27 1.34143e-26 1.43896e-25 6.78351e-25 1.17820e-24 3.14348e-24 2.72801e-23 
  0.10000   2.09543e-27 1.06188e-26 6.36661e-26 3.92337e-25 1.38486e-24 2.09395e-24 4.79641e-24 2.45516e-23 
  1.00000   1.06654e-26 4.50725e-26 1.80921e-25 8.49345e-25 2.16087e-24 3.12252e-24 5.56019e-24 1.30890e-23 
 10.00000   2.08549e-26 6.09489e-26 2.35216e-25 1.23190e-24 2.58403e-24 2.97957e-24 3.29728e-24 3.63031e-24 
100.00000   1.37438e-26 5.10381e-26 1.59312e-25 7.32785e-25 1.54370e-24 1.69325e-24 1.83471e-24 1.87545e-24 

         35
          400.0
  0.00001   5.36855e-31 2.44264e-29 4.05551e-27 1.58487e-25 1.00159e-24 1.73554e-24 4.94865e-24 3.32143e-23 
  0.00010   4.88428e-30 1.00790e-28 4.93313e-27 1.60047e-25 1.00323e-24 1.73807e-24 4.94734e-24 3.31978e-23 
  0.00100   4.49475e-29 4.96390e-28 8.26872e-27 1.74123e-25 1.02309e-24 1.76284e-24 4.94929e-24 3.29792e-23 
  0.01000   4.13070e-28 2.84014e-27 2.43032e-26 2.70795e-25 1.20312e-24 1.98898e-24 5.02265e-24 3.12795e-23 
  0.10000   3.40684e-27 1.61757e-26 1.04511e-25 6.28567e-25 1.94924e-24 2.83075e-24 5.90476e-24 2.76207e-23 
  1.00000   1.78015e-26 6.19427e-26 2.99328e-25 1.11192e-24 2.57300e-24 3.54683e-24 6.22230e-24 1.42672e-23 
 10.00000   3.66956e-26 8.69859e-26 3.09830e-25 1.46309e-24 2.86954e-24 3.21524e-24 3.54824e-24 3.97300e-24 
100.00000   2.44698e-26 7.02842e-26 2.91597e-25 9.19184e-25 1.80994e-24 1.96397e-24 2.11311e-24 2.15446e-24 

         35
          600.0
  0.00001   1.41856e-30 1.76352e-28 4.62702e-26 1.74203e-24 7.35702e-24 1.13047e-23 2.34683e-23 7.36034e-23 
  0.00010   1.27388e-29 4.68852e-28 4.87283e-26 1.74402e-24 7.35299e-24 1.13000e-23 2.34820e-23 7.36299e-23 
  0.00100   1.16203e-28 1.77550e-27 6.26762e-26 1.77060e-24 7.36213e-24 1.12829e-23 2.33929e-23 7.31443e-23 
  0.01000   1.06342e-27 9.22820e-27 1.30504e-25 1.99699e-24 7.44787e-24 1.12596e-23 2.25811e-23 6.92563e-23 
  0.10000   9.33222e-27 5.24096e-26 4.36977e-25 3.02568e-24 8.19147e-24 1.09193e-23 1.81259e-23 4.65986e-23 
  1.00000   5.94682e-26 1.64951e-25 9.31856e-25 4.08688e-24 7.75463e-24 9.25888e-24 1.30450e-23 2.10011e-23 
 10.00000   1.39270e-25 2.24844e-25 1.17544e-24 4.34681e-24 5.67139e-24 6.58828e-24 9.58310e-24 1.47437e-23 
100.00000   1.01080e-25 1.74171e-25 9.97752e-25 3.30390e-24 4.22212e-24 5.41737e-24 7.84547e-24 1.21888e-23 

         36
          100.0
  0.00001   7.50605e-31 1.11770e-27 5.20416e-26 1.18079e-24 1.53594e-23 4.64544e-23 1.40076e-21 2.69711e-19 
  0.00010   6.15568e-30 9.54298e-27 3.75967e-25 8.03661e-24 7.61798e-23 1.80344e-22 1.83983e-21 2.83006e-19 
  0.00100   5.44620e-29 8.69773e-26 3.09086e-24 6.61528e-23 5.04287e-22 9.71705e-22 4.44735e-21 3.45336e-19 
  0.01000   4.92154e-28 8.02270e-25 2.65341e-23 5.80420e-22 3.53697e-21 5.97331e-21 2.09065e-20 5.33166e-19 
  0.10000   3.58028e-27 6.58954e-24 2.00118e-22 4.24605e-21 2.29467e-20 3.93150e-20 1.16153e-19 5.77087e-19 
  1.00000   1.30376e-26 4.04123e-23 4.66587e-22 2.43210e-20 5.29227e-20 6.50327e-20 9.03457e-20 1.35687e-19 
 10.00000   1.74349e-26 8.21561e-23 9.14763e-22 2.83390e-20 3.96427e-20 4.30260e-20 4.95234e-20 5.58544e-20 
100.00000   6.04228e-27 3.79394e-23 1.36213e-21 7.87380e-21 1.11418e-20 1.16795e-20 1.20500e-20 1.23132e-20 

         36
          150.0
  0.00001   6.23285e-30 2.48200e-27 1.13398e-25 3.30363e-24 4.68214e-23 1.53971e-22 3.50996e-21 4.39710e-19 
  0.00010   3.13095e-29 1.66260e-26 7.82894e-25 1.28802e-23 1.26717e-22 3.50125e-22 3.77756e-21 4.43047e-19 
  0.00100   1.99511e-28 1.28639e-25 5.84790e-24 7.24169e-23 5.85095e-22 1.29461e-21 6.01082e-21 4.68401e-19 
  0.01000   1.35593e-27 1.13332e-24 4.63626e-23 5.66205e-22 3.35725e-21 5.77736e-21 2.01933e-20 5.68629e-19 
  0.10000   8.62702e-27 8.94359e-24 3.41511e-22 3.72296e-21 2.05433e-20 3.49305e-20 1.08094e-19 5.89314e-19 
  1.00000   2.53331e-26 5.87857e-23 9.60552e-22 2.14654e-20 5.18179e-20 6.52808e-20 9.22408e-20 1.42187e-19 
 10.00000   3.08013e-26 1.05995e-22 1.68590e-21 2.61252e-20 3.73840e-20 4.02269e-20 4.73771e-20 5.15304e-20 
100.00000   1.50994e-26 5.29157e-23 2.35061e-21 9.46939e-21 1.30915e-20 1.35960e-20 1.41154e-20 1.44607e-20 

         36
          200.0
  0.00001   7.03217e-29 1.01194e-26 2.06426e-25 1.10528e-23 1.88696e-22 5.58777e-22 8.14279e-21 5.32398e-19 
  0.00010   2.55418e-28 4.54049e-26 1.17684e-24 2.70621e-23 2.85475e-22 7.10738e-22 8.31136e-21 5.32840e-19 
  0.00100   1.05980e-27 2.63276e-25 8.25598e-24 1.09930e-22 7.92836e-22 1.77288e-21 1.01114e-20 5.37956e-19 
  0.01000   5.89739e-27 1.92267e-24 6.60583e-23 6.48010e-22 3.80994e-21 6.89129e-21 2.40524e-20 5.76235e-19 
  0.10000   2.93068e-26 1.36286e-23 5.03896e-22 3.96177e-21 1.90510e-20 3.12885e-20 1.04231e-19 5.90689e-19 
  1.00000   7.21108e-26 7.40801e-23 1.81851e-21 1.94438e-20 5.08830e-20 6.54043e-20 9.53656e-20 1.46501e-19 
 10.00000   7.20739e-26 1.26845e-22 3.23488e-21 2.52943e-20 3.50262e-20 3.66764e-20 4.46491e-20 4.76474e-20 
100.00000   5.12098e-26 5.79017e-23 3.48030e-21 1.13449e-20 1.38332e-20 1.47579e-20 1.57302e-20 1.61677e-20 

         36
          250.0
  0.00001   6.77782e-28 3.90313e-26 5.40382e-25 3.74879e-23 6.14914e-22 1.51673e-21 1.55120e-20 6.25684e-19 
  0.00010   1.74611e-27 1.44225e-25 1.89783e-24 6.07905e-23 6.97730e-22 1.61925e-21 1.56066e-20 6.25856e-19 
  0.00100   5.39282e-27 6.51639e-25 1.09436e-23 1.76087e-22 1.25412e-21 2.60069e-21 1.71809e-20 6.25858e-19 
  0.01000   2.38067e-26 3.92597e-24 8.13674e-23 8.26300e-22 4.37036e-21 8.25691e-21 3.16914e-20 6.15298e-19 
  0.10000   1.07598e-25 2.48776e-23 6.10103e-22 4.44751e-21 1.95024e-20 3.16588e-20 1.00551e-19 5.72582e-19 
  1.00000   2.67615e-25 9.81853e-23 2.73989e-21 1.87247e-20 5.03880e-20 6.48070e-20 9.56020e-20 1.50285e-19 
 10.00000   2.82131e-25 1.32867e-22 5.27179e-21 2.47539e-20 3.24772e-20 3.47737e-20 4.16821e-20 4.43315e-20 
100.00000   2.13901e-25 7.49991e-23 4.65856e-21 1.25165e-20 1.44345e-20 1.58163e-20 1.70397e-20 1.75333e-20 

         36
          300.0
  0.00001   5.31064e-27 1.08834e-25 1.64550e-24 1.11120e-22 1.48841e-21 3.46929e-21 2.73354e-20 6.68245e-19 
  0.00010   9.66306e-27 3.79264e-25 3.72198e-24 1.38383e-22 1.55299e-21 3.54663e-21 2.74119e-20 6.67855e-19 
  0.00100   2.24191e-26 1.55439e-24 1.54281e-23 2.82287e-22 2.11480e-21 4.36827e-21 2.86708e-20 6.65458e-19 
  0.01000   7.90481e-26 8.05613e-24 9.67454e-23 1.06495e-21 5.34431e-21 9.96760e-21 4.15303e-20 6.37345e-19 
  0.10000   3.37796e-25 4.52560e-23 6.97937e-22 5.06871e-21 2.12742e-20 3.40379e-20 9.75409e-20 5.39852e-19 
  1.00000   8.74880e-25 1.65945e-22 3.50817e-21 1.82600e-20 4.92062e-20 6.38599e-20 9.48542e-20 1.51275e-19 
 10.00000   9.57047e-25 1.54131e-22 6.57831e-21 2.34533e-20 3.08196e-20 3.35984e-20 3.89125e-20 4.15509e-20 
100.00000   7.17333e-25 1.28178e-22 5.80867e-21 1.25361e-20 1.51578e-20 1.66347e-20 1.79929e-20 1.85124e-20 

         36
          350.0
  0.00001   2.71111e-26 2.80840e-25 4.87590e-24 2.70362e-22 2.89023e-21 6.41757e-21 4.24972e-20 6.74368e-19 
  0.00010   4.41141e-26 7.99085e-25 7.98884e-24 3.00507e-22 2.93631e-21 6.47936e-21 4.25721e-20 6.73745e-19 
  0.00100   8.33233e-26 3.10117e-24 2.34123e-23 4.64405e-22 3.42307e-21 7.16424e-21 4.33806e-20 6.70505e-19 
  0.01000   2.34777e-25 1.55493e-23 1.21084e-22 1.39154e-21 6.85843e-21 1.26246e-20 5.30893e-20 6.35464e-19 
  0.10000   8.84892e-25 8.09172e-23 7.90919e-22 5.83221e-21 2.34841e-20 3.71994e-20 9.73089e-20 5.17546e-19 
  1.00000   2.21276e-24 2.73834e-22 4.14232e-21 1.79932e-20 4.76422e-20 6.20033e-20 9.20603e-20 1.49206e-19 
 10.00000   2.50468e-24 3.00150e-22 7.59508e-21 2.21439e-20 2.94940e-20 3.20635e-20 3.65351e-20 3.91664e-20 
100.00000   1.83827e-24 2.44706e-22 6.75904e-21 1.25924e-20 1.55789e-20 1.72173e-20 1.86241e-20 1.91484e-20 

         36
          400.0
  0.00001   9.76230e-26 7.67065e-25 1.31203e-23 5.53409e-22 4.87042e-21 1.04109e-20 5.95386e-20 6.62484e-19 
  0.00010   1.56218e-25 1.57044e-24 1.71804e-23 5.83565e-22 4.89857e-21 1.04517e-20 5.95700e-20 6.61955e-19 
  0.00100   2.73634e-25 5.46362e-24 3.80490e-23 7.61852e-22 5.30825e-21 1.10851e-20 5.99208e-20 6.58089e-19 
  0.01000   6.34643e-25 2.59208e-23 1.57380e-22 1.80408e-21 8.81550e-21 1.65431e-20 6.65671e-20 6.25522e-19 
  0.10000   2.05474e-24 1.34870e-22 9.11097e-22 6.69829e-21 2.56130e-20 4.01773e-20 1.00730e-19 4.85266e-19 
  1.00000   4.62996e-24 4.29376e-22 4.45371e-21 1.82603e-20 4.60429e-20 5.94412e-20 8.89326e-20 1.43571e-19 
 10.00000   5.34823e-24 5.64338e-22 8.44129e-21 2.08819e-20 2.82017e-20 3.08582e-20 3.45962e-20 3.71194e-20 
100.00000   3.90477e-24 4.44113e-22 6.76389e-21 1.27768e-20 1.58964e-20 1.75212e-20 1.90565e-20 1.95312e-20 

         36
          600.0
  0.00001   1.66113e-24 1.72353e-23 2.05634e-22 3.62722e-21 2.01799e-20 3.63479e-20 1.16035e-19 5.51128e-19 
  0.00010   2.63260e-24 1.96317e-23 2.09782e-22 3.64016e-21 2.01997e-20 3.63945e-20 1.16018e-19 5.51110e-19 
  0.00100   5.76455e-24 3.24674e-23 2.47026e-22 3.77866e-21 2.03773e-20 3.65733e-20 1.15871e-19 5.48498e-19 
  0.01000   1.23763e-23 9.78719e-23 4.80538e-22 4.94597e-21 2.26003e-20 3.89497e-20 1.15123e-19 5.20672e-19 
  0.10000   3.21113e-23 4.32368e-22 1.69643e-21 1.08473e-20 3.37116e-20 5.06127e-20 1.11289e-19 3.61312e-19 
  1.00000   5.14631e-23 1.63023e-21 5.88020e-21 1.93581e-20 3.97316e-20 4.93672e-20 7.19154e-20 1.18950e-19 
 10.00000   5.36006e-23 2.59089e-21 1.01337e-20 1.85123e-20 2.51360e-20 2.68947e-20 2.93074e-20 3.18253e-20 
100.00000   4.19764e-23 2.02439e-21 7.54028e-21 1.32320e-20 1.66487e-20 1.80804e-20 1.92788e-20 1.96774e-20 

         37
          100.0
  0.00001   8.93116e-34 1.75597e-32 2.76901e-31 5.04904e-30 9.79646e-29 4.40280e-28 1.20236e-26 4.91764e-25 
  0.00010   8.53061e-33 1.54950e-31 2.32214e-30 2.93906e-29 3.00425e-28 8.36499e-28 1.29559e-26 4.94277e-25 
  0.00100   8.15074e-32 1.38952e-30 2.03093e-29 2.13383e-28 1.50429e-27 3.34277e-27 1.90299e-26 5.12912e-25 
  0.01000   7.73985e-31 1.28827e-29 1.80829e-28 1.75359e-27 9.53907e-27 1.58979e-26 5.60495e-26 6.19956e-25 
  0.10000   6.51705e-30 1.06214e-28 1.29865e-27 1.08762e-26 4.04998e-26 6.30063e-26 1.32890e-25 3.82877e-25 
  1.00000   2.68459e-29 3.30285e-28 2.75182e-27 2.95080e-26 5.42008e-26 6.13042e-26 7.56772e-26 1.61103e-25 
 10.00000   4.09203e-29 3.25304e-28 3.50084e-27 2.92944e-26 4.46310e-26 4.93199e-26 9.35686e-26 1.57863e-24 
100.00000   2.90462e-29 3.08819e-28 2.88619e-27 9.65715e-27 1.16387e-26 1.18177e-26 5.56337e-25 8.89154e-24 

         37
          150.0
  0.00001   5.08606e-33 6.45194e-32 8.01473e-31 5.02455e-29 1.21617e-27 4.62290e-27 4.80344e-26 6.12308e-25 
  0.00010   4.61493e-32 5.21312e-31 4.78174e-30 1.06132e-28 1.44636e-27 4.83028e-27 4.86631e-26 6.12015e-25 
  0.00100   4.27299e-31 4.34225e-30 3.58781e-29 4.55727e-28 3.17885e-27 6.83639e-27 5.47604e-26 6.10595e-25 
  0.01000   4.00194e-30 3.75214e-29 2.95490e-28 2.83651e-27 1.26984e-26 2.28872e-26 8.62492e-26 6.35639e-25 
  0.10000   3.49447e-29 2.92739e-28 2.22298e-27 1.54415e-26 5.40146e-26 7.64313e-26 1.38756e-25 3.93673e-25 
  1.00000   1.89710e-28 1.29216e-27 8.00452e-27 3.09470e-26 5.65170e-26 6.79614e-26 1.01531e-25 6.90763e-25 
 10.00000   2.71221e-28 1.75731e-27 8.56115e-27 3.21411e-26 4.58339e-26 6.04642e-26 9.93658e-25 6.77379e-24 
100.00000   1.87639e-28 1.03373e-27 5.12021e-27 1.26401e-26 3.95578e-26 3.88501e-25 6.28503e-24 4.13660e-23 

         37
          200.0
  0.00001   2.18368e-32 3.25753e-31 5.71656e-30 5.54206e-28 9.02059e-27 2.19847e-26 1.80366e-25 1.65954e-24 
  0.00010   1.90762e-31 2.37309e-30 2.05622e-29 7.24046e-28 9.30784e-27 2.21899e-26 1.81327e-25 1.65783e-24 
  0.00100   1.65718e-30 1.82851e-29 1.00348e-28 1.68552e-27 1.20636e-26 2.44901e-26 1.89727e-25 1.64335e-24 
  0.01000   1.44462e-29 1.46917e-28 6.54336e-28 7.17191e-27 2.97069e-26 5.35266e-26 2.61032e-25 1.54143e-24 
  0.10000   1.16076e-28 1.10606e-27 4.53115e-27 3.45602e-26 1.28079e-25 1.86554e-25 3.42433e-25 1.14648e-24 
  1.00000   4.76881e-28 3.82480e-27 2.28288e-26 6.45251e-26 1.59075e-25 2.21657e-25 3.89218e-25 1.82036e-24 
 10.00000   6.32052e-28 7.02849e-27 2.81559e-26 6.74753e-26 9.79019e-26 4.54129e-25 3.78050e-24 1.66571e-23 
100.00000   4.11375e-28 6.37413e-27 1.41277e-26 3.19697e-26 5.40612e-25 3.00665e-24 2.46278e-23 1.03972e-22 

         37
          250.0
  0.00001   6.90661e-32 1.38587e-30 5.52103e-29 3.49577e-27 3.86500e-26 9.11742e-26 5.46255e-25 7.78374e-24 
  0.00010   5.90245e-31 8.26552e-30 1.11870e-28 3.98848e-27 3.99342e-26 9.22055e-26 5.46802e-25 7.77631e-24 
  0.00100   5.07257e-30 5.26020e-29 3.81656e-28 6.74365e-27 5.02881e-26 1.02759e-25 5.63068e-25 7.79883e-24 
  0.01000   4.26158e-29 3.73772e-28 2.04536e-27 2.16034e-26 1.05419e-25 2.02681e-25 7.17703e-25 7.70960e-24 
  0.10000   3.25370e-28 2.50725e-27 1.28148e-26 9.21423e-26 3.44904e-25 5.31548e-25 1.36130e-24 7.89307e-24 
  1.00000   1.34631e-27 1.00524e-26 5.01847e-26 2.46201e-25 8.22105e-25 1.12866e-24 1.92861e-24 6.04951e-24 
 10.00000   1.57726e-27 1.62887e-26 6.16701e-26 3.86069e-25 5.54020e-25 1.67265e-24 9.77586e-24 3.60273e-23 
100.00000   1.32690e-27 1.23091e-26 4.03457e-26 1.93564e-25 2.79051e-24 1.13147e-23 6.32721e-23 2.07544e-22 

         37
          300.0
  0.00001   2.07963e-31 5.19035e-30 3.44322e-28 1.45431e-26 1.35361e-25 3.06217e-25 1.50821e-24 2.91011e-23 
  0.00010   1.76213e-30 2.83236e-29 5.37243e-28 1.56827e-26 1.40259e-25 3.15449e-25 1.51978e-24 2.90784e-23 
  0.00100   1.55055e-29 1.55022e-28 1.34535e-27 2.40902e-26 1.69573e-25 3.62248e-25 1.59549e-24 2.89225e-23 
  0.01000   1.35087e-28 9.36263e-28 5.79203e-27 6.31145e-26 3.32716e-25 6.32565e-25 2.13426e-24 2.88268e-23 
  0.10000   9.92268e-28 5.75182e-27 3.19980e-26 2.39054e-25 9.83886e-25 1.67647e-24 5.25565e-24 3.10807e-23 
  1.00000   3.93360e-27 1.93939e-26 1.10524e-25 7.31263e-25 2.69592e-24 3.79882e-24 6.75669e-24 2.47269e-23 
 10.00000   5.29928e-27 3.37991e-26 1.46731e-25 1.20810e-24 1.73399e-24 4.31200e-24 2.18745e-23 8.00587e-23 
100.00000   3.78004e-27 2.76863e-26 9.69918e-26 6.75065e-25 8.74961e-24 2.91516e-23 1.29248e-22 3.64198e-22 

         37
          350.0
  0.00001   5.11232e-31 1.52051e-29 1.37331e-27 4.64195e-26 3.97378e-25 8.67777e-25 4.21277e-24 8.67843e-23 
  0.00010   4.23286e-30 7.58526e-29 1.93708e-27 4.86474e-26 4.08064e-25 8.90040e-25 4.29953e-24 8.67073e-23 
  0.00100   3.69805e-29 3.95740e-28 3.96999e-27 6.99462e-26 4.67601e-25 9.90557e-25 4.64758e-24 8.66821e-23 
  0.01000   3.27469e-28 2.21537e-27 1.41465e-26 1.65183e-25 9.01079e-25 1.56336e-24 6.23477e-24 8.77635e-23 
  0.10000   2.55789e-27 1.25857e-26 7.13354e-26 5.69363e-25 2.69337e-24 4.71565e-24 1.50468e-23 8.87860e-23 
  1.00000   1.10543e-26 4.02152e-26 2.53916e-25 1.63171e-24 6.81465e-24 9.82095e-24 1.78880e-23 8.62318e-23 
 10.00000   1.70689e-26 6.71999e-26 3.02764e-25 2.67294e-24 3.85209e-24 9.24764e-24 4.73940e-23 1.78430e-22 
100.00000   1.13512e-26 5.06678e-26 1.93252e-25 1.66174e-24 2.04513e-23 5.98362e-23 2.28602e-22 5.84699e-22 

         37
          400.0
  0.00001   1.05613e-30 3.72575e-29 3.95315e-27 1.28074e-25 9.98670e-25 2.11306e-24 1.07965e-23 2.00467e-22 
  0.00010   8.64721e-30 1.65839e-28 5.26056e-27 1.33102e-25 1.01342e-24 2.14662e-24 1.09599e-23 2.00573e-22 
  0.00100   7.29496e-29 8.37684e-28 9.61463e-27 1.73955e-25 1.12316e-24 2.35420e-24 1.19455e-23 2.00481e-22 
  0.01000   6.39265e-28 4.57750e-27 3.00838e-26 3.67156e-25 2.08706e-24 3.69767e-24 1.56951e-23 2.02629e-22 
  0.10000   5.00827e-27 2.53359e-26 1.38147e-25 1.15664e-24 5.94254e-24 1.08547e-23 3.58575e-23 2.02496e-22 
  1.00000   2.38192e-26 7.99246e-26 5.09764e-25 3.07450e-24 1.39731e-23 2.07614e-23 4.63886e-23 2.28325e-22 
 10.00000   4.32580e-26 1.15649e-25 5.41620e-25 4.81958e-24 6.92734e-24 1.82144e-23 9.99650e-23 3.68133e-22 
100.00000   3.10802e-26 8.61049e-26 3.32074e-25 3.23726e-24 3.95644e-23 1.05912e-22 3.66365e-22 8.76857e-22 

         37
          600.0
  0.00001   6.20250e-30 3.82241e-28 4.60338e-26 1.91724e-24 1.25902e-23 2.55927e-23 1.33292e-22 1.78356e-21 
  0.00010   4.32345e-29 1.13701e-27 5.53700e-26 1.95876e-24 1.27193e-23 2.57043e-23 1.33566e-22 1.78395e-21 
  0.00100   3.31952e-28 4.98010e-27 8.15447e-26 2.14586e-24 1.36182e-23 2.69923e-23 1.37412e-22 1.79753e-21 
  0.01000   2.63978e-27 2.70624e-26 2.12904e-25 3.39563e-24 1.96268e-23 4.08464e-23 1.63557e-22 1.86441e-21 
  0.10000   2.06062e-26 1.61942e-25 8.10451e-25 7.40939e-24 4.86683e-23 9.42427e-23 3.10345e-22 2.33823e-21 
  1.00000   1.06470e-25 5.10356e-25 2.68119e-24 1.47028e-23 8.00504e-23 1.36186e-22 6.78190e-22 2.30146e-21 
 10.00000   2.45606e-25 6.04357e-25 3.70436e-24 1.77277e-23 5.02240e-23 1.82960e-22 8.99872e-22 2.37675e-21 
100.00000   2.87123e-25 4.39085e-25 2.61600e-24 1.36351e-23 2.07842e-22 4.75205e-22 1.34385e-21 2.71975e-21 

         38
          100.0
  0.00001   6.41580e-38 1.84321e-34 9.59523e-33 3.44811e-31 1.18972e-29 4.70381e-29 9.02206e-28 3.80934e-26 
  0.00010   6.11334e-37 1.68865e-33 8.01289e-32 2.10744e-30 2.89133e-29 7.79835e-29 1.04337e-27 3.81409e-26 
  0.00100   5.90414e-36 1.57534e-32 6.93852e-31 1.51281e-29 1.25299e-28 2.69564e-28 1.65689e-27 3.86381e-26 
  0.01000   5.64071e-35 1.46944e-31 6.08547e-30 1.20113e-28 7.02468e-28 1.33326e-27 4.43771e-27 4.57296e-26 
  0.10000   5.08032e-34 1.24035e-30 4.34822e-29 7.32201e-28 3.02904e-27 4.53857e-27 1.04487e-26 3.88398e-26 
  1.00000   2.31277e-33 4.76647e-30 1.36988e-28 1.71670e-27 4.65245e-27 5.98007e-27 8.14129e-27 1.08490e-26 
 10.00000   4.80597e-33 1.09617e-29 2.05528e-28 1.63062e-27 3.73661e-27 4.54513e-27 5.46630e-27 7.29745e-27 
100.00000   1.64148e-32 8.37556e-30 1.24916e-28 6.21662e-28 1.10271e-27 1.23536e-27 1.35404e-27 1.39812e-27 

         38
          150.0
  0.00001   3.81337e-36 6.05183e-34 1.89660e-32 2.20384e-30 1.04310e-28 3.09474e-28 2.33375e-27 4.84037e-26 
  0.00010   3.38573e-35 5.44560e-33 1.49245e-31 5.62352e-30 1.23582e-28 3.26442e-28 2.39046e-27 4.84850e-26 
  0.00100   3.25335e-34 5.00332e-32 1.23415e-30 2.46085e-29 2.40778e-28 4.97672e-28 2.77268e-27 4.87478e-26 
  0.01000   3.11313e-33 4.60184e-31 1.04518e-29 1.43579e-28 8.26170e-28 1.50411e-27 4.94406e-27 5.24943e-26 
  0.10000   2.60339e-32 3.66204e-30 7.33604e-29 7.72495e-28 3.04151e-27 4.86108e-27 1.09058e-26 4.20668e-26 
  1.00000   9.20566e-32 1.61620e-29 2.20275e-28 1.97998e-27 4.71432e-27 5.93351e-27 8.02689e-27 1.16464e-26 
 10.00000   8.74790e-32 2.20512e-29 3.44950e-28 2.21505e-27 4.04462e-27 4.28892e-27 5.38220e-27 6.95511e-27 
100.00000   1.16760e-31 1.08639e-29 2.46669e-28 1.03429e-27 1.51995e-27 1.63936e-27 1.80481e-27 1.90714e-27 

         38
          200.0
  0.00001   2.51241e-35 1.56698e-33 4.21198e-32 1.60783e-29 3.90499e-28 9.56206e-28 4.70876e-27 5.94123e-26 
  0.00010   2.49761e-34 1.38110e-32 2.78486e-31 2.31436e-29 4.09269e-28 9.70340e-28 4.72945e-27 5.94006e-26 
  0.00100   2.46414e-33 1.23520e-31 1.99300e-30 5.14248e-29 5.31227e-28 1.10077e-27 4.95648e-27 5.93088e-26 
  0.01000   2.44086e-32 1.12430e-30 1.50228e-29 2.07913e-28 1.19810e-27 2.04988e-27 6.56808e-27 5.80983e-26 
  0.10000   2.31301e-31 8.24682e-30 1.05016e-28 9.15338e-28 3.38635e-27 5.21843e-27 1.17610e-26 4.80435e-26 
  1.00000   7.95938e-31 2.90775e-29 3.89958e-28 2.18600e-27 4.97183e-27 6.03548e-27 8.57344e-27 1.61140e-26 
 10.00000   7.04235e-31 3.03330e-29 5.33157e-28 2.53302e-27 4.18254e-27 4.48696e-27 5.74397e-27 6.73094e-27 
100.00000   6.68632e-31 1.99750e-29 3.98969e-28 1.52718e-27 1.92056e-27 2.10738e-27 2.43137e-27 6.74367e-27 

         38
          250.0
  0.00001   6.95730e-35 3.00292e-33 8.95200e-32 7.64162e-29 9.97288e-28 2.06207e-27 7.82785e-27 6.97417e-26 
  0.00010   6.94476e-34 2.71807e-32 5.29045e-31 8.52813e-29 1.01116e-27 2.07285e-27 7.84749e-27 6.97521e-26 
  0.00100   6.94307e-33 2.42358e-31 3.50129e-30 1.25516e-28 1.10992e-27 2.18947e-27 8.05077e-27 6.91945e-26 
  0.01000   6.94152e-32 2.17853e-30 2.49973e-29 3.25713e-28 1.82677e-27 3.04105e-27 9.72453e-27 6.48072e-26 
  0.10000   6.82685e-31 1.64821e-29 1.49542e-28 1.18179e-27 4.22123e-27 6.32932e-27 1.39590e-26 5.61521e-26 
  1.00000   3.45970e-30 5.16288e-29 5.87128e-28 2.53341e-27 5.31312e-27 6.41767e-27 9.03608e-27 2.15860e-26 
 10.00000   3.53047e-30 6.23142e-29 7.90294e-28 3.06578e-27 4.56032e-27 4.90999e-27 5.88976e-27 1.19042e-26 
100.00000   3.07195e-30 4.49063e-29 4.81223e-28 1.81357e-27 2.37796e-27 2.54126e-27 7.79147e-27 2.41277e-26 

         38
          300.0
  0.00001   1.33320e-34 4.50064e-33 1.78328e-31 2.39447e-28 2.05488e-27 3.91473e-27 1.26157e-26 8.34297e-26 
  0.00010   1.33291e-33 4.19225e-32 9.37677e-31 2.49384e-28 2.06910e-27 3.92844e-27 1.26276e-26 8.33674e-26 
  0.00100   1.33289e-32 3.86920e-31 5.72463e-30 3.05943e-28 2.15631e-27 4.02894e-27 1.27820e-26 8.32510e-26 
  0.01000   1.33235e-31 3.61425e-30 4.00260e-29 5.64838e-28 2.88707e-27 4.72482e-27 1.39741e-26 8.26831e-26 
  0.10000   1.32429e-30 2.95996e-29 2.28678e-28 1.59922e-27 5.50898e-27 8.10048e-27 1.75758e-26 6.86135e-26 
  1.00000   8.91432e-30 9.51435e-29 7.48123e-28 3.35733e-27 6.60728e-27 7.97146e-27 1.06809e-26 2.66197e-26 
 10.00000   1.55928e-29 1.31270e-28 9.96390e-28 4.09549e-27 5.32304e-27 5.68047e-27 6.31044e-27 2.94163e-26 
100.00000   1.12466e-29 9.32895e-29 7.19864e-28 2.35219e-27 3.02090e-27 4.71731e-27 1.81223e-26 6.00165e-26 

         38
          350.0
  0.00001   2.28889e-34 5.72758e-33 3.47131e-31 5.49943e-28 3.85428e-27 6.63644e-27 1.90214e-26 1.09426e-25 
  0.00010   2.28243e-33 5.41103e-32 1.56882e-30 5.62999e-28 3.87321e-27 6.67019e-27 1.90696e-26 1.09329e-25 
  0.00100   2.28392e-32 5.11842e-31 9.06069e-30 6.40003e-28 3.97410e-27 6.78275e-27 1.92688e-26 1.08966e-25 
  0.01000   2.27706e-31 4.89945e-30 6.07585e-29 1.00378e-27 4.77507e-27 7.65537e-27 2.06655e-26 1.05736e-25 
  0.10000   2.25854e-30 4.37400e-29 3.31341e-28 2.33519e-27 7.64844e-27 1.11168e-26 2.29180e-26 8.65511e-26 
  1.00000   1.42751e-29 1.72617e-28 9.21563e-28 4.64366e-27 8.75160e-27 1.04164e-26 1.56459e-26 3.72739e-26 
 10.00000   2.02622e-29 2.25202e-28 1.17806e-27 4.69379e-27 8.86835e-27 1.03524e-26 1.29516e-26 5.80726e-26 
100.00000   1.46425e-29 1.55194e-28 1.01588e-27 2.85947e-27 5.87667e-27 9.79251e-27 3.36600e-26 1.17809e-25 

         38
          400.0
  0.00001   3.46851e-34 7.57896e-33 6.28355e-31 1.00842e-27 6.77494e-27 1.12660e-26 2.91429e-26 1.36088e-25 
  0.00010   3.44418e-33 7.14812e-32 2.52211e-30 1.02605e-27 6.80103e-27 1.12902e-26 2.91613e-26 1.36047e-25 
  0.00100   3.42338e-32 6.77969e-31 1.35669e-29 1.12979e-27 6.93554e-27 1.14268e-26 2.93172e-26 1.35347e-25 
  0.01000   3.39668e-31 6.51324e-30 8.41396e-29 1.63915e-27 7.84026e-27 1.23979e-26 3.02674e-26 1.30723e-25 
  0.10000   3.34407e-30 5.91205e-29 4.60742e-28 3.47016e-27 1.08728e-26 1.54291e-26 3.19370e-26 1.24230e-25 
  1.00000   1.79923e-29 2.84068e-28 1.21545e-27 6.16093e-27 1.21669e-26 1.48009e-26 2.49588e-26 7.55647e-26 
 10.00000   1.92124e-29 3.41750e-28 1.61886e-27 5.46633e-27 1.47628e-26 1.90611e-26 2.59034e-26 9.68664e-26 
100.00000   1.82447e-29 2.41653e-28 1.33333e-27 3.25686e-27 1.21378e-26 1.84045e-26 5.35303e-26 1.96956e-25 

         38
          600.0
  0.00001   6.61503e-34 1.91592e-32 3.53842e-30 3.73384e-27 3.06258e-26 5.08748e-26 1.13940e-25 3.82047e-25 
  0.00010   5.83025e-33 1.75600e-31 9.77903e-30 3.76587e-27 3.06762e-26 5.08443e-26 1.14005e-25 3.81521e-25 
  0.00100   5.19677e-32 1.61439e-30 3.90708e-29 4.00124e-27 3.11121e-26 5.14140e-26 1.14483e-25 3.80716e-25 
  0.01000   4.85125e-31 1.51514e-29 1.95232e-28 5.37698e-27 3.35271e-26 5.34198e-26 1.15685e-25 3.90524e-25 
  0.10000   4.45321e-30 1.36954e-28 1.04505e-27 1.13200e-26 3.99765e-26 5.71100e-26 1.08267e-25 4.46079e-25 
  1.00000   1.89576e-29 7.84368e-28 3.45119e-27 1.86262e-26 4.24346e-26 5.26767e-26 9.83486e-26 4.40601e-25 
 10.00000   1.94299e-29 1.78415e-27 5.06820e-27 1.36758e-26 4.89760e-26 6.37225e-26 1.32143e-25 2.85898e-25 
100.00000   5.99941e-29 1.56747e-27 3.88038e-27 1.13778e-26 7.95718e-26 8.51839e-26 1.46039e-25 6.29243e-25 

         39
          100.0
  0.00001   3.46107e-32 4.32972e-30 1.15384e-28 5.77954e-27 1.14657e-25 3.40977e-25 6.08688e-24 2.85574e-22 
  0.00010   3.09865e-31 3.38570e-29 8.29285e-28 2.57943e-26 2.92768e-25 6.83741e-25 6.98797e-24 3.08109e-22 
  0.00100   2.87884e-30 2.73773e-28 6.66006e-27 1.76704e-25 1.30339e-24 2.52092e-24 1.33978e-23 3.82190e-22 
  0.01000   2.72165e-29 2.30501e-27 5.80654e-26 1.40413e-24 7.65709e-24 1.41182e-23 4.29970e-23 6.53228e-22 
  0.10000   2.17644e-28 1.54190e-26 4.11709e-25 8.66897e-24 3.28004e-23 5.79475e-23 1.81870e-22 1.52699e-21 
  1.00000   9.67728e-28 4.14518e-26 1.04820e-24 2.24561e-23 1.41194e-22 1.88211e-22 3.24062e-22 5.91097e-22 
 10.00000   2.39714e-27 4.94190e-26 1.11700e-24 3.33643e-23 1.67743e-22 1.90712e-22 2.15004e-22 2.50796e-22 
100.00000   9.03620e-28 3.75797e-26 3.86856e-25 2.43145e-23 4.63339e-23 4.91083e-23 5.14409e-23 5.78899e-23 

         39
          150.0
  0.00001   1.11902e-31 9.82672e-30 3.99022e-28 2.92574e-26 4.87835e-25 1.31922e-24 1.63214e-23 4.79398e-22 
  0.00010   7.58508e-31 5.66598e-29 1.76489e-27 6.30548e-26 6.96903e-25 1.69044e-24 1.67662e-23 4.86897e-22 
  0.00100   6.12605e-30 4.06513e-28 1.08157e-26 2.35288e-25 1.84368e-24 3.76488e-24 2.11337e-23 5.39263e-22 
  0.01000   5.15226e-29 3.12711e-27 7.94532e-26 1.44072e-24 8.68169e-24 1.52765e-23 4.98499e-23 7.83742e-22 
  0.10000   4.16035e-28 2.16074e-26 5.71095e-25 8.84001e-24 3.43854e-23 6.10794e-23 1.76474e-22 1.70458e-21 
  1.00000   2.06019e-27 6.58276e-26 1.73921e-24 3.46920e-23 1.31990e-22 1.85274e-22 3.38938e-22 6.37674e-22 
 10.00000   4.81646e-27 8.51270e-26 1.77548e-24 6.54905e-23 1.65352e-22 1.80980e-22 2.05311e-22 2.30697e-22 
100.00000   2.90739e-27 6.18558e-26 8.18942e-25 3.87362e-23 6.00206e-23 6.30574e-23 6.61191e-23 1.08169e-22 

         39
          200.0
  0.00001   6.13155e-31 4.75645e-29 1.40339e-27 1.24732e-25 1.70516e-24 4.27315e-24 3.00989e-23 8.83905e-22 
  0.00010   3.09007e-30 1.49673e-28 4.70225e-27 1.88553e-25 1.93916e-24 4.55281e-24 3.04108e-23 8.86675e-22 
  0.00100   1.82624e-29 6.81338e-28 2.08786e-26 4.38578e-25 3.31333e-24 6.78458e-24 3.41545e-23 9.22455e-22 
  0.01000   1.27400e-28 4.42950e-27 1.30783e-25 1.88982e-24 1.07625e-23 1.83104e-23 6.64947e-23 1.12982e-21 
  0.10000   8.96376e-28 2.78124e-26 8.43310e-25 1.01544e-23 4.18503e-23 6.60784e-23 1.80974e-22 1.81632e-21 
  1.00000   3.98861e-27 9.24727e-26 3.12867e-24 4.49071e-23 1.32493e-22 1.92111e-22 3.59267e-22 7.02080e-22 
 10.00000   7.56308e-27 1.35011e-25 4.01265e-24 7.67639e-23 1.60117e-22 1.69064e-22 2.03547e-22 2.55200e-22 
100.00000   5.81539e-27 8.87441e-26 2.13144e-24 5.32818e-23 6.61937e-23 7.07092e-23 7.45644e-23 1.55280e-22 

         39
          250.0
  0.00001   2.61241e-30 2.41967e-28 5.91258e-27 4.21984e-25 4.59972e-24 9.89881e-24 5.30208e-23 1.30841e-21 
  0.00010   1.16830e-29 5.50905e-28 1.14655e-26 5.06487e-25 4.78404e-24 1.00593e-23 5.32659e-23 1.30908e-21 
  0.00100   5.75210e-29 1.58424e-27 4.16884e-26 8.92115e-25 6.38215e-24 1.24951e-23 5.67362e-23 1.31654e-21 
  0.01000   3.34893e-28 7.20196e-27 2.20528e-25 2.79195e-24 1.43210e-23 2.54512e-23 8.62936e-23 1.42786e-21 
  0.10000   1.99919e-27 4.09296e-26 1.26345e-24 1.24035e-23 5.20559e-23 8.31229e-23 2.11030e-22 1.93940e-21 
  1.00000   7.32176e-27 1.27038e-25 4.56534e-24 4.50681e-23 1.38734e-22 2.04534e-22 3.86745e-22 7.42377e-22 
 10.00000   1.28293e-26 1.63838e-25 6.82097e-24 9.21102e-23 1.50869e-22 1.68510e-22 1.92554e-22 3.26350e-22 
100.00000   9.15864e-27 1.17745e-25 4.22837e-24 5.61087e-23 7.26233e-23 7.72894e-23 9.54907e-23 1.95684e-22 

         39
          300.0
  0.00001   8.29370e-30 1.02225e-27 2.18965e-26 1.12569e-24 9.87476e-24 1.95225e-23 9.05271e-23 1.77328e-21 
  0.00010   3.09564e-29 1.89004e-27 3.07404e-26 1.20685e-24 1.00090e-23 1.96486e-23 9.05995e-23 1.77238e-21 
  0.00100   1.46479e-28 4.27206e-27 7.53701e-26 1.71670e-24 1.15400e-23 2.17220e-23 9.34160e-23 1.77257e-21 
  0.01000   7.83168e-28 1.39022e-26 3.45274e-25 4.25117e-24 2.07219e-23 3.70771e-23 1.20963e-22 1.76396e-21 
  0.10000   4.20046e-27 6.26789e-26 1.84314e-24 1.57328e-23 6.48454e-23 1.00382e-22 2.55289e-22 1.99917e-21 
  1.00000   1.29086e-26 1.68631e-25 6.73958e-24 5.04923e-23 1.54277e-22 2.18988e-22 4.04416e-22 7.88295e-22 
 10.00000   2.06976e-26 1.93825e-25 1.00780e-23 9.96951e-23 1.48078e-22 1.65172e-22 1.84365e-22 3.81612e-22 
100.00000   1.39290e-26 1.31977e-25 6.70716e-24 5.88503e-23 7.74605e-23 8.17778e-23 1.27960e-22 2.27790e-22 

         39
          350.0
  0.00001   2.34782e-29 3.50692e-27 6.69236e-26 2.49322e-24 1.81955e-23 3.47132e-23 1.53471e-22 2.11585e-21 
  0.00010   6.87775e-29 5.46717e-27 7.89106e-26 2.56831e-24 1.83054e-23 3.48381e-23 1.53846e-22 2.11705e-21 
  0.00100   2.88756e-28 1.10660e-26 1.44619e-25 3.15946e-24 1.97204e-23 3.62862e-23 1.55403e-22 2.11118e-21 
  0.01000   1.47418e-27 2.83651e-26 5.02918e-25 6.38575e-24 3.07463e-23 5.23375e-23 1.78192e-22 2.04762e-21 
  0.10000   7.43981e-27 1.01824e-25 2.60329e-24 2.08796e-23 7.93918e-23 1.23466e-22 3.13928e-22 2.08455e-21 
  1.00000   2.09548e-26 2.30169e-25 9.65651e-24 5.87133e-23 1.68532e-22 2.32575e-22 4.21483e-22 8.12962e-22 
 10.00000   3.09271e-26 2.45037e-25 1.48015e-23 1.05829e-22 1.48828e-22 1.60066e-22 2.28808e-22 4.19645e-22 
100.00000   2.03761e-26 1.54592e-25 1.05794e-23 6.15609e-23 7.98837e-23 9.60273e-23 1.58601e-22 2.51814e-22 

         39
          400.0
  0.00001   5.85945e-29 9.64719e-27 1.68323e-25 4.85582e-24 3.16971e-23 5.71061e-23 2.36127e-22 2.38581e-21 
  0.00010   1.36583e-28 1.31580e-26 1.83602e-25 4.92601e-24 3.18498e-23 5.72141e-23 2.36201e-22 2.38377e-21 
  0.00100   4.89588e-28 2.45518e-26 2.74057e-25 5.52059e-24 3.31293e-23 5.85191e-23 2.37316e-22 2.36821e-21 
  0.01000   2.41552e-27 5.72223e-26 7.58302e-25 9.39585e-24 4.47453e-23 7.33018e-23 2.56462e-22 2.28691e-21 
  0.10000   1.20483e-26 1.63967e-25 3.40570e-24 2.72628e-23 9.90718e-23 1.54427e-22 3.75774e-22 2.12690e-21 
  1.00000   3.18851e-26 3.15745e-25 1.31805e-23 7.00139e-23 1.84308e-22 2.46533e-22 4.29932e-22 8.41073e-22 
 10.00000   4.31184e-26 3.12360e-25 2.16149e-23 1.06415e-22 1.45206e-22 1.65978e-22 2.78591e-22 4.44299e-22 
100.00000   2.85957e-26 1.84918e-25 1.56590e-23 6.49511e-23 8.30032e-23 1.23309e-22 1.85727e-22 2.68747e-22 

         39
          600.0
  0.00001   7.62597e-28 1.10943e-25 1.87927e-24 3.14426e-23 1.51629e-22 2.39728e-22 6.55229e-22 2.98370e-21 
  0.00010   1.04539e-27 1.20298e-25 1.89747e-24 3.14855e-23 1.51716e-22 2.40284e-22 6.55587e-22 2.98428e-21 
  0.00100   2.18435e-27 1.61878e-25 2.08517e-24 3.20127e-23 1.52477e-22 2.40942e-22 6.55475e-22 2.97336e-21 
  0.01000   7.81610e-27 3.50819e-25 3.37926e-24 3.69992e-23 1.60870e-22 2.47996e-22 6.54093e-22 2.87578e-21 
  0.10000   3.69888e-26 8.87518e-25 9.74850e-24 6.63852e-23 2.06313e-22 2.95623e-22 6.39317e-22 2.22228e-21 
  1.00000   9.54854e-26 1.42808e-24 2.90892e-23 1.20697e-22 2.46433e-22 3.13368e-22 4.79546e-22 1.02159e-21 
 10.00000   1.07567e-25 1.41796e-24 4.81804e-23 1.12444e-22 2.54446e-22 2.83694e-22 3.59049e-22 4.73006e-22 
100.00000   7.81732e-26 1.07318e-24 3.52237e-23 7.33674e-23 1.77912e-22 2.12969e-22 2.54540e-22 2.93551e-22 

         40
          100.0
  0.00001   5.05103e-33 4.54697e-31 1.04401e-28 1.02742e-26 1.14039e-25 2.61863e-25 2.91920e-24 2.49994e-21 
  0.00010   4.63625e-32 3.09604e-30 6.23465e-28 7.24536e-26 6.01709e-25 1.31626e-24 8.14879e-24 2.69393e-21 
  0.00100   4.36589e-31 2.32838e-29 4.31208e-27 6.02522e-25 4.06233e-24 8.26249e-24 3.21764e-23 3.28393e-21 
  0.01000   4.12999e-30 1.95469e-28 3.42886e-26 5.43607e-24 2.98077e-23 5.67027e-23 2.08765e-22 5.63796e-21 
  0.10000   3.51337e-29 1.37043e-27 2.51298e-25 4.62040e-23 2.35020e-22 4.37727e-22 1.36869e-21 7.96103e-21 
  1.00000   1.51156e-28 4.63868e-27 9.37918e-25 2.68766e-22 7.80212e-22 9.84595e-22 1.55066e-21 2.88675e-21 
 10.00000   3.08068e-28 9.52742e-27 1.35721e-24 3.15102e-22 7.98784e-22 9.08617e-22 1.03705e-21 1.25774e-21 
100.00000   2.23428e-28 3.80017e-27 1.17275e-24 8.92860e-23 2.15193e-22 2.31316e-22 2.44225e-22 2.50790e-22 

         40
          150.0
  0.00001   2.09189e-32 3.39683e-30 4.43338e-28 2.18940e-26 2.88933e-25 7.51057e-25 1.28309e-23 5.06707e-21 
  0.00010   1.69448e-31 1.73011e-29 2.07399e-27 9.38699e-26 9.42944e-25 2.15964e-24 1.73784e-23 5.08287e-21 
  0.00100   1.46548e-30 9.26772e-29 1.09810e-26 6.22390e-25 4.90895e-24 1.01716e-23 4.26631e-23 5.25983e-21 
  0.01000   1.32973e-29 5.85809e-28 7.05295e-26 5.20476e-24 3.07002e-23 5.47193e-23 1.93399e-22 6.38425e-21 
  0.10000   1.11703e-28 3.69121e-27 4.77816e-25 4.08239e-23 2.09427e-22 3.75640e-22 1.26640e-21 8.21247e-21 
  1.00000   5.23233e-28 7.92155e-27 1.41090e-24 2.69099e-22 7.21386e-22 9.37942e-22 1.52217e-21 3.00017e-21 
 10.00000   8.54428e-28 1.43327e-26 1.90632e-24 3.25691e-22 7.68180e-22 8.47428e-22 1.01431e-21 1.16287e-21 
100.00000   4.72044e-28 1.44750e-26 2.80453e-24 1.33604e-22 2.80765e-22 2.93563e-22 3.10283e-22 3.19927e-22 

         40
          200.0
  0.00001   8.51343e-32 1.37056e-29 1.30115e-27 6.95160e-26 1.13851e-24 3.17773e-24 3.25750e-23 6.02428e-21 
  0.00010   5.94017e-31 5.67595e-29 5.39736e-27 1.72159e-25 1.97096e-24 4.48377e-24 3.55023e-23 6.02303e-21 
  0.00100   4.51675e-30 3.03529e-28 2.73918e-26 7.77182e-25 6.48103e-24 1.31086e-23 6.42129e-23 6.07035e-21 
  0.01000   3.83382e-29 1.74257e-27 1.50415e-25 5.28850e-24 3.36301e-23 6.12062e-23 2.34651e-22 6.75662e-21 
  0.10000   3.12675e-28 1.08272e-26 9.03234e-25 4.11979e-23 2.02175e-22 3.40997e-22 1.15474e-21 8.17881e-21 
  1.00000   1.49131e-27 2.24222e-26 2.47191e-24 2.41997e-22 6.92060e-22 9.08841e-22 1.49766e-21 3.13566e-21 
 10.00000   2.37859e-27 2.93955e-26 3.78925e-24 3.23614e-22 7.12057e-22 7.71505e-22 9.59407e-22 1.07314e-21 
100.00000   1.53811e-27 3.36770e-26 5.38370e-24 1.72783e-22 2.95833e-22 3.14051e-22 3.49284e-22 3.62668e-22 

         40
          250.0
  0.00001   4.20651e-31 6.72609e-29 3.29799e-27 2.37237e-25 3.83438e-24 9.69661e-24 7.18531e-23 6.40671e-21 
  0.00010   2.42660e-30 1.83075e-28 1.13067e-26 3.83193e-25 4.69542e-24 1.07401e-23 7.46470e-23 6.41112e-21 
  0.00100   1.60166e-29 7.07939e-28 5.08621e-26 1.14915e-24 1.00297e-23 1.95422e-23 1.01973e-22 6.40295e-21 
  0.01000   1.14946e-28 3.49659e-27 2.84304e-25 6.11465e-24 3.86487e-23 6.97682e-23 2.91197e-22 6.81276e-21 
  0.10000   8.10279e-28 2.27278e-26 1.59995e-24 4.16314e-23 2.09984e-22 3.50940e-22 1.05443e-21 7.91432e-21 
  1.00000   4.11384e-27 6.02769e-26 4.50699e-24 2.26005e-22 6.57324e-22 8.79584e-22 1.46461e-21 3.17266e-21 
 10.00000   8.57508e-27 5.77564e-26 7.84659e-24 3.09621e-22 6.62777e-22 7.11703e-22 8.93683e-22 9.94149e-22 
100.00000   6.58151e-27 6.47339e-26 9.32255e-24 2.09498e-22 3.03065e-22 3.26887e-22 3.76380e-22 3.91640e-22 

         40
          300.0
  0.00001   1.46028e-30 2.82887e-28 9.12668e-27 6.96457e-25 9.54388e-24 2.27981e-23 1.52848e-22 6.75798e-21 
  0.00010   8.39860e-30 5.77536e-28 2.23500e-26 8.88672e-25 1.03622e-23 2.36285e-23 1.55515e-22 6.75108e-21 
  0.00100   4.97420e-29 1.67907e-27 8.45018e-26 1.81166e-24 1.62466e-23 3.12829e-23 1.78373e-22 6.73868e-21 
  0.01000   3.23879e-28 6.96165e-27 4.34745e-25 7.42062e-24 4.72754e-23 8.52225e-23 3.46125e-22 6.85639e-21 
  0.10000   2.12294e-27 3.65135e-26 2.42915e-24 4.40745e-23 2.26720e-22 3.68194e-22 1.02329e-21 7.54266e-21 
  1.00000   9.99439e-27 1.24638e-25 7.56679e-24 2.20466e-22 6.20544e-22 8.40464e-22 1.40214e-21 3.18343e-21 
 10.00000   2.27414e-26 1.12499e-25 1.47943e-23 3.01429e-22 6.17852e-22 6.71462e-22 8.50856e-22 9.25290e-22 
100.00000   1.98238e-26 1.11579e-25 1.45947e-23 2.40418e-22 3.04961e-22 3.36639e-22 3.89492e-22 4.07938e-22 

         40
          350.0
  0.00001   2.72492e-30 9.06164e-28 2.60220e-26 1.66782e-24 1.96412e-23 4.46497e-23 2.77862e-22 7.07736e-21 
  0.00010   1.88867e-29 1.59630e-27 4.43408e-26 1.89574e-24 2.03233e-23 4.51961e-23 2.78915e-22 7.06971e-21 
  0.00100   1.15668e-28 3.79827e-27 1.38452e-25 2.98067e-24 2.58521e-23 5.18541e-23 2.95665e-22 7.03750e-21 
  0.01000   7.46287e-28 1.30899e-26 6.00335e-25 9.29768e-24 6.11264e-23 1.09196e-22 4.43500e-22 6.96668e-21 
  0.10000   4.70420e-27 5.86847e-26 3.33098e-24 4.87954e-23 2.44559e-22 3.86562e-22 1.05142e-21 7.06060e-21 
  1.00000   2.17077e-26 1.97778e-25 1.18258e-23 2.15349e-22 5.88076e-22 8.04996e-22 1.34114e-21 3.12134e-21 
 10.00000   5.03045e-26 1.95556e-25 2.34495e-23 2.97960e-22 5.80126e-22 6.44241e-22 7.83467e-22 8.61455e-22 
100.00000   4.38240e-26 1.71435e-25 2.09589e-23 2.45209e-22 3.10833e-22 3.46022e-22 3.96117e-22 4.15280e-22 

         40
          400.0
  0.00001   3.99653e-30 2.23066e-27 6.68618e-26 3.37701e-24 3.54916e-23 7.92095e-23 4.39736e-22 7.17985e-21 
  0.00010   2.74314e-29 3.78860e-27 9.10680e-26 3.60135e-24 3.62049e-23 7.98256e-23 4.40733e-22 7.17475e-21 
  0.00100   1.97457e-28 7.78355e-27 2.17688e-25 4.83723e-24 4.12428e-23 8.55523e-23 4.53570e-22 7.15072e-21 
  0.01000   1.36372e-27 2.27631e-26 8.29030e-25 1.19142e-23 7.87194e-23 1.41230e-22 5.70305e-22 7.01079e-21 
  0.10000   8.48445e-27 9.12442e-26 4.21051e-24 5.46452e-23 2.59971e-22 4.09987e-22 1.09249e-21 6.55774e-21 
  1.00000   3.91663e-26 2.79632e-25 1.70497e-23 2.12611e-22 5.58534e-22 7.70447e-22 1.26846e-21 3.00922e-21 
 10.00000   7.29132e-26 3.15169e-25 3.28703e-23 3.11551e-22 5.55851e-22 6.12395e-22 7.28535e-22 8.01618e-22 
100.00000   7.42688e-26 2.51594e-25 2.77605e-23 2.41854e-22 3.05742e-22 3.47450e-22 3.96747e-22 4.15020e-22 

         40
          600.0
  0.00001   1.41393e-29 2.06436e-26 7.40102e-25 2.20328e-23 1.70175e-22 3.15162e-22 1.06926e-21 6.35599e-21 
  0.00010   7.10083e-29 3.03426e-26 7.76522e-25 2.20953e-23 1.70490e-22 3.15190e-22 1.06906e-21 6.35792e-21 
  0.00100   4.26921e-28 5.42623e-26 1.02268e-24 2.33251e-23 1.73590e-22 3.17481e-22 1.07031e-21 6.32916e-21 
  0.01000   3.14954e-27 1.18189e-25 2.36609e-24 3.23841e-23 2.00892e-22 3.44299e-22 1.09335e-21 6.09461e-21 
  0.10000   2.18688e-26 3.27622e-25 9.13398e-24 8.51613e-23 3.47082e-22 5.20762e-22 1.21654e-21 4.91792e-21 
  1.00000   1.04993e-25 7.07933e-25 3.54684e-23 2.19798e-22 5.01816e-22 6.47075e-22 1.01140e-21 2.39185e-21 
 10.00000   2.39334e-25 7.76606e-25 6.66279e-23 3.24392e-22 4.80490e-22 5.13662e-22 5.64196e-22 6.28547e-22 
100.00000   2.13937e-25 5.45249e-25 5.14034e-23 2.41310e-22 3.02779e-22 3.31702e-22 3.68474e-22 3.81272e-22 

         41
          100.0
  0.00001   4.06026e-39 5.61638e-35 2.65112e-33 2.76710e-31 1.21029e-29 4.62239e-29 4.53135e-28 1.77029e-26 
  0.00010   3.75563e-38 5.15316e-34 2.19804e-32 1.60465e-30 2.60347e-29 7.29099e-29 5.09479e-28 1.77926e-26 
  0.00100   3.60360e-37 4.76022e-33 1.92935e-31 1.02687e-29 8.96537e-29 2.07379e-28 9.52896e-28 1.88575e-26 
  0.01000   3.46952e-36 4.45998e-32 1.73327e-30 7.29042e-29 4.71913e-28 8.65515e-28 3.04003e-27 3.19840e-26 
  0.10000   3.24423e-35 4.02060e-31 1.39745e-29 3.78302e-28 2.23002e-27 3.32728e-27 9.59642e-27 6.18675e-26 
  1.00000   1.97098e-34 2.25657e-30 3.44083e-29 5.33604e-28 6.96221e-27 1.02349e-26 1.56099e-26 2.20430e-26 
 10.00000   4.53316e-34 3.75723e-30 4.38859e-29 6.75206e-28 7.76522e-27 9.53084e-27 1.12414e-26 1.52678e-26 
100.00000   1.87452e-34 2.18836e-30 1.63033e-29 4.95829e-28 2.24819e-27 2.59933e-27 2.84749e-27 2.95990e-27 

         41
          150.0
  0.00001   2.03019e-36 2.44051e-34 1.04334e-32 2.67197e-30 1.03945e-28 2.75182e-28 1.35500e-27 2.86487e-26 
  0.00010   1.91049e-35 2.13207e-33 6.28615e-32 5.25576e-30 1.20242e-28 2.93513e-28 1.38498e-27 2.86885e-26 
  0.00100   1.78834e-34 1.88598e-32 4.27722e-31 1.88530e-29 2.07447e-28 4.17557e-28 1.67677e-27 2.91376e-26 
  0.01000   1.69389e-33 1.73798e-31 3.25572e-30 1.05886e-28 5.96606e-28 1.09632e-27 3.32598e-27 3.58613e-26 
  0.10000   1.44605e-32 1.49016e-30 2.27762e-29 4.71731e-28 2.05930e-27 3.39580e-27 9.57381e-27 6.08628e-26 
  1.00000   9.73766e-32 7.08531e-30 6.92634e-29 7.38211e-28 6.94372e-27 9.80664e-27 1.46364e-26 2.14971e-26 
 10.00000   1.98107e-31 8.81546e-30 5.99327e-29 7.44367e-28 7.47537e-27 9.22982e-27 1.08463e-26 1.47583e-26 
100.00000   1.05181e-31 4.99406e-30 2.88347e-29 8.16688e-28 3.16066e-27 3.46069e-27 3.76335e-27 3.91993e-27 

         41
          200.0
  0.00001   6.20807e-35 1.07665e-33 7.12838e-32 2.87262e-29 4.27142e-28 9.34558e-28 4.32547e-27 5.20782e-26 
  0.00010   6.01451e-34 9.74517e-33 3.38167e-31 3.40430e-29 4.39680e-28 9.41410e-28 4.33158e-27 5.21199e-26 
  0.00100   5.78662e-33 8.79216e-32 1.79380e-30 5.94787e-29 5.25686e-28 1.04793e-27 4.47190e-27 5.19804e-26 
  0.01000   5.55156e-32 7.87424e-31 1.12021e-29 1.90751e-28 1.09759e-27 1.91232e-27 6.00975e-27 5.23030e-26 
  0.10000   4.83485e-31 6.27361e-30 6.64980e-29 8.33927e-28 2.97410e-27 4.79040e-27 1.19818e-26 6.33987e-26 
  1.00000   2.43596e-30 2.05980e-29 2.11647e-28 1.65852e-27 6.85380e-27 9.23588e-27 1.38964e-26 2.16273e-26 
 10.00000   3.25267e-30 2.60941e-29 3.16961e-28 1.41104e-27 7.44717e-27 8.72090e-27 1.10146e-26 1.41198e-26 
100.00000   2.18180e-30 1.94548e-29 1.89513e-28 1.13606e-27 3.54605e-27 3.69118e-27 4.28427e-27 4.58834e-27 

         41
          250.0
  0.00001   2.73835e-34 4.04880e-33 3.44862e-31 1.53956e-28 1.46762e-27 2.96651e-27 1.06108e-26 1.37336e-25 
  0.00010   2.71628e-33 3.56185e-32 1.35233e-30 1.61196e-28 1.47645e-27 2.97456e-27 1.06232e-26 1.37327e-25 
  0.00100   2.69808e-32 3.22288e-31 6.76191e-30 2.06218e-28 1.57432e-27 3.06895e-27 1.07237e-26 1.37204e-25 
  0.01000   2.68085e-31 2.89257e-30 3.84026e-29 4.60685e-28 2.43371e-27 4.04101e-27 1.23009e-26 1.33957e-25 
  0.10000   2.56246e-30 2.24684e-29 2.00015e-28 1.57836e-27 5.39014e-27 8.46000e-27 2.32716e-26 9.79237e-26 
  1.00000   1.20642e-29 8.25346e-29 6.33665e-28 4.39251e-27 1.06310e-26 1.26634e-26 1.68921e-26 2.26168e-26 
 10.00000   1.72357e-29 1.13733e-28 9.08295e-28 4.25491e-27 7.80834e-27 8.36181e-27 1.05679e-26 1.34960e-26 
100.00000   1.18433e-29 8.40203e-29 7.61058e-28 2.36085e-27 3.59073e-27 3.73186e-27 4.65612e-27 5.10733e-27 

         41
          300.0
  0.00001   7.97869e-34 1.39436e-32 1.46859e-30 5.51667e-28 3.94812e-27 7.35370e-27 2.42622e-26 2.73098e-25 
  0.00010   7.91881e-33 1.19024e-31 4.45655e-30 5.63097e-28 3.95791e-27 7.35877e-27 2.42813e-26 2.72987e-25 
  0.00100   7.88253e-32 1.05893e-30 1.87033e-29 6.44432e-28 4.08802e-27 7.48688e-27 2.43884e-26 2.71692e-25 
  0.01000   7.86942e-31 9.54878e-30 9.60689e-29 1.16963e-27 5.51779e-27 9.21220e-27 2.65956e-26 2.63102e-25 
  0.10000   7.72144e-30 7.36444e-29 4.79597e-28 3.31916e-27 1.10875e-26 1.66397e-26 4.50854e-26 2.10701e-25 
  1.00000   4.02747e-29 2.52430e-28 1.66412e-27 8.08428e-27 1.92434e-26 2.45688e-26 4.31525e-26 7.17028e-26 
 10.00000   4.89285e-29 3.70586e-28 2.53412e-27 9.40001e-27 1.29086e-26 1.64954e-26 2.53689e-26 3.18529e-26 
100.00000   3.62452e-29 2.67168e-28 2.03389e-27 5.38389e-27 7.33660e-27 8.38576e-27 9.56907e-27 1.07879e-26 

         41
          350.0
  0.00001   1.80980e-33 3.60758e-32 4.46276e-30 1.50348e-27 9.44372e-27 1.68566e-26 5.42145e-26 5.15057e-25 
  0.00010   1.77910e-32 3.03947e-31 1.19293e-29 1.52997e-27 9.47926e-27 1.68727e-26 5.42234e-26 5.14866e-25 
  0.00100   1.75335e-31 2.62655e-30 4.36308e-29 1.68187e-27 9.66740e-27 1.71016e-26 5.44918e-26 5.16784e-25 
  0.01000   1.73751e-30 2.34185e-29 2.04535e-28 2.66711e-27 1.20109e-26 1.96689e-26 5.97165e-26 5.23942e-25 
  0.10000   1.69528e-29 1.82919e-28 9.90233e-28 6.60442e-27 2.24366e-26 3.45249e-26 8.48940e-26 5.08520e-25 
  1.00000   9.19908e-29 6.88696e-28 3.29186e-27 1.39803e-26 3.88122e-26 5.59671e-26 1.03876e-25 1.82092e-25 
 10.00000   1.27861e-28 9.52233e-28 5.04618e-27 1.95733e-26 2.79705e-26 3.84048e-26 6.09010e-26 8.64913e-26 
100.00000   1.20686e-28 7.30435e-28 3.51878e-27 1.23510e-26 1.81062e-26 2.15021e-26 2.53126e-26 2.76101e-26 

         41
          400.0
  0.00001   3.52037e-33 7.10453e-32 1.07407e-29 3.33848e-27 2.09470e-26 3.56500e-26 1.11404e-25 1.05288e-24 
  0.00010   3.42367e-32 5.96476e-31 2.56897e-29 3.40571e-27 2.09887e-26 3.56728e-26 1.11417e-25 1.05236e-24 
  0.00100   3.32561e-31 5.03961e-30 8.53515e-29 3.70546e-27 2.13696e-26 3.60503e-26 1.11893e-25 1.05115e-24 
  0.01000   3.24432e-30 4.40981e-29 3.77474e-28 5.44200e-27 2.49779e-26 3.97680e-26 1.19778e-25 1.03713e-24 
  0.10000   3.08955e-29 3.47691e-28 1.82217e-27 1.25772e-26 4.23475e-26 6.43607e-26 1.53905e-25 9.61009e-25 
  1.00000   1.63855e-28 1.43578e-27 5.98806e-27 2.45805e-26 7.30109e-26 1.04407e-25 1.97517e-25 3.57902e-25 
 10.00000   2.23428e-28 1.86281e-27 8.43381e-27 3.71305e-26 5.12684e-26 6.92941e-26 1.14078e-25 1.85105e-25 
100.00000   2.15466e-28 1.30223e-27 6.12499e-27 2.43639e-26 3.52637e-26 4.29957e-26 5.16217e-26 5.62139e-26 

         41
          600.0
  0.00001   1.37051e-32 3.88786e-31 9.66129e-29 2.21173e-26 1.77364e-25 3.19616e-25 8.75267e-25 4.71854e-24 
  0.00010   1.30128e-31 2.95281e-30 1.64416e-28 2.27253e-26 1.78018e-25 3.19831e-25 8.74933e-25 4.71572e-24 
  0.00100   1.20776e-30 2.33463e-29 4.31854e-28 2.48554e-26 1.80946e-25 3.21730e-25 8.75765e-25 4.69941e-24 
  0.01000   1.08480e-29 1.83813e-28 1.69239e-27 3.31937e-26 1.96117e-25 3.34733e-25 8.79929e-25 4.57214e-24 
  0.10000   9.66081e-29 1.38267e-27 8.27682e-27 7.45024e-26 2.70851e-25 3.98717e-25 9.31023e-25 3.71979e-24 
  1.00000   5.56940e-28 5.72046e-27 3.24749e-26 1.42546e-25 3.46298e-25 4.58934e-25 7.96025e-25 1.50760e-24 
 10.00000   7.64485e-28 6.54474e-27 6.18850e-26 1.53941e-25 2.55929e-25 3.17486e-25 4.60018e-25 9.26486e-25 
100.00000   7.61658e-28 5.20311e-27 5.32165e-26 1.17393e-25 1.64312e-25 1.90341e-25 2.45935e-25 3.00502e-25 

         42
          100.0
  0.00001   8.39706e-32 7.79739e-31 2.67931e-29 8.48824e-28 1.73557e-26 6.09620e-26 6.50292e-25 7.59107e-23 
  0.00010   7.78232e-31 6.12595e-30 1.39086e-28 3.34781e-27 3.97753e-26 1.05482e-25 7.24419e-25 7.71645e-23 
  0.00100   7.30806e-30 5.21261e-29 9.37857e-28 2.07298e-26 1.63117e-25 3.03281e-25 1.41582e-24 8.60416e-23 
  0.01000   6.91334e-29 4.66502e-28 7.41905e-27 1.57372e-25 8.99811e-25 1.60373e-24 5.94296e-24 1.20763e-22 
  0.10000   6.21999e-28 3.71903e-27 4.93744e-26 1.12750e-24 5.61813e-24 9.86218e-24 2.65294e-23 1.69448e-22 
  1.00000   2.44531e-27 1.17722e-26 1.39762e-25 5.85159e-24 1.51350e-23 1.93794e-23 2.84374e-23 4.18799e-23 
 10.00000   3.30796e-27 1.16263e-26 2.40937e-25 8.61978e-24 1.27369e-23 1.34281e-23 1.59978e-23 1.70415e-23 
100.00000   1.83742e-27 4.69993e-27 2.27100e-25 2.45622e-24 3.15995e-24 3.23210e-24 3.29688e-24 3.34303e-24 

         42
          150.0
  0.00001   1.64886e-31 2.45760e-30 6.38948e-29 3.20820e-27 7.02214e-26 2.06465e-25 1.48587e-24 1.07514e-22 
  0.00010   1.34729e-30 1.43983e-29 3.34127e-28 7.34847e-27 9.37017e-26 2.41028e-25 1.53655e-24 1.07774e-22 
  0.00100   1.15810e-29 1.01281e-28 1.70636e-27 2.70932e-26 2.24926e-25 4.53558e-25 2.02211e-24 1.10184e-22 
  0.01000   1.05084e-28 8.06473e-28 1.10336e-26 1.59019e-25 9.13430e-25 1.58258e-24 5.84073e-24 1.31265e-22 
  0.10000   9.12346e-28 6.21210e-27 6.82880e-26 9.89963e-25 5.08367e-24 8.94737e-24 2.53399e-23 1.71705e-22 
  1.00000   4.88190e-27 1.56485e-26 2.28392e-25 5.18244e-24 1.40903e-23 1.89179e-23 2.91051e-23 4.44613e-23 
 10.00000   7.28649e-27 1.58262e-26 4.42755e-25 8.17690e-24 1.16532e-23 1.26162e-23 1.48723e-23 1.57268e-23 
100.00000   4.15366e-27 1.17496e-26 3.45035e-25 3.41981e-24 4.01544e-24 4.11465e-24 4.21483e-24 4.28025e-24 

         42
          200.0
  0.00001   4.98553e-31 9.03202e-30 1.87782e-28 1.26886e-26 2.06580e-25 4.87178e-25 3.11212e-24 1.27417e-22 
  0.00010   3.30845e-30 3.79051e-29 6.04466e-28 1.86306e-26 2.24016e-25 5.13040e-25 3.14112e-24 1.27539e-22 
  0.00100   2.35321e-29 2.04214e-28 2.94296e-27 4.55373e-26 3.40523e-25 7.09480e-25 3.45576e-24 1.27423e-22 
  0.01000   1.78410e-28 1.35955e-27 1.66822e-26 1.86414e-25 1.08830e-24 1.92329e-24 6.67855e-24 1.40331e-22 
  0.10000   1.37326e-27 9.37333e-27 9.63420e-26 1.00139e-24 4.83678e-24 7.98069e-24 2.47318e-23 1.71693e-22 
  1.00000   6.89655e-27 3.00126e-26 3.32383e-25 4.75670e-24 1.38486e-23 1.85477e-23 2.96375e-23 4.60512e-23 
 10.00000   9.56462e-27 3.73217e-26 6.29817e-25 8.15414e-24 1.06409e-23 1.20445e-23 1.38495e-23 1.45162e-23 
100.00000   4.85820e-27 2.90525e-26 3.85620e-25 3.78525e-24 4.39578e-24 4.57069e-24 4.78369e-24 4.87711e-24 

         42
          250.0
  0.00001   1.61755e-30 3.42172e-29 6.79437e-28 4.07452e-26 4.51925e-25 1.05024e-24 5.75021e-24 1.45162e-22 
  0.00010   8.59966e-30 1.05139e-28 1.31275e-27 4.72250e-26 4.62021e-25 1.06794e-24 5.77130e-24 1.45197e-22 
  0.00100   5.22184e-29 4.09980e-28 4.56116e-27 8.18156e-26 5.74238e-25 1.24181e-24 6.04793e-24 1.45605e-22 
  0.01000   3.41605e-28 2.26138e-27 2.38542e-26 2.44449e-25 1.37596e-24 2.47243e-24 8.87269e-24 1.50054e-22 
  0.10000   2.36087e-27 1.47163e-26 1.35678e-25 1.10344e-24 5.10930e-24 8.17171e-24 2.38233e-23 1.64357e-22 
  1.00000   1.03656e-26 5.35404e-26 4.66503e-25 4.53363e-24 1.34738e-23 1.81974e-23 2.93718e-23 4.72116e-23 
 10.00000   1.01632e-26 7.21893e-26 7.97551e-25 7.78994e-24 1.02026e-23 1.15315e-23 1.27680e-23 1.33689e-23 
100.00000   5.76158e-27 4.86621e-26 4.54450e-25 3.84765e-24 4.64243e-24 4.90656e-24 5.12980e-24 5.28464e-24 

         42
          300.0
  0.00001   4.09698e-30 1.01434e-28 2.26745e-27 1.02133e-25 9.58309e-25 2.02488e-24 9.68351e-24 1.58058e-22 
  0.00010   1.95250e-29 2.65079e-28 3.16531e-27 1.08547e-25 9.64234e-25 2.03260e-24 9.69559e-24 1.58013e-22 
  0.00100   1.02797e-28 8.57524e-28 7.36838e-27 1.45996e-25 1.05666e-24 2.14694e-24 9.86815e-24 1.57742e-22 
  0.01000   6.39747e-28 3.72964e-27 3.23365e-26 3.34114e-25 1.85721e-24 3.31039e-24 1.22556e-23 1.58429e-22 
  0.10000   4.03079e-27 2.15018e-26 1.78564e-25 1.27514e-24 5.68545e-24 8.84102e-24 2.33412e-23 1.57756e-22 
  1.00000   1.57016e-26 8.61845e-26 6.41547e-25 4.45724e-24 1.31289e-23 1.77301e-23 2.89883e-23 4.72734e-23 
 10.00000   1.33009e-26 1.22424e-25 8.81657e-25 7.51385e-24 9.81397e-24 1.08377e-23 1.18008e-23 1.25837e-23 
100.00000   8.47605e-27 7.89986e-26 5.30649e-25 3.91593e-24 4.80753e-24 5.09064e-24 5.30739e-24 5.56785e-24 

         42
          350.0
  0.00001   8.80962e-30 2.60934e-28 6.37885e-27 2.05287e-25 1.73659e-24 3.45047e-24 1.41327e-23 1.63653e-22 
  0.00010   3.60661e-29 5.35442e-28 7.44621e-27 2.10980e-25 1.74200e-24 3.45999e-24 1.41416e-23 1.63563e-22 
  0.00100   1.78941e-28 1.63550e-27 1.31513e-26 2.48424e-25 1.80599e-24 3.55945e-24 1.43447e-23 1.63489e-22 
  0.01000   1.07517e-27 6.20627e-27 4.28427e-26 4.67654e-25 2.54309e-24 4.55578e-24 1.60383e-23 1.61619e-22 
  0.10000   6.61344e-27 3.13669e-26 2.18822e-25 1.53694e-24 6.26075e-24 9.71359e-24 2.39541e-23 1.50237e-22 
  1.00000   2.35898e-26 1.22893e-25 8.30910e-25 4.46278e-24 1.26830e-23 1.71170e-23 2.82258e-23 4.68831e-23 
 10.00000   2.17063e-26 1.76121e-25 9.69391e-25 7.22680e-24 9.27593e-24 1.00683e-23 1.09989e-23 1.18453e-23 
100.00000   1.44732e-26 1.27919e-25 7.76487e-25 3.97355e-24 4.85886e-24 5.13174e-24 5.39439e-24 5.74599e-24 

         42
          400.0
  0.00001   1.70475e-29 5.72889e-28 1.49035e-26 3.74162e-25 2.75472e-24 5.26680e-24 1.88016e-23 1.63556e-22 
  0.00010   6.13430e-29 9.73687e-28 1.60892e-26 3.78209e-25 2.75730e-24 5.27623e-24 1.88293e-23 1.63452e-22 
  0.00100   2.70822e-28 2.69544e-27 2.32523e-26 4.16341e-25 2.80682e-24 5.35214e-24 1.88972e-23 1.63309e-22 
  0.01000   1.57068e-27 9.98672e-27 5.99721e-26 6.67469e-25 3.46636e-24 6.21418e-24 1.99855e-23 1.61232e-22 
  0.10000   9.83148e-27 4.48326e-26 2.61519e-25 1.82586e-24 6.90223e-24 1.07943e-23 2.48460e-23 1.42346e-22 
  1.00000   3.57150e-26 1.62468e-25 1.03069e-24 4.52166e-24 1.23535e-23 1.63338e-23 2.72435e-23 4.57594e-23 
 10.00000   3.64869e-26 2.35522e-25 1.26180e-24 6.99248e-24 8.87054e-24 9.38775e-24 1.02084e-23 1.12795e-23 
100.00000   2.49403e-26 1.92948e-25 1.03893e-24 4.03620e-24 4.84895e-24 5.09752e-24 5.48375e-24 5.85968e-24 

         42
          600.0
  0.00001   8.91416e-29 4.27495e-27 1.15332e-25 1.99072e-24 8.65426e-24 1.38247e-23 3.33036e-23 1.35863e-22 
  0.00010   2.69238e-28 5.09266e-27 1.16511e-25 1.99306e-24 8.64474e-24 1.38219e-23 3.32996e-23 1.35806e-22 
  0.00100   8.07540e-28 9.09293e-27 1.27307e-25 2.01341e-24 8.67060e-24 1.38301e-23 3.32436e-23 1.35463e-22 
  0.01000   3.65535e-27 2.89612e-26 1.96550e-25 2.21946e-24 8.82007e-24 1.39124e-23 3.28250e-23 1.31923e-22 
  0.10000   2.22179e-26 1.35299e-25 5.49729e-25 3.40947e-24 1.04298e-23 1.50468e-23 2.98236e-23 1.05327e-22 
  1.00000   1.06855e-25 4.07346e-25 1.62116e-24 5.46218e-24 1.09698e-23 1.42898e-23 2.23296e-23 3.76687e-23 
 10.00000   1.58734e-25 5.90964e-25 2.71174e-24 6.03329e-24 7.36616e-24 7.85327e-24 8.78718e-24 9.76871e-24 
100.00000   1.13986e-25 4.29531e-25 2.14795e-24 4.07000e-24 4.45925e-24 4.83711e-24 5.66681e-24 5.94115e-24 

         43
          100.0
  0.00001   4.03009e-34 4.39251e-32 3.28847e-30 3.04165e-28 4.77417e-27 1.28264e-26 1.37034e-25 1.90974e-23 
  0.00010   3.43846e-33 3.50084e-31 2.12711e-29 1.52088e-27 1.50541e-26 3.61567e-26 2.48763e-25 2.05511e-23 
  0.00100   3.12337e-32 2.99906e-30 1.56101e-28 9.50445e-27 7.99741e-26 1.57907e-25 9.04308e-25 2.52992e-23 
  0.01000   2.89673e-31 2.69925e-29 1.24873e-27 6.21101e-26 5.60612e-25 1.06221e-24 4.09707e-24 6.10150e-23 
  0.10000   2.46448e-30 2.22881e-28 8.45886e-27 3.91565e-25 3.63506e-24 6.51205e-24 1.96466e-23 2.16702e-22 
  1.00000   1.42943e-29 9.96544e-28 3.89939e-26 1.03049e-24 1.59705e-23 2.73823e-23 5.83833e-23 1.22163e-22 
 10.00000   2.05978e-29 1.75056e-27 6.20621e-26 1.20989e-24 2.79964e-23 3.35927e-23 4.17975e-23 6.42226e-23 
100.00000   1.62252e-29 9.11021e-28 2.69336e-26 3.50910e-25 8.01092e-24 9.43497e-24 1.07720e-23 1.12768e-23 

         43
          150.0
  0.00001   3.16011e-33 2.41401e-31 1.11221e-29 9.43887e-28 1.70826e-26 4.80612e-26 5.54443e-25 2.95161e-23 
  0.00010   2.10352e-32 1.27614e-30 5.13799e-29 2.85781e-27 3.23517e-26 8.11622e-26 6.68711e-25 3.04767e-23 
  0.00100   1.48962e-31 7.83857e-30 2.93415e-28 1.22700e-26 1.04991e-25 2.29020e-25 1.26815e-24 3.43171e-23 
  0.01000   1.18548e-30 5.41465e-29 1.97163e-27 7.47333e-26 5.93588e-25 1.08224e-24 4.19491e-24 6.08861e-23 
  0.10000   8.26097e-30 3.86544e-28 1.24897e-26 5.12097e-25 3.23654e-24 5.93490e-24 1.70576e-23 2.15244e-22 
  1.00000   3.01685e-29 1.72785e-27 5.44454e-26 1.19524e-24 1.50023e-23 2.75545e-23 5.54712e-23 1.28121e-22 
 10.00000   4.54438e-29 2.60837e-27 8.06402e-26 1.30130e-24 2.50635e-23 3.17012e-23 4.13636e-23 6.40084e-23 
100.00000   4.11181e-29 1.91655e-27 4.51780e-26 4.64482e-25 1.09379e-23 1.24633e-23 1.42353e-23 1.52109e-23 

         43
          200.0
  0.00001   2.45189e-32 1.20375e-30 5.33059e-29 3.47997e-27 6.13873e-26 1.63577e-25 1.41539e-24 4.52023e-23 
  0.00010   1.47240e-31 5.74752e-30 1.54281e-28 6.34696e-27 8.23992e-26 1.88622e-25 1.49892e-24 4.56433e-23 
  0.00100   9.74614e-31 2.89345e-29 5.94046e-28 1.91625e-26 1.67783e-25 3.82953e-25 2.01549e-24 4.79459e-23 
  0.01000   6.86403e-30 1.58531e-28 3.14760e-27 9.35605e-26 6.81441e-25 1.28205e-24 4.93933e-24 6.55924e-23 
  0.10000   4.65427e-29 8.75500e-28 1.93251e-26 5.82447e-25 3.43038e-24 6.00683e-24 1.60178e-23 2.14759e-22 
  1.00000   1.73558e-28 3.15060e-27 7.82055e-26 1.58755e-24 1.32826e-23 2.48982e-23 5.42182e-23 1.32436e-22 
 10.00000   2.03691e-28 4.81142e-27 1.08255e-25 1.46122e-24 2.34172e-23 2.87462e-23 4.21243e-23 6.35745e-23 
100.00000   1.57405e-28 4.15138e-27 7.73588e-26 7.97576e-25 1.19939e-23 1.28470e-23 1.63126e-23 1.82163e-23 

         43
          250.0
  0.00001   1.17808e-31 5.31525e-30 1.96344e-28 1.16630e-26 1.61384e-25 4.39163e-25 2.69295e-24 6.80031e-23 
  0.00010   7.02486e-31 1.91664e-29 4.54921e-28 1.51345e-26 1.80863e-25 4.63188e-25 2.76665e-24 6.81608e-23 
  0.00100   4.47774e-30 7.98223e-29 1.31820e-27 3.16285e-26 3.09867e-25 6.47145e-25 3.13653e-24 6.89197e-23 
  0.01000   2.92238e-29 3.95312e-28 5.33737e-27 1.20847e-25 8.36810e-25 1.61679e-24 5.66549e-24 7.55368e-23 
  0.10000   1.76541e-28 2.16499e-27 2.77056e-26 6.46027e-25 3.58363e-24 6.41875e-24 1.81482e-23 2.03326e-22 
  1.00000   5.95593e-28 6.10252e-27 1.13888e-25 2.13755e-24 1.17796e-23 2.22512e-23 5.28533e-23 1.34199e-22 
 10.00000   7.16088e-28 9.37386e-27 1.58499e-25 2.34534e-24 2.22687e-23 2.55380e-23 3.95127e-23 6.37967e-23 
100.00000   4.74988e-28 9.50884e-27 1.17858e-25 1.65376e-24 1.18487e-23 1.22313e-23 1.76160e-23 2.05884e-23 

         43
          300.0
  0.00001   3.52794e-31 1.86110e-29 6.57316e-28 3.14185e-26 3.62313e-25 8.88500e-25 4.39104e-24 9.26972e-23 
  0.00010   2.21474e-30 5.39039e-29 1.10130e-27 3.59314e-26 3.84213e-25 9.10087e-25 4.42120e-24 9.28227e-23 
  0.00100   1.28484e-29 1.93453e-28 2.80044e-27 5.62604e-26 5.18626e-25 1.06377e-24 4.68090e-24 9.32843e-23 
  0.01000   8.44090e-29 8.19823e-28 9.20726e-27 1.61434e-25 1.13746e-24 2.15528e-24 6.64281e-24 1.00764e-22 
  0.10000   5.05769e-28 4.17826e-27 4.05150e-26 7.55384e-25 3.75428e-24 6.69216e-24 2.03617e-23 1.91796e-22 
  1.00000   1.59564e-27 1.33650e-26 1.51273e-25 2.57101e-24 1.13444e-23 2.03780e-23 4.95638e-23 1.33943e-22 
 10.00000   1.66307e-27 1.76796e-26 2.18783e-25 3.90663e-24 2.10923e-23 2.35181e-23 3.38472e-23 6.68723e-23 
100.00000   1.20243e-27 1.82544e-26 1.35055e-25 2.69013e-24 1.18263e-23 1.22988e-23 1.83207e-23 2.23712e-23 

         43
          350.0
  0.00001   6.91996e-31 4.21582e-29 1.87352e-27 6.94921e-26 6.93326e-25 1.52589e-24 6.66244e-24 1.25099e-22 
  0.00010   4.38623e-30 1.28301e-28 2.55131e-27 7.50552e-26 7.16169e-25 1.53937e-24 6.69383e-24 1.25245e-22 
  0.00100   2.82663e-29 3.96011e-28 5.11401e-27 9.78708e-26 8.41140e-25 1.64888e-24 6.94179e-24 1.25533e-22 
  0.01000   1.85129e-28 1.56656e-27 1.56281e-26 2.22958e-25 1.52108e-24 2.79379e-24 8.61742e-24 1.29255e-22 
  0.10000   1.04610e-27 7.11340e-27 5.85157e-26 8.72842e-25 4.24338e-24 6.96518e-24 2.19430e-23 1.85327e-22 
  1.00000   3.35636e-27 2.37072e-26 1.92888e-25 2.97264e-24 1.15780e-23 1.96958e-23 4.69723e-23 1.32895e-22 
 10.00000   3.43007e-27 3.36568e-26 2.68938e-25 5.42962e-24 1.95126e-23 2.22512e-23 3.11973e-23 6.91249e-23 
100.00000   2.50297e-27 3.12346e-26 1.67829e-25 3.78174e-24 1.17925e-23 1.26907e-23 1.80915e-23 2.36217e-23 

         43
          400.0
  0.00001   1.21614e-30 7.44811e-29 4.43258e-27 1.35568e-25 1.17545e-24 2.33025e-24 9.51631e-24 1.51898e-22 
  0.00010   7.18418e-30 2.37134e-28 5.24460e-27 1.42371e-25 1.20105e-24 2.34381e-24 9.53989e-24 1.51875e-22 
  0.00100   4.61923e-29 7.07625e-28 8.72059e-27 1.69311e-25 1.31504e-24 2.43986e-24 9.71504e-24 1.52162e-22 
  0.01000   3.07272e-28 2.56759e-27 2.43763e-26 3.04524e-25 1.94550e-24 3.54942e-24 1.10880e-23 1.53557e-22 
  0.10000   1.86307e-27 1.12869e-26 8.53870e-26 1.01953e-24 4.84021e-24 7.93578e-24 2.34697e-23 1.76903e-22 
  1.00000   6.20005e-27 3.55795e-26 2.46261e-25 3.15787e-24 1.24431e-23 1.91857e-23 4.42639e-23 1.29506e-22 
 10.00000   6.57747e-27 5.81660e-26 3.35380e-25 6.30363e-24 1.77702e-23 2.11235e-23 3.11140e-23 6.88656e-23 
100.00000   4.83713e-27 4.92946e-26 2.22488e-25 4.84038e-24 1.17335e-23 1.33014e-23 1.73285e-23 2.43951e-23 

         43
          600.0
  0.00001   5.84165e-30 4.29384e-28 3.34197e-26 7.60238e-25 4.29043e-24 7.45904e-24 2.22937e-23 1.98710e-22 
  0.00010   2.87149e-29 8.51173e-28 3.48854e-26 7.71701e-25 4.32733e-24 7.47381e-24 2.22949e-23 1.98883e-22 
  0.00100   1.47566e-28 2.50523e-27 4.11268e-26 8.11648e-25 4.45485e-24 7.56124e-24 2.23725e-23 1.98460e-22 
  0.01000   8.79753e-28 8.37143e-27 7.35356e-26 9.94613e-25 5.05057e-24 8.14602e-24 2.31022e-23 1.95116e-22 
  0.10000   5.82664e-27 3.36740e-26 2.21449e-25 1.82910e-24 7.52429e-24 1.19563e-23 2.97733e-23 1.71912e-22 
  1.00000   2.16432e-26 9.20916e-26 5.62101e-25 4.12881e-24 1.39834e-23 2.01299e-23 3.70479e-23 1.07083e-22 
 10.00000   2.98360e-26 1.32992e-25 6.02292e-25 7.36170e-24 1.44853e-23 1.75563e-23 2.79105e-23 5.72169e-23 
100.00000   2.47901e-26 9.70609e-26 4.21790e-25 6.78733e-24 1.04194e-23 1.30065e-23 1.64894e-23 2.36741e-23 

         44
          100.0
  0.00001   1.30338e-34 3.17601e-33 1.03038e-31 7.73688e-30 2.07398e-28 6.84376e-28 6.34088e-27 5.42227e-25 
  0.00010   1.24543e-33 2.78367e-32 6.61705e-31 3.61397e-29 4.56944e-28 1.06175e-27 7.16446e-27 5.48933e-25 
  0.00100   1.17801e-32 2.48358e-31 5.05678e-30 2.27436e-28 1.64868e-27 3.26613e-27 1.42043e-26 6.21551e-25 
  0.01000   1.10719e-31 2.29931e-30 4.21935e-29 1.63566e-27 8.51055e-27 1.55904e-26 4.87515e-26 1.16499e-24 
  0.10000   9.79687e-31 1.94461e-29 2.79777e-28 1.11069e-26 5.36971e-26 9.48667e-26 2.50379e-25 2.11052e-24 
  1.00000   5.10267e-30 6.23309e-29 7.27679e-28 6.02614e-26 2.31103e-25 3.08476e-25 5.04575e-25 1.01956e-24 
 10.00000   5.35461e-30 8.97753e-29 1.06323e-27 9.79855e-26 2.78698e-25 3.41452e-25 9.54487e-25 6.68227e-24 
100.00000   3.34271e-30 3.55615e-29 7.12722e-28 3.14898e-26 7.66267e-26 8.25322e-26 2.72907e-24 6.67378e-24 

         44
          150.0
  0.00001   2.78590e-34 7.22863e-33 4.41692e-31 3.97838e-29 8.07930e-28 2.18806e-27 1.38144e-26 8.75889e-25 
  0.00010   2.61717e-33 5.97063e-32 1.98927e-30 7.89333e-29 1.05829e-27 2.51456e-27 1.45256e-26 8.91457e-25 
  0.00100   2.46477e-32 4.91480e-31 1.00250e-29 2.90980e-28 2.43462e-27 4.71422e-27 2.05044e-26 9.51306e-25 
  0.01000   2.33731e-31 4.22829e-30 6.16232e-29 1.71364e-27 9.51622e-27 1.66601e-26 5.10909e-26 1.51140e-24 
  0.10000   2.02898e-30 3.32689e-29 3.78900e-28 1.03971e-26 5.07464e-26 9.04498e-26 2.45441e-25 2.51670e-24 
  1.00000   6.84819e-30 1.13793e-28 1.08032e-27 5.84578e-26 2.05841e-25 2.86668e-25 4.99036e-25 1.11748e-24 
 10.00000   8.35182e-30 1.16443e-28 1.34023e-27 1.05470e-25 2.55878e-25 3.06584e-25 6.88931e-25 7.23413e-24 
100.00000   6.37731e-30 7.72296e-29 1.33378e-27 4.11069e-26 9.77700e-26 1.04997e-25 2.62389e-24 8.73493e-24 

         44
          200.0
  0.00001   4.26070e-34 1.47964e-32 1.18661e-30 1.61779e-28 2.25918e-27 5.09008e-27 2.69077e-26 1.28905e-24 
  0.00010   4.01973e-33 1.17034e-31 5.19767e-30 2.15707e-28 2.43330e-27 5.31216e-27 2.76282e-26 1.31083e-24 
  0.00100   3.86410e-32 9.51631e-31 2.19128e-29 4.71148e-28 3.83549e-27 7.35044e-27 3.23601e-26 1.37310e-24 
  0.01000   3.72141e-31 7.61790e-30 1.06363e-28 1.98561e-27 1.13251e-26 2.04734e-26 6.45712e-26 1.77701e-24 
  0.10000   3.33539e-30 5.43489e-29 5.45040e-28 1.09400e-26 5.00983e-26 8.92694e-26 2.50267e-25 2.53948e-24 
  1.00000   1.16337e-29 1.90054e-28 1.66571e-27 5.67705e-26 1.96926e-25 2.77665e-25 4.98690e-25 1.23161e-24 
 10.00000   1.48572e-29 2.28531e-28 2.28528e-27 1.02920e-25 2.38202e-25 2.81072e-25 5.74009e-25 8.25670e-24 
100.00000   1.11085e-29 1.31826e-28 2.11239e-27 4.72619e-26 1.06824e-25 1.20078e-25 2.62723e-24 1.05810e-23 

         44
          250.0
  0.00001   5.42696e-34 2.68714e-32 3.74471e-30 4.78785e-28 4.83680e-27 1.02683e-26 4.62198e-26 1.67504e-24 
  0.00010   5.28256e-33 2.01454e-31 1.08724e-29 5.52221e-28 5.01682e-27 1.04552e-26 4.68998e-26 1.69701e-24 
  0.00100   5.14338e-32 1.55701e-30 4.28467e-29 8.52623e-28 6.43325e-27 1.20825e-26 5.12462e-26 1.74478e-24 
  0.01000   5.07955e-31 1.23981e-29 1.76445e-28 2.47677e-27 1.42725e-26 2.51920e-26 8.50381e-26 1.97463e-24 
  0.10000   4.84649e-30 8.38975e-29 8.34979e-28 1.19271e-26 5.47174e-26 9.20168e-26 2.52162e-25 2.49835e-24 
  1.00000   2.05847e-29 3.19561e-28 2.23518e-27 5.52403e-26 1.90149e-25 2.69520e-25 4.99210e-25 1.30489e-24 
 10.00000   2.69298e-29 4.29583e-28 3.95931e-27 9.71986e-26 2.18432e-25 2.70788e-25 5.01804e-25 9.11088e-24 
100.00000   2.12586e-29 2.43166e-28 2.50993e-27 5.21274e-26 1.14860e-25 1.30567e-25 2.60260e-24 1.20461e-23 

         44
          300.0
  0.00001   6.65188e-34 4.84088e-32 1.04121e-29 1.11771e-27 9.35917e-27 1.91092e-26 8.26352e-26 1.95240e-24 
  0.00010   6.53494e-33 3.19831e-31 2.22520e-29 1.19307e-27 9.58177e-27 1.92892e-26 8.33057e-26 1.96690e-24 
  0.00100   6.42007e-32 2.34051e-30 7.12883e-29 1.53964e-27 1.08707e-26 2.05842e-26 8.74610e-26 2.02103e-24 
  0.01000   6.35854e-31 1.84159e-29 2.74116e-28 3.33030e-27 1.94123e-26 3.27614e-26 1.16968e-25 2.17855e-24 
  0.10000   6.18779e-30 1.26688e-28 1.20604e-27 1.34548e-26 6.19966e-26 1.01556e-25 2.58774e-25 2.36753e-24 
  1.00000   2.75150e-29 4.73434e-28 3.24867e-27 5.59022e-26 1.83656e-25 2.60980e-25 4.88393e-25 1.33147e-24 
 10.00000   3.24107e-29 7.03163e-28 5.23035e-27 9.61088e-26 2.03040e-25 2.59922e-25 4.45909e-25 9.57815e-24 
100.00000   2.58068e-29 4.40836e-28 3.19981e-27 5.83074e-26 1.20448e-25 1.38080e-25 2.53322e-24 1.30888e-23 

         44
          350.0
  0.00001   7.90452e-34 8.42110e-32 2.25029e-29 2.16459e-27 1.65365e-26 3.12224e-26 1.30739e-25 2.12550e-24 
  0.00010   7.64853e-33 5.06516e-31 4.05274e-29 2.23062e-27 1.67154e-26 3.13513e-26 1.30971e-25 2.13239e-24 
  0.00100   7.49916e-32 3.38684e-30 1.06499e-28 2.64046e-27 1.78300e-26 3.24593e-26 1.34935e-25 2.17637e-24 
  0.01000   7.41384e-31 2.54207e-29 3.93792e-28 4.74581e-27 2.64670e-26 4.47557e-26 1.57834e-25 2.27741e-24 
  0.10000   7.22038e-30 1.72390e-28 1.64788e-27 1.60187e-26 6.98398e-26 1.12281e-25 2.80094e-25 2.23796e-24 
  1.00000   3.56189e-29 6.47498e-28 4.87881e-27 5.78365e-26 1.79011e-25 2.50894e-25 4.74059e-25 1.32203e-24 
 10.00000   3.96753e-29 9.79485e-28 5.95475e-27 9.47121e-26 1.94014e-25 2.48214e-25 3.97941e-25 9.65234e-24 
100.00000   2.95964e-29 6.56222e-28 4.81275e-27 6.66316e-26 1.23216e-25 1.42058e-25 2.40931e-24 1.36956e-23 

         44
          400.0
  0.00001   9.24106e-34 1.34361e-31 4.06150e-29 3.83594e-27 2.69544e-26 4.84483e-26 1.84652e-25 2.21212e-24 
  0.00010   8.77554e-33 7.60488e-31 6.62831e-29 3.89666e-27 2.70685e-26 4.84929e-26 1.85092e-25 2.21879e-24 
  0.00100   8.53944e-32 4.84221e-30 1.48721e-28 4.35572e-27 2.80726e-26 4.95429e-26 1.88025e-25 2.24289e-24 
  0.01000   8.41307e-31 3.36254e-29 5.18730e-28 6.79429e-27 3.63654e-26 6.00993e-26 2.06798e-25 2.30456e-24 
  0.10000   8.20169e-30 2.19441e-28 2.16511e-27 1.90140e-26 8.08110e-26 1.26259e-25 3.10973e-25 2.13913e-24 
  1.00000   4.48267e-29 8.45598e-28 6.85102e-27 6.02028e-26 1.74016e-25 2.42067e-25 4.55158e-25 1.28223e-24 
 10.00000   5.61541e-29 1.40149e-27 8.46254e-27 9.31108e-26 1.84554e-25 2.37877e-25 3.54992e-25 9.41017e-24 
100.00000   3.77107e-29 9.60842e-28 7.39026e-27 7.39747e-26 1.25576e-25 1.42793e-25 2.25000e-24 1.39100e-23 

         44
          600.0
  0.00001   1.70638e-33 3.89151e-31 1.63463e-28 1.66737e-26 9.45708e-26 1.50695e-25 4.18519e-25 2.01153e-24 
  0.00010   1.36744e-32 2.07408e-30 2.12918e-28 1.67223e-26 9.43928e-26 1.50921e-25 4.17993e-25 2.01419e-24 
  0.00100   1.16501e-31 1.17647e-29 3.55699e-28 1.71227e-26 9.51173e-26 1.51516e-25 4.18492e-25 2.01532e-24 
  0.01000   1.05434e-30 6.58497e-29 9.57275e-28 2.04320e-26 1.00144e-25 1.55696e-25 4.17622e-25 1.99804e-24 
  0.10000   9.71308e-30 3.69172e-28 4.22599e-27 3.64443e-26 1.28165e-25 1.91346e-25 4.08844e-25 1.69298e-24 
  1.00000   5.56056e-29 1.48660e-27 1.49173e-26 7.36913e-26 1.67917e-25 2.23288e-25 3.81116e-25 1.02439e-24 
 10.00000   8.49485e-29 2.59833e-27 2.53490e-26 9.76933e-26 1.70020e-25 1.91018e-25 2.31722e-25 7.01280e-24 
100.00000   6.99450e-29 1.82750e-27 2.04872e-26 7.67630e-26 1.21548e-25 1.34749e-25 1.54496e-24 1.22503e-23 

         45
          100.0
  0.00001   2.44460e-34 2.23104e-32 6.44274e-31 4.62205e-29 7.90500e-28 2.36140e-27 4.89148e-26 3.16401e-24 
  0.00010   2.20581e-33 1.69741e-31 4.08855e-30 1.89513e-28 1.95409e-27 4.96005e-27 5.40788e-26 3.33817e-24 
  0.00100   2.02814e-32 1.30332e-30 3.10120e-29 1.04870e-27 9.17653e-27 1.90348e-26 9.67602e-26 4.24923e-24 
  0.01000   1.92859e-31 1.06855e-29 2.53421e-28 7.83549e-27 5.60459e-26 1.02000e-25 3.18450e-25 7.58583e-24 
  0.10000   1.71092e-30 7.15038e-29 1.93631e-27 5.38999e-26 3.15212e-25 5.61663e-25 1.65278e-24 1.40950e-23 
  1.00000   8.44428e-30 1.63958e-28 7.37609e-27 2.06504e-25 1.22890e-24 1.73157e-24 2.83172e-24 4.76725e-24 
 10.00000   1.53408e-29 4.55650e-28 8.28610e-27 3.43280e-25 1.26083e-24 1.46802e-24 1.76912e-24 2.56999e-24 
100.00000   5.67308e-30 5.90701e-28 4.12226e-27 1.74802e-25 3.02468e-25 3.68796e-25 4.36269e-25 4.63156e-25 

         45
          150.0
  0.00001   6.97271e-34 6.79354e-32 2.34231e-30 1.92096e-28 3.45622e-27 1.14304e-26 1.12416e-25 5.78964e-24 
  0.00010   6.20686e-33 4.49895e-31 1.04611e-29 4.04943e-28 4.74508e-27 1.38081e-26 1.15165e-25 5.83174e-24 
  0.00100   5.53365e-32 3.08254e-30 5.30196e-29 1.35838e-27 1.34363e-26 2.81672e-26 1.45698e-25 6.14751e-24 
  0.01000   4.96908e-31 2.18101e-29 3.41807e-28 8.00567e-27 5.92692e-26 1.04337e-25 3.20611e-25 8.15879e-24 
  0.10000   4.04547e-30 1.32352e-28 2.51390e-27 4.93642e-26 2.87813e-25 5.21239e-25 1.56581e-24 1.44999e-23 
  1.00000   1.58499e-29 3.84447e-28 1.00502e-26 2.30915e-25 1.11143e-24 1.65028e-24 2.81648e-24 4.98759e-24 
 10.00000   2.07967e-29 8.71551e-28 1.18687e-26 5.03110e-25 1.15312e-24 1.35997e-24 1.66466e-24 2.60239e-24 
100.00000   1.02669e-29 9.92325e-28 6.92299e-27 2.63758e-25 4.15151e-25 4.87574e-25 5.69398e-25 6.20651e-25 

         45
          200.0
  0.00001   2.06444e-33 1.99187e-31 7.89060e-30 7.29613e-28 1.21935e-26 3.28304e-26 2.08100e-25 8.51061e-24 
  0.00010   1.64299e-32 1.15207e-30 2.55663e-29 1.09650e-27 1.31869e-26 3.46566e-26 2.10991e-25 8.50568e-24 
  0.00100   1.38351e-31 6.74013e-30 1.07832e-28 2.47038e-27 2.18021e-26 4.64027e-26 2.32672e-25 8.67650e-24 
  0.01000   1.20265e-30 3.98287e-29 5.28856e-28 9.75282e-27 6.85379e-26 1.24959e-25 4.07035e-25 1.00663e-23 
  0.10000   9.44949e-30 2.15099e-28 3.36504e-27 5.27581e-26 2.87517e-25 4.81083e-25 1.51801e-24 1.38912e-23 
  1.00000   2.77769e-29 8.03618e-28 1.38264e-26 2.22204e-25 1.05077e-24 1.59594e-24 2.79855e-24 5.12698e-24 
 10.00000   3.45783e-29 1.73066e-27 1.75061e-26 5.12734e-25 1.08562e-24 1.26205e-24 1.56744e-24 2.58709e-24 
100.00000   1.92360e-29 1.44069e-27 1.15737e-26 3.14793e-25 4.88281e-25 5.18318e-25 6.29101e-25 7.40270e-25 

         45
          250.0
  0.00001   5.46434e-33 4.81603e-31 3.02262e-29 2.22108e-27 2.96620e-26 6.57718e-26 3.41336e-25 1.06176e-23 
  0.00010   4.23938e-32 2.60017e-30 6.26494e-29 2.64309e-27 3.03573e-26 6.68032e-26 3.44999e-25 1.06264e-23 
  0.00100   3.35604e-31 1.37289e-29 1.98760e-28 4.62978e-27 3.66203e-26 7.50823e-26 3.70599e-25 1.06684e-23 
  0.01000   2.81894e-30 7.23622e-29 8.62558e-28 1.35194e-26 8.49235e-26 1.48195e-25 5.71624e-25 1.12580e-23 
  0.10000   2.14619e-29 3.43413e-28 4.58640e-27 5.82816e-26 3.16685e-25 5.15788e-25 1.50798e-24 1.36422e-23 
  1.00000   5.51623e-29 1.27444e-27 1.86722e-26 2.15209e-25 9.99879e-25 1.54380e-24 2.78955e-24 5.21686e-24 
 10.00000   6.08476e-29 2.57538e-27 3.04710e-26 5.03557e-25 1.00833e-24 1.14529e-24 1.55480e-24 2.59680e-24 
100.00000   3.58218e-29 1.93414e-27 2.03641e-26 3.17649e-25 5.13345e-25 5.38266e-25 6.59545e-25 8.36042e-25 

         45
          300.0
  0.00001   1.14315e-32 9.99280e-31 9.93034e-29 5.57944e-27 5.78514e-26 1.18734e-25 5.72346e-25 1.17480e-23 
  0.00010   9.08740e-32 4.91501e-30 1.48617e-28 6.03656e-27 5.86954e-26 1.19380e-25 5.74739e-25 1.17485e-23 
  0.00100   7.01376e-31 2.45554e-29 3.47883e-28 8.29486e-27 6.38262e-26 1.25166e-25 5.99087e-25 1.17538e-23 
  0.01000   5.60325e-30 1.19685e-28 1.30028e-27 1.89384e-26 1.10059e-25 1.79549e-25 7.76849e-25 1.19738e-23 
  0.10000   4.10819e-29 5.49226e-28 6.36422e-27 6.89254e-26 3.40642e-25 5.85899e-25 1.52111e-24 1.32666e-23 
  1.00000   1.06621e-28 1.86415e-27 2.34987e-26 2.26506e-25 9.49124e-25 1.46037e-24 2.77660e-24 5.31767e-24 
 10.00000   1.06227e-28 3.38757e-27 4.29132e-26 4.92714e-25 9.32055e-25 1.04991e-24 1.55675e-24 2.69046e-24 
100.00000   6.46698e-29 2.18591e-27 2.67100e-26 3.07996e-25 5.16373e-25 5.58599e-25 6.76627e-25 9.07832e-25 

         45
          350.0
  0.00001   1.76468e-32 1.61278e-30 2.47169e-28 1.15836e-26 9.58381e-26 1.87766e-25 8.49719e-25 1.22182e-23 
  0.00010   1.41863e-31 8.34445e-30 3.16081e-28 1.20771e-26 9.69785e-26 1.88688e-25 8.53059e-25 1.22088e-23 
  0.00100   1.17343e-30 3.86752e-29 6.05412e-28 1.45025e-26 1.02229e-25 1.95035e-25 8.68960e-25 1.22009e-23 
  0.01000   9.44723e-30 1.79111e-28 1.85929e-27 2.61293e-26 1.45588e-25 2.44047e-25 1.01179e-24 1.21645e-23 
  0.10000   6.82020e-29 8.40901e-28 8.41973e-27 8.19460e-26 3.80237e-25 6.38695e-25 1.65211e-24 1.26001e-23 
  1.00000   1.98505e-28 2.65548e-27 3.02933e-26 2.49218e-25 9.09747e-25 1.39283e-24 2.69214e-24 5.27949e-24 
 10.00000   1.91122e-28 4.04982e-27 4.98753e-26 4.73872e-25 8.71227e-25 9.67903e-25 1.52208e-24 2.73623e-24 
100.00000   1.19839e-28 2.76331e-27 2.97041e-26 3.04620e-25 5.09555e-25 5.65640e-25 6.82992e-25 9.58582e-25 

         45
          400.0
  0.00001   2.46548e-32 2.30347e-30 4.96688e-28 2.08198e-26 1.47427e-25 2.83530e-25 1.13591e-24 1.27638e-23 
  0.00010   2.02082e-31 1.18804e-29 5.94410e-28 2.13969e-26 1.48676e-25 2.85039e-25 1.13665e-24 1.27546e-23 
  0.00100   1.64915e-30 5.51602e-29 9.71490e-28 2.38941e-26 1.54261e-25 2.91280e-25 1.14772e-24 1.27368e-23 
  0.01000   1.35330e-29 2.47234e-28 2.58986e-27 3.62190e-26 1.94501e-25 3.40856e-25 1.25684e-24 1.24799e-23 
  0.10000   9.97683e-29 1.15449e-27 1.05752e-26 9.58734e-26 4.25128e-25 6.94682e-25 1.81644e-24 1.18559e-23 
  1.00000   3.31575e-28 3.75672e-27 3.72883e-26 2.70121e-25 8.88901e-25 1.32278e-24 2.54454e-24 5.24734e-24 
 10.00000   3.01125e-28 4.82497e-27 5.34758e-26 4.72066e-25 8.24332e-25 9.06257e-25 1.45179e-24 2.71843e-24 
100.00000   2.03745e-28 3.26937e-27 3.41139e-26 3.15597e-25 5.06734e-25 5.63983e-25 6.85918e-25 9.88666e-25 

         45
          600.0
  0.00001   5.97867e-32 7.35093e-30 2.46666e-27 8.89634e-26 4.75202e-25 8.00089e-25 2.13831e-24 1.14617e-23 
  0.00010   4.18833e-31 2.56259e-29 2.62104e-27 8.95687e-26 4.76075e-25 8.01278e-25 2.13923e-24 1.14522e-23 
  0.00100   3.18256e-30 1.17974e-28 3.23435e-27 9.23695e-26 4.80744e-25 8.05816e-25 2.14162e-24 1.14268e-23 
  0.01000   2.53065e-29 5.29015e-28 6.24871e-27 1.06774e-25 5.04900e-25 8.30558e-25 2.15813e-24 1.11684e-23 
  0.10000   2.01049e-28 2.36901e-27 2.03358e-26 1.75768e-25 6.56041e-25 9.63226e-25 2.31116e-24 9.44682e-24 
  1.00000   9.38335e-28 8.04807e-27 6.59915e-26 3.44759e-25 8.95357e-25 1.19609e-24 2.14321e-24 4.56112e-24 
 10.00000   1.02004e-27 8.95855e-27 1.11183e-25 4.49082e-25 7.38510e-25 8.72533e-25 1.27155e-24 2.48989e-24 
100.00000   7.25032e-28 6.10262e-27 8.51662e-26 3.85511e-25 4.97288e-25 5.54916e-25 7.09896e-25 9.44032e-25 

         46
          100.0
  0.00001   8.17328e-38 1.56722e-35 7.77299e-34 8.82142e-32 4.66009e-30 1.79443e-29 1.95827e-28 1.15115e-26 
  0.00010   7.50859e-37 1.42670e-34 6.54384e-33 5.87057e-31 1.05141e-29 2.94836e-29 2.38477e-28 1.20998e-26 
  0.00100   7.11496e-36 1.33792e-33 5.99655e-32 4.38326e-30 3.67483e-29 8.46556e-29 3.93519e-28 1.56854e-26 
  0.01000   6.97754e-35 1.26822e-32 5.58317e-31 3.34562e-29 1.74497e-28 3.29955e-28 1.16579e-27 3.33406e-26 
  0.10000   6.36740e-34 1.12792e-31 4.62578e-30 2.23814e-28 9.40580e-28 1.57407e-27 5.54244e-27 5.47318e-26 
  1.00000   4.47339e-33 4.47271e-31 1.47066e-29 1.10188e-27 3.98060e-27 5.37378e-27 9.20753e-27 1.84464e-26 
 10.00000   1.41187e-32 1.14395e-30 1.61041e-29 1.18651e-27 5.24612e-27 6.51390e-27 2.20311e-26 9.41487e-26 
100.00000   1.30109e-32 7.69385e-31 1.05483e-29 3.53803e-28 1.36255e-27 2.48755e-27 7.57475e-26 1.93027e-25 

         46
          150.0
  0.00001   1.43464e-36 6.22889e-35 2.58814e-33 4.04831e-31 2.50750e-29 7.08285e-29 3.49901e-28 1.77503e-26 
  0.00010   1.43402e-35 5.94226e-34 1.63234e-32 1.12010e-30 3.16807e-29 7.97515e-29 3.86809e-28 1.83083e-26 
  0.00100   1.43080e-34 5.60216e-33 1.17637e-31 5.54193e-30 6.15340e-29 1.29356e-28 5.06052e-28 2.14784e-26 
  0.01000   1.42280e-33 5.35106e-32 9.71560e-31 3.44692e-29 1.85226e-28 3.41796e-28 1.14824e-27 3.57035e-26 
  0.10000   1.39398e-32 4.78812e-31 7.27650e-30 1.96840e-28 7.91902e-28 1.42342e-27 4.69631e-27 5.32712e-26 
  1.00000   9.50056e-32 2.36171e-30 1.96543e-29 1.05818e-27 3.48814e-27 4.61146e-27 8.33395e-27 1.90828e-26 
 10.00000   1.86624e-31 3.04394e-30 3.12657e-29 1.25974e-27 4.78665e-27 6.07565e-27 1.56353e-26 7.47653e-26 
100.00000   1.50227e-31 1.42691e-30 1.76542e-29 6.39341e-28 1.75153e-27 3.22316e-27 6.85226e-26 2.18621e-25 

         46
          200.0
  0.00001   7.10824e-36 1.16714e-34 4.62792e-33 2.18529e-30 7.09499e-29 1.47555e-28 6.48005e-28 2.19950e-26 
  0.00010   7.10017e-35 1.14095e-33 3.40964e-32 3.62472e-30 7.60877e-29 1.54496e-28 6.87974e-28 2.25228e-26 
  0.00100   7.09690e-34 1.11467e-32 2.49225e-31 9.23675e-30 1.01258e-28 1.86877e-28 8.07071e-28 2.47135e-26 
  0.01000   7.10990e-33 1.08880e-31 1.88241e-30 4.06521e-29 2.24860e-28 4.06823e-28 1.35174e-27 3.66981e-26 
  0.10000   7.05821e-32 1.02169e-30 1.25826e-29 1.99236e-28 7.49092e-28 1.38106e-27 4.24809e-27 5.37473e-26 
  1.00000   5.34138e-31 4.90573e-30 3.30415e-29 9.61287e-28 3.17531e-27 4.15044e-27 8.01437e-27 2.01357e-26 
 10.00000   1.05724e-30 5.40686e-30 4.29557e-29 1.24370e-27 4.37719e-27 5.67316e-27 1.27917e-26 6.59415e-26 
100.00000   7.61493e-31 3.49571e-30 2.05599e-29 8.86641e-28 1.97906e-27 3.28844e-27 6.56529e-26 2.37825e-25 

         46
          250.0
  0.00001   1.93414e-35 1.67806e-34 6.87271e-33 7.13025e-30 1.43673e-28 2.75566e-28 1.15430e-27 2.51380e-26 
  0.00010   1.93256e-34 1.65067e-33 5.18456e-32 1.00387e-29 1.49578e-28 2.84384e-28 1.18938e-27 2.53747e-26 
  0.00100   1.93187e-33 1.62814e-32 3.71394e-31 1.79556e-29 1.68021e-28 3.15074e-28 1.30819e-27 2.69550e-26 
  0.01000   1.93181e-32 1.61147e-31 2.76902e-30 5.30809e-29 2.94638e-28 5.15558e-28 1.79814e-27 3.65182e-26 
  0.10000   1.92317e-31 1.57184e-30 1.94131e-29 2.22330e-28 8.43315e-28 1.40647e-27 4.10196e-27 5.16378e-26 
  1.00000   1.58545e-30 8.47499e-30 5.78337e-29 8.88270e-28 2.91506e-27 3.94075e-27 7.56766e-27 2.05994e-26 
 10.00000   2.90103e-30 9.94426e-30 5.24950e-29 1.38161e-27 3.96903e-27 5.25248e-27 1.10264e-26 5.99359e-26 
100.00000   2.12518e-30 5.95831e-30 3.19111e-29 1.09139e-27 2.10171e-27 3.23437e-27 6.27485e-26 2.46985e-25 

         46
          300.0
  0.00001   3.33588e-35 2.30160e-34 8.36278e-33 1.60591e-29 2.48574e-28 4.87838e-28 1.91636e-27 2.80765e-26 
  0.00010   3.33538e-34 2.26790e-33 6.61273e-32 2.10010e-29 2.55242e-28 4.99976e-28 1.94090e-27 2.81625e-26 
  0.00100   3.33506e-33 2.23680e-32 4.98802e-31 3.19565e-29 2.74305e-28 5.37082e-28 2.02485e-27 2.90089e-26 
  0.01000   3.33378e-32 2.21566e-31 3.67958e-30 7.10108e-29 4.00718e-28 7.11126e-28 2.37204e-27 3.51989e-26 
  0.10000   3.32647e-31 2.17362e-30 2.57034e-29 2.53757e-28 1.00768e-27 1.56718e-27 4.38486e-27 4.82406e-26 
  1.00000   2.84776e-30 1.22365e-29 9.19365e-29 8.91926e-28 2.71643e-27 3.77122e-27 6.99977e-27 2.05108e-26 
 10.00000   5.64280e-30 1.64650e-29 9.03207e-29 1.38027e-27 3.72333e-27 4.81104e-27 9.70103e-27 5.45581e-26 
100.00000   3.96924e-30 1.27043e-29 6.06502e-29 1.25124e-27 2.16924e-27 3.41562e-27 5.95506e-26 2.47805e-25 

         46
          350.0
  0.00001   4.11748e-35 3.09002e-34 1.00801e-32 2.80436e-29 3.91977e-28 8.07831e-28 2.94723e-27 2.96095e-26 
  0.00010   4.11901e-34 3.03106e-33 7.71985e-32 3.48139e-29 4.00507e-28 8.22399e-28 2.98399e-27 2.96291e-26 
  0.00100   4.11846e-33 2.97261e-32 5.99959e-31 4.94151e-29 4.27320e-28 8.69533e-28 3.06724e-27 3.05252e-26 
  0.01000   4.11495e-32 2.93190e-31 4.53394e-30 9.62574e-29 5.50666e-28 1.04956e-27 3.33461e-27 3.46594e-26 
  0.10000   4.11072e-31 2.86828e-30 3.26799e-29 2.91277e-28 1.21710e-27 1.83285e-27 4.78907e-27 4.38685e-26 
  1.00000   3.64713e-30 1.63174e-29 1.24019e-28 9.17628e-28 2.60853e-27 3.59604e-27 6.45757e-27 1.99785e-26 
 10.00000   8.42492e-30 2.54241e-29 1.56303e-28 1.40642e-27 3.53705e-27 4.45306e-27 8.60464e-27 4.95068e-26 
100.00000   5.86732e-30 1.78073e-29 9.85059e-29 1.27308e-27 2.14503e-27 3.48323e-27 5.59149e-26 2.41922e-25 

         46
          400.0
  0.00001   4.20507e-35 3.97610e-34 1.25719e-32 4.18666e-29 5.96995e-28 1.20906e-27 4.14548e-27 2.98089e-26 
  0.00010   4.21548e-34 3.85139e-33 8.74044e-32 4.94515e-29 6.06842e-28 1.22264e-27 4.17967e-27 2.99541e-26 
  0.00100   4.21055e-33 3.74545e-32 6.65822e-31 6.76492e-29 6.41363e-28 1.26739e-27 4.26438e-27 3.06944e-26 
  0.01000   4.21339e-32 3.65212e-31 5.12221e-30 1.23069e-28 7.67955e-28 1.43787e-27 4.50002e-27 3.33103e-26 
  0.10000   4.20089e-31 3.54729e-30 3.81240e-29 3.36295e-28 1.41585e-27 2.16061e-27 5.31782e-27 4.00132e-26 
  1.00000   3.79512e-30 2.12655e-29 1.49484e-28 9.54036e-28 2.56044e-27 3.45156e-27 5.97797e-27 1.92732e-26 
 10.00000   1.06527e-29 3.12182e-29 2.25367e-28 1.47633e-27 3.34379e-27 3.92419e-27 7.66001e-27 4.47068e-26 
100.00000   7.45523e-30 1.96185e-29 1.47180e-28 1.23805e-27 2.05749e-27 3.41499e-27 5.17729e-26 2.30897e-25 

         46
          600.0
  0.00001   3.36406e-35 6.69185e-34 2.35758e-32 1.06183e-28 1.62102e-27 3.04291e-27 7.75186e-27 2.52266e-26 
  0.00010   3.36093e-34 6.33933e-33 1.27795e-31 1.13319e-28 1.62852e-27 3.05751e-27 7.76834e-27 2.56493e-26 
  0.00100   3.36301e-33 5.94063e-32 8.16304e-31 1.38005e-28 1.66899e-27 3.09366e-27 7.84266e-27 2.58128e-26 
  0.01000   3.35869e-32 5.59888e-31 5.93849e-30 2.16183e-28 1.84340e-27 3.24968e-27 7.92874e-27 2.66699e-26 
  0.10000   3.35614e-31 5.21523e-30 4.45880e-29 5.11614e-28 2.34931e-27 3.60614e-27 7.66659e-27 2.92958e-26 
  1.00000   3.17902e-30 3.54459e-29 2.27363e-28 1.18282e-27 2.69390e-27 3.26225e-27 4.99371e-27 1.50991e-26 
 10.00000   1.19505e-29 4.22446e-29 3.53748e-28 1.68813e-27 2.57109e-27 2.85430e-27 4.84763e-27 2.84493e-26 
100.00000   1.00027e-29 4.20863e-29 2.69539e-28 1.29751e-27 1.73376e-27 2.63149e-27 3.47772e-26 1.67406e-25 

         47
          100.0
  0.00001   7.46787e-37 3.45240e-35 2.44306e-33 1.64666e-31 8.21316e-30 2.74194e-29 3.34276e-28 1.81151e-26 
  0.00010   7.29919e-36 3.25749e-34 1.90673e-32 7.46232e-31 1.36873e-29 3.65816e-29 3.45439e-28 1.81451e-26 
  0.00100   7.16683e-35 3.07708e-33 1.61381e-31 4.75385e-30 4.14984e-29 8.60280e-29 4.59997e-28 1.82364e-26 
  0.01000   7.05607e-34 2.91375e-32 1.42282e-30 3.39162e-29 1.94477e-28 3.45839e-28 1.26048e-27 2.08067e-26 
  0.10000   6.76178e-33 2.56423e-31 1.11626e-29 2.12288e-28 9.60070e-28 1.55426e-27 4.18436e-27 2.28291e-26 
  1.00000   3.98688e-32 1.65853e-30 3.92987e-29 7.21374e-28 2.10297e-27 2.94316e-27 5.27172e-27 1.04450e-26 
 10.00000   1.48498e-31 2.42637e-30 7.73830e-29 6.19625e-28 2.68884e-27 3.14028e-27 3.91811e-27 4.76064e-27 
100.00000   2.45912e-31 1.19936e-30 6.28794e-29 3.71341e-28 7.87551e-28 8.48310e-28 9.07889e-28 9.52485e-28 

         47
          150.0
  0.00001   3.29972e-36 1.01040e-34 6.53239e-33 1.56855e-30 5.86170e-29 1.45015e-28 1.10230e-27 2.12329e-26 
  0.00010   3.28108e-35 9.22309e-34 4.58648e-32 3.06745e-30 6.47163e-29 1.52332e-28 1.10719e-27 2.12423e-26 
  0.00100   3.25938e-34 8.52327e-33 3.37347e-31 9.52529e-30 9.34916e-29 1.93491e-28 1.17394e-27 2.12833e-26 
  0.01000   3.22976e-33 7.91422e-32 2.69098e-30 4.40406e-29 2.62084e-28 4.60254e-28 1.77869e-27 2.25034e-26 
  0.10000   3.13704e-32 6.81452e-31 1.99490e-29 2.35282e-28 1.02923e-27 1.60495e-27 4.33614e-27 2.45207e-26 
  1.00000   2.16853e-31 3.24020e-30 8.54515e-29 8.07328e-28 2.03806e-27 2.82538e-27 5.31967e-27 1.09798e-26 
 10.00000   5.52210e-31 4.44254e-30 1.23219e-28 8.71928e-28 2.54974e-27 3.01032e-27 3.61864e-27 4.40697e-27 
100.00000   6.91057e-31 2.37661e-30 1.03391e-28 5.52301e-28 1.03851e-27 1.09168e-27 1.16614e-27 1.22598e-27 

         47
          200.0
  0.00001   1.09540e-35 2.74937e-34 1.32546e-32 9.82837e-30 1.75095e-28 3.97346e-28 2.24923e-27 2.53395e-26 
  0.00010   1.09353e-34 2.42400e-33 8.82456e-32 1.27271e-29 1.80770e-28 4.03329e-28 2.25567e-27 2.53333e-26 
  0.00100   1.09286e-33 2.22583e-32 6.28393e-31 2.33901e-29 2.12871e-28 4.42845e-28 2.31122e-27 2.53806e-26 
  0.01000   1.09288e-32 2.09002e-31 4.65877e-30 6.88768e-29 3.93960e-28 7.28622e-28 2.69789e-27 2.53855e-26 
  0.10000   1.08629e-31 1.81081e-30 3.12671e-29 2.97956e-28 1.26401e-27 1.91768e-27 4.84049e-27 2.84554e-26 
  1.00000   8.39557e-31 6.72568e-30 1.32421e-28 9.24460e-28 2.11234e-27 2.93891e-27 5.58651e-27 1.13956e-26 
 10.00000   1.89102e-30 7.49647e-30 2.33958e-28 1.14480e-27 2.55324e-27 2.86181e-27 3.54220e-27 4.08342e-27 
100.00000   1.75957e-30 6.24484e-30 1.41058e-28 7.41027e-28 1.12817e-27 1.22998e-27 1.33988e-27 1.58185e-27 

         47
          250.0
  0.00001   1.96952e-35 6.24971e-34 2.60134e-32 3.41762e-29 4.13915e-28 8.65735e-28 3.74958e-27 2.93438e-26 
  0.00010   1.96886e-34 5.37596e-33 1.50996e-31 3.81475e-29 4.17933e-28 8.70449e-28 3.75377e-27 2.92997e-26 
  0.00100   1.96783e-33 4.80622e-32 1.00966e-30 5.31225e-29 4.49408e-28 9.00221e-28 3.79319e-27 2.92397e-26 
  0.01000   1.96539e-32 4.49074e-31 7.18143e-30 1.15258e-28 6.39898e-28 1.15406e-27 4.15735e-27 2.81465e-26 
  0.10000   1.96093e-31 4.05183e-30 4.66204e-29 3.81388e-28 1.56775e-27 2.45546e-27 6.17033e-27 3.01234e-26 
  1.00000   1.65511e-30 1.43715e-29 1.77436e-28 1.15275e-27 2.41135e-27 3.20798e-27 5.87336e-27 1.21672e-26 
 10.00000   3.93330e-30 1.46947e-29 2.78902e-28 1.37449e-27 2.51213e-27 2.71193e-27 3.49969e-27 3.85897e-27 
100.00000   3.10519e-30 1.45601e-29 1.62742e-28 9.09615e-28 1.22244e-27 1.35132e-27 1.49062e-27 1.91422e-27 

         47
          300.0
  0.00001   3.14525e-35 8.92198e-34 5.06659e-32 8.13008e-29 8.10646e-28 1.57727e-27 5.65925e-27 3.79101e-26 
  0.00010   3.14643e-34 8.19148e-33 2.41490e-31 8.64796e-29 8.14779e-28 1.57897e-27 5.66071e-27 3.78364e-26 
  0.00100   3.14446e-33 7.51029e-32 1.45837e-30 1.04587e-28 8.45219e-28 1.59532e-27 5.69212e-27 3.76731e-26 
  0.01000   3.14536e-32 7.09227e-31 1.02510e-29 1.81941e-28 1.03398e-27 1.78243e-27 5.99909e-27 3.63260e-26 
  0.10000   3.13922e-31 6.62789e-30 6.52011e-29 5.10342e-28 2.03276e-27 3.13694e-27 7.53298e-27 3.06505e-26 
  1.00000   2.67772e-30 2.77246e-29 2.35597e-28 1.37995e-27 3.02513e-27 3.70055e-27 6.24953e-27 1.27092e-26 
 10.00000   5.30659e-30 3.27906e-29 3.12999e-28 1.74574e-27 2.52862e-27 2.76702e-27 3.39051e-27 4.10157e-27 
100.00000   3.84572e-30 2.87255e-29 1.93179e-28 1.04343e-27 1.33511e-27 1.48226e-27 1.60307e-27 2.14987e-27 

         47
          350.0
  0.00001   4.08564e-35 1.16399e-33 9.48204e-32 1.53174e-28 1.35105e-27 2.45286e-27 7.82600e-27 4.62173e-26 
  0.00010   4.08437e-34 1.09289e-32 3.68149e-31 1.59962e-28 1.35431e-27 2.45634e-27 7.83757e-27 4.62068e-26 
  0.00100   4.08479e-33 1.00793e-31 1.98168e-30 1.82459e-28 1.38456e-27 2.48349e-27 7.84831e-27 4.60153e-26 
  0.01000   4.08226e-32 9.38668e-31 1.30911e-29 2.76738e-28 1.56546e-27 2.68588e-27 7.99020e-27 4.44597e-26 
  0.10000   4.07387e-31 8.75728e-30 8.64036e-29 6.80680e-28 2.55204e-27 3.87507e-27 8.97203e-27 3.42857e-26 
  1.00000   3.37647e-30 4.56689e-29 3.10608e-28 1.59944e-27 3.67387e-27 4.53702e-27 6.67514e-27 1.31861e-26 
 10.00000   6.53404e-30 6.83357e-29 3.67502e-28 1.91570e-27 2.96419e-27 3.22016e-27 3.68325e-27 4.42850e-27 
100.00000   4.68457e-30 5.05120e-29 2.71091e-28 1.11998e-27 1.60704e-27 1.74110e-27 1.88970e-27 2.35574e-27 

         47
          400.0
  0.00001   4.50884e-35 1.43488e-33 1.57775e-31 2.47445e-28 2.01562e-27 3.50551e-27 9.98420e-27 5.19697e-26 
  0.00010   4.49957e-34 1.35496e-32 5.38198e-31 2.55254e-28 2.01805e-27 3.50942e-27 9.97520e-27 5.19163e-26 
  0.00100   4.49815e-33 1.25011e-31 2.54264e-30 2.82525e-28 2.04139e-27 3.53530e-27 9.95426e-27 5.17155e-26 
  0.01000   4.49949e-32 1.15210e-30 1.56308e-29 3.96417e-28 2.18443e-27 3.70960e-27 9.94976e-27 4.99309e-26 
  0.10000   4.48824e-31 1.06626e-29 1.03726e-28 8.69852e-28 3.13228e-27 4.68333e-27 1.04150e-26 3.79439e-26 
  1.00000   3.82480e-30 6.07887e-29 3.87105e-28 1.79913e-27 4.20193e-27 5.27617e-27 7.52947e-27 1.36962e-26 
 10.00000   7.73815e-30 1.12815e-28 4.60076e-28 2.05720e-27 3.01604e-27 3.28665e-27 4.31583e-27 5.80174e-27 
100.00000   5.48047e-30 8.10926e-29 3.73547e-28 1.21489e-27 1.94729e-27 2.11664e-27 2.45880e-27 2.65812e-27 

         47
          600.0
  0.00001   4.56425e-35 2.32009e-33 5.31072e-31 7.33125e-28 5.14506e-27 8.02229e-27 1.82096e-26 5.81313e-26 
  0.00010   4.51075e-34 2.12344e-32 1.38681e-30 7.40909e-28 5.14785e-27 8.03278e-27 1.81946e-26 5.81804e-26 
  0.00100   4.47705e-33 1.93067e-31 4.59881e-30 7.76520e-28 5.16530e-27 8.04091e-27 1.81697e-26 5.79321e-26 
  0.01000   4.46372e-32 1.70947e-30 2.22654e-29 9.47532e-28 5.28793e-27 8.10503e-27 1.79330e-26 5.65178e-26 
  0.10000   4.45112e-31 1.48733e-29 1.38371e-28 1.57098e-27 5.71319e-27 8.11736e-27 1.64910e-26 4.51106e-26 
  1.00000   4.00581e-30 9.01248e-29 6.36227e-28 2.64606e-27 5.65691e-27 7.09011e-27 1.04083e-26 1.87063e-26 
 10.00000   9.65466e-30 1.82314e-28 1.07445e-27 2.58699e-27 3.69740e-27 4.18301e-27 6.05196e-27 1.16481e-26 
100.00000   8.02945e-30 1.43049e-28 8.47230e-28 1.87185e-27 2.73731e-27 2.88142e-27 4.12027e-27 5.29981e-27 

         48
          100.0
  0.00001   3.07208e-34 6.13180e-33 2.24712e-31 7.42714e-30 2.11516e-28 8.44610e-28 1.63694e-26 8.57919e-25 
  0.00010   2.92704e-33 5.51757e-32 1.57360e-30 3.38198e-29 3.91030e-28 1.07702e-27 1.77704e-26 8.59237e-25 
  0.00100   2.82403e-32 5.02900e-31 1.24129e-29 2.03321e-28 1.45030e-27 2.83053e-27 2.43042e-26 8.76487e-25 
  0.01000   2.71758e-31 4.73618e-30 1.04849e-28 1.43841e-27 8.28226e-27 1.50886e-26 7.36887e-26 9.93005e-25 
  0.10000   2.56858e-30 4.05638e-29 7.91580e-28 1.06758e-26 5.22228e-26 9.04121e-26 2.22793e-25 8.27888e-25 
  1.00000   1.40741e-29 1.21476e-28 4.73667e-27 3.85601e-26 8.52921e-26 1.05269e-25 1.61989e-25 2.52476e-25 
 10.00000   1.78281e-29 2.52415e-28 8.86116e-27 3.85845e-26 7.17468e-26 8.08300e-26 1.03959e-25 1.21281e-25 
100.00000   1.58340e-29 3.02251e-28 3.45330e-27 1.14416e-26 1.87738e-26 1.95868e-26 2.03083e-26 2.06105e-26 

         48
          150.0
  0.00001   6.30844e-34 1.94012e-32 3.80323e-31 3.37090e-29 9.31540e-28 2.65685e-27 4.26475e-26 9.75528e-25 
  0.00010   5.69075e-33 1.41229e-31 2.36166e-30 7.39531e-29 1.04349e-27 2.74516e-27 4.33079e-26 9.75595e-25 
  0.00100   5.18736e-32 1.11065e-30 1.60827e-29 2.73814e-28 1.99568e-27 4.19840e-27 4.89467e-26 9.82582e-25 
  0.01000   4.89708e-31 9.31416e-30 1.21166e-28 1.45949e-27 7.94946e-27 1.44627e-26 8.55516e-26 1.01537e-24 
  0.10000   4.38059e-30 7.55317e-29 8.93567e-28 9.20199e-27 4.80126e-26 8.11370e-26 2.22643e-25 8.66259e-25 
  1.00000   2.33629e-29 2.47975e-28 5.26418e-27 3.55412e-26 8.56294e-26 1.06305e-25 1.65541e-25 2.66035e-25 
 10.00000   4.48974e-29 6.16822e-28 9.70127e-27 3.85447e-26 6.34335e-26 7.44314e-26 1.02616e-25 1.21643e-25 
100.00000   4.65479e-29 6.88704e-28 4.80014e-27 1.64208e-26 2.44101e-26 2.57250e-26 2.73938e-26 2.79911e-26 

         48
          200.0
  0.00001   1.62527e-33 4.16326e-32 9.27315e-31 1.52447e-28 2.49987e-27 7.53175e-27 7.98933e-26 9.95177e-25 
  0.00010   1.49239e-32 3.14252e-31 4.02045e-30 1.88695e-28 2.55722e-27 7.58324e-27 8.01058e-26 9.95630e-25 
  0.00100   1.38106e-31 2.29025e-30 2.09874e-29 4.11782e-28 3.39549e-27 8.39404e-27 8.32535e-26 9.96314e-25 
  0.01000   1.26427e-30 1.68598e-29 1.35216e-28 1.65579e-27 9.62232e-27 1.76636e-26 1.11733e-25 1.00929e-24 
  0.10000   1.08842e-29 1.20192e-28 9.74678e-28 8.87545e-27 4.43021e-26 7.67772e-26 2.20590e-25 8.72370e-25 
  1.00000   5.43105e-29 5.46182e-28 5.22290e-27 3.34147e-26 8.35367e-26 1.07102e-25 1.64220e-25 2.78435e-25 
 10.00000   1.19102e-28 1.14948e-27 1.00440e-26 3.66386e-26 5.57183e-26 6.57106e-26 1.08737e-25 1.22243e-25 
100.00000   1.34631e-28 1.22548e-27 5.79919e-27 1.95133e-26 2.66809e-26 2.95601e-26 3.22763e-26 3.36987e-26 

         48
          250.0
  0.00001   2.84504e-33 6.35707e-32 3.01333e-30 4.46414e-28 5.79720e-27 1.48951e-26 1.23729e-25 1.00056e-24 
  0.00010   2.64836e-32 4.69113e-31 8.18353e-30 4.80463e-28 5.84491e-27 1.49518e-26 1.23827e-25 9.99363e-25 
  0.00100   2.46498e-31 3.48163e-30 3.24494e-29 7.00405e-28 6.47504e-27 1.56047e-26 1.25344e-25 9.98637e-25 
  0.01000   2.31591e-30 2.63861e-29 1.64963e-28 2.07096e-27 1.29454e-26 2.41673e-26 1.42177e-25 9.90359e-25 
  0.10000   2.06413e-29 1.85410e-28 1.03482e-27 9.68441e-27 4.27621e-26 7.61931e-26 2.10616e-25 8.48044e-25 
  1.00000   1.09972e-28 8.86686e-28 5.41245e-27 3.15702e-26 7.98923e-26 1.04125e-25 1.70649e-25 2.83897e-25 
 10.00000   2.67150e-28 1.84772e-27 9.71012e-27 3.57798e-26 4.94622e-26 5.86158e-26 1.04447e-25 1.26402e-25 
100.00000   3.12894e-28 1.85784e-27 6.66891e-27 2.07146e-26 2.75920e-26 3.14609e-26 3.63800e-26 3.84715e-26 

         48
          300.0
  0.00001   3.93737e-33 8.12942e-32 8.59487e-30 1.03813e-27 1.14177e-26 2.63227e-26 1.58790e-25 9.81981e-25 
  0.00010   3.74875e-32 6.22567e-31 1.73263e-29 1.07493e-27 1.14549e-26 2.63707e-26 1.58763e-25 9.82033e-25 
  0.00100   3.55647e-31 4.65037e-30 5.17240e-29 1.29069e-27 1.20206e-26 2.69695e-26 1.59577e-25 9.79897e-25 
  0.01000   3.39754e-30 3.59569e-29 2.16811e-28 2.70186e-27 1.75664e-26 3.36066e-26 1.69317e-25 9.66810e-25 
  0.10000   3.15987e-29 2.56307e-28 1.16942e-27 1.05919e-26 4.51881e-26 7.63649e-26 2.02570e-25 8.37367e-25 
  1.00000   1.76601e-28 1.27592e-27 5.80154e-27 3.01493e-26 7.48725e-26 9.90462e-26 1.69966e-25 2.96865e-25 
 10.00000   4.54024e-28 2.80521e-27 9.96153e-27 3.50308e-26 4.49061e-26 5.19501e-26 9.63783e-26 1.41776e-25 
100.00000   5.46094e-28 2.72451e-27 7.34891e-27 2.01092e-26 2.77067e-26 3.23653e-26 3.94541e-26 4.21291e-26 

         48
          350.0
  0.00001   5.75393e-33 9.31853e-32 2.05021e-29 2.04282e-27 1.95638e-26 4.07063e-26 1.81269e-25 9.38511e-25 
  0.00010   5.39304e-32 7.25473e-31 3.32217e-29 2.08008e-27 1.95993e-26 4.07352e-26 1.81266e-25 9.37578e-25 
  0.00100   5.10336e-31 5.67567e-30 7.82452e-29 2.28915e-27 2.00326e-26 4.11514e-26 1.81537e-25 9.35011e-25 
  0.01000   4.90403e-30 4.46451e-29 2.89154e-28 3.69906e-27 2.44698e-26 4.58411e-26 1.86155e-25 9.11642e-25 
  0.10000   4.56209e-29 3.23394e-28 1.37951e-27 1.18105e-26 4.95397e-26 7.88738e-26 2.00111e-25 8.07150e-25 
  1.00000   2.61163e-28 1.62557e-27 6.03355e-27 2.98178e-26 7.15425e-26 9.29483e-26 1.63344e-25 2.99719e-25 
 10.00000   6.90939e-28 3.49835e-27 1.08303e-26 3.26187e-26 4.37544e-26 4.98752e-26 8.79352e-26 1.54455e-25 
100.00000   8.70875e-28 3.32375e-27 7.38377e-27 1.98283e-26 2.72079e-26 3.25625e-26 4.11843e-26 4.48082e-26 

         48
          400.0
  0.00001   7.83085e-33 1.06071e-31 4.09746e-29 3.57694e-27 2.96486e-26 5.55154e-26 1.95640e-25 8.71193e-25 
  0.00010   7.25001e-32 8.03740e-31 5.75553e-29 3.61754e-27 2.96794e-26 5.55806e-26 1.95556e-25 8.69971e-25 
  0.00100   6.84746e-31 6.36372e-30 1.13788e-28 3.81332e-27 2.99893e-26 5.57907e-26 1.95687e-25 8.67861e-25 
  0.01000   6.47995e-30 5.06884e-29 3.65274e-28 5.20168e-27 3.31619e-26 5.94553e-26 1.96050e-25 8.48828e-25 
  0.10000   6.06439e-29 3.81364e-28 1.61914e-27 1.32612e-26 5.35901e-26 8.40838e-26 1.95099e-25 7.65212e-25 
  1.00000   3.72464e-28 1.98834e-27 6.38641e-27 2.92740e-26 6.80635e-26 8.78038e-26 1.54358e-25 3.00119e-25 
 10.00000   9.68444e-28 4.11770e-27 1.12556e-26 2.93890e-26 4.43850e-26 5.02981e-26 8.00530e-26 1.62233e-25 
100.00000   1.24751e-27 3.42394e-27 7.72515e-27 1.93197e-26 2.62623e-26 3.21668e-26 4.19240e-26 4.64536e-26 

         48
          600.0
  0.00001   1.55232e-32 2.02742e-31 2.07250e-28 1.40540e-26 6.43588e-26 9.82755e-26 2.04748e-25 6.53529e-25 
  0.00010   1.43174e-31 1.23415e-30 2.26012e-28 1.40817e-26 6.43353e-26 9.82423e-26 2.04634e-25 6.53298e-25 
  0.00100   1.32148e-30 8.42480e-30 3.01989e-28 1.42237e-26 6.43263e-26 9.80977e-26 2.04375e-25 6.51498e-25 
  0.01000   1.23340e-29 6.25356e-29 6.49977e-28 1.51442e-26 6.47294e-26 9.80499e-26 2.01401e-25 6.41373e-25 
  0.10000   1.11050e-28 4.79892e-28 2.53188e-27 2.04517e-26 6.87622e-26 9.66182e-26 1.80013e-25 5.51438e-25 
  1.00000   8.07270e-28 2.84738e-27 8.32211e-27 2.91866e-26 5.96564e-26 7.49810e-26 1.24841e-25 2.45106e-25 
 10.00000   1.98979e-27 6.05868e-27 1.18555e-26 2.50336e-26 3.89919e-26 4.75385e-26 6.57999e-26 1.54084e-25 
100.00000   2.72357e-27 5.11464e-27 9.90819e-27 1.78611e-26 2.64694e-26 2.78771e-26 3.86162e-26 4.56900e-26 

         49
          100.0
  0.00001   5.23168e-42 4.68813e-38 2.63663e-35 1.44872e-33 3.45028e-32 1.96106e-31 1.07919e-29 9.41679e-28 
  0.00010   5.23361e-41 4.66372e-37 2.46081e-34 1.25378e-32 1.56389e-31 5.79375e-31 1.35800e-29 9.45539e-28 
  0.00100   5.23121e-40 4.64409e-36 2.31172e-33 1.11668e-31 1.00758e-30 2.69673e-30 2.73859e-29 9.81601e-28 
  0.01000   5.22620e-39 4.56050e-35 2.16318e-32 1.00990e-30 7.99218e-30 1.71157e-29 8.51808e-29 1.22491e-27 
  0.10000   5.22236e-38 4.29684e-34 1.90174e-31 8.96466e-30 5.15647e-29 8.54779e-29 2.44299e-28 1.52411e-27 
  1.00000   5.22453e-37 2.95214e-33 1.27773e-30 3.87440e-29 1.03279e-28 1.36504e-28 2.15873e-28 3.59597e-27 
 10.00000   4.87619e-36 1.16462e-32 2.72857e-30 5.29617e-29 8.80803e-29 1.01972e-28 3.60216e-28 9.77669e-27 
100.00000   4.26530e-36 2.42938e-32 1.50251e-30 1.56568e-29 1.96989e-29 2.19497e-29 1.20055e-27 5.13402e-27 

         49
          150.0
  0.00001   1.10440e-40 2.83494e-37 4.35360e-35 2.39799e-33 3.74558e-31 2.17587e-30 4.08779e-29 1.13723e-27 
  0.00010   1.10499e-39 2.84582e-36 4.15251e-34 1.69674e-32 6.50557e-31 3.10648e-30 4.36004e-29 1.13996e-27 
  0.00100   1.10275e-38 2.83702e-35 4.01538e-33 1.30705e-31 1.83914e-30 5.98484e-30 5.58866e-29 1.16531e-27 
  0.01000   1.10400e-37 2.84282e-34 3.89315e-32 1.05002e-30 8.50205e-30 2.01344e-29 1.06209e-28 1.50826e-27 
  0.10000   1.10479e-36 2.81745e-33 3.56669e-31 8.10259e-30 4.75983e-29 8.15579e-29 2.50787e-28 1.76147e-27 
  1.00000   1.10387e-35 2.11017e-32 1.98615e-30 3.67908e-29 1.00969e-28 1.35118e-28 2.14976e-28 5.43869e-27 
 10.00000   1.08706e-34 6.61269e-32 3.67943e-30 5.08394e-29 8.58911e-29 9.89798e-29 2.61565e-28 1.27909e-26 
100.00000   5.48311e-34 9.90898e-32 2.39577e-30 2.12153e-29 2.70906e-29 3.05108e-29 1.17631e-27 7.00952e-27 

         49
          200.0
  0.00001   4.89175e-40 1.09978e-36 5.70776e-35 5.04098e-33 2.41282e-30 1.01989e-29 7.74532e-29 1.32429e-27 
  0.00010   4.89256e-39 1.09821e-35 5.50587e-34 2.68555e-32 2.99211e-30 1.13467e-29 7.90157e-29 1.33255e-27 
  0.00100   4.89994e-38 1.09903e-34 5.36665e-33 1.72898e-31 4.81367e-30 1.49779e-29 9.06917e-29 1.39542e-27 
  0.01000   4.89532e-37 1.09630e-33 5.27366e-32 1.30002e-30 1.23938e-29 2.80633e-29 1.29332e-28 1.76682e-27 
  0.10000   4.89154e-36 1.09515e-32 5.04031e-31 8.48031e-30 4.61976e-29 7.98087e-29 2.54251e-28 1.88955e-27 
  1.00000   4.88410e-35 9.59029e-32 2.76628e-30 3.46204e-29 9.78077e-29 1.31791e-28 2.18987e-28 6.64190e-27 
 10.00000   4.82479e-34 2.64192e-31 4.66354e-30 5.00286e-29 8.39499e-29 9.54739e-29 2.09998e-28 1.58317e-26 
100.00000   2.82015e-33 2.80346e-31 3.33133e-30 2.41025e-29 3.09152e-29 3.29614e-29 1.06816e-27 8.78603e-27 

         49
          250.0
  0.00001   1.30701e-39 2.56096e-36 7.22587e-35 1.24792e-32 8.04249e-30 2.74057e-29 1.16635e-28 1.56387e-27 
  0.00010   1.30515e-38 2.56160e-35 6.99944e-34 4.45183e-32 8.98520e-30 2.85827e-29 1.18334e-28 1.57239e-27 
  0.00100   1.30779e-37 2.56085e-34 6.85400e-33 2.34425e-31 1.15675e-29 3.19513e-29 1.25453e-28 1.62498e-27 
  0.01000   1.30535e-36 2.55451e-33 6.77243e-32 1.57313e-30 2.05502e-29 4.33496e-29 1.52600e-28 1.89590e-27 
  0.10000   1.30884e-35 2.56013e-32 6.65011e-31 1.03810e-29 4.83304e-29 7.99239e-29 2.56449e-28 1.98783e-27 
  1.00000   1.30745e-34 2.41491e-31 3.78806e-30 3.31085e-29 9.33986e-29 1.29566e-28 2.20425e-28 8.31716e-27 
 10.00000   1.29056e-33 7.44162e-31 5.74763e-30 4.70637e-29 7.98236e-29 9.21122e-29 1.96593e-28 1.81936e-26 
100.00000   8.44386e-33 6.19804e-31 4.21390e-30 2.54591e-29 3.36781e-29 3.77090e-29 1.05854e-27 1.04021e-26 

         49
          300.0
  0.00001   2.39266e-39 4.17736e-36 8.38073e-35 2.67261e-32 1.65379e-29 4.92298e-29 1.62748e-28 1.66190e-27 
  0.00010   2.39252e-38 4.17359e-35 8.09276e-34 7.49584e-32 1.78791e-29 5.06138e-29 1.64706e-28 1.66506e-27 
  0.00100   2.39161e-37 4.16717e-34 7.94579e-33 3.08980e-31 2.09819e-29 5.35501e-29 1.69109e-28 1.69595e-27 
  0.01000   2.38824e-36 4.16623e-33 7.86451e-32 1.86255e-30 3.14732e-29 6.41220e-29 1.86920e-28 1.91907e-27 
  0.10000   2.38707e-35 4.16349e-32 7.77604e-31 1.23262e-29 5.74530e-29 8.83004e-29 2.58653e-28 2.06707e-27 
  1.00000   2.38987e-34 3.99090e-31 4.99923e-30 3.30763e-29 8.89986e-29 1.25648e-28 2.17916e-28 9.40910e-27 
 10.00000   2.35711e-33 1.30078e-30 7.18731e-30 4.55114e-29 7.42268e-29 8.65737e-29 1.77027e-28 1.98060e-26 
100.00000   1.69176e-32 1.22916e-30 4.56887e-30 2.56372e-29 3.59912e-29 4.02074e-29 1.02352e-27 1.18433e-26 

         49
          350.0
  0.00001   3.28389e-39 5.48733e-36 9.13595e-35 4.93820e-32 2.61838e-29 7.11746e-29 2.19651e-28 1.69530e-27 
  0.00010   3.28414e-38 5.48664e-35 8.78341e-34 1.21392e-31 2.78367e-29 7.27893e-29 2.22997e-28 1.69973e-27 
  0.00100   3.28466e-37 5.49042e-34 8.60554e-33 4.10921e-31 3.11278e-29 7.58718e-29 2.28986e-28 1.72904e-27 
  0.01000   3.28461e-36 5.48351e-33 8.48802e-32 2.10704e-30 4.15436e-29 8.50757e-29 2.42018e-28 1.88024e-27 
  0.10000   3.27375e-35 5.50215e-32 8.41094e-31 1.36197e-29 6.92199e-29 1.06249e-28 2.69612e-28 2.18731e-27 
  1.00000   3.28330e-34 5.30916e-31 5.95316e-30 3.47435e-29 8.95025e-29 1.23706e-28 2.14054e-28 1.00497e-26 
 10.00000   3.24063e-33 1.96240e-30 8.10763e-30 4.44411e-29 7.27576e-29 8.32151e-29 1.72138e-28 2.08677e-26 
100.00000   2.43538e-32 1.76295e-30 5.18825e-30 2.70903e-29 3.76143e-29 4.41438e-29 1.09016e-27 1.30734e-26 

         49
          400.0
  0.00001   3.51547e-39 5.92195e-36 9.43365e-35 8.09243e-32 3.47287e-29 8.83096e-29 2.71953e-28 1.63390e-27 
  0.00010   3.51567e-38 5.91392e-35 9.08820e-34 1.79758e-31 3.63534e-29 9.00368e-29 2.76043e-28 1.65249e-27 
  0.00100   3.51340e-37 5.90420e-34 8.89330e-33 5.16066e-31 3.97711e-29 9.32160e-29 2.82852e-28 1.68995e-27 
  0.01000   3.51710e-36 5.85983e-33 8.77219e-32 2.32601e-30 5.00018e-29 1.02127e-28 2.95816e-28 1.78252e-27 
  0.10000   3.51892e-35 5.87056e-32 8.70916e-31 1.43497e-29 7.82026e-29 1.21669e-28 2.99190e-28 2.39380e-27 
  1.00000   3.51754e-34 5.67678e-31 6.53696e-30 3.75790e-29 9.37327e-29 1.27105e-28 2.14612e-28 1.02501e-26 
 10.00000   3.49889e-33 2.21761e-30 9.57404e-30 4.44706e-29 7.39630e-29 8.41031e-29 1.61362e-28 2.17140e-26 
100.00000   2.84555e-32 2.08344e-30 6.44868e-30 2.82351e-29 4.02873e-29 4.82358e-29 9.94558e-28 1.40621e-26 

         49
          600.0
  0.00001   3.10969e-39 4.78426e-36 8.52546e-35 2.91429e-31 5.40412e-29 1.18458e-28 3.64246e-28 1.67018e-27 
  0.00010   3.11017e-38 4.77119e-35 8.17369e-34 4.82530e-31 5.55952e-29 1.20671e-28 3.70351e-28 1.71024e-27 
  0.00100   3.11057e-37 4.75332e-34 7.79221e-33 9.47231e-31 5.86120e-29 1.24286e-28 3.81074e-28 1.76609e-27 
  0.01000   3.11803e-36 4.75019e-33 7.57094e-32 2.84985e-30 6.68079e-29 1.31238e-28 3.97635e-28 1.81839e-27 
  0.10000   3.11061e-35 4.73723e-32 7.48867e-31 1.43507e-29 9.19991e-29 1.47926e-28 4.09310e-28 2.76791e-27 
  1.00000   3.10760e-34 4.60417e-31 6.28014e-30 4.06808e-29 1.13221e-28 1.53752e-28 2.60890e-28 9.53716e-27 
 10.00000   3.08546e-33 2.09832e-30 1.36555e-29 4.80483e-29 7.37132e-29 1.03577e-28 2.38617e-28 2.14138e-26 
100.00000   2.60491e-32 2.30473e-30 1.18222e-29 3.30488e-29 5.58118e-29 7.33927e-29 7.97275e-28 1.55007e-26 

         50
          100.0
  0.00001   3.80902e-41 4.92147e-36 2.54124e-34 1.84057e-32 6.02001e-31 2.95912e-30 7.65944e-29 6.19875e-27 
  0.00010   3.73327e-40 4.79181e-35 2.28793e-33 1.35400e-31 1.97680e-30 6.14239e-30 8.30351e-29 6.21678e-27 
  0.00100   3.67288e-39 4.69179e-34 2.12232e-32 1.06806e-30 1.00558e-29 2.31590e-29 1.33582e-28 6.33187e-27 
  0.01000   3.61745e-38 4.61304e-33 1.99313e-31 8.92008e-30 5.87750e-29 1.13129e-28 4.07925e-28 7.72638e-27 
  0.10000   3.56664e-37 4.44171e-32 1.72703e-30 6.35514e-29 3.25345e-28 5.94940e-28 1.68050e-27 1.18774e-26 
  1.00000   3.52994e-36 3.02446e-31 7.96328e-30 2.19383e-28 9.78922e-28 1.52929e-27 2.68772e-27 4.68812e-27 
 10.00000   3.43521e-35 9.06665e-31 1.50883e-29 2.25860e-28 1.20072e-27 1.38804e-27 1.78559e-27 2.48205e-27 
100.00000   1.38678e-34 5.39795e-31 1.07163e-29 1.36252e-28 3.19703e-28 3.53279e-28 4.00155e-28 4.39313e-28 

         50
          150.0
  0.00001   3.96889e-40 1.02796e-35 4.30672e-34 5.54120e-32 5.46941e-30 2.16293e-29 1.73707e-28 7.63926e-27 
  0.00010   3.96584e-39 1.02236e-34 3.70905e-33 2.23723e-31 7.33085e-30 2.43850e-29 1.76988e-28 7.64731e-27 
  0.00100   3.97026e-38 1.01469e-33 3.26599e-32 1.33709e-30 1.67188e-29 3.88248e-29 2.04551e-28 7.75567e-27 
  0.01000   3.96575e-37 1.00882e-32 2.97731e-31 9.25486e-30 6.36166e-29 1.18100e-28 4.60963e-28 8.73703e-27 
  0.10000   3.96716e-36 9.82024e-32 2.61352e-30 5.67442e-29 3.08003e-28 5.60755e-28 1.59552e-27 1.24169e-26 
  1.00000   3.96416e-35 7.50326e-31 1.18360e-29 2.38723e-28 8.91394e-28 1.36720e-27 2.63232e-27 4.88102e-27 
 10.00000   3.88175e-34 1.66822e-30 2.06800e-29 2.87172e-28 1.06748e-27 1.22691e-27 1.76277e-27 2.50163e-27 
100.00000   1.95129e-33 1.06861e-30 1.76868e-29 1.97321e-28 4.29666e-28 4.71541e-28 5.30178e-28 5.93191e-28 

         50
          200.0
  0.00001   1.18778e-39 1.77077e-35 5.94292e-34 2.49896e-31 2.15286e-29 5.96748e-29 3.37939e-28 9.10650e-27 
  0.00010   1.18647e-38 1.76317e-34 5.23061e-33 6.02419e-31 2.29857e-29 6.10810e-29 3.40223e-28 9.11047e-27 
  0.00100   1.18754e-37 1.75653e-33 4.53577e-32 2.06103e-30 3.23331e-29 7.13511e-29 3.65239e-28 9.16727e-27 
  0.01000   1.18654e-36 1.75561e-32 4.12740e-31 1.09166e-29 7.87971e-29 1.41652e-28 5.59212e-28 9.74659e-27 
  0.10000   1.18863e-35 1.73937e-31 3.58932e-30 5.75201e-29 3.02464e-28 5.34783e-28 1.55581e-27 1.24847e-26 
  1.00000   1.18712e-34 1.31858e-30 1.66298e-29 2.31676e-28 8.33336e-28 1.32378e-27 2.60348e-27 5.05074e-27 
 10.00000   1.17481e-33 2.78596e-30 2.89570e-29 3.51083e-28 9.66464e-28 1.12057e-27 1.71929e-27 2.46256e-27 
100.00000   6.99289e-33 2.08495e-30 2.36687e-29 2.51736e-28 4.78585e-28 5.20125e-28 6.02924e-28 7.02594e-28 

         50
          250.0
  0.00001   2.61266e-39 2.59092e-35 7.28810e-34 7.34056e-31 5.02117e-29 1.12220e-28 5.86564e-28 1.02380e-26 
  0.00010   2.61491e-38 2.57167e-34 6.54947e-33 1.42487e-30 5.12850e-29 1.12749e-28 5.88260e-28 1.02400e-26 
  0.00100   2.61387e-37 2.56463e-33 5.84228e-32 3.66253e-30 5.79963e-29 1.18747e-28 6.04938e-28 1.02393e-26 
  0.01000   2.61304e-36 2.56107e-32 5.25945e-31 1.41760e-29 1.03649e-28 1.80407e-28 7.32490e-28 1.03663e-26 
  0.10000   2.60703e-35 2.55296e-31 4.67824e-30 6.30814e-29 3.17321e-28 5.23180e-28 1.51279e-27 1.24509e-26 
  1.00000   2.61575e-34 2.04962e-30 2.12896e-29 2.24169e-28 7.70097e-28 1.24756e-27 2.56838e-27 5.18145e-27 
 10.00000   2.59850e-33 4.39183e-30 3.67450e-29 3.81938e-28 8.75082e-28 1.03061e-27 1.65288e-27 2.43801e-27 
100.00000   1.80080e-32 3.46595e-30 2.70765e-29 2.89422e-28 4.89205e-28 5.41872e-28 6.54440e-28 7.89160e-28 

         50
          300.0
  0.00001   4.56767e-39 3.22068e-35 8.58703e-34 1.51862e-30 9.06549e-29 1.89942e-28 8.14599e-28 1.09398e-26 
  0.00010   4.57111e-38 3.18195e-34 7.60014e-33 2.63494e-30 9.16419e-29 1.90349e-28 8.15233e-28 1.09436e-26 
  0.00100   4.57105e-37 3.16485e-33 6.89526e-32 5.80950e-30 9.67185e-29 1.94839e-28 8.26573e-28 1.09648e-26 
  0.01000   4.56860e-36 3.16180e-32 6.25678e-31 1.81708e-29 1.40723e-28 2.42672e-28 9.39713e-28 1.12108e-26 
  0.10000   4.57172e-35 3.13385e-31 5.64627e-30 7.22610e-29 3.40403e-28 5.63177e-28 1.50474e-27 1.21936e-26 
  1.00000   4.56987e-34 2.65574e-30 2.63015e-29 2.21664e-28 7.30754e-28 1.15415e-27 2.50181e-27 5.32484e-27 
 10.00000   4.55830e-33 6.36202e-30 4.37780e-29 3.88962e-28 8.08831e-28 9.56025e-28 1.54378e-27 2.55840e-27 
100.00000   3.53029e-32 4.95488e-30 2.94838e-29 3.00885e-28 4.76555e-28 5.45743e-28 6.90945e-28 8.53242e-28 

         50
          350.0
  0.00001   6.68227e-39 3.80760e-35 9.38904e-34 2.53428e-30 1.41664e-28 2.82226e-28 1.04670e-27 1.14406e-26 
  0.00010   6.67882e-38 3.74515e-34 8.31328e-33 4.10322e-30 1.43003e-28 2.82758e-28 1.04752e-27 1.14400e-26 
  0.00100   6.67694e-37 3.70062e-33 7.59860e-32 8.08722e-30 1.47761e-28 2.87376e-28 1.05422e-27 1.14299e-26 
  0.01000   6.66877e-36 3.69112e-32 6.91695e-31 2.22520e-29 1.85807e-28 3.26150e-28 1.12290e-27 1.15062e-26 
  0.10000   6.68161e-35 3.67498e-31 6.24688e-30 8.20923e-29 3.69041e-28 6.07402e-28 1.50003e-27 1.18163e-26 
  1.00000   6.68336e-34 3.19896e-30 3.20273e-29 2.22871e-28 6.97861e-28 1.08350e-27 2.38744e-27 5.34893e-27 
 10.00000   6.67615e-33 8.17237e-30 5.02045e-29 3.88759e-28 7.53818e-28 8.84223e-28 1.39988e-27 2.59382e-27 
100.00000   5.57518e-32 6.33979e-30 3.79753e-29 2.93918e-28 4.78619e-28 5.38469e-28 7.10343e-28 8.92485e-28 

         50
          400.0
  0.00001   8.59001e-39 3.92053e-35 9.67700e-34 3.70197e-30 1.96533e-28 3.80761e-28 1.24289e-27 1.13523e-26 
  0.00010   8.57439e-38 3.87706e-34 8.40202e-33 5.73394e-30 1.97992e-28 3.81196e-28 1.24302e-27 1.13517e-26 
  0.00100   8.58160e-37 3.83017e-33 7.55291e-32 1.03892e-29 2.02438e-28 3.83930e-28 1.24706e-27 1.13451e-26 
  0.01000   8.59845e-36 3.82526e-32 6.94534e-31 2.58839e-29 2.35615e-28 4.16888e-28 1.28741e-27 1.13237e-26 
  0.10000   8.60041e-35 3.80883e-31 6.34621e-30 9.00524e-29 4.06607e-28 6.44333e-28 1.51796e-27 1.11669e-26 
  1.00000   8.60457e-34 3.43880e-30 3.64346e-29 2.26560e-28 6.72459e-28 1.02187e-27 2.23194e-27 5.22669e-27 
 10.00000   8.57872e-33 9.85754e-30 5.46420e-29 3.85605e-28 7.02390e-28 8.20095e-28 1.26668e-27 2.79590e-27 
100.00000   7.59508e-32 7.54825e-30 4.59821e-29 2.80621e-28 4.65404e-28 5.15282e-28 7.15727e-28 9.10918e-28 

         50
          600.0
  0.00001   1.19362e-38 2.73829e-35 9.75481e-34 8.61620e-30 3.65964e-28 6.59452e-28 1.66566e-27 9.20518e-27 
  0.00010   1.19388e-37 2.71103e-34 7.98189e-33 1.12235e-29 3.68309e-28 6.60687e-28 1.66569e-27 9.20363e-27 
  0.00100   1.19312e-36 2.69906e-33 6.72099e-32 1.72254e-29 3.73662e-28 6.63868e-28 1.66524e-27 9.19008e-27 
  0.01000   1.19390e-35 2.67481e-32 5.83664e-31 3.38406e-29 3.94265e-28 6.80262e-28 1.66285e-27 9.07156e-27 
  0.10000   1.19212e-34 2.67287e-31 5.17209e-30 9.68980e-29 5.04757e-28 7.74099e-28 1.61583e-27 8.26066e-27 
  1.00000   1.19362e-33 2.52846e-30 3.53746e-29 2.33938e-28 6.12747e-28 8.41853e-28 1.70706e-27 4.12293e-27 
 10.00000   1.19534e-32 1.10521e-29 6.62469e-29 3.21508e-28 5.70987e-28 6.66761e-28 9.10300e-28 2.59681e-27 
100.00000   1.17753e-31 1.01516e-29 4.85096e-29 2.56887e-28 3.76220e-28 4.30345e-28 6.45186e-28 8.35756e-28 

         51
          100.0
  0.00001   2.48697e-45 1.44018e-39 8.09449e-36 5.41774e-33 3.08243e-31 1.03600e-30 1.77980e-29 1.59500e-27 
  0.00010   2.46196e-45 1.42022e-38 7.75586e-35 4.11330e-32 1.30889e-30 4.18527e-30 3.20882e-29 1.67319e-27 
  0.00100   2.15193e-45 1.39883e-37 7.51534e-34 3.09462e-31 7.26960e-30 1.84665e-29 8.33982e-29 2.21335e-27 
  0.01000   8.47704e-46 1.38463e-36 7.33336e-33 2.53908e-30 4.71548e-29 8.48983e-29 4.08360e-28 9.03945e-27 
  0.10000   1.01039e-46 1.36999e-35 7.19103e-32 1.67847e-29 2.96737e-28 5.31609e-28 2.79562e-27 3.76793e-26 
  1.00000   1.07786e-47 1.28260e-34 5.67147e-31 4.55021e-29 2.07596e-27 3.77302e-27 9.52587e-27 2.78774e-26 
 10.00000   3.65339e-48 8.88997e-34 9.47171e-31 6.95248e-29 4.37724e-27 6.30232e-27 8.03807e-27 1.50220e-26 
100.00000   7.37476e-49 2.56907e-33 4.03033e-31 8.50191e-29 1.44209e-27 1.78707e-27 2.11239e-27 2.28596e-27 

         51
          150.0
  0.00001   1.71172e-45 5.36972e-39 1.07337e-35 1.45340e-32 1.00256e-30 4.68496e-30 5.91063e-29 4.36710e-27 
  0.00010   1.69692e-45 5.38662e-38 1.03986e-34 1.04713e-31 3.14019e-30 8.93901e-30 6.69791e-29 4.44186e-27 
  0.00100   1.55876e-45 5.38136e-37 9.95337e-34 6.65478e-31 1.17471e-29 2.81980e-29 1.17848e-28 5.30812e-27 
  0.01000   8.02322e-46 5.37805e-36 9.61710e-33 4.24602e-30 5.00886e-29 9.96310e-29 4.06424e-28 1.11183e-26 
  0.10000   1.11325e-46 5.38408e-35 8.97249e-32 2.66924e-29 2.74375e-28 4.61354e-28 2.37996e-27 3.86542e-26 
  1.00000   1.16341e-47 5.28496e-34 6.60937e-31 7.75677e-29 1.80497e-27 3.10205e-27 9.02883e-27 3.02363e-26 
 10.00000   3.34997e-48 3.64364e-33 1.12319e-30 1.64229e-28 4.23639e-27 5.32778e-27 7.03486e-27 1.80593e-26 
100.00000   9.27698e-49 1.17282e-32 6.02796e-31 1.83351e-28 1.96589e-27 2.36308e-27 2.89506e-27 3.20648e-27 

         51
          200.0
  0.00001   1.27451e-45 6.94270e-39 1.52527e-35 2.35237e-32 4.17368e-30 1.65249e-29 1.13704e-28 1.10383e-26 
  0.00010   1.26666e-45 6.93416e-38 1.46857e-34 1.43560e-31 7.30362e-30 2.15724e-29 1.21786e-28 1.10928e-26 
  0.00100   1.19177e-45 6.94182e-37 1.43350e-33 1.06332e-30 1.92167e-29 4.11954e-29 1.76709e-28 1.18503e-26 
  0.01000   7.17629e-46 6.94442e-36 1.41783e-32 7.53337e-30 6.26308e-29 1.20218e-28 4.89433e-28 1.68359e-26 
  0.10000   1.16338e-46 6.92309e-35 1.38099e-31 4.01523e-29 3.05520e-28 5.74203e-28 2.20297e-27 3.80025e-26 
  1.00000   1.21231e-47 6.93097e-34 9.18907e-31 1.65321e-28 1.56811e-27 2.73989e-27 8.51195e-27 3.07551e-26 
 10.00000   3.07513e-48 6.61065e-33 1.36291e-30 3.57055e-28 3.84465e-27 4.80939e-27 6.10434e-27 1.98255e-26 
100.00000   1.04270e-48 2.60646e-32 8.37535e-31 3.37321e-28 2.20575e-27 2.55891e-27 3.34244e-27 3.91434e-27 

         51
          250.0
  0.00001   9.98826e-46 7.14196e-39 2.19952e-35 3.59440e-32 1.21170e-29 4.12596e-29 2.51245e-28 1.81340e-26 
  0.00010   9.94136e-46 7.12927e-38 2.14780e-34 2.15497e-31 1.62659e-29 4.77741e-29 2.62781e-28 1.81894e-26 
  0.00100   9.48760e-46 7.14248e-37 2.12778e-33 1.37504e-30 3.21531e-29 6.49509e-29 3.17271e-28 1.85889e-26 
  0.01000   6.32189e-46 7.14150e-36 2.11877e-32 9.45721e-30 8.46726e-29 1.63195e-28 6.15178e-28 2.23237e-26 
  0.10000   1.18428e-46 7.14065e-35 2.10189e-31 5.86259e-29 3.55677e-28 7.03697e-28 2.58695e-27 3.67954e-26 
  1.00000   1.23995e-47 7.14950e-34 1.43514e-30 2.59375e-28 1.51697e-27 2.59342e-27 7.88543e-27 3.05574e-26 
 10.00000   2.83930e-48 7.05621e-33 1.67094e-30 5.53736e-28 3.55682e-27 4.24982e-27 5.43282e-27 2.04692e-26 
100.00000   1.11922e-48 3.57707e-32 1.15437e-30 5.58604e-28 2.22004e-27 2.55949e-27 3.50828e-27 4.43380e-27 

         51
          300.0
  0.00001   7.95408e-46 7.44027e-39 3.71520e-35 7.71162e-32 2.44011e-29 7.26646e-29 5.50175e-28 2.40985e-26 
  0.00010   7.92471e-46 7.44935e-38 3.56935e-34 2.96750e-31 2.99479e-29 8.17054e-29 5.63169e-28 2.41265e-26 
  0.00100   7.63762e-46 7.42846e-37 3.46040e-33 1.82592e-30 4.65892e-29 1.08126e-28 6.09739e-28 2.44031e-26 
  0.01000   5.49095e-46 7.44961e-36 3.40266e-32 1.14403e-29 1.18737e-28 2.32425e-28 8.92953e-28 2.64230e-26 
  0.10000   1.17995e-46 7.44913e-35 3.35184e-31 6.88857e-29 4.32673e-28 8.13611e-28 3.02128e-27 3.77809e-26 
  1.00000   1.25190e-47 7.44960e-34 2.14945e-30 3.51145e-28 1.54743e-27 2.67571e-27 7.46552e-27 3.00381e-26 
 10.00000   2.64066e-48 7.44439e-33 2.28885e-30 7.28881e-28 3.26225e-27 3.81903e-27 4.89525e-27 2.01335e-26 
100.00000   1.16203e-48 4.65231e-32 1.72558e-30 7.90468e-28 2.15172e-27 2.45533e-27 3.60288e-27 4.77755e-27 

         51
          350.0
  0.00001   6.44391e-46 7.66184e-39 5.51972e-35 1.50599e-31 3.81707e-29 1.29032e-28 1.04176e-27 2.85561e-26 
  0.00010   6.42418e-46 7.64474e-38 4.93241e-34 4.51373e-31 4.40793e-29 1.43665e-28 1.05416e-27 2.85602e-26 
  0.00100   6.23001e-46 7.67540e-37 4.65433e-33 2.19734e-30 6.39532e-29 1.84911e-28 1.11510e-27 2.86714e-26 
  0.01000   4.73490e-46 7.65994e-36 4.47933e-32 1.34563e-29 1.61368e-28 3.21279e-28 1.37281e-27 2.93228e-26 
  0.10000   1.15629e-46 7.66865e-35 4.36851e-31 7.82612e-29 5.44656e-28 9.71405e-28 3.39883e-27 3.78925e-26 
  1.00000   1.25102e-47 7.68401e-34 2.90361e-30 4.23083e-28 1.72982e-27 2.82262e-27 7.22666e-27 2.88350e-26 
 10.00000   2.47365e-48 7.66693e-33 3.85393e-30 9.18758e-28 3.11515e-27 3.55765e-27 4.39726e-27 1.92851e-26 
100.00000   1.17840e-48 5.21161e-32 3.11700e-30 1.00392e-27 2.06531e-27 2.23278e-27 3.58076e-27 4.94464e-27 

         51
          400.0
  0.00001   5.30792e-46 7.62628e-39 7.72817e-35 2.69518e-31 5.46803e-29 2.20818e-28 1.73213e-27 3.20682e-26 
  0.00010   5.29442e-46 7.61205e-38 6.90632e-34 6.50457e-31 6.20787e-29 2.36843e-28 1.74400e-27 3.20700e-26 
  0.00100   5.16066e-46 7.63211e-37 6.37276e-33 2.65335e-30 8.85937e-29 2.87456e-28 1.80490e-27 3.21417e-26 
  0.01000   4.07267e-46 7.63117e-36 6.03618e-32 1.47483e-29 2.03625e-28 4.43215e-28 2.06115e-27 3.23420e-26 
  0.10000   1.10906e-46 7.63328e-35 5.81279e-31 8.97727e-29 6.72522e-28 1.19152e-27 3.79355e-27 3.71629e-26 
  1.00000   1.22224e-47 7.63702e-34 3.61694e-30 4.50851e-28 1.89963e-27 2.93775e-27 7.10893e-27 2.73112e-26 
 10.00000   2.31881e-48 7.61771e-33 5.27348e-30 1.04757e-27 2.92126e-27 3.42282e-27 4.51918e-27 1.80432e-26 
100.00000   1.17633e-48 5.48752e-32 5.18609e-30 1.17107e-27 1.87665e-27 2.15180e-27 3.46697e-27 4.96493e-27 

         51
          600.0
  0.00001   2.58839e-46 5.98003e-39 1.58410e-34 9.88460e-31 1.98605e-28 8.12263e-28 4.85426e-27 3.60231e-26 
  0.00010   2.58451e-46 5.97316e-38 1.27826e-33 1.71125e-30 2.07561e-28 8.26266e-28 4.85986e-27 3.60201e-26 
  0.00100   2.54538e-46 5.96931e-37 1.00495e-32 4.33098e-30 2.49958e-28 8.99513e-28 4.89069e-27 3.59734e-26 
  0.01000   2.20016e-46 5.96833e-36 8.74626e-32 1.76954e-29 3.94994e-28 1.16012e-27 5.00828e-27 3.56950e-26 
  0.10000   8.25934e-47 5.98082e-35 7.65558e-31 1.09839e-28 1.07986e-27 1.99337e-27 5.63829e-27 3.35177e-26 
  1.00000   1.04140e-47 5.98033e-34 4.52448e-30 6.14313e-28 2.32488e-27 3.40967e-27 6.67627e-27 2.14533e-26 
 10.00000   1.83386e-48 5.96485e-33 1.34712e-29 1.28072e-27 2.27381e-27 2.71267e-27 4.44904e-27 1.23700e-26 
100.00000   1.07145e-48 4.83923e-32 1.78275e-29 1.10908e-27 1.66606e-27 2.05331e-27 2.74040e-27 4.22771e-27 

         52
          100.0
  0.00001   5.27078e-40 1.71150e-36 8.36923e-35 7.94361e-33 4.89474e-31 2.74564e-30 4.95408e-29 1.77588e-27 
  0.00010   5.11661e-39 1.70168e-35 7.97721e-34 5.97137e-32 1.52674e-30 5.11961e-30 5.47923e-29 1.79985e-27 
  0.00100   4.98069e-38 1.68959e-34 7.66800e-33 4.63092e-31 6.04866e-30 1.65806e-29 8.22204e-29 1.95654e-27 
  0.01000   4.86984e-37 1.68132e-33 7.39103e-32 3.72386e-30 3.21712e-29 6.58271e-29 2.53103e-28 3.83355e-27 
  0.10000   4.74409e-36 1.65806e-32 6.87889e-31 2.25396e-29 1.59872e-28 2.90426e-28 1.14614e-27 1.17408e-26 
  1.00000   4.63906e-35 1.40083e-31 3.69593e-30 5.07579e-29 7.40481e-28 1.24633e-27 2.80916e-27 7.05820e-27 
 10.00000   4.37252e-34 5.24259e-31 5.22668e-30 6.46591e-29 9.76928e-28 1.51421e-27 1.99145e-27 4.07054e-27 
100.00000   1.62794e-33 3.93410e-31 2.22017e-30 5.95630e-29 2.73081e-28 3.22251e-28 5.47780e-28 6.18412e-28 

         52
          150.0
  0.00001   8.92889e-40 3.61917e-36 1.15453e-34 1.83672e-32 3.25226e-30 1.55860e-29 1.12925e-28 2.65400e-27 
  0.00010   8.74779e-39 3.61063e-35 1.09399e-33 9.29842e-32 4.95294e-30 1.76684e-29 1.16431e-28 2.65993e-27 
  0.00100   8.59825e-38 3.59702e-34 1.03630e-32 5.73683e-31 1.17132e-29 3.04461e-29 1.34111e-28 2.78783e-27 
  0.01000   8.44529e-37 3.58782e-33 9.84141e-32 4.21242e-30 3.86470e-29 7.90060e-29 2.54736e-28 4.60615e-27 
  0.10000   8.30416e-36 3.52685e-32 9.15795e-31 2.69496e-29 1.45435e-28 2.63062e-28 9.87239e-28 1.21833e-26 
  1.00000   8.19377e-35 2.94579e-31 5.14618e-30 6.80655e-29 6.07489e-28 1.09035e-27 2.70685e-27 7.22581e-27 
 10.00000   8.09304e-34 8.93488e-31 7.90114e-30 1.11596e-28 9.25033e-28 1.32014e-27 1.79905e-27 4.57239e-27 
100.00000   3.76611e-33 7.08851e-31 3.75461e-30 1.05084e-28 3.83093e-28 4.59712e-28 7.23126e-28 8.71541e-28 

         52
          200.0
  0.00001   1.08252e-39 5.12485e-36 1.51812e-34 5.97864e-32 1.20361e-29 3.82186e-29 2.05611e-28 4.85338e-27 
  0.00010   1.06631e-38 5.12795e-35 1.43359e-33 2.00420e-31 1.36272e-29 3.95886e-29 2.08194e-28 4.86499e-27 
  0.00100   1.05226e-37 5.12667e-34 1.36006e-32 8.81800e-31 2.09287e-29 4.87266e-29 2.24954e-28 4.93982e-27 
  0.01000   1.03791e-36 5.11158e-33 1.29472e-31 4.97257e-30 5.02156e-29 9.87634e-29 3.38878e-28 6.06530e-27 
  0.10000   1.02523e-35 5.11011e-32 1.18158e-30 3.00664e-29 1.56872e-28 2.73656e-28 9.47194e-28 1.22337e-26 
  1.00000   1.01181e-34 4.44668e-31 6.57704e-30 9.18309e-29 5.45414e-28 9.80260e-28 2.56357e-27 7.57112e-27 
 10.00000   9.78754e-34 1.12799e-30 1.03185e-29 1.78561e-28 8.90763e-28 1.18208e-27 1.56864e-27 4.80613e-27 
100.00000   5.79043e-33 9.79635e-31 5.45705e-30 1.46232e-28 4.59772e-28 5.48509e-28 7.81187e-28 1.06413e-27 

         52
          250.0
  0.00001   1.23995e-39 6.48126e-36 1.85201e-34 1.74281e-31 2.91597e-29 6.50693e-29 3.36042e-28 7.25641e-27 
  0.00010   1.22212e-38 6.48404e-35 1.71971e-33 4.17580e-31 3.06544e-29 6.62089e-29 3.37580e-28 7.26050e-27 
  0.00100   1.21093e-37 6.48586e-34 1.61668e-32 1.44291e-30 3.67254e-29 7.32877e-29 3.50587e-28 7.33193e-27 
  0.01000   1.19880e-36 6.48623e-33 1.54511e-31 6.55634e-30 6.37748e-29 1.23618e-28 4.43765e-28 8.01592e-27 
  0.10000   1.18859e-35 6.47046e-32 1.46515e-30 3.21948e-29 1.75289e-28 3.27499e-28 9.78965e-28 1.20149e-26 
  1.00000   1.17324e-34 5.98021e-31 7.78081e-30 1.13258e-28 5.18639e-28 9.29194e-28 2.42810e-27 7.70927e-27 
 10.00000   1.17303e-33 1.57346e-30 1.15437e-29 2.38399e-28 8.53366e-28 1.08604e-27 1.46151e-27 4.76808e-27 
100.00000   8.73041e-33 1.41715e-30 6.48565e-30 1.85629e-28 5.10060e-28 5.88800e-28 7.80633e-28 1.19821e-27 

         52
          300.0
  0.00001   1.42207e-39 6.93528e-36 2.23092e-34 3.71210e-31 5.16567e-29 1.06010e-28 4.81116e-28 9.03877e-27 
  0.00010   1.40700e-38 6.93041e-35 2.03504e-33 7.85225e-31 5.36195e-29 1.07452e-28 4.82136e-28 9.04899e-27 
  0.00100   1.39414e-37 6.92818e-34 1.87430e-32 2.11296e-30 5.95370e-29 1.14787e-28 4.90755e-28 9.08586e-27 
  0.01000   1.38427e-36 6.93523e-33 1.77186e-31 8.40706e-30 8.49157e-29 1.57190e-28 5.58266e-28 9.40186e-27 
  0.10000   1.37683e-35 6.92969e-32 1.68882e-30 3.70849e-29 1.99721e-28 3.71439e-28 1.13284e-27 1.17104e-26 
  1.00000   1.36648e-34 6.54236e-31 9.23695e-30 1.29853e-28 5.32793e-28 9.21345e-28 2.35821e-27 7.60732e-27 
 10.00000   1.34108e-33 1.99131e-30 1.20431e-29 2.89859e-28 8.27250e-28 1.01686e-27 1.41660e-27 4.59855e-27 
100.00000   1.13971e-32 1.81276e-30 7.31107e-30 2.16120e-28 5.33585e-28 5.92871e-28 7.57867e-28 1.28246e-27 

         52
          350.0
  0.00001   1.50526e-39 6.55035e-36 2.59197e-34 6.49119e-31 7.66335e-29 1.62875e-28 6.46215e-28 1.02417e-26 
  0.00010   1.49406e-38 6.55199e-35 2.32332e-33 1.24496e-30 7.92150e-29 1.64930e-28 6.47053e-28 1.02459e-26 
  0.00100   1.48670e-37 6.54736e-34 2.09718e-32 2.95462e-30 8.67707e-29 1.71906e-28 6.55434e-28 1.02720e-26 
  0.01000   1.47888e-36 6.54726e-33 1.93727e-31 1.01677e-29 1.15522e-28 2.13687e-28 7.29057e-28 1.04237e-26 
  0.10000   1.47032e-35 6.53770e-32 1.83356e-30 4.25812e-29 2.32810e-28 4.22968e-28 1.30776e-27 1.14098e-26 
  1.00000   1.45943e-34 6.26195e-31 1.04873e-29 1.43465e-28 5.53394e-28 9.35863e-28 2.26912e-27 7.35434e-27 
 10.00000   1.45786e-33 2.29230e-30 1.39690e-29 3.15495e-28 7.79868e-28 9.58062e-28 1.42843e-27 4.32189e-27 
100.00000   1.34552e-32 1.98655e-30 9.12096e-30 2.36990e-28 5.29066e-28 5.88096e-28 7.44199e-28 1.32268e-27 

         52
          400.0
  0.00001   1.56097e-39 5.73272e-36 2.92927e-34 9.84563e-31 1.02465e-28 2.27248e-28 8.51444e-28 1.09041e-26 
  0.00010   1.55115e-38 5.73809e-35 2.58732e-33 1.75360e-30 1.06307e-28 2.30230e-28 8.52218e-28 1.09024e-26 
  0.00100   1.54135e-37 5.74462e-34 2.27358e-32 3.81614e-30 1.15603e-28 2.39330e-28 8.59981e-28 1.08926e-26 
  0.01000   1.53721e-36 5.72640e-33 2.05528e-31 1.15233e-29 1.46716e-28 2.78875e-28 9.28641e-28 1.08610e-26 
  0.10000   1.53080e-35 5.74099e-32 1.91993e-30 4.70958e-29 2.69137e-28 4.76463e-28 1.45126e-27 1.10140e-26 
  1.00000   1.52273e-34 5.53429e-31 1.12071e-29 1.52768e-28 5.87348e-28 9.47527e-28 2.20045e-27 6.99505e-27 
 10.00000   1.50196e-33 2.24173e-30 1.50653e-29 3.33514e-28 7.27283e-28 8.98430e-28 1.41871e-27 4.00686e-27 
100.00000   1.47218e-32 2.01948e-30 9.63608e-30 2.49566e-28 5.31103e-28 5.86375e-28 7.83813e-28 1.32598e-27 

         52
          600.0
  0.00001   1.29996e-39 3.15961e-36 3.84303e-34 2.42604e-30 1.71850e-28 4.38851e-28 1.75124e-27 1.00274e-26 
  0.00010   1.29890e-38 3.15091e-35 3.15046e-33 3.60870e-30 1.79757e-28 4.46144e-28 1.75152e-27 1.00270e-26 
  0.00100   1.29601e-37 3.14065e-34 2.53045e-32 6.30167e-30 1.94681e-28 4.59823e-28 1.75325e-27 1.00105e-26 
  0.01000   1.29318e-36 3.14319e-33 2.07361e-31 1.44466e-29 2.33213e-28 5.07055e-28 1.77563e-27 9.89408e-27 
  0.10000   1.28820e-35 3.13782e-32 1.79422e-30 5.00622e-29 3.96437e-28 7.09519e-28 1.90892e-27 8.88324e-27 
  1.00000   1.28689e-34 3.07203e-31 1.12127e-29 1.92700e-28 6.82141e-28 9.84564e-28 1.94275e-27 5.44815e-27 
 10.00000   1.27195e-33 1.60016e-30 1.74622e-29 3.68866e-28 6.30448e-28 7.76252e-28 1.33929e-27 3.08502e-27 
100.00000   1.36478e-32 1.67732e-30 1.04174e-29 2.93905e-28 5.14087e-28 6.08001e-28 7.57019e-28 1.12860e-27 

         53
          100.0
  0.00001   2.37900e-45 2.52589e-45 5.80935e-40 1.60489e-35 2.01029e-34 4.69673e-34 4.38593e-33 2.67536e-29 
  0.00010   2.34563e-45 2.49055e-45 5.76376e-39 1.59956e-34 1.93921e-33 4.38786e-33 2.64040e-32 2.68593e-29 
  0.00100   2.04880e-45 2.17580e-45 5.73553e-38 1.59725e-33 1.88353e-32 4.16294e-32 2.06020e-31 2.73384e-29 
  0.01000   8.06437e-46 8.57396e-46 5.72100e-37 1.59401e-32 1.84070e-31 3.96257e-31 1.65680e-30 3.16724e-29 
  0.10000   9.60097e-47 1.02283e-46 5.69530e-36 1.58512e-31 1.63827e-30 3.22149e-30 9.85639e-30 4.67534e-29 
  1.00000   1.02569e-47 1.10035e-47 5.67518e-35 1.08876e-30 4.35298e-30 7.08922e-30 2.53322e-29 1.68050e-28 
 10.00000   3.47828e-48 3.74385e-48 5.55206e-34 1.79318e-30 6.52180e-30 1.02662e-29 1.47466e-28 1.18712e-27 
100.00000   7.02500e-49 7.56140e-49 2.25726e-33 6.68646e-31 9.90526e-31 3.50654e-29 2.67365e-28 4.98722e-28 

         53
          150.0
  0.00001   1.62956e-45 1.73044e-45 6.84741e-40 1.24335e-35 1.68788e-34 4.31105e-34 7.58980e-33 3.66991e-29 
  0.00010   1.61539e-45 1.71543e-45 6.81452e-39 1.24551e-34 1.59566e-33 3.88180e-33 4.43509e-32 3.67049e-29 
  0.00100   1.48372e-45 1.57581e-45 6.80196e-38 1.24243e-33 1.53464e-32 3.62101e-32 2.42497e-31 3.68568e-29 
  0.01000   7.63255e-46 8.11315e-46 6.78157e-37 1.24441e-32 1.49228e-31 3.40668e-31 1.64678e-30 3.74177e-29 
  0.10000   1.05793e-46 1.12707e-46 6.75127e-36 1.23773e-31 1.37342e-30 2.94384e-30 9.56476e-30 4.47550e-29 
  1.00000   1.10651e-47 1.18713e-47 6.73236e-35 9.70532e-31 4.11915e-30 6.32395e-30 2.12598e-29 1.49193e-28 
 10.00000   3.18844e-48 3.43355e-48 6.64001e-34 1.65861e-30 6.43235e-30 1.00321e-29 9.95162e-29 1.12914e-27 
100.00000   8.83603e-49 9.51267e-49 3.54558e-33 9.05062e-31 1.53654e-30 1.97097e-29 2.75067e-28 6.89988e-28 

         53
          200.0
  0.00001   1.21312e-45 1.28847e-45 6.25135e-40 9.77890e-36 1.73027e-34 5.63735e-34 1.53199e-32 3.94689e-29 
  0.00010   1.20559e-45 1.28050e-45 6.24072e-39 9.78901e-35 1.37124e-33 3.65774e-33 5.66461e-32 3.94757e-29 
  0.00100   1.13422e-45 1.20480e-45 6.21857e-38 9.77583e-34 1.26292e-32 3.13130e-32 2.84339e-31 3.93815e-29 
  0.01000   6.82666e-46 7.25632e-46 6.20965e-37 9.78931e-33 1.21577e-31 2.90437e-31 1.63349e-30 3.90619e-29 
  0.10000   1.10550e-46 1.17758e-46 6.19218e-36 9.76710e-32 1.13267e-30 2.56256e-30 8.85943e-30 4.22477e-29 
  1.00000   1.15255e-47 1.23637e-47 6.17245e-35 8.15942e-31 3.93954e-30 5.86450e-30 1.85832e-29 1.29856e-28 
 10.00000   2.92594e-48 3.15175e-48 6.07862e-34 1.47341e-30 5.99559e-30 9.93344e-30 7.44359e-29 1.02707e-27 
100.00000   9.93045e-49 1.06925e-48 3.66948e-33 9.96387e-31 1.81839e-30 1.10145e-29 2.66520e-28 8.26773e-28 

         53
          250.0
  0.00001   9.50573e-46 1.00972e-45 5.28247e-40 7.68441e-36 1.87662e-34 8.47186e-34 4.92030e-32 3.83154e-29 
  0.00010   9.46073e-46 1.00496e-45 5.27339e-39 7.68685e-35 1.32015e-33 4.23333e-33 7.77948e-32 3.83036e-29 
  0.00100   9.02836e-46 9.59098e-46 5.26127e-38 7.69506e-34 1.06127e-32 2.81861e-32 3.18548e-31 3.82082e-29 
  0.01000   6.01377e-46 6.39199e-46 5.25259e-37 7.68722e-33 9.94011e-32 2.47349e-31 1.58862e-30 3.75374e-29 
  0.10000   1.12536e-46 1.19848e-46 5.24188e-36 7.68323e-32 9.28413e-31 2.17747e-30 7.97871e-30 3.89573e-29 
  1.00000   1.17856e-47 1.26400e-47 5.22477e-35 6.68294e-31 3.70694e-30 5.55782e-30 1.65713e-29 1.10753e-28 
 10.00000   2.70093e-48 2.90975e-48 5.14920e-34 1.28646e-30 5.46733e-30 9.50010e-30 5.84496e-29 9.06284e-28 
100.00000   1.06584e-48 1.14773e-48 3.35236e-33 9.99872e-31 1.91695e-30 9.17283e-30 2.49252e-28 9.04980e-28 

         53
          300.0
  0.00001   7.56946e-46 8.04113e-46 4.36458e-40 6.09435e-36 1.86150e-34 1.10005e-33 1.11537e-31 3.57007e-29 
  0.00010   7.54124e-46 8.01128e-46 4.35379e-39 6.08857e-35 1.29803e-33 5.03824e-33 1.27603e-31 3.56962e-29 
  0.00100   7.26764e-46 7.72106e-46 4.33917e-38 6.08976e-34 9.39748e-33 2.75362e-32 3.49982e-31 3.56343e-29 
  0.01000   5.22348e-46 5.55170e-46 4.33580e-37 6.09424e-33 8.21179e-32 2.11961e-31 1.49779e-30 3.49210e-29 
  0.10000   1.12129e-46 1.19388e-46 4.31888e-36 6.08146e-32 7.58446e-31 1.83202e-30 7.09767e-30 3.51207e-29 
  1.00000   1.18978e-47 1.27572e-47 4.30964e-35 5.45380e-31 3.41635e-30 5.21672e-30 1.46092e-29 9.33501e-29 
 10.00000   2.51156e-48 2.70581e-48 4.24725e-34 1.08884e-30 4.92470e-30 8.80224e-30 4.68232e-29 7.81332e-28 
100.00000   1.10656e-48 1.19161e-48 3.00018e-33 9.63265e-31 1.95914e-30 7.80886e-30 2.25309e-28 9.33660e-28 

         53
          350.0
  0.00001   6.13216e-46 6.51465e-46 3.58655e-40 4.86989e-36 1.79220e-34 1.22109e-33 1.93945e-31 3.23210e-29 
  0.00010   6.11317e-46 6.49458e-46 3.57784e-39 4.87047e-35 1.23143e-33 5.59823e-33 2.08872e-31 3.23122e-29 
  0.00100   5.92812e-46 6.29829e-46 3.56722e-38 4.86524e-34 8.56394e-33 2.79695e-32 3.85808e-31 3.22380e-29 
  0.01000   4.50437e-46 4.78737e-46 3.55957e-37 4.86625e-33 6.89601e-32 1.85665e-31 1.39556e-30 3.16029e-29 
  0.10000   1.09886e-46 1.16973e-46 3.55504e-36 4.86225e-32 6.26450e-31 1.53959e-30 6.23840e-30 3.16863e-29 
  1.00000   1.18887e-47 1.27442e-47 3.54806e-35 4.42517e-31 3.06757e-30 4.84637e-30 1.29690e-29 7.84129e-29 
 10.00000   2.35245e-48 2.53429e-48 3.49217e-34 9.58236e-31 4.39943e-30 8.07375e-30 3.79518e-29 6.66020e-28 
100.00000   1.12210e-48 1.20836e-48 2.69700e-33 8.87442e-31 1.89928e-30 6.56573e-30 1.98900e-28 9.18034e-28 

         53
          400.0
  0.00001   5.05100e-46 5.36622e-46 2.95065e-40 3.90912e-36 1.78679e-34 1.25024e-33 2.84516e-31 2.87410e-29 
  0.00010   5.03798e-46 5.35247e-46 2.94417e-39 3.91351e-35 1.15764e-33 5.92456e-33 2.95991e-31 2.87360e-29 
  0.00100   4.91049e-46 5.21723e-46 2.93697e-38 3.91490e-34 7.80212e-33 2.80929e-32 4.23447e-31 2.86916e-29 
  0.01000   3.87440e-46 4.11770e-46 2.92888e-37 3.91463e-33 5.84878e-32 1.64783e-31 1.30128e-30 2.81527e-29 
  0.10000   1.05401e-46 1.12185e-46 2.92725e-36 3.91220e-32 5.17778e-31 1.29328e-30 5.43348e-30 2.84363e-29 
  1.00000   1.16147e-47 1.24476e-47 2.91267e-35 3.61032e-31 2.70340e-30 4.42485e-30 1.14225e-29 6.56349e-29 
 10.00000   2.20503e-48 2.37529e-48 2.88011e-34 8.28266e-31 3.89977e-30 7.25115e-30 3.11431e-29 5.61873e-28 
100.00000   1.12010e-48 1.20617e-48 2.37259e-33 8.12626e-31 1.81437e-30 5.50390e-30 1.73930e-28 8.74418e-28 

         53
          600.0
  0.00001   2.46289e-46 2.61686e-46 1.40316e-40 1.73299e-36 1.19230e-34 1.32187e-33 5.37234e-31 1.69823e-29 
  0.00010   2.45912e-46 2.61289e-46 1.39848e-39 1.73467e-35 8.39670e-34 5.24573e-33 5.40896e-31 1.69805e-29 
  0.00100   2.42180e-46 2.57331e-46 1.39761e-38 1.73549e-34 5.29675e-33 2.20509e-32 5.61556e-31 1.69644e-29 
  0.01000   2.09301e-46 2.22438e-46 1.39306e-37 1.73205e-33 3.33265e-32 1.09517e-31 1.03343e-30 1.68243e-29 
  0.10000   7.85051e-47 8.35296e-47 1.39224e-36 1.73196e-32 2.54685e-31 6.76058e-31 3.14782e-30 1.71343e-29 
  1.00000   9.89617e-48 1.05968e-47 1.39020e-35 1.65167e-31 1.51771e-30 2.78280e-30 6.74617e-30 3.23736e-29 
 10.00000   1.74370e-48 1.87738e-48 1.37051e-34 4.77886e-31 2.34585e-30 4.46467e-30 1.48832e-29 2.84683e-28 
100.00000   1.02025e-48 1.09838e-48 1.28614e-33 5.04209e-31 1.36026e-30 2.74202e-30 9.55368e-29 6.14480e-28 

         54
          100.0
  0.00001   2.42115e-45 1.97695e-43 3.50384e-36 4.88966e-34 1.12070e-32 4.03340e-32 2.27101e-30 4.09003e-28 
  0.00010   2.38722e-45 5.57075e-43 3.46875e-35 4.26277e-33 6.77840e-32 1.86273e-31 2.75943e-30 4.12907e-28 
  0.00100   2.08524e-45 1.44734e-42 3.41567e-34 3.81749e-32 4.35537e-31 1.04792e-30 7.89203e-30 4.52807e-28 
  0.01000   8.21051e-46 2.37960e-42 3.37509e-33 3.41211e-31 3.18286e-30 7.13025e-30 3.30171e-29 7.17966e-28 
  0.10000   9.77932e-47 1.99184e-42 3.24108e-32 2.86996e-30 2.24791e-29 4.08782e-29 1.40661e-28 1.31590e-27 
  1.00000   1.04301e-47 1.55513e-42 2.42807e-31 9.50430e-30 9.27021e-29 1.43216e-28 2.78019e-28 9.55058e-28 
 10.00000   3.53457e-48 2.29466e-42 6.71760e-31 1.78571e-29 1.09908e-28 1.53509e-28 2.61087e-28 5.07743e-28 
100.00000   7.13634e-49 1.78434e-42 3.98663e-31 1.24652e-29 3.28707e-29 4.28598e-29 7.51684e-29 9.03821e-29 

         54
          150.0
  0.00001   1.65867e-45 1.88175e-43 5.32880e-36 6.19754e-34 3.80698e-32 3.52655e-31 1.21476e-29 8.32564e-28 
  0.00010   1.64426e-45 5.22963e-43 5.28841e-35 5.27761e-33 1.41238e-31 6.45357e-31 1.25067e-29 8.34971e-28 
  0.00100   1.51029e-45 1.38237e-42 5.26236e-34 4.45471e-32 6.90631e-31 1.89367e-30 1.49543e-29 8.53027e-28 
  0.01000   7.77090e-46 2.62844e-42 5.24360e-33 3.81760e-31 3.87738e-30 8.26855e-30 3.67700e-29 1.00525e-27 
  0.10000   1.07750e-46 2.37993e-42 5.16849e-32 3.11107e-30 1.98200e-29 3.70319e-29 1.19153e-28 1.31626e-27 
  1.00000   1.12559e-47 1.82684e-42 4.30100e-31 1.23427e-29 8.11188e-29 1.28836e-28 2.73023e-28 9.39146e-28 
 10.00000   3.24044e-48 2.45915e-42 1.05994e-30 2.51621e-29 1.10620e-28 1.52519e-28 2.37161e-28 5.44001e-28 
100.00000   8.97649e-49 2.48989e-42 6.42005e-31 1.70729e-29 4.41780e-29 6.12665e-29 9.95596e-29 1.27434e-28 

         54
          200.0
  0.00001   1.23487e-45 1.57751e-43 6.50737e-36 7.50159e-34 2.07735e-31 1.89012e-30 3.12165e-29 1.08106e-27 
  0.00010   1.22722e-45 4.37299e-43 6.47336e-35 5.60057e-33 3.76346e-31 2.37511e-30 3.14180e-29 1.08214e-27 
  0.00100   1.15460e-45 1.16749e-42 6.46171e-34 4.76239e-32 1.16744e-30 3.99328e-30 3.26050e-29 1.08841e-27 
  0.01000   6.95049e-46 2.41485e-42 6.45348e-33 4.16329e-31 5.14768e-30 1.14405e-29 4.80568e-29 1.16483e-27 
  0.10000   1.12599e-46 2.38116e-42 6.43804e-32 3.47160e-30 2.19426e-29 3.82363e-29 1.08818e-28 1.35990e-27 
  1.00000   1.17271e-47 1.82207e-42 5.64147e-31 1.41692e-29 7.32623e-29 1.15332e-28 2.67704e-28 9.41553e-28 
 10.00000   2.97407e-48 2.27664e-42 1.42671e-30 3.04760e-29 1.09186e-28 1.49626e-28 2.12697e-28 5.51116e-28 
100.00000   1.00887e-48 2.69539e-42 9.52322e-31 2.02029e-29 5.28954e-29 7.06734e-29 1.08686e-28 1.54557e-28 

         54
          250.0
  0.00001   9.67667e-46 1.29319e-43 7.62536e-36 9.27553e-34 6.54463e-31 5.36019e-30 5.24501e-29 1.17515e-27 
  0.00010   9.63091e-46 3.58230e-43 7.60610e-35 6.62453e-33 9.90990e-31 5.96448e-30 5.26138e-29 1.17540e-27 
  0.00100   9.19091e-46 9.63053e-43 7.60878e-34 5.01773e-32 1.96713e-30 7.78065e-30 5.39850e-29 1.17548e-27 
  0.01000   6.12283e-46 2.10666e-42 7.59523e-33 4.26529e-31 6.72301e-30 1.47285e-29 6.57791e-29 1.20848e-27 
  0.10000   1.14624e-46 2.24799e-42 7.58528e-32 3.64199e-30 2.54029e-29 4.26430e-29 1.16456e-28 1.33763e-27 
  1.00000   1.19934e-47 1.72296e-42 6.97825e-31 1.56423e-29 6.94524e-29 1.11694e-28 2.60421e-28 9.37287e-28 
 10.00000   2.74566e-48 2.03562e-42 1.61858e-30 3.42108e-29 1.05581e-28 1.40287e-28 1.92568e-28 5.36926e-28 
100.00000   1.08286e-48 2.66936e-42 1.28914e-30 2.30241e-29 5.86844e-29 7.67488e-29 1.08685e-28 1.74242e-28 

         54
          300.0
  0.00001   7.70569e-46 1.05650e-43 7.94166e-36 1.21580e-33 1.43350e-30 9.93385e-30 7.21070e-29 1.18861e-27 
  0.00010   7.67699e-46 2.91823e-43 7.92943e-35 7.50890e-33 1.92024e-30 1.05287e-29 7.24697e-29 1.18911e-27 
  0.00100   7.39858e-46 7.88513e-43 7.93191e-34 5.43636e-32 3.21192e-30 1.23506e-29 7.40974e-29 1.19103e-27 
  0.01000   5.31818e-46 1.79870e-42 7.93920e-33 4.48852e-31 8.40242e-30 1.92229e-29 8.51427e-29 1.21839e-27 
  0.10000   1.14208e-46 2.07476e-42 7.93196e-32 3.84393e-30 2.84668e-29 4.79171e-29 1.35240e-28 1.28736e-27 
  1.00000   1.21086e-47 1.60218e-42 7.30951e-31 1.76773e-29 6.97006e-29 1.11200e-28 2.54855e-28 9.20083e-28 
 10.00000   2.55337e-48 1.80267e-42 1.68805e-30 3.44805e-29 1.01995e-28 1.30052e-28 1.76061e-28 5.08141e-28 
100.00000   1.12426e-48 2.62889e-42 1.59389e-30 2.74383e-29 6.15307e-29 7.72931e-29 1.07142e-28 1.86132e-28 

         54
          350.0
  0.00001   6.24252e-46 8.66579e-44 8.15745e-36 1.57492e-33 2.46227e-30 1.42733e-29 9.23428e-29 1.23358e-27 
  0.00010   6.22322e-46 2.38982e-43 8.15853e-35 8.71906e-33 3.08181e-30 1.49961e-29 9.26982e-29 1.23379e-27 
  0.00100   6.03491e-46 6.47802e-43 8.14631e-34 5.85992e-32 4.55598e-30 1.68875e-29 9.44975e-29 1.23427e-27 
  0.01000   4.58592e-46 1.52330e-42 8.12776e-33 4.63924e-31 9.77964e-30 2.37315e-29 1.05803e-28 1.23936e-27 
  0.10000   1.11922e-46 1.89021e-42 8.12966e-32 3.92690e-30 3.05260e-29 5.26224e-29 1.58347e-28 1.22002e-27 
  1.00000   1.21001e-47 1.47313e-42 7.52553e-31 1.87674e-29 7.23923e-29 1.10790e-28 2.46768e-28 8.86202e-28 
 10.00000   2.39177e-48 1.59983e-42 1.85985e-30 3.46435e-29 9.97341e-29 1.22520e-28 1.66703e-28 4.69947e-28 
100.00000   1.14008e-48 2.54985e-42 1.69220e-30 3.03851e-29 6.18653e-29 7.56054e-29 1.00300e-28 1.91293e-28 

         54
          400.0
  0.00001   5.14186e-46 7.16362e-44 8.34188e-36 1.93444e-33 3.56585e-30 1.77234e-29 1.19996e-28 1.23225e-27 
  0.00010   5.12863e-46 1.97463e-43 8.30660e-35 1.00287e-32 4.26779e-30 1.85183e-29 1.20324e-28 1.23219e-27 
  0.00100   4.99890e-46 5.36554e-43 8.28508e-34 6.18125e-32 5.82141e-30 2.05190e-29 1.22138e-28 1.23106e-27 
  0.01000   3.94447e-46 1.28737e-42 8.25128e-33 4.67505e-31 1.08324e-29 2.72386e-29 1.33361e-28 1.22734e-27 
  0.10000   1.07350e-46 1.69632e-42 8.22584e-32 3.87417e-30 3.16186e-29 5.60630e-29 1.77949e-28 1.17619e-27 
  1.00000   1.18217e-47 1.33945e-42 7.56092e-31 1.89501e-29 7.58964e-29 1.11997e-28 2.37743e-28 8.36475e-28 
 10.00000   2.24200e-48 1.41955e-42 1.91892e-30 3.46179e-29 9.56129e-29 1.14572e-28 1.58564e-28 4.40156e-28 
100.00000   1.13806e-48 2.42427e-42 1.68478e-30 3.07491e-29 6.09428e-29 7.24099e-29 9.46860e-29 1.90795e-28 

         54
          600.0
  0.00001   2.50725e-46 3.48321e-44 6.14423e-36 3.48889e-33 6.67774e-30 2.28642e-29 1.95270e-28 9.97650e-28 
  0.00010   2.50342e-46 9.60536e-44 6.09274e-35 1.38579e-32 7.35817e-30 2.37594e-29 1.95316e-28 9.97509e-28 
  0.00100   2.46545e-46 2.62315e-43 6.02213e-34 6.74832e-32 8.71093e-30 2.58412e-29 1.95931e-28 9.96711e-28 
  0.01000   2.13083e-46 6.62890e-43 5.95833e-33 4.12491e-31 1.23435e-29 3.13898e-29 1.99861e-28 9.92830e-28 
  0.10000   7.99498e-47 1.04453e-42 5.87403e-32 3.06162e-30 2.89987e-29 5.83229e-29 2.17443e-28 9.39641e-28 
  1.00000   1.00733e-47 8.87517e-43 5.38147e-31 1.68265e-29 7.43678e-29 1.10616e-28 2.04655e-28 6.74109e-28 
 10.00000   1.77313e-48 9.00415e-43 1.49290e-30 3.40303e-29 7.64608e-29 9.34789e-29 1.27524e-28 3.60169e-28 
100.00000   1.03663e-48 1.79410e-42 1.43300e-30 3.00465e-29 5.32522e-29 6.10646e-29 8.51177e-29 1.60190e-28 

         55
          100.0
  0.00001   2.38019e-45 2.53152e-45 1.00790e-39 8.17986e-36 8.71286e-35 1.80976e-34 4.70242e-33 2.94493e-29 
  0.00010   2.34682e-45 2.49616e-45 1.00586e-38 8.18769e-35 8.52596e-34 1.75047e-33 1.88416e-32 2.94411e-29 
  0.00100   2.04985e-45 2.18076e-45 1.00654e-37 8.18522e-34 8.37191e-33 1.70187e-32 1.20990e-31 2.97979e-29 
  0.01000   8.06877e-46 8.59478e-46 1.00767e-36 8.18851e-33 8.25574e-32 1.66140e-31 8.94135e-31 3.24809e-29 
  0.10000   9.60710e-47 1.02574e-46 1.00644e-35 8.16094e-32 7.39078e-31 1.40908e-30 4.86840e-30 3.06106e-29 
  1.00000   1.02492e-47 1.09654e-47 1.00404e-34 6.35169e-31 2.30926e-30 3.21307e-30 5.24889e-30 1.46527e-29 
 10.00000   3.47110e-48 3.70887e-48 9.77395e-34 1.17880e-30 2.09355e-30 2.62924e-30 3.69610e-30 4.82528e-30 
100.00000   7.00842e-49 7.48056e-49 3.45906e-33 4.19308e-31 5.14188e-31 5.31907e-31 5.55025e-31 5.72743e-31 

         55
          150.0
  0.00001   1.63040e-45 1.73440e-45 1.68998e-39 6.73244e-36 7.69343e-35 1.67477e-34 2.05366e-32 4.02037e-29 
  0.00010   1.61623e-45 1.71940e-45 1.68922e-38 6.73108e-35 7.37245e-34 1.56870e-33 5.49217e-32 4.01923e-29 
  0.00100   1.48449e-45 1.57946e-45 1.68845e-37 6.72637e-34 7.19998e-33 1.51683e-32 1.79569e-31 4.00997e-29 
  0.01000   7.63660e-46 8.13234e-46 1.68932e-36 6.73246e-33 7.11210e-32 1.48732e-31 9.93578e-31 4.01507e-29 
  0.10000   1.05848e-46 1.12970e-46 1.69079e-35 6.72395e-32 6.70332e-31 1.35581e-30 5.22129e-30 3.13930e-29 
  1.00000   1.10567e-47 1.18297e-47 1.69069e-34 5.84591e-31 2.36685e-30 3.18978e-30 5.68577e-30 1.49250e-29 
 10.00000   3.18185e-48 3.40140e-48 1.63315e-33 1.14327e-30 2.00331e-30 2.60902e-30 4.11769e-30 6.11197e-30 
100.00000   8.81546e-49 9.41241e-49 5.83524e-33 6.04474e-31 7.45065e-31 7.73855e-31 8.32362e-31 8.77205e-31 

         55
          200.0
  0.00001   1.21370e-45 1.29125e-45 1.84509e-39 5.31572e-36 7.54923e-35 1.85066e-34 4.71031e-32 4.24936e-29 
  0.00010   1.20618e-45 1.28328e-45 1.83844e-38 5.32526e-35 6.42254e-34 1.44284e-33 1.03478e-31 4.24855e-29 
  0.00100   1.13478e-45 1.20744e-45 1.84405e-37 5.31465e-34 6.01507e-33 1.30341e-32 2.80973e-31 4.24268e-29 
  0.01000   6.83007e-46 7.27241e-46 1.83817e-36 5.31995e-33 5.89614e-32 1.26516e-31 1.06434e-30 4.16639e-29 
  0.10000   1.10604e-46 1.18010e-46 1.83907e-35 5.31723e-32 5.65344e-31 1.18177e-30 5.05448e-30 3.13225e-29 
  1.00000   1.15169e-47 1.23211e-47 1.84425e-34 4.82317e-31 2.26760e-30 3.18663e-30 5.80734e-30 1.46481e-29 
 10.00000   2.91990e-48 3.12229e-48 1.82806e-33 1.11271e-30 1.88432e-30 2.50565e-30 4.35406e-30 6.74481e-30 
100.00000   9.90731e-49 1.05797e-48 1.06488e-32 6.90323e-31 8.90690e-31 9.29834e-31 1.00479e-30 1.07464e-30 

         55
          250.0
  0.00001   9.51020e-46 1.01183e-45 1.42916e-39 4.22387e-36 8.06313e-35 2.42161e-34 9.51433e-32 4.09585e-29 
  0.00010   9.46522e-46 1.00708e-45 1.42646e-38 4.22992e-35 5.98213e-34 1.46973e-33 1.59950e-31 4.09438e-29 
  0.00100   9.03266e-46 9.61131e-46 1.42913e-37 4.22542e-34 5.12676e-33 1.15764e-32 3.65885e-31 4.08619e-29 
  0.01000   6.01667e-46 6.40569e-46 1.42908e-36 4.23116e-33 4.88786e-32 1.07485e-31 1.13664e-30 3.94746e-29 
  0.10000   1.12589e-46 1.20096e-46 1.42748e-35 4.22016e-32 4.68382e-31 9.99438e-31 4.70186e-30 3.09399e-29 
  1.00000   1.17771e-47 1.25977e-47 1.42518e-34 3.92171e-31 2.08261e-30 3.06137e-30 5.64746e-30 1.47653e-29 
 10.00000   2.69546e-48 2.88308e-48 1.41862e-33 1.03430e-30 1.79610e-30 2.36543e-30 4.32902e-30 7.01086e-30 
100.00000   1.06335e-48 1.13557e-48 9.30732e-33 7.08497e-31 9.67329e-31 1.01623e-30 1.10108e-30 1.18826e-30 

         55
          300.0
  0.00001   7.57303e-46 8.05796e-46 1.11527e-39 3.37866e-36 1.13938e-34 5.04760e-34 1.82426e-31 3.72799e-29 
  0.00010   7.54482e-46 8.02818e-46 1.11555e-38 3.37601e-35 5.90632e-34 1.64434e-33 2.34922e-31 3.72666e-29 
  0.00100   7.27111e-46 7.73745e-46 1.11483e-37 3.37997e-34 4.50685e-33 1.07790e-32 4.35860e-31 3.71693e-29 
  0.01000   5.22602e-46 5.56371e-46 1.11420e-36 3.37545e-33 4.06565e-32 9.15112e-32 1.16490e-30 3.61531e-29 
  0.10000   1.12184e-46 1.19645e-46 1.11591e-35 3.37277e-32 3.86012e-31 8.40045e-31 4.22091e-30 2.94625e-29 
  1.00000   1.18894e-47 1.27157e-47 1.11499e-34 3.18195e-31 1.86765e-30 2.86600e-30 5.39622e-30 1.37020e-29 
 10.00000   2.50658e-48 2.68151e-48 1.10789e-33 9.19340e-31 1.68768e-30 2.22530e-30 4.12518e-30 6.98051e-30 
100.00000   1.10397e-48 1.17899e-48 7.89747e-33 7.05736e-31 9.92217e-31 1.05379e-30 1.14794e-30 1.25462e-30 

         55
          350.0
  0.00001   6.13504e-46 6.52822e-46 8.78970e-40 2.73341e-36 1.78153e-34 1.07412e-33 3.06124e-31 3.38393e-29 
  0.00010   6.11606e-46 6.50823e-46 8.80542e-39 2.72878e-35 6.65890e-34 2.30461e-33 3.37875e-31 3.38307e-29 
  0.00100   5.93093e-46 6.31158e-46 8.79787e-38 2.73341e-34 4.08580e-33 1.04383e-32 5.07769e-31 3.37522e-29 
  0.01000   4.50654e-46 4.79760e-46 8.80468e-37 2.73343e-33 3.42659e-32 7.93391e-32 1.16372e-30 3.29497e-29 
  0.10000   1.09943e-46 1.17244e-46 8.80314e-36 2.72820e-32 3.17544e-31 7.01867e-31 3.73681e-30 2.74133e-29 
  1.00000   1.18806e-47 1.27041e-47 8.80497e-35 2.60081e-31 1.63871e-30 2.60415e-30 5.06188e-30 1.26262e-29 
 10.00000   2.34788e-48 2.51198e-48 8.75318e-34 8.07245e-31 1.54698e-30 1.98913e-30 3.86348e-30 6.91654e-30 
100.00000   1.11948e-48 1.19559e-48 6.70167e-33 6.67214e-31 9.79492e-31 1.05631e-30 1.16298e-30 1.28806e-30 

         55
          400.0
  0.00001   5.05337e-46 5.37741e-46 7.02291e-40 2.21988e-36 2.51938e-34 2.00902e-33 4.34506e-31 3.03469e-29 
  0.00010   5.04037e-46 5.36372e-46 7.01187e-39 2.21884e-35 8.19745e-34 3.54070e-33 4.53075e-31 3.03395e-29 
  0.00100   4.91283e-46 5.22826e-46 7.02499e-38 2.21801e-34 3.88451e-33 1.08843e-32 5.76017e-31 3.02704e-29 
  0.01000   3.87627e-46 4.12653e-46 7.01922e-37 2.21784e-33 2.91873e-32 6.96435e-32 1.13120e-30 2.96737e-29 
  0.10000   1.05456e-46 1.12447e-46 7.01984e-36 2.21549e-32 2.62481e-31 5.87372e-31 3.28842e-30 2.49835e-29 
  1.00000   1.16070e-47 1.24096e-47 7.02188e-35 2.12355e-31 1.41667e-30 2.31801e-30 4.67026e-30 1.15081e-29 
 10.00000   2.20083e-48 2.35477e-48 6.97372e-34 7.06225e-31 1.40900e-30 1.84371e-30 3.55297e-30 6.50573e-30 
100.00000   1.11749e-48 1.19347e-48 5.64801e-33 6.28352e-31 9.36539e-31 1.02372e-30 1.14557e-30 1.28234e-30 

         55
          600.0
  0.00001   2.46410e-46 2.62257e-46 3.09209e-40 1.00957e-36 4.08374e-34 6.72237e-33 7.27234e-31 1.78318e-29 
  0.00010   2.46033e-46 2.61863e-46 3.08766e-39 1.00924e-35 1.25451e-33 1.07215e-32 7.30433e-31 1.78296e-29 
  0.00100   2.42301e-46 2.57900e-46 3.09117e-38 1.00769e-34 4.07203e-33 1.85375e-32 7.59645e-31 1.78062e-29 
  0.01000   2.09406e-46 2.22934e-46 3.08956e-37 1.00901e-33 1.80370e-32 5.17724e-32 9.70684e-31 1.75799e-29 
  0.10000   7.85474e-47 8.37299e-47 3.08919e-36 1.00936e-32 1.30553e-31 3.10365e-31 1.96984e-30 1.57930e-29 
  1.00000   9.89134e-48 1.05728e-47 3.08992e-35 9.84287e-32 7.56365e-31 1.33683e-30 3.02235e-30 8.43086e-30 
 10.00000   1.74062e-48 1.86232e-48 3.07184e-34 4.06403e-31 9.28529e-31 1.20427e-30 2.36100e-30 4.86394e-30 
100.00000   1.01795e-48 1.08720e-48 2.80770e-33 4.35338e-31 7.14044e-31 8.11313e-31 9.40172e-31 1.11979e-30 

