 # H2O visible 
 # For interval boundaries, see corresponding files  
 #Temperature(K)  100,  150,  200,  250,  300,  350,  400,  600, 
 #P(bar) 1.00e-05, 1.00e-04, 1.00e-03, 1.00e-02, 1.00e-01, 1.00e+00, 1.00e+01, 1.00e+02, 

  Quadrature weights w(quad)        Quadrature abscissas (g)
   1.65231051440290516e-01           6.59602519928250280e-02
   3.09768948559709378e-01           3.13509004297193250e-01
   3.09768948559709378e-01           6.36490995702806650e-01
   1.65231051440290516e-01           8.84039748007174886e-01
   8.69637112843634277e-03           9.53471592210148655e-01
   1.63036288715636482e-02           9.66500473910378632e-01
   1.63036288715636482e-02           9.83499526089621323e-01
   8.69637112843634277e-03           9.96528407789851300e-01
!--------------------------------------------------------------------------------------------------------------------------

          1
          100.0
  0.00001   1.01448e-80 1.01448e-80 1.01448e-80 1.01448e-80 1.01448e-80 1.01448e-80 1.01448e-80 1.01448e-80 
  0.00010   1.01448e-80 1.01448e-80 1.01448e-80 1.01448e-80 1.01448e-80 1.01448e-80 1.01448e-80 1.01448e-80 
  0.00100   1.01448e-80 1.01448e-80 1.01448e-80 1.01448e-80 1.01448e-80 1.01448e-80 1.01448e-80 1.01448e-80 
  0.01000   1.01448e-80 1.01448e-80 1.01448e-80 1.01448e-80 1.01448e-80 1.01448e-80 1.01448e-80 1.01448e-80 
  0.10000   1.01448e-80 1.01448e-80 1.01448e-80 1.01448e-80 1.01448e-80 1.01448e-80 1.01448e-80 1.01448e-80 
  1.00000   1.01448e-80 1.01448e-80 1.01448e-80 1.01448e-80 1.01448e-80 1.01448e-80 1.01448e-80 1.01448e-80 
 10.00000   1.01448e-80 1.01448e-80 1.01448e-80 1.01448e-80 1.01448e-80 1.01448e-80 1.01448e-80 1.01448e-80 
100.00000   1.01448e-80 1.01448e-80 1.01448e-80 1.01448e-80 1.01448e-80 1.01448e-80 1.01448e-80 1.01448e-80 

          1
          150.0
  0.00001   1.01448e-80 1.01448e-80 1.01448e-80 1.01448e-80 1.01448e-80 1.01448e-80 1.01448e-80 1.01448e-80 
  0.00010   1.01448e-80 1.01448e-80 1.01448e-80 1.01448e-80 1.01448e-80 1.01448e-80 1.01448e-80 1.01448e-80 
  0.00100   1.01448e-80 1.01448e-80 1.01448e-80 1.01448e-80 1.01448e-80 1.01448e-80 1.01448e-80 1.01448e-80 
  0.01000   1.01448e-80 1.01448e-80 1.01448e-80 1.01448e-80 1.01448e-80 1.01448e-80 1.01448e-80 1.01448e-80 
  0.10000   1.01448e-80 1.01448e-80 1.01448e-80 1.01448e-80 1.01448e-80 1.01448e-80 1.01448e-80 1.01448e-80 
  1.00000   1.01448e-80 1.01448e-80 1.01448e-80 1.01448e-80 1.01448e-80 1.01448e-80 1.01448e-80 1.01448e-80 
 10.00000   1.01448e-80 1.01448e-80 1.01448e-80 1.01448e-80 1.01448e-80 1.01448e-80 1.01448e-80 1.01448e-80 
100.00000   1.01448e-80 1.01448e-80 1.01448e-80 1.01448e-80 1.01448e-80 1.01448e-80 1.01448e-80 1.01448e-80 

          1
          200.0
  0.00001   1.01448e-80 1.01448e-80 1.01448e-80 1.01448e-80 1.01448e-80 1.01448e-80 1.01448e-80 1.01448e-80 
  0.00010   1.01448e-80 1.01448e-80 1.01448e-80 1.01448e-80 1.01448e-80 1.01448e-80 1.01448e-80 1.01448e-80 
  0.00100   1.01448e-80 1.01448e-80 1.01448e-80 1.01448e-80 1.01448e-80 1.01448e-80 1.01448e-80 1.01448e-80 
  0.01000   1.01448e-80 1.01448e-80 1.01448e-80 1.01448e-80 1.01448e-80 1.01448e-80 1.01448e-80 1.01448e-80 
  0.10000   1.01448e-80 1.01448e-80 1.01448e-80 1.01448e-80 1.01448e-80 1.01448e-80 1.01448e-80 1.01448e-80 
  1.00000   1.01448e-80 1.01448e-80 1.01448e-80 1.01448e-80 1.01448e-80 1.01448e-80 1.01448e-80 1.01448e-80 
 10.00000   1.01448e-80 1.01448e-80 1.01448e-80 1.01448e-80 1.01448e-80 1.01448e-80 1.01448e-80 1.01448e-80 
100.00000   1.01448e-80 1.01448e-80 1.01448e-80 1.01448e-80 1.01448e-80 1.01448e-80 1.01448e-80 1.01448e-80 

          1
          250.0
  0.00001   1.01448e-80 1.01448e-80 1.01448e-80 1.01448e-80 1.01448e-80 1.01448e-80 1.01448e-80 1.01448e-80 
  0.00010   1.01448e-80 1.01448e-80 1.01448e-80 1.01448e-80 1.01448e-80 1.01448e-80 1.01448e-80 1.01448e-80 
  0.00100   1.01448e-80 1.01448e-80 1.01448e-80 1.01448e-80 1.01448e-80 1.01448e-80 1.01448e-80 1.01448e-80 
  0.01000   1.01448e-80 1.01448e-80 1.01448e-80 1.01448e-80 1.01448e-80 1.01448e-80 1.01448e-80 1.01448e-80 
  0.10000   1.01448e-80 1.01448e-80 1.01448e-80 1.01448e-80 1.01448e-80 1.01448e-80 1.01448e-80 1.01448e-80 
  1.00000   1.01448e-80 1.01448e-80 1.01448e-80 1.01448e-80 1.01448e-80 1.01448e-80 1.01448e-80 1.01448e-80 
 10.00000   1.01448e-80 1.01448e-80 1.01448e-80 1.01448e-80 1.01448e-80 1.01448e-80 1.01448e-80 1.01448e-80 
100.00000   1.01448e-80 1.01448e-80 1.01448e-80 1.01448e-80 1.01448e-80 1.01448e-80 1.01448e-80 1.01448e-80 

          1
          300.0
  0.00001   1.01448e-80 1.01448e-80 1.01448e-80 1.01448e-80 1.01448e-80 1.01448e-80 1.01448e-80 1.01448e-80 
  0.00010   1.01448e-80 1.01448e-80 1.01448e-80 1.01448e-80 1.01448e-80 1.01448e-80 1.01448e-80 1.01448e-80 
  0.00100   1.01448e-80 1.01448e-80 1.01448e-80 1.01448e-80 1.01448e-80 1.01448e-80 1.01448e-80 1.01448e-80 
  0.01000   1.01448e-80 1.01448e-80 1.01448e-80 1.01448e-80 1.01448e-80 1.01448e-80 1.01448e-80 1.01448e-80 
  0.10000   1.01448e-80 1.01448e-80 1.01448e-80 1.01448e-80 1.01448e-80 1.01448e-80 1.01448e-80 1.01448e-80 
  1.00000   1.01448e-80 1.01448e-80 1.01448e-80 1.01448e-80 1.01448e-80 1.01448e-80 1.01448e-80 1.01448e-80 
 10.00000   1.01448e-80 1.01448e-80 1.01448e-80 1.01448e-80 1.01448e-80 1.01448e-80 1.01448e-80 1.01448e-80 
100.00000   1.01448e-80 1.01448e-80 1.01448e-80 1.01448e-80 1.01448e-80 1.01448e-80 1.01448e-80 1.01448e-80 

          1
          350.0
  0.00001   1.01448e-80 1.01448e-80 1.01448e-80 1.01448e-80 1.01448e-80 1.01448e-80 1.01448e-80 1.01448e-80 
  0.00010   1.01448e-80 1.01448e-80 1.01448e-80 1.01448e-80 1.01448e-80 1.01448e-80 1.01448e-80 1.01448e-80 
  0.00100   1.01448e-80 1.01448e-80 1.01448e-80 1.01448e-80 1.01448e-80 1.01448e-80 1.01448e-80 1.01448e-80 
  0.01000   1.01448e-80 1.01448e-80 1.01448e-80 1.01448e-80 1.01448e-80 1.01448e-80 1.01448e-80 1.01448e-80 
  0.10000   1.01448e-80 1.01448e-80 1.01448e-80 1.01448e-80 1.01448e-80 1.01448e-80 1.01448e-80 1.01448e-80 
  1.00000   1.01448e-80 1.01448e-80 1.01448e-80 1.01448e-80 1.01448e-80 1.01448e-80 1.01448e-80 1.01448e-80 
 10.00000   1.01448e-80 1.01448e-80 1.01448e-80 1.01448e-80 1.01448e-80 1.01448e-80 1.01448e-80 1.01448e-80 
100.00000   1.01448e-80 1.01448e-80 1.01448e-80 1.01448e-80 1.01448e-80 1.01448e-80 1.01448e-80 1.01448e-80 

          1
          400.0
  0.00001   1.01448e-80 1.01448e-80 1.01448e-80 1.01448e-80 1.01448e-80 1.01448e-80 1.01448e-80 1.01448e-80 
  0.00010   1.01448e-80 1.01448e-80 1.01448e-80 1.01448e-80 1.01448e-80 1.01448e-80 1.01448e-80 1.01448e-80 
  0.00100   1.01448e-80 1.01448e-80 1.01448e-80 1.01448e-80 1.01448e-80 1.01448e-80 1.01448e-80 1.01448e-80 
  0.01000   1.01448e-80 1.01448e-80 1.01448e-80 1.01448e-80 1.01448e-80 1.01448e-80 1.01448e-80 1.01448e-80 
  0.10000   1.01448e-80 1.01448e-80 1.01448e-80 1.01448e-80 1.01448e-80 1.01448e-80 1.01448e-80 1.01448e-80 
  1.00000   1.01448e-80 1.01448e-80 1.01448e-80 1.01448e-80 1.01448e-80 1.01448e-80 1.01448e-80 1.01448e-80 
 10.00000   1.01448e-80 1.01448e-80 1.01448e-80 1.01448e-80 1.01448e-80 1.01448e-80 1.01448e-80 1.01448e-80 
100.00000   1.01448e-80 1.01448e-80 1.01448e-80 1.01448e-80 1.01448e-80 1.01448e-80 1.01448e-80 1.01448e-80 

          1
          600.0
  0.00001   1.01448e-80 1.01448e-80 1.01448e-80 1.01448e-80 1.01448e-80 1.01448e-80 1.01448e-80 1.01448e-80 
  0.00010   1.01448e-80 1.01448e-80 1.01448e-80 1.01448e-80 1.01448e-80 1.01448e-80 1.01448e-80 1.01448e-80 
  0.00100   1.01448e-80 1.01448e-80 1.01448e-80 1.01448e-80 1.01448e-80 1.01448e-80 1.01448e-80 1.01448e-80 
  0.01000   1.01448e-80 1.01448e-80 1.01448e-80 1.01448e-80 1.01448e-80 1.01448e-80 1.01448e-80 1.01448e-80 
  0.10000   1.01448e-80 1.01448e-80 1.01448e-80 1.01448e-80 1.01448e-80 1.01448e-80 1.01448e-80 1.01448e-80 
  1.00000   1.01448e-80 1.01448e-80 1.01448e-80 1.01448e-80 1.01448e-80 1.01448e-80 1.01448e-80 1.01448e-80 
 10.00000   1.01448e-80 1.01448e-80 1.01448e-80 1.01448e-80 1.01448e-80 1.01448e-80 1.01448e-80 1.01448e-80 
100.00000   1.01448e-80 1.01448e-80 1.01448e-80 1.01448e-80 1.01448e-80 1.01448e-80 1.01448e-80 1.01448e-80 

          2
          100.0
  0.00001   1.01448e-80 1.01448e-80 1.01448e-80 1.01448e-80 1.01448e-80 1.01448e-80 1.01448e-80 1.01448e-80 
  0.00010   1.01448e-80 1.01448e-80 1.01448e-80 1.01448e-80 1.01448e-80 1.01448e-80 1.01448e-80 1.01448e-80 
  0.00100   1.01448e-80 1.01448e-80 1.01448e-80 1.01448e-80 1.01448e-80 1.01448e-80 1.01448e-80 1.01448e-80 
  0.01000   1.01448e-80 1.01448e-80 1.01448e-80 1.01448e-80 1.01448e-80 1.01448e-80 1.01448e-80 1.01448e-80 
  0.10000   1.01448e-80 1.01448e-80 1.01448e-80 1.01448e-80 1.01448e-80 1.01448e-80 1.01448e-80 1.01448e-80 
  1.00000   1.01448e-80 1.01448e-80 1.01448e-80 1.01448e-80 1.01448e-80 1.01448e-80 1.01448e-80 1.01448e-80 
 10.00000   1.01448e-80 1.01448e-80 1.01448e-80 1.01448e-80 1.01448e-80 1.01448e-80 1.01448e-80 1.01448e-80 
100.00000   1.01448e-80 1.01448e-80 1.01448e-80 1.01448e-80 1.01448e-80 1.01448e-80 1.01448e-80 1.01448e-80 

          2
          150.0
  0.00001   1.01448e-80 1.01448e-80 1.01448e-80 1.01448e-80 1.01448e-80 1.01448e-80 1.01448e-80 1.01448e-80 
  0.00010   1.01448e-80 1.01448e-80 1.01448e-80 1.01448e-80 1.01448e-80 1.01448e-80 1.01448e-80 1.01448e-80 
  0.00100   1.01448e-80 1.01448e-80 1.01448e-80 1.01448e-80 1.01448e-80 1.01448e-80 1.01448e-80 1.01448e-80 
  0.01000   1.01448e-80 1.01448e-80 1.01448e-80 1.01448e-80 1.01448e-80 1.01448e-80 1.01448e-80 1.01448e-80 
  0.10000   1.01448e-80 1.01448e-80 1.01448e-80 1.01448e-80 1.01448e-80 1.01448e-80 1.01448e-80 1.01448e-80 
  1.00000   1.01448e-80 1.01448e-80 1.01448e-80 1.01448e-80 1.01448e-80 1.01448e-80 1.01448e-80 1.01448e-80 
 10.00000   1.01448e-80 1.01448e-80 1.01448e-80 1.01448e-80 1.01448e-80 1.01448e-80 1.01448e-80 1.01448e-80 
100.00000   1.01448e-80 1.01448e-80 1.01448e-80 1.01448e-80 1.01448e-80 1.01448e-80 1.01448e-80 1.01448e-80 

          2
          200.0
  0.00001   1.01448e-80 1.01448e-80 1.01448e-80 1.01448e-80 1.01448e-80 1.01448e-80 1.01448e-80 1.01448e-80 
  0.00010   1.01448e-80 1.01448e-80 1.01448e-80 1.01448e-80 1.01448e-80 1.01448e-80 1.01448e-80 1.01448e-80 
  0.00100   1.01448e-80 1.01448e-80 1.01448e-80 1.01448e-80 1.01448e-80 1.01448e-80 1.01448e-80 1.01448e-80 
  0.01000   1.01448e-80 1.01448e-80 1.01448e-80 1.01448e-80 1.01448e-80 1.01448e-80 1.01448e-80 1.01448e-80 
  0.10000   1.01448e-80 1.01448e-80 1.01448e-80 1.01448e-80 1.01448e-80 1.01448e-80 1.01448e-80 1.01448e-80 
  1.00000   1.01448e-80 1.01448e-80 1.01448e-80 1.01448e-80 1.01448e-80 1.01448e-80 1.01448e-80 1.01448e-80 
 10.00000   1.01448e-80 1.01448e-80 1.01448e-80 1.01448e-80 1.01448e-80 1.01448e-80 1.01448e-80 1.01448e-80 
100.00000   1.01448e-80 1.01448e-80 1.01448e-80 1.01448e-80 1.01448e-80 1.01448e-80 1.01448e-80 1.01448e-80 

          2
          250.0
  0.00001   1.01448e-80 1.01448e-80 1.01448e-80 1.01448e-80 1.01448e-80 1.01448e-80 1.01448e-80 1.01448e-80 
  0.00010   1.01448e-80 1.01448e-80 1.01448e-80 1.01448e-80 1.01448e-80 1.01448e-80 1.01448e-80 1.01448e-80 
  0.00100   1.01448e-80 1.01448e-80 1.01448e-80 1.01448e-80 1.01448e-80 1.01448e-80 1.01448e-80 1.01448e-80 
  0.01000   1.01448e-80 1.01448e-80 1.01448e-80 1.01448e-80 1.01448e-80 1.01448e-80 1.01448e-80 1.01448e-80 
  0.10000   1.01448e-80 1.01448e-80 1.01448e-80 1.01448e-80 1.01448e-80 1.01448e-80 1.01448e-80 1.01448e-80 
  1.00000   1.01448e-80 1.01448e-80 1.01448e-80 1.01448e-80 1.01448e-80 1.01448e-80 1.01448e-80 1.01448e-80 
 10.00000   1.01448e-80 1.01448e-80 1.01448e-80 1.01448e-80 1.01448e-80 1.01448e-80 1.01448e-80 1.01448e-80 
100.00000   1.01448e-80 1.01448e-80 1.01448e-80 1.01448e-80 1.01448e-80 1.01448e-80 1.01448e-80 1.01448e-80 

          2
          300.0
  0.00001   1.01448e-80 1.01448e-80 1.01448e-80 1.01448e-80 1.01448e-80 1.01448e-80 1.01448e-80 1.01448e-80 
  0.00010   1.01448e-80 1.01448e-80 1.01448e-80 1.01448e-80 1.01448e-80 1.01448e-80 1.01448e-80 1.01448e-80 
  0.00100   1.01448e-80 1.01448e-80 1.01448e-80 1.01448e-80 1.01448e-80 1.01448e-80 1.01448e-80 1.01448e-80 
  0.01000   1.01448e-80 1.01448e-80 1.01448e-80 1.01448e-80 1.01448e-80 1.01448e-80 1.01448e-80 1.01448e-80 
  0.10000   1.01448e-80 1.01448e-80 1.01448e-80 1.01448e-80 1.01448e-80 1.01448e-80 1.01448e-80 1.01448e-80 
  1.00000   1.01448e-80 1.01448e-80 1.01448e-80 1.01448e-80 1.01448e-80 1.01448e-80 1.01448e-80 1.01448e-80 
 10.00000   1.01448e-80 1.01448e-80 1.01448e-80 1.01448e-80 1.01448e-80 1.01448e-80 1.01448e-80 1.01448e-80 
100.00000   1.01448e-80 1.01448e-80 1.01448e-80 1.01448e-80 1.01448e-80 1.01448e-80 1.01448e-80 1.01448e-80 

          2
          350.0
  0.00001   1.01448e-80 1.01448e-80 1.01448e-80 1.01448e-80 1.01448e-80 1.01448e-80 1.01448e-80 1.01448e-80 
  0.00010   1.01448e-80 1.01448e-80 1.01448e-80 1.01448e-80 1.01448e-80 1.01448e-80 1.01448e-80 1.01448e-80 
  0.00100   1.01448e-80 1.01448e-80 1.01448e-80 1.01448e-80 1.01448e-80 1.01448e-80 1.01448e-80 1.01448e-80 
  0.01000   1.01448e-80 1.01448e-80 1.01448e-80 1.01448e-80 1.01448e-80 1.01448e-80 1.01448e-80 1.01448e-80 
  0.10000   1.01448e-80 1.01448e-80 1.01448e-80 1.01448e-80 1.01448e-80 1.01448e-80 1.01448e-80 1.01448e-80 
  1.00000   1.01448e-80 1.01448e-80 1.01448e-80 1.01448e-80 1.01448e-80 1.01448e-80 1.01448e-80 1.01448e-80 
 10.00000   1.01448e-80 1.01448e-80 1.01448e-80 1.01448e-80 1.01448e-80 1.01448e-80 1.01448e-80 1.01448e-80 
100.00000   1.01448e-80 1.01448e-80 1.01448e-80 1.01448e-80 1.01448e-80 1.01448e-80 1.01448e-80 1.01448e-80 

          2
          400.0
  0.00001   1.01448e-80 1.01448e-80 1.01448e-80 1.01448e-80 1.01448e-80 1.01448e-80 1.01448e-80 1.01448e-80 
  0.00010   1.01448e-80 1.01448e-80 1.01448e-80 1.01448e-80 1.01448e-80 1.01448e-80 1.01448e-80 1.01448e-80 
  0.00100   1.01448e-80 1.01448e-80 1.01448e-80 1.01448e-80 1.01448e-80 1.01448e-80 1.01448e-80 1.01448e-80 
  0.01000   1.01448e-80 1.01448e-80 1.01448e-80 1.01448e-80 1.01448e-80 1.01448e-80 1.01448e-80 1.01448e-80 
  0.10000   1.01448e-80 1.01448e-80 1.01448e-80 1.01448e-80 1.01448e-80 1.01448e-80 1.01448e-80 1.01448e-80 
  1.00000   1.01448e-80 1.01448e-80 1.01448e-80 1.01448e-80 1.01448e-80 1.01448e-80 1.01448e-80 1.01448e-80 
 10.00000   1.01448e-80 1.01448e-80 1.01448e-80 1.01448e-80 1.01448e-80 1.01448e-80 1.01448e-80 1.01448e-80 
100.00000   1.01448e-80 1.01448e-80 1.01448e-80 1.01448e-80 1.01448e-80 1.01448e-80 1.01448e-80 1.01448e-80 

          2
          600.0
  0.00001   1.01448e-80 1.01448e-80 1.01448e-80 1.01448e-80 1.01448e-80 1.01448e-80 1.01448e-80 1.01448e-80 
  0.00010   1.01448e-80 1.01448e-80 1.01448e-80 1.01448e-80 1.01448e-80 1.01448e-80 1.01448e-80 1.01448e-80 
  0.00100   1.01448e-80 1.01448e-80 1.01448e-80 1.01448e-80 1.01448e-80 1.01448e-80 1.01448e-80 1.01448e-80 
  0.01000   1.01448e-80 1.01448e-80 1.01448e-80 1.01448e-80 1.01448e-80 1.01448e-80 1.01448e-80 1.01448e-80 
  0.10000   1.01448e-80 1.01448e-80 1.01448e-80 1.01448e-80 1.01448e-80 1.01448e-80 1.01448e-80 1.01448e-80 
  1.00000   1.01448e-80 1.01448e-80 1.01448e-80 1.01448e-80 1.01448e-80 1.01448e-80 1.01448e-80 1.01448e-80 
 10.00000   1.01448e-80 1.01448e-80 1.01448e-80 1.01448e-80 1.01448e-80 1.01448e-80 1.01448e-80 1.01448e-80 
100.00000   1.01448e-80 1.01448e-80 1.01448e-80 1.01448e-80 1.01448e-80 1.01448e-80 1.01448e-80 1.01448e-80 

          3
          100.0
  0.00001   1.01448e-80 1.01448e-80 1.01448e-80 1.01448e-80 1.01448e-80 1.01448e-80 1.01448e-80 1.01448e-80 
  0.00010   1.01448e-80 1.01448e-80 1.01448e-80 1.01448e-80 1.01448e-80 1.01448e-80 1.01448e-80 1.01448e-80 
  0.00100   1.01448e-80 1.01448e-80 1.01448e-80 1.01448e-80 1.01448e-80 1.01448e-80 1.01448e-80 1.01448e-80 
  0.01000   1.01448e-80 1.01448e-80 1.01448e-80 1.01448e-80 1.01448e-80 1.01448e-80 1.01448e-80 1.01448e-80 
  0.10000   1.01448e-80 1.01448e-80 1.01448e-80 1.01448e-80 1.01448e-80 1.01448e-80 1.01448e-80 1.01448e-80 
  1.00000   1.01448e-80 1.01448e-80 1.01448e-80 1.01448e-80 1.01448e-80 1.01448e-80 1.01448e-80 1.01448e-80 
 10.00000   1.01448e-80 1.01448e-80 1.01448e-80 1.01448e-80 1.01448e-80 1.01448e-80 1.01448e-80 1.01448e-80 
100.00000   1.01448e-80 1.01448e-80 1.01448e-80 1.01448e-80 1.01448e-80 1.01448e-80 1.01448e-80 1.01448e-80 

          3
          150.0
  0.00001   1.01448e-80 1.01448e-80 1.01448e-80 1.01448e-80 1.01448e-80 1.01448e-80 1.01448e-80 1.01448e-80 
  0.00010   1.01448e-80 1.01448e-80 1.01448e-80 1.01448e-80 1.01448e-80 1.01448e-80 1.01448e-80 1.01448e-80 
  0.00100   1.01448e-80 1.01448e-80 1.01448e-80 1.01448e-80 1.01448e-80 1.01448e-80 1.01448e-80 1.01448e-80 
  0.01000   1.01448e-80 1.01448e-80 1.01448e-80 1.01448e-80 1.01448e-80 1.01448e-80 1.01448e-80 1.01448e-80 
  0.10000   1.01448e-80 1.01448e-80 1.01448e-80 1.01448e-80 1.01448e-80 1.01448e-80 1.01448e-80 1.01448e-80 
  1.00000   1.01448e-80 1.01448e-80 1.01448e-80 1.01448e-80 1.01448e-80 1.01448e-80 1.01448e-80 1.01448e-80 
 10.00000   1.01448e-80 1.01448e-80 1.01448e-80 1.01448e-80 1.01448e-80 1.01448e-80 1.01448e-80 1.01448e-80 
100.00000   1.01448e-80 1.01448e-80 1.01448e-80 1.01448e-80 1.01448e-80 1.01448e-80 1.01448e-80 1.01448e-80 

          3
          200.0
  0.00001   1.01448e-80 1.01448e-80 1.01448e-80 1.01448e-80 1.01448e-80 1.01448e-80 1.01448e-80 1.01448e-80 
  0.00010   1.01448e-80 1.01448e-80 1.01448e-80 1.01448e-80 1.01448e-80 1.01448e-80 1.01448e-80 1.01448e-80 
  0.00100   1.01448e-80 1.01448e-80 1.01448e-80 1.01448e-80 1.01448e-80 1.01448e-80 1.01448e-80 1.01448e-80 
  0.01000   1.01448e-80 1.01448e-80 1.01448e-80 1.01448e-80 1.01448e-80 1.01448e-80 1.01448e-80 1.01448e-80 
  0.10000   1.01448e-80 1.01448e-80 1.01448e-80 1.01448e-80 1.01448e-80 1.01448e-80 1.01448e-80 1.01448e-80 
  1.00000   1.01448e-80 1.01448e-80 1.01448e-80 1.01448e-80 1.01448e-80 1.01448e-80 1.01448e-80 1.01448e-80 
 10.00000   1.01448e-80 1.01448e-80 1.01448e-80 1.01448e-80 1.01448e-80 1.01448e-80 1.01448e-80 1.01448e-80 
100.00000   1.01448e-80 1.01448e-80 1.01448e-80 1.01448e-80 1.01448e-80 1.01448e-80 1.01448e-80 1.01448e-80 

          3
          250.0
  0.00001   1.01448e-80 1.01448e-80 1.01448e-80 1.01448e-80 1.01448e-80 1.01448e-80 1.01448e-80 1.01448e-80 
  0.00010   1.01448e-80 1.01448e-80 1.01448e-80 1.01448e-80 1.01448e-80 1.01448e-80 1.01448e-80 1.01448e-80 
  0.00100   1.01448e-80 1.01448e-80 1.01448e-80 1.01448e-80 1.01448e-80 1.01448e-80 1.01448e-80 1.01448e-80 
  0.01000   1.01448e-80 1.01448e-80 1.01448e-80 1.01448e-80 1.01448e-80 1.01448e-80 1.01448e-80 1.01448e-80 
  0.10000   1.01448e-80 1.01448e-80 1.01448e-80 1.01448e-80 1.01448e-80 1.01448e-80 1.01448e-80 1.01448e-80 
  1.00000   1.01448e-80 1.01448e-80 1.01448e-80 1.01448e-80 1.01448e-80 1.01448e-80 1.01448e-80 1.01448e-80 
 10.00000   1.01448e-80 1.01448e-80 1.01448e-80 1.01448e-80 1.01448e-80 1.01448e-80 1.01448e-80 1.01448e-80 
100.00000   1.01448e-80 1.01448e-80 1.01448e-80 1.01448e-80 1.01448e-80 1.01448e-80 1.01448e-80 1.01448e-80 

          3
          300.0
  0.00001   1.01448e-80 1.01448e-80 1.01448e-80 1.01448e-80 1.01448e-80 1.01448e-80 1.01448e-80 1.01448e-80 
  0.00010   1.01448e-80 1.01448e-80 1.01448e-80 1.01448e-80 1.01448e-80 1.01448e-80 1.01448e-80 1.01448e-80 
  0.00100   1.01448e-80 1.01448e-80 1.01448e-80 1.01448e-80 1.01448e-80 1.01448e-80 1.01448e-80 1.01448e-80 
  0.01000   1.01448e-80 1.01448e-80 1.01448e-80 1.01448e-80 1.01448e-80 1.01448e-80 1.01448e-80 1.01448e-80 
  0.10000   1.01448e-80 1.01448e-80 1.01448e-80 1.01448e-80 1.01448e-80 1.01448e-80 1.01448e-80 1.01448e-80 
  1.00000   1.01448e-80 1.01448e-80 1.01448e-80 1.01448e-80 1.01448e-80 1.01448e-80 1.01448e-80 1.01448e-80 
 10.00000   1.01448e-80 1.01448e-80 1.01448e-80 1.01448e-80 1.01448e-80 1.01448e-80 1.01448e-80 1.01448e-80 
100.00000   1.01448e-80 1.01448e-80 1.01448e-80 1.01448e-80 1.01448e-80 1.01448e-80 1.01448e-80 1.01448e-80 

          3
          350.0
  0.00001   1.01448e-80 1.01448e-80 1.01448e-80 1.01448e-80 1.01448e-80 1.01448e-80 1.01448e-80 1.01448e-80 
  0.00010   1.01448e-80 1.01448e-80 1.01448e-80 1.01448e-80 1.01448e-80 1.01448e-80 1.01448e-80 1.01448e-80 
  0.00100   1.01448e-80 1.01448e-80 1.01448e-80 1.01448e-80 1.01448e-80 1.01448e-80 1.01448e-80 1.01448e-80 
  0.01000   1.01448e-80 1.01448e-80 1.01448e-80 1.01448e-80 1.01448e-80 1.01448e-80 1.01448e-80 1.01448e-80 
  0.10000   1.01448e-80 1.01448e-80 1.01448e-80 1.01448e-80 1.01448e-80 1.01448e-80 1.01448e-80 1.01448e-80 
  1.00000   1.01448e-80 1.01448e-80 1.01448e-80 1.01448e-80 1.01448e-80 1.01448e-80 1.01448e-80 1.01448e-80 
 10.00000   1.01448e-80 1.01448e-80 1.01448e-80 1.01448e-80 1.01448e-80 1.01448e-80 1.01448e-80 1.01448e-80 
100.00000   1.01448e-80 1.01448e-80 1.01448e-80 1.01448e-80 1.01448e-80 1.01448e-80 1.01448e-80 1.01448e-80 

          3
          400.0
  0.00001   1.01448e-80 1.01448e-80 1.01448e-80 1.01448e-80 1.01448e-80 1.01448e-80 1.01448e-80 1.01448e-80 
  0.00010   1.01448e-80 1.01448e-80 1.01448e-80 1.01448e-80 1.01448e-80 1.01448e-80 1.01448e-80 1.01448e-80 
  0.00100   1.01448e-80 1.01448e-80 1.01448e-80 1.01448e-80 1.01448e-80 1.01448e-80 1.01448e-80 1.01448e-80 
  0.01000   1.01448e-80 1.01448e-80 1.01448e-80 1.01448e-80 1.01448e-80 1.01448e-80 1.01448e-80 1.01448e-80 
  0.10000   1.01448e-80 1.01448e-80 1.01448e-80 1.01448e-80 1.01448e-80 1.01448e-80 1.01448e-80 1.01448e-80 
  1.00000   1.01448e-80 1.01448e-80 1.01448e-80 1.01448e-80 1.01448e-80 1.01448e-80 1.01448e-80 1.01448e-80 
 10.00000   1.01448e-80 1.01448e-80 1.01448e-80 1.01448e-80 1.01448e-80 1.01448e-80 1.01448e-80 1.01448e-80 
100.00000   1.01448e-80 1.01448e-80 1.01448e-80 1.01448e-80 1.01448e-80 1.01448e-80 1.01448e-80 1.01448e-80 

          3
          600.0
  0.00001   1.01448e-80 1.01448e-80 1.01448e-80 1.01448e-80 1.01448e-80 1.01448e-80 1.01448e-80 1.01448e-80 
  0.00010   1.01448e-80 1.01448e-80 1.01448e-80 1.01448e-80 1.01448e-80 1.01448e-80 1.01448e-80 1.01448e-80 
  0.00100   1.01448e-80 1.01448e-80 1.01448e-80 1.01448e-80 1.01448e-80 1.01448e-80 1.01448e-80 1.01448e-80 
  0.01000   1.01448e-80 1.01448e-80 1.01448e-80 1.01448e-80 1.01448e-80 1.01448e-80 1.01448e-80 1.01448e-80 
  0.10000   1.01448e-80 1.01448e-80 1.01448e-80 1.01448e-80 1.01448e-80 1.01448e-80 1.01448e-80 1.01448e-80 
  1.00000   1.01448e-80 1.01448e-80 1.01448e-80 1.01448e-80 1.01448e-80 1.01448e-80 1.01448e-80 1.01448e-80 
 10.00000   1.01448e-80 1.01448e-80 1.01448e-80 1.01448e-80 1.01448e-80 1.01448e-80 1.01448e-80 1.01448e-80 
100.00000   1.01448e-80 1.01448e-80 1.01448e-80 1.01448e-80 1.01448e-80 1.01448e-80 1.01448e-80 1.01448e-80 

          4
          100.0
  0.00001   1.01448e-80 1.01448e-80 1.01448e-80 1.01448e-80 1.01448e-80 1.01448e-80 1.01448e-80 1.01448e-80 
  0.00010   1.01448e-80 1.01448e-80 1.01448e-80 1.01448e-80 1.01448e-80 1.01448e-80 1.01448e-80 1.01448e-80 
  0.00100   1.01448e-80 1.01448e-80 1.01448e-80 1.01448e-80 1.01448e-80 1.01448e-80 1.01448e-80 1.01448e-80 
  0.01000   1.01448e-80 1.01448e-80 1.01448e-80 1.01448e-80 1.01448e-80 1.01448e-80 1.01448e-80 1.01448e-80 
  0.10000   1.01448e-80 1.01448e-80 1.01448e-80 1.01448e-80 1.01448e-80 1.01448e-80 1.01448e-80 1.01448e-80 
  1.00000   1.01448e-80 1.01448e-80 1.01448e-80 1.01448e-80 1.01448e-80 1.01448e-80 1.01448e-80 1.01448e-80 
 10.00000   1.01448e-80 1.01448e-80 1.01448e-80 1.01448e-80 1.01448e-80 1.01448e-80 1.01448e-80 1.01448e-80 
100.00000   1.01448e-80 1.01448e-80 1.01448e-80 1.01448e-80 1.01448e-80 1.01448e-80 1.01448e-80 1.01448e-80 

          4
          150.0
  0.00001   1.01448e-80 1.01448e-80 1.01448e-80 1.01448e-80 1.01448e-80 1.01448e-80 1.01448e-80 1.01448e-80 
  0.00010   1.01448e-80 1.01448e-80 1.01448e-80 1.01448e-80 1.01448e-80 1.01448e-80 1.01448e-80 1.01448e-80 
  0.00100   1.01448e-80 1.01448e-80 1.01448e-80 1.01448e-80 1.01448e-80 1.01448e-80 1.01448e-80 1.01448e-80 
  0.01000   1.01448e-80 1.01448e-80 1.01448e-80 1.01448e-80 1.01448e-80 1.01448e-80 1.01448e-80 1.01448e-80 
  0.10000   1.01448e-80 1.01448e-80 1.01448e-80 1.01448e-80 1.01448e-80 1.01448e-80 1.01448e-80 1.01448e-80 
  1.00000   1.01448e-80 1.01448e-80 1.01448e-80 1.01448e-80 1.01448e-80 1.01448e-80 1.01448e-80 1.01448e-80 
 10.00000   1.01448e-80 1.01448e-80 1.01448e-80 1.01448e-80 1.01448e-80 1.01448e-80 1.01448e-80 1.01448e-80 
100.00000   1.01448e-80 1.01448e-80 1.01448e-80 1.01448e-80 1.01448e-80 1.01448e-80 1.01448e-80 1.01448e-80 

          4
          200.0
  0.00001   1.01448e-80 1.01448e-80 1.01448e-80 1.01448e-80 1.01448e-80 1.01448e-80 1.01448e-80 1.01448e-80 
  0.00010   1.01448e-80 1.01448e-80 1.01448e-80 1.01448e-80 1.01448e-80 1.01448e-80 1.01448e-80 1.01448e-80 
  0.00100   1.01448e-80 1.01448e-80 1.01448e-80 1.01448e-80 1.01448e-80 1.01448e-80 1.01448e-80 1.01448e-80 
  0.01000   1.01448e-80 1.01448e-80 1.01448e-80 1.01448e-80 1.01448e-80 1.01448e-80 1.01448e-80 1.01448e-80 
  0.10000   1.01448e-80 1.01448e-80 1.01448e-80 1.01448e-80 1.01448e-80 1.01448e-80 1.01448e-80 1.01448e-80 
  1.00000   1.01448e-80 1.01448e-80 1.01448e-80 1.01448e-80 1.01448e-80 1.01448e-80 1.01448e-80 1.01448e-80 
 10.00000   1.01448e-80 1.01448e-80 1.01448e-80 1.01448e-80 1.01448e-80 1.01448e-80 1.01448e-80 1.01448e-80 
100.00000   1.01448e-80 1.01448e-80 1.01448e-80 1.01448e-80 1.01448e-80 1.01448e-80 1.01448e-80 1.01448e-80 

          4
          250.0
  0.00001   1.01448e-80 1.01448e-80 1.01448e-80 1.01448e-80 1.01448e-80 1.01448e-80 1.01448e-80 1.01448e-80 
  0.00010   1.01448e-80 1.01448e-80 1.01448e-80 1.01448e-80 1.01448e-80 1.01448e-80 1.01448e-80 1.01448e-80 
  0.00100   1.01448e-80 1.01448e-80 1.01448e-80 1.01448e-80 1.01448e-80 1.01448e-80 1.01448e-80 1.01448e-80 
  0.01000   1.01448e-80 1.01448e-80 1.01448e-80 1.01448e-80 1.01448e-80 1.01448e-80 1.01448e-80 1.01448e-80 
  0.10000   1.01448e-80 1.01448e-80 1.01448e-80 1.01448e-80 1.01448e-80 1.01448e-80 1.01448e-80 1.01448e-80 
  1.00000   1.01448e-80 1.01448e-80 1.01448e-80 1.01448e-80 1.01448e-80 1.01448e-80 1.01448e-80 1.01448e-80 
 10.00000   1.01448e-80 1.01448e-80 1.01448e-80 1.01448e-80 1.01448e-80 1.01448e-80 1.01448e-80 1.01448e-80 
100.00000   1.01448e-80 1.01448e-80 1.01448e-80 1.01448e-80 1.01448e-80 1.01448e-80 1.01448e-80 1.01448e-80 

          4
          300.0
  0.00001   1.01448e-80 1.01448e-80 1.01448e-80 1.01448e-80 1.01448e-80 1.01448e-80 1.01448e-80 1.01448e-80 
  0.00010   1.01448e-80 1.01448e-80 1.01448e-80 1.01448e-80 1.01448e-80 1.01448e-80 1.01448e-80 1.01448e-80 
  0.00100   1.01448e-80 1.01448e-80 1.01448e-80 1.01448e-80 1.01448e-80 1.01448e-80 1.01448e-80 1.01448e-80 
  0.01000   1.01448e-80 1.01448e-80 1.01448e-80 1.01448e-80 1.01448e-80 1.01448e-80 1.01448e-80 1.01448e-80 
  0.10000   1.01448e-80 1.01448e-80 1.01448e-80 1.01448e-80 1.01448e-80 1.01448e-80 1.01448e-80 1.01448e-80 
  1.00000   1.01448e-80 1.01448e-80 1.01448e-80 1.01448e-80 1.01448e-80 1.01448e-80 1.01448e-80 1.01448e-80 
 10.00000   1.01448e-80 1.01448e-80 1.01448e-80 1.01448e-80 1.01448e-80 1.01448e-80 1.01448e-80 1.01448e-80 
100.00000   1.01448e-80 1.01448e-80 1.01448e-80 1.01448e-80 1.01448e-80 1.01448e-80 1.01448e-80 1.01448e-80 

          4
          350.0
  0.00001   1.01448e-80 1.01448e-80 1.01448e-80 1.01448e-80 1.01448e-80 1.01448e-80 1.01448e-80 1.01448e-80 
  0.00010   1.01448e-80 1.01448e-80 1.01448e-80 1.01448e-80 1.01448e-80 1.01448e-80 1.01448e-80 1.01448e-80 
  0.00100   1.01448e-80 1.01448e-80 1.01448e-80 1.01448e-80 1.01448e-80 1.01448e-80 1.01448e-80 1.01448e-80 
  0.01000   1.01448e-80 1.01448e-80 1.01448e-80 1.01448e-80 1.01448e-80 1.01448e-80 1.01448e-80 1.01448e-80 
  0.10000   1.01448e-80 1.01448e-80 1.01448e-80 1.01448e-80 1.01448e-80 1.01448e-80 1.01448e-80 1.01448e-80 
  1.00000   1.01448e-80 1.01448e-80 1.01448e-80 1.01448e-80 1.01448e-80 1.01448e-80 1.01448e-80 1.01448e-80 
 10.00000   1.01448e-80 1.01448e-80 1.01448e-80 1.01448e-80 1.01448e-80 1.01448e-80 1.01448e-80 1.01448e-80 
100.00000   1.01448e-80 1.01448e-80 1.01448e-80 1.01448e-80 1.01448e-80 1.01448e-80 1.01448e-80 1.01448e-80 

          4
          400.0
  0.00001   1.01448e-80 1.01448e-80 1.01448e-80 1.01448e-80 1.01448e-80 1.01448e-80 1.01448e-80 1.01448e-80 
  0.00010   1.01448e-80 1.01448e-80 1.01448e-80 1.01448e-80 1.01448e-80 1.01448e-80 1.01448e-80 1.01448e-80 
  0.00100   1.01448e-80 1.01448e-80 1.01448e-80 1.01448e-80 1.01448e-80 1.01448e-80 1.01448e-80 1.01448e-80 
  0.01000   1.01448e-80 1.01448e-80 1.01448e-80 1.01448e-80 1.01448e-80 1.01448e-80 1.01448e-80 1.01448e-80 
  0.10000   1.01448e-80 1.01448e-80 1.01448e-80 1.01448e-80 1.01448e-80 1.01448e-80 1.01448e-80 1.01448e-80 
  1.00000   1.01448e-80 1.01448e-80 1.01448e-80 1.01448e-80 1.01448e-80 1.01448e-80 1.01448e-80 1.01448e-80 
 10.00000   1.01448e-80 1.01448e-80 1.01448e-80 1.01448e-80 1.01448e-80 1.01448e-80 1.01448e-80 1.01448e-80 
100.00000   1.01448e-80 1.01448e-80 1.01448e-80 1.01448e-80 1.01448e-80 1.01448e-80 1.01448e-80 1.01448e-80 

          4
          600.0
  0.00001   1.01448e-80 1.01448e-80 1.01448e-80 1.01448e-80 1.01448e-80 1.01448e-80 1.01448e-80 1.01448e-80 
  0.00010   1.01448e-80 1.01448e-80 1.01448e-80 1.01448e-80 1.01448e-80 1.01448e-80 1.01448e-80 1.01448e-80 
  0.00100   1.01448e-80 1.01448e-80 1.01448e-80 1.01448e-80 1.01448e-80 1.01448e-80 1.01448e-80 1.01448e-80 
  0.01000   1.01448e-80 1.01448e-80 1.01448e-80 1.01448e-80 1.01448e-80 1.01448e-80 1.01448e-80 1.01448e-80 
  0.10000   1.01448e-80 1.01448e-80 1.01448e-80 1.01448e-80 1.01448e-80 1.01448e-80 1.01448e-80 1.01448e-80 
  1.00000   1.01448e-80 1.01448e-80 1.01448e-80 1.01448e-80 1.01448e-80 1.01448e-80 1.01448e-80 1.01448e-80 
 10.00000   1.01448e-80 1.01448e-80 1.01448e-80 1.01448e-80 1.01448e-80 1.01448e-80 1.01448e-80 1.01448e-80 
100.00000   1.01448e-80 1.01448e-80 1.01448e-80 1.01448e-80 1.01448e-80 1.01448e-80 1.01448e-80 1.01448e-80 

          5
          100.0
  0.00001   1.01448e-80 1.01448e-80 1.01448e-80 1.01448e-80 1.01448e-80 1.01448e-80 1.01448e-80 1.01448e-80 
  0.00010   1.01448e-80 1.01448e-80 1.01448e-80 1.01448e-80 1.01448e-80 1.01448e-80 1.01448e-80 1.01448e-80 
  0.00100   1.01448e-80 1.01448e-80 1.01448e-80 1.01448e-80 1.01448e-80 1.01448e-80 1.01448e-80 1.01448e-80 
  0.01000   1.01448e-80 1.01448e-80 1.01448e-80 1.01448e-80 1.01448e-80 1.01448e-80 1.01448e-80 1.01448e-80 
  0.10000   1.01448e-80 1.01448e-80 1.01448e-80 1.01448e-80 1.01448e-80 1.01448e-80 1.01448e-80 1.01448e-80 
  1.00000   1.01448e-80 1.01448e-80 1.01448e-80 1.01448e-80 1.01448e-80 1.01448e-80 1.01448e-80 1.01448e-80 
 10.00000   1.01448e-80 1.01448e-80 1.01448e-80 1.01448e-80 1.01448e-80 1.01448e-80 1.01448e-80 1.01448e-80 
100.00000   1.01448e-80 1.01448e-80 1.01448e-80 1.01448e-80 1.01448e-80 1.01448e-80 1.01448e-80 1.01448e-80 

          5
          150.0
  0.00001   1.01448e-80 1.01448e-80 1.01448e-80 1.01448e-80 1.01448e-80 1.01448e-80 1.01448e-80 1.01448e-80 
  0.00010   1.01448e-80 1.01448e-80 1.01448e-80 1.01448e-80 1.01448e-80 1.01448e-80 1.01448e-80 1.01448e-80 
  0.00100   1.01448e-80 1.01448e-80 1.01448e-80 1.01448e-80 1.01448e-80 1.01448e-80 1.01448e-80 1.01448e-80 
  0.01000   1.01448e-80 1.01448e-80 1.01448e-80 1.01448e-80 1.01448e-80 1.01448e-80 1.01448e-80 1.01448e-80 
  0.10000   1.01448e-80 1.01448e-80 1.01448e-80 1.01448e-80 1.01448e-80 1.01448e-80 1.01448e-80 1.01448e-80 
  1.00000   1.01448e-80 1.01448e-80 1.01448e-80 1.01448e-80 1.01448e-80 1.01448e-80 1.01448e-80 1.01448e-80 
 10.00000   1.01448e-80 1.01448e-80 1.01448e-80 1.01448e-80 1.01448e-80 1.01448e-80 1.01448e-80 1.01448e-80 
100.00000   1.01448e-80 1.01448e-80 1.01448e-80 1.01448e-80 1.01448e-80 1.01448e-80 1.01448e-80 1.01448e-80 

          5
          200.0
  0.00001   1.01448e-80 1.01448e-80 1.01448e-80 1.01448e-80 1.01448e-80 1.01448e-80 1.01448e-80 1.01448e-80 
  0.00010   1.01448e-80 1.01448e-80 1.01448e-80 1.01448e-80 1.01448e-80 1.01448e-80 1.01448e-80 1.01448e-80 
  0.00100   1.01448e-80 1.01448e-80 1.01448e-80 1.01448e-80 1.01448e-80 1.01448e-80 1.01448e-80 1.01448e-80 
  0.01000   1.01448e-80 1.01448e-80 1.01448e-80 1.01448e-80 1.01448e-80 1.01448e-80 1.01448e-80 1.01448e-80 
  0.10000   1.01448e-80 1.01448e-80 1.01448e-80 1.01448e-80 1.01448e-80 1.01448e-80 1.01448e-80 1.01448e-80 
  1.00000   1.01448e-80 1.01448e-80 1.01448e-80 1.01448e-80 1.01448e-80 1.01448e-80 1.01448e-80 1.01448e-80 
 10.00000   1.01448e-80 1.01448e-80 1.01448e-80 1.01448e-80 1.01448e-80 1.01448e-80 1.01448e-80 1.01448e-80 
100.00000   1.01448e-80 1.01448e-80 1.01448e-80 1.01448e-80 1.01448e-80 1.01448e-80 1.01448e-80 1.01448e-80 

          5
          250.0
  0.00001   1.01448e-80 1.01448e-80 1.01448e-80 1.01448e-80 1.01448e-80 1.01448e-80 1.01448e-80 1.01448e-80 
  0.00010   1.01448e-80 1.01448e-80 1.01448e-80 1.01448e-80 1.01448e-80 1.01448e-80 1.01448e-80 1.01448e-80 
  0.00100   1.01448e-80 1.01448e-80 1.01448e-80 1.01448e-80 1.01448e-80 1.01448e-80 1.01448e-80 1.01448e-80 
  0.01000   1.01448e-80 1.01448e-80 1.01448e-80 1.01448e-80 1.01448e-80 1.01448e-80 1.01448e-80 1.01448e-80 
  0.10000   1.01448e-80 1.01448e-80 1.01448e-80 1.01448e-80 1.01448e-80 1.01448e-80 1.01448e-80 1.01448e-80 
  1.00000   1.01448e-80 1.01448e-80 1.01448e-80 1.01448e-80 1.01448e-80 1.01448e-80 1.01448e-80 1.01448e-80 
 10.00000   1.01448e-80 1.01448e-80 1.01448e-80 1.01448e-80 1.01448e-80 1.01448e-80 1.01448e-80 1.01448e-80 
100.00000   1.01448e-80 1.01448e-80 1.01448e-80 1.01448e-80 1.01448e-80 1.01448e-80 1.01448e-80 1.01448e-80 

          5
          300.0
  0.00001   1.01448e-80 1.01448e-80 1.01448e-80 1.01448e-80 1.01448e-80 1.01448e-80 1.01448e-80 1.01448e-80 
  0.00010   1.01448e-80 1.01448e-80 1.01448e-80 1.01448e-80 1.01448e-80 1.01448e-80 1.01448e-80 1.01448e-80 
  0.00100   1.01448e-80 1.01448e-80 1.01448e-80 1.01448e-80 1.01448e-80 1.01448e-80 1.01448e-80 1.01448e-80 
  0.01000   1.01448e-80 1.01448e-80 1.01448e-80 1.01448e-80 1.01448e-80 1.01448e-80 1.01448e-80 1.01448e-80 
  0.10000   1.01448e-80 1.01448e-80 1.01448e-80 1.01448e-80 1.01448e-80 1.01448e-80 1.01448e-80 1.01448e-80 
  1.00000   1.01448e-80 1.01448e-80 1.01448e-80 1.01448e-80 1.01448e-80 1.01448e-80 1.01448e-80 1.01448e-80 
 10.00000   1.01448e-80 1.01448e-80 1.01448e-80 1.01448e-80 1.01448e-80 1.01448e-80 1.01448e-80 1.01448e-80 
100.00000   1.01448e-80 1.01448e-80 1.01448e-80 1.01448e-80 1.01448e-80 1.01448e-80 1.01448e-80 1.01448e-80 

          5
          350.0
  0.00001   1.01448e-80 1.01448e-80 1.01448e-80 1.01448e-80 1.01448e-80 1.01448e-80 1.01448e-80 1.01448e-80 
  0.00010   1.01448e-80 1.01448e-80 1.01448e-80 1.01448e-80 1.01448e-80 1.01448e-80 1.01448e-80 1.01448e-80 
  0.00100   1.01448e-80 1.01448e-80 1.01448e-80 1.01448e-80 1.01448e-80 1.01448e-80 1.01448e-80 1.01448e-80 
  0.01000   1.01448e-80 1.01448e-80 1.01448e-80 1.01448e-80 1.01448e-80 1.01448e-80 1.01448e-80 1.01448e-80 
  0.10000   1.01448e-80 1.01448e-80 1.01448e-80 1.01448e-80 1.01448e-80 1.01448e-80 1.01448e-80 1.01448e-80 
  1.00000   1.01448e-80 1.01448e-80 1.01448e-80 1.01448e-80 1.01448e-80 1.01448e-80 1.01448e-80 1.01448e-80 
 10.00000   1.01448e-80 1.01448e-80 1.01448e-80 1.01448e-80 1.01448e-80 1.01448e-80 1.01448e-80 1.01448e-80 
100.00000   1.01448e-80 1.01448e-80 1.01448e-80 1.01448e-80 1.01448e-80 1.01448e-80 1.01448e-80 1.01448e-80 

          5
          400.0
  0.00001   1.01448e-80 1.01448e-80 1.01448e-80 1.01448e-80 1.01448e-80 1.01448e-80 1.01448e-80 1.01448e-80 
  0.00010   1.01448e-80 1.01448e-80 1.01448e-80 1.01448e-80 1.01448e-80 1.01448e-80 1.01448e-80 1.01448e-80 
  0.00100   1.01448e-80 1.01448e-80 1.01448e-80 1.01448e-80 1.01448e-80 1.01448e-80 1.01448e-80 1.01448e-80 
  0.01000   1.01448e-80 1.01448e-80 1.01448e-80 1.01448e-80 1.01448e-80 1.01448e-80 1.01448e-80 1.01448e-80 
  0.10000   1.01448e-80 1.01448e-80 1.01448e-80 1.01448e-80 1.01448e-80 1.01448e-80 1.01448e-80 1.01448e-80 
  1.00000   1.01448e-80 1.01448e-80 1.01448e-80 1.01448e-80 1.01448e-80 1.01448e-80 1.01448e-80 1.01448e-80 
 10.00000   1.01448e-80 1.01448e-80 1.01448e-80 1.01448e-80 1.01448e-80 1.01448e-80 1.01448e-80 1.01448e-80 
100.00000   1.01448e-80 1.01448e-80 1.01448e-80 1.01448e-80 1.01448e-80 1.01448e-80 1.01448e-80 1.01448e-80 

          5
          600.0
  0.00001   1.01448e-80 1.01448e-80 1.01448e-80 1.01448e-80 1.01448e-80 1.01448e-80 1.01448e-80 1.01448e-80 
  0.00010   1.01448e-80 1.01448e-80 1.01448e-80 1.01448e-80 1.01448e-80 1.01448e-80 1.01448e-80 1.01448e-80 
  0.00100   1.01448e-80 1.01448e-80 1.01448e-80 1.01448e-80 1.01448e-80 1.01448e-80 1.01448e-80 1.01448e-80 
  0.01000   1.01448e-80 1.01448e-80 1.01448e-80 1.01448e-80 1.01448e-80 1.01448e-80 1.01448e-80 1.01448e-80 
  0.10000   1.01448e-80 1.01448e-80 1.01448e-80 1.01448e-80 1.01448e-80 1.01448e-80 1.01448e-80 1.01448e-80 
  1.00000   1.01448e-80 1.01448e-80 1.01448e-80 1.01448e-80 1.01448e-80 1.01448e-80 1.01448e-80 1.01448e-80 
 10.00000   1.01448e-80 1.01448e-80 1.01448e-80 1.01448e-80 1.01448e-80 1.01448e-80 1.01448e-80 1.01448e-80 
100.00000   1.01448e-80 1.01448e-80 1.01448e-80 1.01448e-80 1.01448e-80 1.01448e-80 1.01448e-80 1.01448e-80 

          6
          100.0
  0.00001   1.01756e-70 1.12075e-70 1.25539e-70 1.35857e-70 1.38752e-70 1.39295e-70 8.42879e-35 6.83254e-33 
  0.00010   1.01756e-70 1.12075e-70 1.25538e-70 1.35857e-70 1.38751e-70 1.39294e-70 7.89791e-34 6.75254e-32 
  0.00100   1.01756e-70 1.12075e-70 1.25538e-70 1.35857e-70 1.38751e-70 1.39294e-70 7.94699e-33 6.76139e-31 
  0.01000   1.01754e-70 1.12066e-70 1.25519e-70 1.35830e-70 1.38722e-70 1.39265e-70 7.93288e-32 6.70450e-30 
  0.10000   1.01733e-70 1.11962e-70 1.25308e-70 1.35537e-70 1.38406e-70 1.38945e-70 8.22967e-31 6.32965e-29 
  1.00000   1.01683e-70 1.11716e-70 1.24806e-70 1.34839e-70 1.37653e-70 1.38181e-70 7.26957e-30 2.32652e-28 
 10.00000   1.01644e-70 1.11527e-70 1.24421e-70 1.34304e-70 1.37076e-70 1.37596e-70 1.35217e-29 1.71746e-28 
100.00000   1.01513e-70 1.10885e-70 1.23112e-70 1.32484e-70 1.35113e-70 1.35606e-70 2.50101e-31 2.58918e-30 

          6
          150.0
  0.00001   1.01775e-70 1.12167e-70 1.25726e-70 1.36119e-70 1.39033e-70 1.39580e-70 1.52485e-34 1.01176e-32 
  0.00010   1.01775e-70 1.12167e-70 1.25726e-70 1.36118e-70 1.39033e-70 1.39580e-70 1.44424e-33 1.00297e-31 
  0.00100   1.01775e-70 1.12165e-70 1.25721e-70 1.36112e-70 1.39026e-70 1.39573e-70 1.45972e-32 1.00424e-30 
  0.01000   1.01771e-70 1.12148e-70 1.25687e-70 1.36064e-70 1.38975e-70 1.39521e-70 1.46413e-31 9.97314e-30 
  0.10000   1.01751e-70 1.12048e-70 1.25484e-70 1.35781e-70 1.38669e-70 1.39211e-70 1.46762e-30 9.48555e-29 
  1.00000   1.01702e-70 1.11811e-70 1.25000e-70 1.35109e-70 1.37944e-70 1.38476e-70 1.40488e-29 3.73295e-28 
 10.00000   1.01656e-70 1.11587e-70 1.24544e-70 1.34474e-70 1.37259e-70 1.37782e-70 3.26810e-29 3.07798e-28 
100.00000   1.01545e-70 1.11042e-70 1.23433e-70 1.32930e-70 1.35594e-70 1.36094e-70 1.08623e-30 9.15867e-30 

          6
          200.0
  0.00001   1.01777e-70 1.12179e-70 1.25750e-70 1.36152e-70 1.39069e-70 1.39617e-70 1.63972e-34 1.05391e-32 
  0.00010   1.01777e-70 1.12179e-70 1.25750e-70 1.36152e-70 1.39069e-70 1.39616e-70 1.59271e-33 1.03258e-31 
  0.00100   1.01777e-70 1.12178e-70 1.25747e-70 1.36147e-70 1.39065e-70 1.39612e-70 1.62574e-32 1.02998e-30 
  0.01000   1.01774e-70 1.12164e-70 1.25720e-70 1.36110e-70 1.39025e-70 1.39571e-70 1.62781e-31 1.02321e-29 
  0.10000   1.01757e-70 1.12077e-70 1.25543e-70 1.35863e-70 1.38758e-70 1.39301e-70 1.61455e-30 9.83985e-29 
  1.00000   1.01710e-70 1.11848e-70 1.25075e-70 1.35214e-70 1.38057e-70 1.38591e-70 1.58300e-29 4.29629e-28 
 10.00000   1.01663e-70 1.11621e-70 1.24613e-70 1.34570e-70 1.37363e-70 1.37887e-70 5.39861e-29 3.78249e-28 
100.00000   1.01562e-70 1.11126e-70 1.23604e-70 1.33168e-70 1.35850e-70 1.36353e-70 2.46459e-30 1.77455e-29 

          6
          250.0
  0.00001   1.01776e-70 1.12170e-70 1.25732e-70 1.36127e-70 1.39042e-70 1.39589e-70 1.50968e-34 9.98228e-33 
  0.00010   1.01776e-70 1.12170e-70 1.25732e-70 1.36127e-70 1.39042e-70 1.39589e-70 1.50365e-33 9.57564e-32 
  0.00100   1.01775e-70 1.12169e-70 1.25730e-70 1.36124e-70 1.39039e-70 1.39586e-70 1.53108e-32 9.41410e-31 
  0.01000   1.01773e-70 1.12160e-70 1.25711e-70 1.36097e-70 1.39010e-70 1.39557e-70 1.52640e-31 9.31947e-30 
  0.10000   1.01758e-70 1.12082e-70 1.25553e-70 1.35877e-70 1.38773e-70 1.39316e-70 1.52559e-30 9.08862e-29 
  1.00000   1.01713e-70 1.11865e-70 1.25110e-70 1.35261e-70 1.38109e-70 1.38643e-70 1.50971e-29 4.42294e-28 
 10.00000   1.01669e-70 1.11649e-70 1.24670e-70 1.34650e-70 1.37449e-70 1.37974e-70 6.84818e-29 4.01342e-28 
100.00000   1.01573e-70 1.11178e-70 1.23711e-70 1.33317e-70 1.36011e-70 1.36516e-70 4.06126e-30 2.65938e-29 

          6
          300.0
  0.00001   1.01773e-70 1.12156e-70 1.25703e-70 1.36086e-70 1.38998e-70 1.39545e-70 1.33441e-34 9.13043e-33 
  0.00010   1.01773e-70 1.12156e-70 1.25703e-70 1.36086e-70 1.38998e-70 1.39544e-70 1.35885e-33 8.68011e-32 
  0.00100   1.01772e-70 1.12155e-70 1.25701e-70 1.36083e-70 1.38995e-70 1.39542e-70 1.35625e-32 8.33044e-31 
  0.01000   1.01771e-70 1.12146e-70 1.25682e-70 1.36057e-70 1.38967e-70 1.39513e-70 1.34919e-31 8.18412e-30 
  0.10000   1.01757e-70 1.12079e-70 1.25547e-70 1.35869e-70 1.38764e-70 1.39307e-70 1.34490e-30 8.00806e-29 
  1.00000   1.01715e-70 1.11876e-70 1.25132e-70 1.35293e-70 1.38142e-70 1.38677e-70 1.34341e-29 4.27984e-28 
 10.00000   1.01672e-70 1.11664e-70 1.24701e-70 1.34693e-70 1.37496e-70 1.38022e-70 6.87847e-29 3.91897e-28 
100.00000   1.01580e-70 1.11215e-70 1.23786e-70 1.33421e-70 1.36124e-70 1.36631e-70 5.42882e-30 3.48995e-29 

          6
          350.0
  0.00001   1.01769e-70 1.12137e-70 1.25664e-70 1.36031e-70 1.38939e-70 1.39485e-70 1.17096e-34 8.03803e-33 
  0.00010   1.01769e-70 1.12136e-70 1.25663e-70 1.36031e-70 1.38939e-70 1.39485e-70 1.18449e-33 7.78078e-32 
  0.00100   1.01769e-70 1.12136e-70 1.25662e-70 1.36029e-70 1.38936e-70 1.39482e-70 1.17873e-32 7.36173e-31 
  0.01000   1.01767e-70 1.12127e-70 1.25644e-70 1.36004e-70 1.38910e-70 1.39455e-70 1.17036e-31 7.13084e-30 
  0.10000   1.01756e-70 1.12073e-70 1.25533e-70 1.35850e-70 1.38744e-70 1.39287e-70 1.17747e-30 7.07902e-29 
  1.00000   1.01717e-70 1.11883e-70 1.25146e-70 1.35312e-70 1.38163e-70 1.38698e-70 1.15693e-29 3.98466e-28 
 10.00000   1.01674e-70 1.11672e-70 1.24717e-70 1.34715e-70 1.37520e-70 1.38046e-70 6.82501e-29 3.69833e-28 
100.00000   1.01586e-70 1.11241e-70 1.23838e-70 1.33494e-70 1.36202e-70 1.36710e-70 6.68034e-30 4.18507e-29 

          6
          400.0
  0.00001   1.01765e-70 1.12117e-70 1.25624e-70 1.35976e-70 1.38880e-70 1.39425e-70 1.01777e-34 7.00491e-33 
  0.00010   1.01765e-70 1.12117e-70 1.25624e-70 1.35976e-70 1.38880e-70 1.39425e-70 1.01975e-33 6.86886e-32 
  0.00100   1.01765e-70 1.12116e-70 1.25622e-70 1.35974e-70 1.38877e-70 1.39422e-70 1.01051e-32 6.52449e-31 
  0.01000   1.01763e-70 1.12109e-70 1.25607e-70 1.35953e-70 1.38855e-70 1.39399e-70 1.00854e-31 6.25184e-30 
  0.10000   1.01754e-70 1.12063e-70 1.25513e-70 1.35823e-70 1.38714e-70 1.39257e-70 1.01925e-30 6.19367e-29 
  1.00000   1.01717e-70 1.11885e-70 1.25150e-70 1.35318e-70 1.38169e-70 1.38704e-70 1.00965e-29 3.64620e-28 
 10.00000   1.01674e-70 1.11675e-70 1.24723e-70 1.34723e-70 1.37528e-70 1.38055e-70 6.15377e-29 3.43921e-28 
100.00000   1.01589e-70 1.11258e-70 1.23873e-70 1.33542e-70 1.36254e-70 1.36762e-70 8.67000e-30 4.72032e-29 

          6
          600.0
  0.00001   1.01753e-70 1.12061e-70 1.25510e-70 1.35818e-70 1.38710e-70 1.39252e-70 5.74793e-35 4.48687e-33 
  0.00010   1.01753e-70 1.12061e-70 1.25510e-70 1.35818e-70 1.38710e-70 1.39252e-70 5.81104e-34 4.18170e-32 
  0.00100   1.01753e-70 1.12061e-70 1.25509e-70 1.35817e-70 1.38708e-70 1.39251e-70 5.76683e-33 4.02131e-31 
  0.01000   1.01752e-70 1.12057e-70 1.25501e-70 1.35805e-70 1.38695e-70 1.39238e-70 5.72046e-32 3.86036e-30 
  0.10000   1.01745e-70 1.12020e-70 1.25425e-70 1.35700e-70 1.38582e-70 1.39123e-70 5.80783e-31 3.69335e-29 
  1.00000   1.01714e-70 1.11870e-70 1.25120e-70 1.35275e-70 1.38124e-70 1.38658e-70 5.69099e-30 2.54678e-28 
 10.00000   1.01673e-70 1.11667e-70 1.24706e-70 1.34700e-70 1.37503e-70 1.38029e-70 4.20003e-29 2.71614e-28 
100.00000   1.01596e-70 1.11291e-70 1.23941e-70 1.33637e-70 1.36356e-70 1.36866e-70 1.14318e-29 5.97372e-29 

          7
          100.0
  0.00001   1.29334e-52 1.41334e-34 1.07901e-32 6.09262e-31 9.28308e-29 4.89824e-28 6.61603e-27 1.04901e-25 
  0.00010   4.58198e-52 1.41537e-33 1.03836e-31 4.48486e-30 1.83925e-28 7.19210e-28 7.14670e-27 1.05084e-25 
  0.00100   1.66371e-51 1.38513e-32 1.01921e-30 3.60950e-29 5.46163e-28 1.49025e-27 9.06970e-27 1.06370e-25 
  0.01000   5.95488e-51 1.37728e-31 9.91298e-30 3.12193e-28 2.56368e-27 5.03389e-27 1.68444e-26 1.10202e-25 
  0.10000   2.11619e-50 1.33052e-30 9.27769e-29 2.00225e-27 8.51549e-27 1.28018e-26 2.70028e-26 1.09942e-25 
  1.00000   7.60635e-50 1.06504e-29 4.27993e-28 3.74792e-27 1.09677e-26 1.53445e-26 2.69998e-26 6.96136e-26 
 10.00000   2.21060e-49 2.17539e-29 3.22388e-28 2.12559e-27 6.83363e-27 8.94898e-27 1.33756e-26 2.42866e-26 
100.00000   4.18105e-50 3.52043e-31 4.02611e-30 3.03223e-29 9.80258e-29 1.23627e-28 1.70760e-28 2.38867e-28 

          7
          150.0
  0.00001   2.73139e-52 2.76947e-34 1.27308e-32 1.56149e-30 5.26746e-28 2.27779e-27 1.55983e-26 1.25231e-25 
  0.00010   9.69381e-52 2.79225e-33 1.23302e-31 7.31646e-30 6.77205e-28 2.47973e-27 1.56863e-26 1.25157e-25 
  0.00100   3.48240e-51 2.74599e-32 1.21908e-30 4.65103e-29 1.15584e-27 3.23593e-27 1.64124e-26 1.24566e-25 
  0.01000   1.23001e-50 2.76040e-31 1.18535e-29 3.54636e-28 3.32380e-27 6.67366e-27 2.07722e-26 1.20136e-25 
  0.10000   4.41636e-50 2.70363e-30 1.12669e-28 2.22599e-27 9.02554e-27 1.34081e-26 2.76870e-26 1.04986e-25 
  1.00000   1.56242e-49 2.29490e-29 5.62585e-28 3.97239e-27 1.08789e-26 1.49347e-26 2.63143e-26 6.16412e-26 
 10.00000   4.94169e-49 5.66826e-29 4.68651e-28 2.78368e-27 8.48893e-27 1.02012e-26 1.43993e-26 2.62779e-26 
100.00000   1.48155e-49 1.79305e-30 1.19534e-29 8.02046e-29 2.05155e-28 2.45196e-28 3.21612e-28 5.34214e-28 

          7
          200.0
  0.00001   3.41141e-52 3.44346e-34 1.27282e-32 4.01995e-30 1.43704e-27 4.77741e-27 2.15934e-26 1.30801e-25 
  0.00010   1.21637e-51 3.48704e-33 1.25060e-31 1.29252e-29 1.60729e-27 4.91628e-27 2.16291e-26 1.30721e-25 
  0.00100   4.32340e-51 3.44065e-32 1.23921e-30 5.85497e-29 2.10166e-27 5.40533e-27 2.19638e-26 1.30102e-25 
  0.01000   1.53609e-50 3.48102e-31 1.21932e-29 3.82351e-28 4.11177e-27 8.11958e-27 2.37981e-26 1.26058e-25 
  0.10000   5.47243e-50 3.43603e-30 1.17115e-28 2.29964e-27 9.22785e-27 1.36536e-26 2.81375e-26 1.01854e-25 
  1.00000   1.94664e-49 3.08802e-29 6.33233e-28 4.10197e-27 1.08485e-26 1.45534e-26 2.57150e-26 5.70224e-26 
 10.00000   6.36541e-49 8.29973e-29 5.82710e-28 3.20904e-27 8.86850e-27 1.05464e-26 1.47950e-26 2.72757e-26 
100.00000   2.62727e-49 4.44594e-30 2.45139e-29 1.49550e-28 3.32562e-28 3.84687e-28 5.00518e-28 9.55371e-28 

          7
          250.0
  0.00001   3.55371e-52 3.65572e-34 1.20670e-32 8.86048e-30 2.53205e-27 6.93125e-27 2.49559e-26 1.30665e-25 
  0.00010   1.27242e-51 3.67871e-33 1.19890e-31 2.26054e-29 2.69722e-27 7.02635e-27 2.49757e-26 1.30604e-25 
  0.00100   4.48984e-51 3.66191e-32 1.17828e-30 7.55364e-29 3.17281e-27 7.37959e-27 2.51360e-26 1.30068e-25 
  0.01000   1.61060e-50 3.68427e-31 1.17717e-29 4.04385e-28 4.90043e-27 9.27627e-27 2.59064e-26 1.25852e-25 
  0.10000   5.66912e-50 3.64801e-30 1.14557e-28 2.29001e-27 9.32040e-27 1.38128e-26 2.84278e-26 9.93275e-26 
  1.00000   2.04071e-49 3.43478e-29 6.59872e-28 4.18625e-27 1.08494e-26 1.42575e-26 2.49133e-26 5.42088e-26 
 10.00000   6.78280e-49 9.81606e-29 6.70997e-28 3.55492e-27 8.78711e-27 1.06466e-26 1.47880e-26 2.81038e-26 
100.00000   3.57978e-49 8.20887e-30 4.18825e-29 2.31843e-28 4.71841e-28 5.37708e-28 6.79416e-28 1.45891e-27 

          7
          300.0
  0.00001   3.45456e-52 3.65538e-34 1.13073e-32 1.58629e-29 3.56485e-27 8.53979e-27 2.63926e-26 1.29528e-25 
  0.00010   1.24513e-51 3.61212e-33 1.12144e-31 3.52925e-29 3.71948e-27 8.60032e-27 2.64076e-26 1.29442e-25 
  0.00100   4.38716e-51 3.65590e-32 1.09316e-30 9.99433e-29 4.09959e-27 8.93020e-27 2.65276e-26 1.28747e-25 
  0.01000   1.56845e-50 3.63050e-31 1.09761e-29 4.25064e-28 5.60793e-27 1.02366e-26 2.70509e-26 1.22490e-25 
  0.10000   5.53850e-50 3.60408e-30 1.08537e-28 2.26525e-27 9.41873e-27 1.40086e-26 2.88876e-26 9.66231e-26 
  1.00000   1.99140e-49 3.46976e-29 6.60719e-28 4.20303e-27 1.06501e-26 1.39468e-26 2.42226e-26 5.28511e-26 
 10.00000   6.72297e-49 1.05095e-28 7.17736e-28 3.81609e-27 8.78482e-27 1.05630e-26 1.43715e-26 2.84792e-26 
100.00000   4.34488e-49 1.26557e-29 6.42981e-29 3.16805e-28 6.17594e-28 7.05434e-28 8.20019e-28 1.98791e-27 

          7
          350.0
  0.00001   3.27983e-52 3.40984e-34 1.06600e-32 2.41977e-29 4.41358e-27 9.65435e-27 2.69802e-26 1.27870e-25 
  0.00010   1.18370e-51 3.40590e-33 1.03843e-31 4.94476e-29 4.53423e-27 9.68978e-27 2.69833e-26 1.27805e-25 
  0.00100   4.17956e-51 3.41039e-32 1.02324e-30 1.23977e-28 4.88395e-27 9.92898e-27 2.69955e-26 1.27460e-25 
  0.01000   1.49095e-50 3.40973e-31 1.01402e-29 4.54551e-28 6.13051e-27 1.10358e-26 2.70503e-26 1.23665e-25 
  0.10000   5.25328e-50 3.39393e-30 1.00941e-28 2.22596e-27 9.37458e-27 1.38965e-26 2.88788e-26 9.28105e-26 
  1.00000   1.88463e-49 3.31070e-29 6.40971e-28 4.14815e-27 1.03330e-26 1.38867e-26 2.36955e-26 5.15357e-26 
 10.00000   6.42811e-49 1.08082e-28 7.60190e-28 4.01433e-27 8.68905e-27 1.02556e-26 1.40531e-26 2.81258e-26 
100.00000   4.91092e-49 1.68439e-29 9.28509e-29 4.29560e-28 7.94696e-28 8.97010e-28 1.03050e-27 2.50578e-27 

          7
          400.0
  0.00001   3.09203e-52 3.09205e-34 9.98249e-33 3.40778e-29 5.02281e-27 1.03505e-26 2.71600e-26 1.25138e-25 
  0.00010   1.11135e-51 3.06538e-33 9.68002e-32 6.34996e-29 5.12830e-27 1.03905e-26 2.71675e-26 1.25110e-25 
  0.00100   3.90425e-51 3.09242e-32 9.45813e-31 1.46432e-28 5.43216e-27 1.05732e-26 2.72554e-26 1.24689e-25 
  0.01000   1.40302e-50 3.07669e-31 9.38921e-30 4.68346e-28 6.49575e-27 1.12907e-26 2.76490e-26 1.20804e-25 
  0.10000   4.95516e-50 3.06697e-30 9.32776e-29 2.15215e-27 9.24932e-27 1.36215e-26 2.84078e-26 9.15845e-26 
  1.00000   1.75797e-49 3.01257e-29 6.15764e-28 4.06956e-27 1.01847e-26 1.37233e-26 2.31553e-26 5.02616e-26 
 10.00000   6.03201e-49 1.12030e-28 7.80389e-28 4.10703e-27 8.50531e-27 9.97725e-27 1.40505e-26 2.80856e-26 
100.00000   5.28693e-49 2.02305e-29 1.14814e-28 5.50920e-28 9.77149e-28 1.08271e-27 1.22035e-27 2.96555e-27 

          7
          600.0
  0.00001   2.37615e-52 2.03571e-34 7.73010e-33 8.55353e-29 5.98268e-27 1.07544e-26 2.63817e-26 1.02757e-25 
  0.00010   8.42918e-52 2.01336e-33 7.10886e-32 1.23664e-28 6.01547e-27 1.07641e-26 2.63829e-26 1.02746e-25 
  0.00100   2.99306e-51 2.03726e-32 6.83873e-31 2.15526e-28 6.18414e-27 1.08265e-26 2.64043e-26 1.02537e-25 
  0.01000   1.07157e-50 1.99843e-31 6.58702e-30 5.03194e-28 6.80872e-27 1.11018e-26 2.65570e-26 1.00731e-25 
  0.10000   3.81152e-50 2.03439e-30 6.49249e-29 1.77526e-27 8.24112e-27 1.21019e-26 2.59005e-26 8.42101e-26 
  1.00000   1.35415e-49 2.01023e-29 4.80691e-28 3.57969e-27 9.17431e-27 1.23857e-26 2.10042e-26 4.51740e-26 
 10.00000   4.70886e-49 1.03135e-28 7.46982e-28 3.93522e-27 8.07636e-27 9.30255e-27 1.28845e-26 2.57364e-26 
100.00000   5.87859e-49 3.04822e-29 1.77038e-28 9.36191e-28 1.52770e-27 1.63919e-27 1.79173e-27 4.32680e-27 

          8
          100.0
  0.00001   6.01735e-36 3.24528e-33 1.33201e-31 4.92692e-29 1.78457e-27 4.78581e-27 2.71710e-26 3.37323e-25 
  0.00010   5.99623e-35 3.13312e-32 1.03591e-30 1.09290e-28 2.26612e-27 5.50531e-27 2.80599e-26 3.37711e-25 
  0.00100   6.01205e-34 2.99931e-31 8.68833e-30 3.65346e-28 3.90921e-27 8.37624e-27 3.33081e-26 3.43088e-25 
  0.01000   5.97161e-33 2.89338e-30 7.33664e-29 1.80384e-27 1.09019e-26 1.94363e-26 5.76948e-26 3.86150e-25 
  0.10000   5.90591e-32 2.66215e-29 5.12869e-28 7.13533e-27 2.81634e-26 4.25850e-26 9.90760e-26 4.45587e-25 
  1.00000   5.40537e-31 1.37173e-28 1.37821e-27 1.15032e-26 3.85510e-26 5.77155e-26 1.18112e-25 3.39379e-25 
 10.00000   1.85085e-30 1.27257e-28 8.97720e-28 6.20063e-27 2.95095e-26 4.17233e-26 6.76192e-26 1.34678e-25 
100.00000   3.88338e-32 1.83582e-30 1.46401e-29 1.08084e-28 4.65880e-28 5.69946e-28 8.74235e-28 1.69205e-27 

          8
          150.0
  0.00001   1.83594e-35 4.71952e-33 2.59863e-31 2.65540e-28 5.92742e-27 1.29528e-26 5.06018e-26 3.94741e-25 
  0.00010   1.83114e-34 4.53048e-32 1.74120e-30 3.68096e-28 6.20401e-27 1.32906e-26 5.08688e-26 3.94839e-25 
  0.00100   1.85013e-33 4.33182e-31 1.29030e-29 7.29093e-28 7.68095e-27 1.52337e-26 5.35460e-26 3.94743e-25 
  0.01000   1.82872e-32 4.20693e-30 9.90568e-29 2.37439e-27 1.42660e-26 2.50520e-26 7.02096e-26 3.98408e-25 
  0.10000   1.82973e-31 3.78934e-29 6.54971e-28 8.14099e-27 3.08330e-26 4.65189e-26 1.02883e-25 4.41523e-25 
  1.00000   1.71279e-30 1.96968e-28 1.79954e-27 1.28385e-26 4.11504e-26 6.13169e-26 1.24184e-25 3.01489e-25 
 10.00000   7.57809e-30 1.96945e-28 1.55044e-27 7.91163e-27 3.95133e-26 5.10390e-26 7.62640e-26 1.42278e-25 
100.00000   3.43673e-31 5.94796e-30 5.13716e-29 2.67007e-28 1.13606e-27 1.37124e-27 1.90235e-27 3.52980e-27 

          8
          200.0
  0.00001   3.10618e-35 5.95732e-33 4.53244e-31 7.46809e-28 1.06552e-26 2.09581e-26 6.83476e-26 4.21660e-25 
  0.00010   3.09868e-34 5.67343e-32 2.61140e-30 8.58933e-28 1.07925e-26 2.11156e-26 6.85007e-26 4.21926e-25 
  0.00100   3.13071e-33 5.48569e-31 1.70680e-29 1.25017e-27 1.19132e-26 2.22874e-26 6.99107e-26 4.22253e-25 
  0.01000   3.09142e-32 5.32803e-30 1.21266e-28 2.98057e-27 1.75954e-26 3.01839e-26 8.02210e-26 4.20565e-25 
  0.10000   3.11904e-31 4.84668e-29 7.59883e-28 8.86057e-27 3.27294e-26 4.89059e-26 1.04108e-25 4.38963e-25 
  1.00000   2.97536e-30 2.48959e-28 2.11537e-27 1.36150e-26 4.24832e-26 6.34513e-26 1.23006e-25 2.89242e-25 
 10.00000   1.42378e-29 2.65865e-28 2.14533e-27 8.68741e-27 4.27467e-26 5.39223e-26 7.97564e-26 1.36684e-25 
100.00000   1.09279e-30 1.29585e-29 1.11801e-28 4.79616e-28 1.95050e-27 2.32981e-27 3.20716e-27 5.81526e-27 

          8
          250.0
  0.00001   4.39392e-35 7.04673e-33 7.42155e-31 1.40883e-27 1.49698e-26 2.74976e-26 8.08207e-26 4.50260e-25 
  0.00010   4.38851e-34 6.70285e-32 3.65151e-30 1.51333e-27 1.50436e-26 2.75806e-26 8.08923e-26 4.50400e-25 
  0.00100   4.41334e-33 6.50909e-31 2.10483e-29 1.87456e-27 1.58630e-26 2.83595e-26 8.14544e-26 4.50680e-25 
  0.01000   4.37374e-32 6.29707e-30 1.39918e-28 3.60103e-27 2.06651e-26 3.45605e-26 8.75595e-26 4.49896e-25 
  0.10000   4.40623e-31 5.89598e-29 8.35386e-28 9.39221e-27 3.40001e-26 5.03230e-26 1.04167e-25 4.37416e-25 
  1.00000   4.30780e-30 2.96309e-28 2.34890e-27 1.41591e-26 4.31341e-26 6.45745e-26 1.18181e-25 2.82776e-25 
 10.00000   2.19692e-29 3.29427e-28 2.60022e-27 9.17702e-27 4.37295e-26 5.48686e-26 7.99277e-26 1.34012e-25 
100.00000   2.32470e-30 2.26275e-29 1.86942e-28 7.31534e-28 2.80993e-27 3.32567e-27 4.52508e-27 8.19579e-27 

          8
          300.0
  0.00001   5.28186e-35 7.83730e-33 1.16689e-30 2.13411e-27 1.86246e-26 3.23836e-26 8.85658e-26 4.77847e-25 
  0.00010   5.27698e-34 7.53635e-32 4.89755e-30 2.22766e-27 1.86821e-26 3.24243e-26 8.85919e-26 4.77746e-25 
  0.00100   5.29559e-33 7.25610e-31 2.48786e-29 2.54216e-27 1.93131e-26 3.29050e-26 8.89098e-26 4.77949e-25 
  0.01000   5.27928e-32 7.03949e-30 1.53338e-28 4.15714e-27 2.31351e-26 3.80013e-26 9.21735e-26 4.72816e-25 
  0.10000   5.28075e-31 6.71496e-29 8.83260e-28 9.73216e-27 3.49548e-26 5.17469e-26 1.04962e-25 4.37653e-25 
  1.00000   5.23831e-30 3.41304e-28 2.49986e-27 1.46827e-26 4.34827e-26 6.50584e-26 1.15558e-25 2.68097e-25 
 10.00000   2.96444e-29 3.78173e-28 2.85697e-27 1.01878e-26 4.40926e-26 5.53108e-26 7.76940e-26 1.39610e-25 
100.00000   3.84836e-30 3.57420e-29 2.68258e-28 1.05926e-27 3.66371e-27 4.39406e-27 5.61118e-27 1.01242e-26 

          8
          350.0
  0.00001   5.39324e-35 8.09496e-33 1.72108e-30 2.81658e-27 2.14280e-26 3.64449e-26 9.38527e-26 4.84974e-25 
  0.00010   5.31242e-34 7.78956e-32 6.28731e-30 2.88948e-27 2.14690e-26 3.64750e-26 9.38720e-26 4.84841e-25 
  0.00100   5.40631e-33 7.59746e-31 2.85853e-29 3.16505e-27 2.19154e-26 3.68070e-26 9.40967e-26 4.85108e-25 
  0.01000   5.33273e-32 7.34346e-30 1.60396e-28 4.64142e-27 2.47282e-26 4.06742e-26 9.57513e-26 4.85196e-25 
  0.10000   5.36229e-31 7.06249e-29 9.27561e-28 9.73439e-27 3.58286e-26 5.20661e-26 1.04433e-25 4.39117e-25 
  1.00000   5.31472e-30 3.80431e-28 2.61921e-27 1.51158e-26 4.40702e-26 6.46191e-26 1.13373e-25 2.42834e-25 
 10.00000   3.33515e-29 4.28902e-28 2.98962e-27 1.21843e-26 4.33724e-26 5.50307e-26 7.69047e-26 1.39376e-25 
100.00000   5.82905e-30 5.48280e-29 3.59810e-28 1.58611e-27 4.57242e-27 5.36088e-27 6.94029e-27 1.25118e-26 

          8
          400.0
  0.00001   5.31132e-35 7.97442e-33 2.34457e-30 3.37844e-27 2.30795e-26 3.91247e-26 9.49758e-26 5.00534e-25 
  0.00010   5.29560e-34 7.69595e-32 7.71610e-30 3.44315e-27 2.31196e-26 3.91581e-26 9.49859e-26 5.00394e-25 
  0.00100   5.35095e-33 7.49474e-31 3.20955e-29 3.66596e-27 2.35214e-26 3.94741e-26 9.50227e-26 4.99068e-25 
  0.01000   5.28733e-32 7.28668e-30 1.67496e-28 4.98093e-27 2.63505e-26 4.20024e-26 9.63609e-26 4.88695e-25 
  0.10000   5.31050e-31 7.05014e-29 9.33220e-28 9.90611e-27 3.55298e-26 5.16407e-26 1.02848e-25 4.29307e-25 
  1.00000   5.30915e-30 4.05752e-28 2.65519e-27 1.52187e-26 4.34332e-26 6.25578e-26 1.11219e-25 2.35565e-25 
 10.00000   3.48679e-29 4.90296e-28 3.05728e-27 1.38742e-26 4.38196e-26 5.46634e-26 7.52663e-26 1.33577e-25 
100.00000   7.68240e-30 7.85569e-29 4.31243e-28 2.05692e-27 5.47908e-27 6.27809e-27 8.09317e-27 1.46327e-26 

          8
          600.0
  0.00001   4.30042e-35 6.91538e-33 5.96002e-30 4.87530e-27 2.70930e-26 4.15773e-26 9.14028e-26 4.64044e-25 
  0.00010   4.26773e-34 6.54829e-32 1.36481e-29 4.90047e-27 2.71027e-26 4.15845e-26 9.14211e-26 4.63956e-25 
  0.00100   4.26568e-33 6.25692e-31 4.20663e-29 5.03029e-27 2.71846e-26 4.16265e-26 9.15810e-26 4.62752e-25 
  0.01000   4.27195e-32 6.14191e-30 1.71678e-28 5.92433e-27 2.80331e-26 4.22404e-26 9.28787e-26 4.50291e-25 
  0.10000   4.25131e-31 5.94059e-29 8.39456e-28 9.58553e-27 3.33082e-26 4.75785e-26 9.45684e-26 3.81914e-25 
  1.00000   4.22841e-30 4.15090e-28 2.51007e-27 1.43294e-26 4.07683e-26 5.60419e-26 9.75864e-26 2.11580e-25 
 10.00000   3.18019e-29 7.04701e-28 2.95053e-27 1.70442e-26 4.22934e-26 5.06284e-26 6.31358e-26 1.11480e-25 
100.00000   1.49191e-29 2.01124e-28 6.44870e-28 4.49542e-27 8.11735e-27 9.32998e-27 1.14271e-26 2.06281e-26 

          9
          100.0
  0.00001   1.03762e-31 8.48651e-31 1.32162e-29 2.22391e-27 4.00187e-26 9.91323e-26 4.95047e-25 2.27343e-24 
  0.00010   9.42374e-31 7.00119e-30 6.11871e-29 3.03875e-27 4.31571e-26 1.01769e-25 4.96289e-25 2.27085e-24 
  0.00100   8.76476e-30 5.92767e-29 3.62388e-28 6.44626e-27 5.83618e-26 1.19566e-25 5.13684e-25 2.25390e-24 
  0.01000   8.17747e-29 5.11291e-28 2.46764e-27 2.51996e-26 1.19092e-25 1.96555e-25 5.57815e-25 2.00183e-24 
  0.10000   6.41810e-28 3.74321e-27 1.47509e-26 7.69194e-26 1.89871e-25 2.46499e-25 4.32512e-25 1.10161e-24 
  1.00000   2.99277e-27 1.34925e-26 3.55861e-26 7.96475e-26 1.35399e-25 1.54738e-25 1.98013e-25 2.94027e-25 
 10.00000   2.93373e-27 8.07931e-27 2.48309e-26 3.97181e-26 5.74740e-26 6.27943e-26 6.85988e-26 6.99567e-26 
100.00000   4.95397e-29 1.46608e-28 3.49307e-28 5.91661e-28 8.43445e-28 8.71666e-28 9.01189e-28 9.09405e-28 

          9
          150.0
  0.00001   1.75333e-31 1.24866e-30 5.85916e-29 8.18980e-27 9.49339e-26 1.91565e-25 6.18557e-25 2.08022e-24 
  0.00010   1.50520e-30 9.31147e-30 1.30165e-28 8.78934e-27 9.55956e-26 1.91994e-25 6.18403e-25 2.07619e-24 
  0.00100   1.32465e-29 7.18730e-29 5.04304e-28 1.19693e-26 1.02501e-25 1.96492e-25 6.16968e-25 2.04130e-24 
  0.01000   1.16378e-28 5.67385e-28 2.78744e-27 2.97506e-26 1.43212e-25 2.32422e-25 5.98390e-25 1.80806e-24 
  0.10000   9.00939e-28 4.11321e-27 1.53120e-26 7.86702e-26 1.88433e-25 2.41470e-25 4.16666e-25 9.78092e-25 
  1.00000   4.04055e-27 1.54856e-26 3.67971e-26 7.88887e-26 1.23866e-25 1.39659e-25 1.76361e-25 2.43362e-25 
 10.00000   5.23269e-27 1.24808e-26 3.02052e-26 4.48513e-26 5.54424e-26 5.82463e-26 6.20564e-26 6.43057e-26 
100.00000   1.88687e-28 4.14904e-28 8.34441e-28 1.22649e-27 1.51704e-27 1.56386e-27 1.61492e-27 1.63040e-27 

          9
          200.0
  0.00001   2.43885e-31 1.65697e-30 1.93371e-28 1.65408e-26 1.36830e-25 2.50342e-25 6.45034e-25 1.78435e-24 
  0.00010   2.06785e-30 1.13795e-29 2.64195e-28 1.68916e-26 1.37105e-25 2.50591e-25 6.44855e-25 1.78255e-24 
  0.00100   1.77431e-29 8.13143e-29 6.66338e-28 1.91122e-26 1.39868e-25 2.51595e-25 6.41107e-25 1.76062e-24 
  0.01000   1.47857e-28 5.93310e-28 3.00751e-27 3.38133e-26 1.61486e-25 2.60206e-25 6.06463e-25 1.60035e-24 
  0.10000   1.12821e-27 4.17157e-27 1.51752e-26 7.77348e-26 1.87013e-25 2.38839e-25 4.06130e-25 8.95663e-25 
  1.00000   5.10497e-27 1.59980e-26 3.57593e-26 7.77013e-26 1.17634e-25 1.32704e-25 1.65423e-25 2.19731e-25 
 10.00000   7.14885e-27 1.68720e-26 3.10805e-26 4.65911e-26 5.29682e-26 5.45396e-26 5.70267e-26 5.91985e-26 
100.00000   4.59687e-28 8.60800e-28 1.43414e-27 1.97677e-27 2.24859e-27 2.28832e-27 2.33390e-27 2.35048e-27 

          9
          250.0
  0.00001   2.87541e-31 2.20615e-30 4.33377e-28 2.47536e-26 1.62478e-25 2.80257e-25 6.34045e-25 1.54876e-24 
  0.00010   2.43293e-30 1.32214e-29 4.87613e-28 2.49140e-26 1.62493e-25 2.80249e-25 6.33761e-25 1.54791e-24 
  0.00100   2.08660e-29 8.86712e-29 8.63936e-28 2.64260e-26 1.63604e-25 2.79904e-25 6.29989e-25 1.53580e-24 
  0.01000   1.71308e-28 6.08114e-28 3.18795e-27 3.76122e-26 1.73345e-25 2.76770e-25 5.92179e-25 1.41427e-24 
  0.10000   1.28850e-27 4.11928e-27 1.48176e-26 7.51057e-26 1.83885e-25 2.34956e-25 3.98165e-25 8.15942e-25 
  1.00000   5.98844e-27 1.58571e-26 3.43248e-26 7.51092e-26 1.13035e-25 1.27984e-25 1.59514e-25 2.06397e-25 
 10.00000   8.89027e-27 1.99887e-26 3.06401e-26 4.66488e-26 5.20926e-26 5.34516e-26 5.54366e-26 5.68835e-26 
100.00000   8.50869e-28 1.45502e-27 2.08237e-27 2.77578e-27 3.07307e-27 3.11506e-27 3.18860e-27 3.20696e-27 

          9
          300.0
  0.00001   3.10330e-31 3.18950e-30 7.45826e-28 3.17669e-26 1.74705e-25 2.88302e-25 6.03411e-25 1.36369e-24 
  0.00010   2.54831e-30 1.51077e-29 7.98066e-28 3.18521e-26 1.74692e-25 2.88196e-25 6.02941e-25 1.36248e-24 
  0.00100   2.18023e-29 9.37632e-29 1.12189e-27 3.28588e-26 1.74953e-25 2.87293e-25 5.99294e-25 1.35424e-24 
  0.01000   1.83155e-28 6.09276e-28 3.35026e-27 4.10327e-26 1.79018e-25 2.80219e-25 5.64182e-25 1.25784e-24 
  0.10000   1.38823e-27 4.01542e-27 1.43338e-26 7.19954e-26 1.78377e-25 2.29547e-25 3.86267e-25 7.41753e-25 
  1.00000   6.48931e-27 1.54839e-26 3.29677e-26 7.18830e-26 1.08536e-25 1.22001e-25 1.54297e-25 1.95547e-25 
 10.00000   1.04178e-26 2.06996e-26 3.01194e-26 4.61071e-26 5.24851e-26 5.35640e-26 5.52916e-26 5.63449e-26 
100.00000   1.30810e-27 2.02091e-27 2.70101e-27 3.59897e-27 4.00587e-27 4.12959e-27 4.38080e-27 4.42574e-27 

          9
          350.0
  0.00001   3.26667e-31 4.88442e-30 1.13291e-27 3.73330e-26 1.79673e-25 2.83893e-25 5.64220e-25 1.22115e-24 
  0.00010   2.59790e-30 1.81362e-29 1.18580e-27 3.73934e-26 1.79765e-25 2.83827e-25 5.62965e-25 1.22051e-24 
  0.00100   2.15747e-29 9.69132e-29 1.45836e-27 3.81139e-26 1.79693e-25 2.82652e-25 5.59922e-25 1.21211e-24 
  0.01000   1.81484e-28 6.01610e-28 3.49864e-27 4.38159e-26 1.80989e-25 2.75765e-25 5.31039e-25 1.13646e-24 
  0.10000   1.43681e-27 3.86601e-27 1.37967e-26 6.92146e-26 1.71269e-25 2.22305e-25 3.71951e-25 6.97377e-25 
  1.00000   6.74074e-27 1.49911e-26 3.15278e-26 6.87595e-26 1.03861e-25 1.15436e-25 1.47156e-25 1.91401e-25 
 10.00000   1.16621e-26 2.02473e-26 2.96972e-26 4.50928e-26 5.22588e-26 5.34282e-26 5.47105e-26 5.67286e-26 
100.00000   1.78748e-27 2.45979e-27 3.28263e-27 4.31305e-27 5.02599e-27 5.18394e-27 5.59714e-27 5.68674e-27 

          9
          400.0
  0.00001   3.46591e-31 7.83008e-30 1.54332e-27 4.07763e-26 1.82149e-25 2.78060e-25 5.26081e-25 1.09948e-24 
  0.00010   2.59213e-30 2.19069e-29 1.59111e-27 4.08037e-26 1.82133e-25 2.77902e-25 5.25596e-25 1.09888e-24 
  0.00100   2.11668e-29 1.00533e-28 1.83636e-27 4.13116e-26 1.82054e-25 2.76977e-25 5.22672e-25 1.09208e-24 
  0.01000   1.74072e-28 5.86848e-28 3.67920e-27 4.55355e-26 1.81433e-25 2.68758e-25 4.95197e-25 1.02602e-24 
  0.10000   1.39014e-27 3.70524e-27 1.32601e-26 6.65258e-26 1.65160e-25 2.16473e-25 3.58830e-25 6.56628e-25 
  1.00000   6.79979e-27 1.44343e-26 3.01712e-26 6.62936e-26 1.00463e-25 1.11806e-25 1.42633e-25 1.87721e-25 
 10.00000   1.25612e-26 2.00087e-26 2.92404e-26 4.37377e-26 5.04538e-26 5.24130e-26 5.46025e-26 5.69605e-26 
100.00000   2.26163e-27 2.84535e-27 3.78272e-27 5.02349e-27 5.93390e-27 6.22872e-27 6.68271e-27 6.80450e-27 

          9
          600.0
  0.00001   4.52260e-31 3.60079e-29 3.12904e-27 4.61527e-26 1.61390e-25 2.32797e-25 4.03298e-25 7.48457e-25 
  0.00010   2.63550e-30 4.81112e-29 3.14522e-27 4.61924e-26 1.61348e-25 2.32744e-25 4.03149e-25 7.47462e-25 
  0.00100   1.80556e-29 1.14747e-28 3.29211e-27 4.62637e-26 1.61030e-25 2.32126e-25 4.01755e-25 7.44769e-25 
  0.01000   1.42540e-28 5.09313e-28 4.44829e-27 4.75045e-26 1.58343e-25 2.26284e-25 3.88889e-25 7.18283e-25 
  0.10000   1.12485e-27 3.00497e-27 1.13423e-26 5.60171e-26 1.40203e-25 1.86479e-25 3.00828e-25 5.24908e-25 
  1.00000   6.02559e-27 1.20139e-26 2.50949e-26 5.61569e-26 8.65755e-26 9.76385e-26 1.23561e-25 1.62152e-25 
 10.00000   1.32085e-26 1.79010e-26 2.50182e-26 3.73921e-26 4.33978e-26 4.53822e-26 4.99788e-26 5.41217e-26 
100.00000   3.63756e-27 4.26147e-27 5.20162e-27 7.12292e-27 8.60048e-27 9.13289e-27 9.87644e-27 1.00867e-26 

         10
          100.0
  0.00001   1.22234e-33 9.19215e-33 1.42052e-31 2.81217e-29 4.85106e-28 1.50863e-27 9.28781e-27 7.33574e-26 
  0.00010   1.18113e-32 8.35723e-32 8.68095e-31 4.72695e-29 5.83050e-28 1.61649e-27 9.45331e-27 7.35446e-26 
  0.00100   1.14118e-31 7.64341e-31 6.15787e-30 1.23986e-28 9.08053e-28 2.09566e-27 1.03860e-26 7.47177e-26 
  0.01000   1.09570e-30 7.04778e-30 4.74502e-29 5.14219e-28 2.47378e-27 4.39569e-27 1.49539e-26 7.88365e-26 
  0.10000   9.31177e-30 5.67983e-29 2.98504e-28 2.02622e-27 6.54319e-27 9.12934e-27 1.92368e-26 5.46677e-26 
  1.00000   3.84358e-29 2.16213e-28 9.64515e-28 3.22757e-27 6.18224e-27 7.57840e-27 1.06434e-26 1.76437e-26 
 10.00000   3.66268e-29 1.94611e-28 8.33695e-28 1.65753e-27 2.31821e-27 3.15193e-27 3.87069e-27 5.11241e-27 
100.00000   6.33917e-31 3.18413e-30 1.86284e-29 3.44903e-29 8.40768e-29 1.19743e-28 1.63325e-28 1.80426e-28 

         10
          150.0
  0.00001   2.21787e-33 1.65032e-32 5.99411e-31 2.02560e-28 2.26291e-27 5.05974e-27 1.94646e-26 1.05781e-25 
  0.00010   2.15063e-32 1.48160e-31 2.42773e-30 2.29892e-28 2.28632e-27 5.07798e-27 1.94756e-26 1.05720e-25 
  0.00100   2.08795e-31 1.33304e-30 1.30948e-29 3.48839e-28 2.54195e-27 5.34575e-27 1.97480e-26 1.04764e-25 
  0.01000   2.01908e-30 1.19563e-29 8.20328e-29 8.92715e-28 4.23651e-27 7.42747e-27 2.21413e-26 9.83011e-26 
  0.10000   1.78632e-29 9.28621e-29 4.56539e-28 2.80541e-27 8.54195e-27 1.16207e-26 2.40457e-26 5.79793e-26 
  1.00000   7.36399e-29 3.64881e-28 1.31042e-27 4.18235e-27 7.50412e-27 8.96475e-27 1.21789e-26 2.10431e-26 
 10.00000   1.03072e-28 3.55910e-28 1.34248e-27 2.31961e-27 3.87866e-27 5.06705e-27 5.98255e-27 7.44506e-27 
100.00000   3.49176e-30 1.21525e-29 5.98405e-29 8.95075e-29 1.91532e-28 2.58875e-28 3.62116e-28 4.05336e-28 

         10
          200.0
  0.00001   3.26404e-33 2.36053e-32 2.11575e-30 6.28569e-28 5.12051e-27 9.71935e-27 2.98819e-26 1.22697e-25 
  0.00010   3.16424e-32 2.11402e-31 5.93949e-30 6.52056e-28 5.13332e-27 9.72523e-27 2.98775e-26 1.22537e-25 
  0.00100   3.08394e-31 1.90551e-30 2.38722e-29 7.73736e-28 5.30128e-27 9.87163e-27 2.98980e-26 1.21331e-25 
  0.01000   3.01042e-30 1.71007e-29 1.24021e-28 1.41713e-27 6.71906e-27 1.12684e-26 3.05055e-26 1.11031e-25 
  0.10000   2.73707e-29 1.31692e-28 6.23333e-28 3.67367e-27 1.06873e-26 1.46880e-26 2.86620e-26 6.63000e-26 
  1.00000   1.17220e-28 5.02945e-28 1.60982e-27 5.21128e-27 9.10841e-27 1.07590e-26 1.46105e-26 2.53560e-26 
 10.00000   1.66336e-28 5.37531e-28 1.70682e-27 3.28187e-27 5.73819e-27 6.96985e-27 8.09655e-27 9.98396e-27 
100.00000   8.85682e-30 3.52671e-29 1.14664e-28 1.88049e-28 3.66312e-28 4.65647e-28 6.30051e-28 7.27617e-28 

         10
          250.0
  0.00001   4.22691e-33 3.09355e-32 5.85513e-30 1.25917e-27 8.42939e-27 1.46908e-26 4.02080e-26 1.36257e-25 
  0.00010   4.07280e-32 2.64616e-31 1.24939e-29 1.27601e-27 8.43934e-27 1.46896e-26 4.02055e-26 1.36022e-25 
  0.00100   3.95256e-31 2.37894e-30 3.83854e-29 1.38767e-27 8.56617e-27 1.47736e-26 4.01215e-26 1.34947e-25 
  0.01000   3.86580e-30 2.15696e-29 1.69696e-28 2.06783e-27 9.67118e-27 1.57106e-26 3.95075e-26 1.24253e-25 
  0.10000   3.57069e-29 1.67691e-28 7.88254e-28 4.59519e-27 1.31323e-26 1.83316e-26 3.31075e-26 8.06574e-26 
  1.00000   1.63742e-28 6.29012e-28 1.91724e-27 6.22900e-27 1.09743e-26 1.30102e-26 1.80737e-26 2.98504e-26 
 10.00000   1.92867e-28 7.66689e-28 1.94592e-27 4.66466e-27 7.63068e-27 8.73610e-27 1.02876e-26 1.27732e-26 
100.00000   1.55267e-29 8.45533e-29 1.73733e-28 3.53673e-28 6.62333e-28 7.88719e-28 9.81254e-28 1.15264e-27 

         10
          300.0
  0.00001   4.85324e-33 4.15566e-32 1.27372e-29 2.01703e-27 1.15212e-26 1.96681e-26 4.86356e-26 1.54680e-25 
  0.00010   4.63874e-32 3.15260e-31 2.25488e-29 2.02668e-27 1.15311e-26 1.96689e-26 4.86244e-26 1.54538e-25 
  0.00100   4.45180e-31 2.74244e-30 5.64379e-29 2.12325e-27 1.16244e-26 1.97389e-26 4.85396e-26 1.53732e-25 
  0.01000   4.32447e-30 2.46865e-29 2.14760e-28 2.78499e-27 1.24253e-26 2.02856e-26 4.73133e-26 1.45455e-25 
  0.10000   4.02998e-29 1.93351e-28 9.32285e-28 5.42061e-27 1.57690e-26 2.19300e-26 3.79455e-26 9.67145e-26 
  1.00000   1.94391e-28 7.45905e-28 2.23321e-27 7.16349e-27 1.28719e-26 1.53307e-26 2.16475e-26 3.41500e-26 
 10.00000   2.26348e-28 1.00873e-27 2.19049e-27 6.13488e-27 9.38475e-27 1.03331e-26 1.24089e-26 1.54904e-26 
100.00000   2.61041e-29 1.51124e-28 2.40416e-28 6.04077e-28 1.07724e-27 1.22242e-27 1.39503e-27 1.63152e-27 

         10
          350.0
  0.00001   4.99269e-33 5.76965e-32 2.37523e-29 2.83869e-27 1.42216e-26 2.38320e-26 5.45182e-26 1.75985e-25 
  0.00010   4.77687e-32 3.80270e-31 3.57349e-29 2.84673e-27 1.42279e-26 2.38303e-26 5.45007e-26 1.75916e-25 
  0.00100   4.60177e-31 3.03856e-30 7.66859e-29 2.92235e-27 1.43023e-26 2.38724e-26 5.44365e-26 1.74763e-25 
  0.01000   4.50760e-30 2.65983e-29 2.56012e-28 3.51217e-27 1.49892e-26 2.41809e-26 5.34275e-26 1.65703e-25 
  0.10000   4.32386e-29 2.12865e-28 1.05850e-27 6.12494e-27 1.79993e-26 2.48687e-26 4.24620e-26 1.11155e-25 
  1.00000   2.19272e-28 8.40838e-28 2.50816e-27 8.02393e-27 1.48930e-26 1.77329e-26 2.49356e-26 3.89716e-26 
 10.00000   2.82676e-28 1.20616e-27 2.43282e-27 7.51437e-27 1.07275e-26 1.17969e-26 1.43066e-26 1.79600e-26 
100.00000   4.15455e-29 2.14875e-28 3.12066e-28 9.24909e-28 1.54971e-27 1.70941e-27 1.84862e-27 2.12614e-27 

         10
          400.0
  0.00001   4.87052e-33 7.41943e-32 3.78661e-29 3.61293e-27 1.67906e-26 2.72005e-26 5.87554e-26 1.91311e-25 
  0.00010   4.70345e-32 4.64721e-31 5.13421e-29 3.62036e-27 1.67871e-26 2.71875e-26 5.87368e-26 1.91389e-25 
  0.00100   4.53575e-31 3.28291e-30 9.64693e-29 3.68765e-27 1.68402e-26 2.72097e-26 5.86035e-26 1.90134e-25 
  0.01000   4.43968e-30 2.78399e-29 2.88411e-28 4.24774e-27 1.74230e-26 2.73296e-26 5.71386e-26 1.79237e-25 
  0.10000   4.29076e-29 2.22569e-28 1.15719e-27 6.79737e-27 1.95574e-26 2.69455e-26 4.70525e-26 1.22262e-25 
  1.00000   2.38766e-28 9.13084e-28 2.73857e-27 8.79771e-27 1.66227e-26 1.96195e-26 2.75586e-26 4.33858e-26 
 10.00000   3.50574e-28 1.28418e-27 2.61018e-27 8.71159e-27 1.17103e-26 1.29566e-26 1.57864e-26 1.98754e-26 
100.00000   6.12644e-29 2.59180e-28 4.01491e-28 1.26993e-27 1.98848e-27 2.14069e-27 2.30613e-27 2.58551e-27 

         10
          600.0
  0.00001   4.12223e-33 1.54600e-31 1.21697e-28 6.17321e-27 2.41028e-26 3.43801e-26 7.11941e-26 2.16239e-25 
  0.00010   4.02251e-32 7.68588e-31 1.31734e-28 6.17961e-27 2.41016e-26 3.43774e-26 7.11766e-26 2.16179e-25 
  0.00100   3.93149e-31 4.31819e-30 1.77218e-28 6.21905e-27 2.40936e-26 3.43318e-26 7.10415e-26 2.15341e-25 
  0.01000   3.86160e-30 2.93801e-29 3.75519e-28 6.62041e-27 2.41337e-26 3.41045e-26 7.03679e-26 2.07304e-25 
  0.10000   3.76286e-29 2.16621e-28 1.31515e-27 8.86345e-27 2.42611e-26 3.15815e-26 6.02727e-26 1.48882e-25 
  1.00000   2.57222e-28 9.59526e-28 3.32022e-27 1.14376e-26 2.16698e-26 2.57619e-26 3.45494e-26 5.51254e-26 
 10.00000   6.15725e-28 1.33169e-27 3.30676e-27 1.19390e-26 1.49773e-26 1.60938e-26 1.91302e-26 2.41378e-26 
100.00000   1.78148e-28 3.78602e-28 8.63425e-28 2.72720e-27 3.59310e-27 3.75162e-27 4.04813e-27 4.18144e-27 

         11
          100.0
  0.00001   4.31488e-32 7.20296e-31 3.12773e-29 3.69352e-27 5.51786e-26 1.39952e-25 6.55159e-25 9.52979e-24 
  0.00010   3.91095e-31 5.03113e-30 1.19741e-28 5.55046e-27 6.26152e-26 1.50285e-25 6.70043e-25 9.56769e-24 
  0.00100   3.58386e-30 3.78924e-29 6.09345e-28 1.31979e-26 9.75928e-26 2.03686e-25 8.00536e-25 9.68466e-24 
  0.01000   3.29056e-29 3.00977e-28 3.76560e-27 5.18677e-26 2.85884e-25 4.64589e-25 1.43436e-24 1.04796e-23 
  0.10000   2.64432e-28 1.98690e-27 1.95957e-26 2.13521e-25 7.78706e-25 1.09701e-24 2.13740e-24 6.87350e-24 
  1.00000   1.13105e-27 5.42793e-27 4.36187e-26 4.02116e-25 8.84711e-25 1.06434e-24 1.52417e-24 2.74350e-24 
 10.00000   1.15330e-27 4.16864e-27 3.25334e-26 2.79321e-25 4.61731e-25 5.37288e-25 6.28065e-25 7.84865e-25 
100.00000   1.84777e-29 7.04380e-29 5.83435e-28 3.86402e-27 6.84247e-27 7.37648e-27 7.97308e-27 8.46181e-27 

         11
          150.0
  0.00001   9.88707e-32 2.30389e-30 1.58429e-28 1.58149e-26 1.59665e-25 3.39341e-25 1.27709e-24 1.08896e-23 
  0.00010   8.67072e-31 1.24449e-29 3.37320e-28 1.77197e-26 1.61816e-25 3.41821e-25 1.27985e-24 1.08903e-23 
  0.00100   7.73061e-30 7.58023e-29 1.14000e-27 2.66273e-26 1.86016e-25 3.72372e-25 1.32954e-24 1.08305e-23 
  0.01000   6.83622e-29 5.24182e-28 5.51856e-27 6.88524e-26 3.47905e-25 5.75190e-25 1.68095e-24 1.04498e-23 
  0.10000   5.29364e-28 3.26703e-27 2.65152e-26 2.32906e-25 8.04526e-25 1.09233e-24 2.13326e-24 6.55741e-24 
  1.00000   2.06703e-27 9.49072e-27 5.77761e-26 4.18092e-25 8.69852e-25 1.02278e-24 1.41996e-24 2.29430e-24 
 10.00000   2.49415e-27 7.78296e-27 4.93647e-26 3.35469e-25 5.18502e-25 5.77899e-25 6.45734e-25 7.60719e-25 
100.00000   8.10546e-29 2.51499e-28 1.65858e-27 9.99455e-27 1.38615e-26 1.45295e-26 1.53874e-26 1.74611e-26 

         11
          200.0
  0.00001   1.77868e-31 5.45614e-30 5.32194e-28 3.69486e-26 2.85687e-25 5.46116e-25 1.74933e-24 1.09959e-23 
  0.00010   1.49864e-30 2.46310e-29 7.73914e-28 3.82091e-26 2.87061e-25 5.47064e-25 1.75043e-24 1.09840e-23 
  0.00100   1.28470e-29 1.25593e-28 1.83813e-27 4.64170e-26 3.01140e-25 5.60463e-25 1.76369e-24 1.08929e-23 
  0.01000   1.09882e-28 7.55428e-28 7.25084e-27 8.82161e-26 4.20474e-25 6.93731e-25 1.90671e-24 1.01715e-23 
  0.10000   8.37707e-28 4.50640e-27 3.21935e-26 2.43124e-25 8.06002e-25 1.09273e-24 2.10446e-24 6.36588e-24 
  1.00000   3.26252e-27 1.35286e-26 7.06232e-26 4.23952e-25 8.39527e-25 9.80201e-25 1.34475e-24 2.05150e-24 
 10.00000   4.22012e-27 1.22285e-26 6.17932e-26 3.57446e-25 5.43848e-25 5.85347e-25 6.34688e-25 7.05107e-25 
100.00000   2.37129e-28 6.41129e-28 3.28963e-27 1.82087e-26 2.24448e-26 2.35224e-26 2.50641e-26 2.95565e-26 

         11
          250.0
  0.00001   2.67325e-31 1.02967e-29 1.22787e-27 6.26767e-26 4.09038e-25 7.26331e-25 2.03161e-24 1.05895e-23 
  0.00010   2.16348e-30 4.08668e-29 1.48314e-27 6.33673e-26 4.09884e-25 7.26967e-25 2.03290e-24 1.05770e-23 
  0.00100   1.80942e-29 1.83081e-28 2.69733e-27 7.03573e-26 4.18923e-25 7.34411e-25 2.03659e-24 1.04954e-23 
  0.01000   1.51828e-28 9.79031e-28 8.93177e-27 1.08998e-25 5.01046e-25 8.11201e-25 2.08626e-24 9.75860e-24 
  0.10000   1.15770e-27 5.62212e-27 3.66543e-26 2.50499e-25 7.99791e-25 1.09778e-24 2.06788e-24 6.11200e-24 
  1.00000   4.85157e-27 1.67741e-26 8.17027e-26 4.23272e-25 8.07206e-25 9.43961e-25 1.27225e-24 1.93329e-24 
 10.00000   6.41669e-27 1.78357e-26 7.30578e-26 3.69428e-25 5.47434e-25 5.79077e-25 6.20875e-25 6.72538e-25 
100.00000   5.50779e-28 1.38389e-27 5.43852e-27 2.67704e-26 3.23988e-26 3.42597e-26 3.78301e-26 4.47831e-26 

         11
          300.0
  0.00001   3.43167e-31 1.71562e-29 2.20423e-27 8.93818e-26 5.14811e-25 8.66117e-25 2.19587e-24 9.90306e-24 
  0.00010   2.67378e-30 5.89109e-29 2.43355e-27 8.98207e-26 5.15251e-25 8.66588e-25 2.19527e-24 9.89214e-24 
  0.00100   2.24261e-29 2.41002e-28 3.69047e-27 9.52278e-26 5.21931e-25 8.71268e-25 2.19538e-24 9.81718e-24 
  0.01000   1.88023e-28 1.18397e-27 1.03673e-26 1.29986e-25 5.75776e-25 9.10608e-25 2.18943e-24 9.16017e-24 
  0.10000   1.43589e-27 6.52727e-27 3.98153e-26 2.57422e-25 7.96674e-25 1.08805e-24 2.03742e-24 5.76170e-24 
  1.00000   6.51403e-27 1.97303e-26 8.98131e-26 4.19064e-25 7.77542e-25 9.17188e-25 1.20601e-24 1.84565e-24 
 10.00000   8.80437e-27 2.22102e-26 8.26639e-26 3.72476e-25 5.36997e-25 5.65241e-25 6.03700e-25 6.66021e-25 
100.00000   1.04142e-27 2.26226e-27 7.74912e-27 3.45547e-26 4.29689e-26 4.53170e-26 5.25404e-26 6.31927e-26 

         11
          350.0
  0.00001   4.24341e-31 2.72539e-29 3.38313e-27 1.14658e-25 5.97397e-25 9.66453e-25 2.27813e-24 9.04068e-24 
  0.00010   3.06541e-30 7.76910e-29 3.57765e-27 1.14964e-25 5.97684e-25 9.66764e-25 2.27858e-24 9.03726e-24 
  0.00100   2.45779e-29 2.96086e-28 4.81472e-27 1.18996e-25 6.01839e-25 9.69027e-25 2.27687e-24 8.97280e-24 
  0.01000   2.06542e-28 1.35450e-27 1.15833e-26 1.48775e-25 6.36911e-25 9.82825e-25 2.23979e-24 8.42822e-24 
  0.10000   1.60560e-27 7.21069e-27 4.21176e-26 2.64262e-25 7.95653e-25 1.07343e-24 1.99111e-24 5.44331e-24 
  1.00000   7.88094e-27 2.21403e-26 9.44664e-26 4.09489e-25 7.54234e-25 8.92111e-25 1.14911e-24 1.78509e-24 
 10.00000   1.14590e-26 2.56412e-26 8.88452e-26 3.69188e-25 5.20565e-25 5.49289e-25 5.86987e-25 6.63841e-25 
100.00000   1.62250e-27 3.08011e-27 1.06529e-26 4.15115e-26 5.34950e-26 5.61851e-26 6.62941e-26 8.33750e-26 

         11
          400.0
  0.00001   5.11882e-31 4.16565e-29 4.60596e-27 1.35054e-25 6.47114e-25 1.02366e-24 2.29445e-24 8.28179e-24 
  0.00010   3.42727e-30 9.78789e-29 4.76815e-27 1.35285e-25 6.47382e-25 1.02379e-24 2.29408e-24 8.27692e-24 
  0.00100   2.60450e-29 3.42900e-28 5.95975e-27 1.38339e-25 6.50193e-25 1.02502e-24 2.29104e-24 8.22616e-24 
  0.01000   2.11990e-28 1.47881e-27 1.26977e-26 1.64025e-25 6.73605e-25 1.02890e-24 2.24920e-24 7.73903e-24 
  0.10000   1.66893e-27 7.59886e-27 4.31151e-26 2.67741e-25 7.91488e-25 1.05730e-24 1.93843e-24 5.14697e-24 
  1.00000   8.56378e-27 2.38329e-26 9.70549e-26 4.01457e-25 7.34732e-25 8.70683e-25 1.11812e-24 1.69739e-24 
 10.00000   1.34071e-26 2.72573e-26 9.55110e-26 3.64516e-25 5.04003e-25 5.31084e-25 5.67418e-25 6.64033e-25 
100.00000   2.26566e-27 3.86904e-27 1.39790e-26 4.74398e-26 6.25023e-26 6.58573e-26 7.78117e-26 1.00552e-25 

         11
          600.0
  0.00001   8.71030e-31 1.44707e-28 9.34996e-27 1.87748e-25 7.29374e-25 1.06416e-24 2.11365e-24 6.04511e-24 
  0.00010   4.50108e-30 2.05197e-28 9.43140e-27 1.87831e-25 7.29251e-25 1.06344e-24 2.11186e-24 6.04287e-24 
  0.00100   2.78662e-29 4.68551e-28 1.02546e-26 1.89133e-25 7.29223e-25 1.06212e-24 2.10755e-24 6.01491e-24 
  0.01000   1.97780e-28 1.70666e-27 1.57956e-26 2.01680e-25 7.30967e-25 1.05156e-24 2.06789e-24 5.78113e-24 
  0.10000   1.49431e-27 7.89855e-27 4.30791e-26 2.70450e-25 7.48340e-25 9.96426e-25 1.78130e-24 4.19822e-24 
  1.00000   8.43960e-27 2.55459e-26 1.00936e-25 3.58690e-25 6.54856e-25 7.70342e-25 1.01774e-24 1.50585e-24 
 10.00000   1.63702e-26 3.13286e-26 1.20764e-25 3.31213e-25 4.39414e-25 4.65700e-25 5.03027e-25 6.18991e-25 
100.00000   4.57421e-27 6.86503e-27 2.93416e-26 6.68171e-26 8.73950e-26 9.27185e-26 1.08970e-25 1.47369e-25 

         12
          100.0
  0.00001   2.51671e-34 3.58137e-33 3.39436e-32 9.42448e-30 2.42601e-28 6.38847e-28 4.04074e-27 2.33435e-26 
  0.00010   2.44345e-33 3.39624e-32 2.59409e-31 1.67619e-29 2.92065e-28 6.94004e-28 4.08624e-27 2.33602e-26 
  0.00100   2.37444e-32 3.21822e-31 2.05866e-30 4.70088e-29 4.40397e-28 9.16504e-28 4.38119e-27 2.31838e-26 
  0.01000   2.30073e-31 3.05480e-30 1.71035e-29 2.16529e-28 1.05048e-27 1.75923e-27 5.65571e-27 2.26270e-26 
  0.10000   2.03842e-30 2.63563e-29 1.17210e-28 7.68366e-28 2.06553e-27 2.97959e-27 5.56122e-27 1.35931e-26 
  1.00000   7.71990e-30 1.05911e-28 3.49072e-28 1.02772e-27 1.73384e-27 1.96763e-27 2.49517e-27 4.27204e-27 
 10.00000   7.30432e-30 1.06902e-28 3.02762e-28 4.81544e-28 6.44352e-28 6.98930e-28 9.12950e-28 1.56763e-27 
100.00000   1.45314e-31 1.32000e-30 3.84812e-30 7.62201e-30 1.09506e-29 1.56793e-29 2.45937e-29 5.28581e-29 

         12
          150.0
  0.00001   6.75430e-34 5.07099e-33 9.14353e-32 7.41522e-29 1.05193e-27 2.09924e-27 7.05197e-27 2.72613e-26 
  0.00010   6.62557e-33 4.77020e-32 5.26276e-31 8.64017e-29 1.06264e-27 2.10603e-27 7.05666e-27 2.72193e-26 
  0.00100   6.51739e-32 4.54452e-31 3.53123e-30 1.32936e-28 1.15299e-27 2.18110e-27 7.08452e-27 2.68411e-26 
  0.01000   6.40618e-31 4.32106e-30 2.61321e-29 3.50216e-28 1.67992e-27 2.70695e-27 7.34696e-27 2.46479e-26 
  0.10000   5.93604e-30 3.70569e-29 1.62716e-28 9.60403e-28 2.46010e-27 3.37608e-27 6.12421e-27 1.41017e-26 
  1.00000   2.69468e-29 1.49920e-28 4.32118e-28 1.16221e-27 1.90024e-27 2.16525e-27 2.79036e-27 5.48310e-27 
 10.00000   3.07452e-29 1.59162e-28 4.05192e-28 6.56616e-28 9.13692e-28 1.00900e-27 1.22586e-27 4.37710e-27 
100.00000   1.35939e-30 4.12029e-30 1.14696e-29 2.41990e-29 3.66052e-29 4.92017e-29 8.64581e-29 2.67538e-28 

         12
          200.0
  0.00001   1.02637e-33 6.40475e-33 2.48591e-31 2.57822e-28 2.25024e-27 3.91151e-27 9.78539e-27 3.06853e-26 
  0.00010   1.01769e-32 5.95996e-32 1.05792e-30 2.69854e-28 2.25521e-27 3.91426e-27 9.78369e-27 3.06394e-26 
  0.00100   1.01162e-31 5.68048e-31 5.78608e-30 3.17047e-28 2.29642e-27 3.93487e-27 9.75053e-27 3.03291e-26 
  0.01000   1.00599e-30 5.43825e-30 3.79994e-29 5.57771e-28 2.65822e-27 4.11990e-27 9.49181e-27 2.79941e-26 
  0.10000   9.69203e-30 4.67551e-29 2.14324e-28 1.25080e-27 3.17797e-27 4.20729e-27 7.38800e-27 1.64688e-26 
  1.00000   5.12596e-29 1.93015e-28 5.29455e-28 1.41868e-27 2.40105e-27 2.78743e-27 3.67971e-27 7.96825e-27 
 10.00000   7.27108e-29 2.05119e-28 4.84654e-28 8.99061e-28 1.42773e-27 1.55988e-27 1.83533e-27 9.29827e-27 
100.00000   5.05703e-30 8.96679e-30 2.66828e-29 6.73844e-29 9.50848e-29 1.10404e-28 1.69449e-28 8.21427e-28 

         12
          250.0
  0.00001   1.28022e-33 7.97208e-33 6.25029e-31 5.52659e-28 3.71454e-27 6.00525e-27 1.30766e-26 3.84299e-26 
  0.00010   1.27694e-32 7.24657e-32 2.06526e-30 5.60843e-28 3.71917e-27 6.00697e-27 1.30710e-26 3.83038e-26 
  0.00100   1.27511e-31 6.79182e-31 9.26571e-30 6.05918e-28 3.75447e-27 6.00770e-27 1.30085e-26 3.80197e-26 
  0.01000   1.27341e-30 6.49452e-30 5.37344e-29 8.55261e-28 4.02427e-27 6.05096e-27 1.25707e-26 3.57239e-26 
  0.10000   1.25246e-29 5.65698e-29 2.76317e-28 1.67549e-27 4.40707e-27 5.82379e-27 9.96775e-27 2.32537e-26 
  1.00000   7.16001e-29 2.36848e-28 6.49406e-28 1.87602e-27 3.46002e-27 4.13770e-27 5.89847e-27 1.30368e-26 
 10.00000   1.23825e-28 2.59332e-28 5.81148e-28 1.29991e-27 2.56922e-27 2.85431e-27 3.51608e-27 1.48728e-26 
100.00000   1.07158e-29 1.78096e-29 5.24272e-29 1.63397e-28 2.45537e-28 2.58671e-28 3.25630e-28 1.70586e-27 

         12
          300.0
  0.00001   1.45626e-33 9.83064e-33 1.34649e-30 9.13511e-28 5.30932e-27 8.33366e-27 1.77510e-26 5.57057e-26 
  0.00010   1.45320e-32 8.56360e-32 3.65738e-30 9.18880e-28 5.30916e-27 8.33470e-27 1.77474e-26 5.53382e-26 
  0.00100   1.45140e-31 7.78816e-31 1.41848e-29 9.62294e-28 5.34223e-27 8.34019e-27 1.76822e-26 5.51025e-26 
  0.01000   1.45022e-30 7.35708e-30 7.29552e-29 1.23006e-27 5.61061e-27 8.44472e-27 1.71177e-26 5.26849e-26 
  0.10000   1.43479e-29 6.51880e-29 3.49174e-28 2.22421e-27 6.21253e-27 8.43620e-27 1.44871e-26 3.97642e-26 
  1.00000   8.99822e-29 2.77135e-28 7.91340e-28 2.61449e-27 5.37446e-27 6.63720e-27 1.08671e-26 2.27289e-26 
 10.00000   1.65474e-28 3.16408e-28 7.34388e-28 1.98292e-27 4.76835e-27 5.77863e-27 7.81759e-27 2.03393e-26 
100.00000   1.69470e-29 3.34825e-29 8.96419e-29 3.07867e-28 6.34093e-28 6.72512e-28 7.89778e-28 2.81380e-27 

         12
          350.0
  0.00001   1.59094e-33 1.19482e-32 2.70426e-30 1.29870e-27 6.95716e-27 1.07486e-26 2.39530e-26 8.76121e-26 
  0.00010   1.58722e-32 9.75858e-32 5.82646e-30 1.30217e-27 6.95818e-27 1.07387e-26 2.39560e-26 8.75531e-26 
  0.00100   1.58439e-31 8.60156e-31 1.98668e-29 1.34242e-27 6.99639e-27 1.07617e-26 2.38991e-26 8.71325e-26 
  0.01000   1.58311e-30 8.01993e-30 9.25269e-29 1.63392e-27 7.30214e-27 1.10415e-26 2.34878e-26 8.38351e-26 
  0.10000   1.57005e-29 7.15190e-29 4.20867e-28 2.83575e-27 8.25016e-27 1.18524e-26 2.14962e-26 6.87228e-26 
  1.00000   1.05124e-28 3.06886e-28 9.36405e-28 3.74733e-27 8.40956e-27 1.05919e-26 1.87393e-26 3.87701e-26 
 10.00000   1.90566e-28 4.06492e-28 9.29936e-28 3.25390e-27 8.05417e-27 1.01350e-26 1.42175e-26 2.52323e-26 
100.00000   2.45360e-29 5.25151e-29 1.46637e-28 5.39516e-28 1.35548e-27 1.44765e-27 1.71112e-27 4.04031e-27 

         12
          400.0
  0.00001   1.65450e-33 1.45131e-32 4.82583e-30 1.65442e-27 8.51372e-27 1.32007e-26 3.14091e-26 1.42173e-25 
  0.00010   1.64974e-32 1.09607e-31 8.68631e-30 1.65845e-27 8.51667e-27 1.31938e-26 3.14256e-26 1.42100e-25 
  0.00100   1.64609e-31 9.22812e-31 2.57770e-29 1.69811e-27 8.56088e-27 1.32433e-26 3.13673e-26 1.41534e-25 
  0.01000   1.64399e-30 8.43865e-30 1.10311e-28 2.01731e-27 8.93528e-27 1.38304e-26 3.11076e-26 1.36980e-25 
  0.10000   1.63275e-29 7.47776e-29 4.82952e-28 3.45709e-27 1.07062e-26 1.62076e-26 3.05125e-26 1.05917e-25 
  1.00000   1.13954e-28 3.31450e-28 1.06351e-27 5.19060e-27 1.24523e-26 1.61580e-26 2.78525e-26 5.68409e-26 
 10.00000   2.13334e-28 4.31201e-28 1.17164e-27 5.00876e-27 1.23181e-26 1.56417e-26 2.16476e-26 2.87672e-26 
100.00000   3.32830e-29 6.60747e-29 2.10198e-28 8.74348e-28 2.37566e-27 2.53887e-27 2.98123e-27 5.22989e-27 

         12
          600.0
  0.00001   1.62005e-33 2.70413e-32 2.14936e-29 2.82519e-27 1.53918e-26 2.65835e-26 7.15710e-26 4.09363e-25 
  0.00010   1.60611e-32 1.74137e-31 2.79704e-29 2.82814e-27 1.53709e-26 2.66077e-26 7.15667e-26 4.09173e-25 
  0.00100   1.59578e-31 1.14863e-30 5.34183e-29 2.87313e-27 1.54804e-26 2.67304e-26 7.15373e-26 4.08278e-25 
  0.01000   1.58774e-30 9.21629e-30 1.69562e-28 3.34792e-27 1.64149e-26 2.79666e-26 7.15809e-26 3.99768e-25 
  0.10000   1.57705e-29 7.67024e-29 6.21399e-28 5.79064e-27 2.19327e-26 3.56965e-26 7.66746e-26 3.26104e-25 
  1.00000   1.15574e-28 3.62116e-28 1.48117e-27 1.15342e-26 3.24171e-26 4.40411e-26 7.57524e-26 1.52677e-25 
 10.00000   2.68273e-28 5.16564e-28 2.06571e-27 1.49715e-26 3.06931e-26 3.87359e-26 5.22960e-26 6.54710e-26 
100.00000   7.14889e-29 1.24089e-28 5.03878e-28 3.69776e-27 9.11556e-27 9.59821e-27 1.08023e-26 1.16933e-26 

         13
          100.0
  0.00001   5.07793e-32 5.70710e-31 1.33604e-29 1.42530e-27 2.69343e-26 7.50202e-26 4.61967e-25 5.92451e-24 
  0.00010   4.67034e-31 4.32853e-30 6.48967e-29 2.40534e-27 3.22083e-26 8.36516e-26 4.70534e-25 5.95010e-24 
  0.00100   4.34464e-30 3.41540e-29 3.80042e-28 6.79822e-27 5.53399e-26 1.20724e-25 5.40563e-25 6.13025e-24 
  0.01000   4.00929e-29 2.81792e-28 2.58022e-27 3.09988e-26 1.75334e-25 3.07691e-25 9.17842e-25 6.81508e-24 
  0.10000   3.22426e-28 2.02182e-27 1.56037e-26 1.36278e-25 4.78566e-25 7.05889e-25 1.57932e-24 5.95323e-24 
  1.00000   1.45433e-27 8.16340e-27 4.32901e-26 2.78833e-25 6.40834e-25 7.93070e-25 1.24055e-24 2.41441e-24 
 10.00000   1.47324e-27 6.57367e-27 2.78634e-26 1.80640e-25 3.53203e-25 4.05747e-25 5.33835e-25 7.03650e-25 
100.00000   3.59528e-29 1.54100e-28 6.76319e-28 2.72559e-27 5.41309e-27 6.71868e-27 8.49993e-27 9.83748e-27 

         13
          150.0
  0.00001   1.05446e-31 1.28892e-30 5.31121e-29 6.45222e-27 9.02547e-26 2.02186e-25 8.30951e-25 7.45678e-24 
  0.00010   9.39212e-31 8.46656e-30 1.48671e-28 7.69001e-27 9.24523e-26 2.04464e-25 8.32785e-25 7.45230e-24 
  0.00100   8.46941e-30 5.91229e-29 6.21462e-28 1.33350e-26 1.10955e-25 2.27696e-25 8.59051e-25 7.48323e-24 
  0.01000   7.69893e-29 4.47619e-28 3.49518e-27 4.17928e-26 2.19734e-25 3.80747e-25 1.09344e-24 7.58876e-24 
  0.10000   6.18270e-28 3.09579e-27 1.99198e-26 1.46564e-25 5.01235e-25 7.49736e-25 1.57980e-24 5.86991e-24 
  1.00000   2.71837e-27 1.18534e-26 5.39138e-26 2.85652e-25 6.17227e-25 7.86782e-25 1.21058e-24 2.12070e-24 
 10.00000   3.51333e-27 1.13900e-26 4.31541e-26 2.23531e-25 4.08486e-25 4.52559e-25 5.40790e-25 6.45083e-25 
100.00000   1.48407e-28 4.65752e-28 1.74438e-27 5.89391e-27 1.11234e-26 1.28421e-26 1.51361e-26 1.93090e-26 

         13
          200.0
  0.00001   1.56522e-31 2.46026e-30 1.71489e-28 1.66506e-26 1.72983e-25 3.39024e-25 1.10867e-24 8.06518e-24 
  0.00010   1.38369e-30 1.39909e-29 3.08062e-28 1.76782e-26 1.73868e-25 3.40085e-25 1.10981e-24 8.05973e-24 
  0.00100   1.22673e-29 8.60045e-29 9.20561e-28 2.34146e-26 1.84554e-25 3.51768e-25 1.12132e-24 8.06415e-24 
  0.01000   1.08601e-28 5.91751e-28 4.29946e-27 5.36006e-26 2.65772e-25 4.51818e-25 1.25080e-24 7.94725e-24 
  0.10000   8.66124e-28 3.98562e-27 2.28005e-26 1.55466e-25 5.17089e-25 7.60617e-25 1.57519e-24 5.79095e-24 
  1.00000   3.97517e-27 1.48191e-26 6.09119e-26 2.84425e-25 6.01222e-25 7.70884e-25 1.17551e-24 1.95864e-24 
 10.00000   5.83227e-27 1.59835e-26 5.71410e-26 2.41715e-25 4.22332e-25 4.57223e-25 5.12747e-25 6.41498e-25 
100.00000   3.51254e-28 9.85751e-28 3.41219e-27 1.03473e-26 1.78551e-26 1.93463e-26 2.14821e-26 3.14835e-26 

         13
          250.0
  0.00001   1.95613e-31 4.26716e-30 4.31892e-28 3.10953e-26 2.54359e-25 4.58653e-25 1.31770e-24 8.22404e-24 
  0.00010   1.74290e-30 2.09843e-29 5.89130e-28 3.17659e-26 2.54882e-25 4.59334e-25 1.31849e-24 8.21957e-24 
  0.00100   1.55076e-29 1.15090e-28 1.30086e-27 3.67760e-26 2.60696e-25 4.65448e-25 1.32300e-24 8.17995e-24 
  0.01000   1.34957e-28 7.16668e-28 5.04449e-27 6.57895e-26 3.15619e-25 5.20786e-25 1.38782e-24 7.87548e-24 
  0.10000   1.05925e-27 4.65624e-27 2.47439e-26 1.64083e-25 5.29427e-25 7.55477e-25 1.57050e-24 5.59874e-24 
  1.00000   5.32237e-27 1.73960e-26 6.51467e-26 2.81337e-25 5.96178e-25 7.46126e-25 1.12169e-24 1.85586e-24 
 10.00000   8.10217e-27 2.01408e-26 6.54129e-26 2.46873e-25 4.13052e-25 4.48807e-25 4.86655e-25 6.82521e-25 
100.00000   6.49307e-28 1.71980e-27 5.50010e-27 1.57975e-26 2.48851e-26 2.60272e-26 2.82166e-26 4.46813e-26 

         13
          300.0
  0.00001   2.21724e-31 6.76050e-30 8.62626e-28 4.74445e-26 3.24863e-25 5.51572e-25 1.46990e-24 8.11562e-24 
  0.00010   1.97231e-30 2.88385e-29 1.02611e-27 4.78635e-26 3.25210e-25 5.51708e-25 1.46938e-24 8.10729e-24 
  0.00100   1.77465e-29 1.45892e-28 1.78614e-27 5.20188e-26 3.28909e-25 5.54959e-25 1.47114e-24 8.05983e-24 
  0.01000   1.56470e-28 8.33562e-28 5.77323e-27 7.81561e-26 3.66611e-25 5.83851e-25 1.48328e-24 7.66175e-24 
  0.10000   1.21333e-27 5.15720e-27 2.63212e-26 1.71384e-25 5.36133e-25 7.58323e-25 1.55046e-24 5.40586e-24 
  1.00000   6.54243e-27 1.97319e-26 6.77690e-26 2.76968e-25 5.91548e-25 7.23381e-25 1.08242e-24 1.76820e-24 
 10.00000   1.03376e-26 2.41230e-26 6.59103e-26 2.48772e-25 3.94328e-25 4.31413e-25 4.87439e-25 7.01761e-25 
100.00000   1.06072e-27 2.59006e-27 7.77009e-27 2.15140e-26 3.18477e-26 3.33864e-26 3.65993e-26 5.97123e-26 

         13
          350.0
  0.00001   2.41564e-31 1.01961e-29 1.46348e-27 6.38587e-26 3.84285e-25 6.23404e-25 1.55504e-24 7.71801e-24 
  0.00010   2.11781e-30 3.73674e-29 1.61988e-27 6.41733e-26 3.84613e-25 6.23673e-25 1.55519e-24 7.71402e-24 
  0.00100   1.87951e-29 1.74546e-28 2.39180e-27 6.74230e-26 3.86996e-25 6.24997e-25 1.55366e-24 7.68866e-24 
  0.01000   1.69475e-28 9.38672e-28 6.57973e-27 9.06157e-26 4.13049e-25 6.43993e-25 1.54914e-24 7.36374e-24 
  0.10000   1.37184e-27 5.57515e-27 2.76300e-26 1.77207e-25 5.37212e-25 7.65149e-25 1.51965e-24 5.21571e-24 
  1.00000   7.57095e-27 2.15753e-26 7.03695e-26 2.76455e-25 5.81657e-25 7.11163e-25 1.05887e-24 1.75458e-24 
 10.00000   1.24190e-26 2.72688e-26 7.26565e-26 2.54641e-25 3.71740e-25 4.15297e-25 4.88655e-25 7.02644e-25 
100.00000   1.55303e-27 3.47060e-27 1.02055e-26 2.71075e-26 3.95104e-26 4.24971e-26 4.62592e-26 7.28279e-26 

         13
          400.0
  0.00001   2.61004e-31 1.49127e-29 2.17296e-27 7.87085e-26 4.28966e-25 6.77049e-25 1.60570e-24 7.33549e-24 
  0.00010   2.21869e-30 4.62304e-29 2.32176e-27 7.89377e-26 4.29206e-25 6.77051e-25 1.60567e-24 7.32654e-24 
  0.00100   1.96022e-29 1.98004e-28 3.09744e-27 8.14950e-26 4.30907e-25 6.77433e-25 1.60392e-24 7.29828e-24 
  0.01000   1.74079e-28 1.02177e-27 7.38960e-27 1.01765e-25 4.49706e-25 6.86826e-25 1.58558e-24 6.98201e-24 
  0.10000   1.44141e-27 5.91639e-27 2.87436e-26 1.82453e-25 5.34872e-25 7.64065e-25 1.48671e-24 4.99567e-24 
  1.00000   7.88590e-27 2.28180e-26 7.25859e-26 2.74162e-25 5.63929e-25 6.88898e-25 1.01978e-24 1.71393e-24 
 10.00000   1.46988e-26 2.98695e-26 7.80615e-26 2.54776e-25 3.60553e-25 4.02328e-25 4.81529e-25 6.90767e-25 
100.00000   2.21915e-27 4.30847e-27 1.29026e-26 3.16754e-26 4.81475e-26 5.10513e-26 5.53756e-26 8.42625e-26 

         13
          600.0
  0.00001   3.60978e-31 4.68677e-29 5.61006e-27 1.26595e-25 5.20771e-25 7.71180e-25 1.60971e-24 5.69554e-24 
  0.00010   2.49882e-30 9.07279e-29 5.68779e-27 1.26651e-25 5.20680e-25 7.70985e-25 1.60936e-24 5.69481e-24 
  0.00100   1.95661e-29 2.69022e-28 6.38680e-27 1.27657e-25 5.20872e-25 7.70009e-25 1.60562e-24 5.67888e-24 
  0.01000   1.59168e-28 1.18661e-27 1.05508e-26 1.37570e-25 5.23947e-25 7.63039e-25 1.57575e-24 5.50687e-24 
  0.10000   1.29883e-27 6.60243e-27 3.12462e-26 1.93482e-25 5.39931e-25 7.46480e-25 1.43388e-24 4.14209e-24 
  1.00000   7.50521e-27 2.61242e-26 7.68274e-26 2.57255e-25 5.05276e-25 6.23509e-25 8.91540e-25 1.55961e-24 
 10.00000   1.67307e-26 3.55471e-26 9.06326e-26 2.31236e-25 3.39108e-25 3.67005e-25 4.30528e-25 6.21340e-25 
100.00000   4.58251e-27 7.94540e-27 2.38591e-26 4.65655e-26 7.05571e-26 7.55000e-26 8.72618e-26 1.19431e-25 

         14
          100.0
  0.00001   1.14557e-33 1.16476e-32 2.64677e-31 2.21385e-29 6.00504e-28 1.71063e-27 1.53662e-26 3.38966e-25 
  0.00010   1.12533e-32 1.07488e-31 1.88543e-30 6.02508e-29 8.82299e-28 2.22566e-27 1.61223e-26 3.40515e-25 
  0.00100   1.10876e-31 9.93202e-31 1.47499e-29 2.75083e-28 2.09504e-27 4.30349e-27 2.14810e-26 3.56418e-25 
  0.01000   1.08577e-30 9.23889e-30 1.22664e-28 1.64376e-27 8.24202e-27 1.43327e-26 4.77873e-26 4.03596e-25 
  0.10000   9.98506e-30 7.26237e-29 8.46917e-28 7.32579e-27 2.81110e-26 4.14009e-26 8.55013e-26 2.87101e-25 
  1.00000   5.95256e-29 2.59196e-28 2.77506e-27 1.58376e-26 3.22322e-26 3.80448e-26 5.72073e-26 9.14324e-26 
 10.00000   7.60715e-29 1.51492e-28 2.21885e-27 1.01935e-26 1.28898e-26 1.37237e-26 1.72955e-26 2.57184e-26 
100.00000   9.76945e-31 2.07052e-30 3.64558e-29 2.23527e-28 3.08425e-28 3.30107e-28 3.71000e-28 7.93479e-28 

         14
          150.0
  0.00001   2.10622e-33 2.23004e-32 6.06770e-31 1.40171e-28 2.84660e-27 6.82023e-27 4.18376e-26 5.10886e-25 
  0.00010   2.06748e-32 2.04873e-31 3.77613e-30 2.16697e-28 3.07888e-27 7.07203e-27 4.21662e-26 5.10559e-25 
  0.00100   2.02942e-31 1.87910e-30 2.49903e-29 5.45871e-28 4.51555e-27 9.03179e-27 4.60837e-26 5.08097e-25 
  0.01000   1.98916e-30 1.70598e-29 1.78749e-28 2.36014e-27 1.17024e-26 2.03429e-26 6.95713e-26 4.90910e-25 
  0.10000   1.82087e-29 1.27862e-28 1.12408e-27 9.44351e-27 3.41043e-26 5.06004e-26 1.01081e-25 2.85773e-25 
  1.00000   1.05271e-28 3.87367e-28 3.77566e-27 1.85545e-26 3.52827e-26 4.15660e-26 6.00261e-26 1.19234e-25 
 10.00000   1.39372e-28 3.14146e-28 3.69212e-27 1.28761e-26 1.75047e-26 1.89994e-26 2.25611e-26 6.48025e-26 
100.00000   4.07430e-30 1.19989e-29 1.28258e-28 5.23714e-28 7.32441e-28 7.98219e-28 1.01561e-27 2.94699e-27 

         14
          200.0
  0.00001   3.35104e-33 3.66504e-32 1.17513e-30 5.02566e-28 7.26759e-27 1.52170e-26 7.59184e-26 6.14462e-25 
  0.00010   3.30401e-32 3.32313e-31 6.54084e-30 6.08428e-28 7.43103e-27 1.53595e-26 7.61040e-26 6.13523e-25 
  0.00100   3.26065e-31 3.03294e-30 3.87865e-29 1.02343e-27 8.72177e-27 1.67690e-26 7.81927e-26 6.06229e-25 
  0.01000   3.22141e-30 2.73237e-29 2.44815e-28 3.24394e-27 1.62360e-26 2.83446e-26 9.56841e-26 5.61252e-25 
  0.10000   2.98436e-29 2.02641e-28 1.40826e-27 1.15824e-26 4.01089e-26 5.94635e-26 1.19143e-25 3.11917e-25 
  1.00000   1.59884e-28 5.56376e-28 4.56773e-27 2.09300e-26 3.88209e-26 4.65539e-26 6.53312e-26 1.74818e-25 
 10.00000   2.13903e-28 5.51085e-28 5.23364e-27 1.45875e-26 2.16710e-26 2.34290e-26 2.94826e-26 1.41916e-25 
100.00000   1.08837e-29 3.72403e-29 2.99819e-28 8.89444e-28 1.25944e-27 1.44377e-27 2.00557e-27 9.97062e-27 

         14
          250.0
  0.00001   4.64727e-33 5.24734e-32 2.07139e-30 1.13889e-27 1.34687e-26 2.63576e-26 1.11367e-25 6.56653e-25 
  0.00010   4.60725e-32 4.63839e-31 9.91016e-30 1.27665e-27 1.36368e-26 2.65189e-26 1.11405e-25 6.55660e-25 
  0.00100   4.58095e-31 4.20118e-30 5.43047e-29 1.74989e-27 1.47939e-26 2.78391e-26 1.12328e-25 6.48282e-25 
  0.01000   4.55945e-30 3.80833e-29 3.15626e-28 4.29115e-27 2.21951e-26 3.88044e-26 1.23633e-25 5.95717e-25 
  0.10000   4.32489e-29 2.85753e-28 1.71539e-27 1.37042e-26 4.61383e-26 6.82038e-26 1.38366e-25 3.53284e-25 
  1.00000   2.13739e-28 8.00046e-28 5.31943e-27 2.29597e-26 4.21584e-26 5.13945e-26 7.42818e-26 2.66692e-25 
 10.00000   2.92428e-28 8.75640e-28 6.90846e-27 1.60777e-26 2.48178e-26 2.65252e-26 3.98979e-26 2.54232e-25 
100.00000   2.21078e-29 7.64390e-29 5.61060e-28 1.30385e-27 1.92564e-27 2.32782e-27 3.65544e-27 2.56119e-26 

         14
          300.0
  0.00001   5.67674e-33 6.67947e-32 3.58742e-30 1.97999e-27 2.11450e-26 4.08610e-26 1.47240e-25 6.62167e-25 
  0.00010   5.64622e-32 5.74448e-31 1.39003e-29 2.13608e-27 2.13155e-26 4.10800e-26 1.47292e-25 6.61501e-25 
  0.00100   5.63031e-31 5.16218e-30 6.96371e-29 2.67004e-27 2.23884e-26 4.25776e-26 1.47727e-25 6.55257e-25 
  0.01000   5.61650e-30 4.72027e-29 3.83026e-28 5.42423e-27 2.97091e-26 5.16355e-26 1.52523e-25 6.07138e-25 
  0.10000   5.44693e-29 3.60507e-28 2.00243e-27 1.58468e-26 5.23638e-26 7.74373e-26 1.56254e-25 4.04408e-25 
  1.00000   2.71519e-28 1.09951e-27 6.26423e-27 2.48584e-26 4.54676e-26 5.58438e-26 8.78471e-26 3.99244e-25 
 10.00000   3.63932e-28 1.30233e-27 8.32148e-27 1.75463e-26 2.71802e-26 2.94174e-26 5.34737e-26 3.81194e-25 
100.00000   3.91012e-29 1.40525e-28 9.07688e-28 1.77976e-27 2.83175e-27 3.52529e-27 6.83206e-27 4.94893e-26 

         14
          350.0
  0.00001   6.59677e-33 8.24198e-32 6.21008e-30 2.96773e-27 2.93928e-26 5.58131e-26 1.77614e-25 6.95402e-25 
  0.00010   6.55198e-32 6.80217e-31 1.87432e-29 3.12094e-27 2.95634e-26 5.60682e-26 1.77734e-25 6.94607e-25 
  0.00100   6.55118e-31 5.94981e-30 8.43225e-29 3.70920e-27 3.06767e-26 5.74467e-26 1.77748e-25 6.88983e-25 
  0.01000   6.53340e-30 5.37762e-29 4.43479e-28 6.58241e-27 3.78396e-26 6.55351e-26 1.81603e-25 6.51165e-25 
  0.10000   6.39787e-29 4.21052e-28 2.25903e-27 1.81114e-26 5.94160e-26 8.61246e-26 1.70732e-25 4.94443e-25 
  1.00000   3.38756e-28 1.37888e-27 7.11455e-27 2.68744e-26 5.00100e-26 6.15413e-26 1.02124e-25 5.38394e-25 
 10.00000   4.47499e-28 1.78607e-27 9.34547e-27 1.88878e-26 2.92888e-26 3.32848e-26 7.28142e-26 5.06812e-25 
100.00000   6.21894e-29 2.37427e-28 1.31047e-27 2.30501e-27 4.07027e-27 5.32095e-27 1.14127e-26 7.97189e-26 

         14
          400.0
  0.00001   7.17142e-33 9.57254e-32 1.00877e-29 4.01908e-27 3.71367e-26 6.93945e-26 2.04716e-25 7.38185e-25 
  0.00010   7.13470e-32 7.76812e-31 2.45033e-29 4.15386e-27 3.72786e-26 6.95840e-26 2.04754e-25 7.36793e-25 
  0.00100   7.11833e-31 6.61839e-30 9.77355e-29 4.78495e-27 3.84757e-26 7.10464e-26 2.05223e-25 7.31910e-25 
  0.01000   7.10510e-30 5.88434e-29 4.89957e-28 7.71506e-27 4.53437e-26 7.81672e-26 2.06118e-25 6.96692e-25 
  0.10000   6.99439e-29 4.65561e-28 2.46107e-27 2.00421e-26 6.58151e-26 9.35233e-26 1.86272e-25 5.73135e-25 
  1.00000   4.01805e-28 1.64328e-27 7.83452e-27 2.84500e-26 5.32476e-26 6.89768e-26 1.19834e-25 6.69644e-25 
 10.00000   5.38846e-28 2.25060e-27 1.03369e-26 2.03605e-26 3.07386e-26 3.70130e-26 9.22421e-26 6.09636e-25 
100.00000   8.99996e-29 3.49910e-28 1.73193e-27 2.82726e-27 5.62752e-27 7.71096e-27 1.69047e-26 1.11804e-25 

         14
          600.0
  0.00001   8.98245e-33 1.41586e-31 3.84602e-29 8.08547e-27 5.95157e-26 1.01874e-25 2.50990e-25 9.80836e-25 
  0.00010   8.82465e-32 1.03103e-30 5.86169e-29 8.15816e-27 5.95946e-26 1.01964e-25 2.50837e-25 9.79586e-25 
  0.00100   8.67968e-31 8.04065e-30 1.45098e-28 8.75978e-27 6.05375e-26 1.03007e-25 2.51947e-25 9.77690e-25 
  0.01000   8.58342e-30 6.79941e-29 5.91090e-28 1.19123e-26 6.59886e-26 1.07499e-25 2.52413e-25 9.57598e-25 
  0.10000   8.39181e-29 5.37763e-28 2.84310e-27 2.43369e-26 8.05778e-26 1.15378e-25 2.29222e-25 9.43198e-25 
  1.00000   5.35089e-28 2.35898e-27 9.40406e-27 3.27142e-26 7.11113e-26 9.53217e-26 1.99146e-25 1.09531e-24 
 10.00000   9.66012e-28 3.70502e-27 1.20664e-26 2.54331e-26 4.73977e-26 6.10310e-26 1.57025e-25 9.59886e-25 
100.00000   2.51859e-28 9.04726e-28 3.13685e-27 5.64424e-27 1.39970e-26 2.10642e-26 4.38614e-26 2.43373e-25 

         15
          100.0
  0.00001   5.21619e-32 4.43205e-30 1.01367e-28 7.88818e-27 1.32932e-25 4.16308e-25 3.23866e-24 5.10038e-23 
  0.00010   4.22595e-31 3.28464e-29 5.18068e-28 1.63453e-26 1.88014e-25 5.13816e-25 3.39309e-24 5.15485e-23 
  0.00100   3.47474e-30 2.52325e-28 3.31124e-27 5.89332e-26 4.59269e-25 9.56380e-25 4.57815e-24 5.65821e-23 
  0.01000   2.98711e-29 2.03059e-27 2.48092e-26 3.26195e-25 1.75690e-24 3.04457e-24 9.83779e-24 7.67704e-23 
  0.10000   2.03898e-28 1.43317e-26 1.61621e-25 1.46353e-24 5.52052e-24 8.40840e-24 1.80809e-23 6.98881e-23 
  1.00000   7.01494e-28 5.58019e-26 4.76170e-25 2.93367e-24 7.55228e-24 9.55875e-24 1.51043e-23 2.87727e-23 
 10.00000   9.27414e-28 4.27001e-26 3.84316e-25 1.93195e-24 4.10758e-24 4.78336e-24 6.21188e-24 8.15420e-24 
100.00000   1.92480e-29 6.10599e-28 4.55632e-27 2.10796e-26 4.38540e-26 4.82156e-26 6.34071e-26 7.22657e-26 

         15
          150.0
  0.00001   2.71826e-31 1.28320e-29 3.81467e-28 3.62915e-26 5.07488e-25 1.31507e-24 6.71356e-24 7.10800e-23 
  0.00010   1.81163e-30 7.24697e-29 1.14055e-27 4.85609e-26 5.46708e-25 1.36440e-24 6.75838e-24 7.12552e-23 
  0.00100   1.27369e-29 4.72467e-28 5.30737e-27 1.04707e-25 8.23672e-25 1.74175e-24 7.40616e-24 7.23149e-23 
  0.01000   9.65480e-29 3.44010e-27 3.35554e-26 4.10210e-25 2.14063e-24 3.68970e-24 1.13923e-23 7.89789e-23 
  0.10000   5.53516e-28 2.39643e-26 2.02302e-25 1.59016e-24 5.85512e-24 8.79417e-24 1.83397e-23 6.68108e-23 
  1.00000   1.60850e-27 9.16112e-26 5.60431e-25 3.13132e-24 7.49246e-24 9.39724e-24 1.44032e-23 2.51527e-23 
 10.00000   2.07352e-27 8.43328e-26 5.21761e-25 2.60960e-24 5.08166e-24 5.53880e-24 6.37240e-24 7.75591e-24 
100.00000   9.86782e-29 2.32668e-27 1.26807e-26 5.70570e-26 9.91399e-26 1.06807e-25 1.27685e-25 1.39558e-25 

         15
          200.0
  0.00001   9.83690e-31 3.27406e-29 1.27270e-27 1.02051e-25 1.11224e-24 2.49011e-24 9.82846e-24 8.29832e-23 
  0.00010   6.03068e-30 1.41108e-28 2.40297e-27 1.14156e-25 1.12818e-24 2.51056e-24 9.85457e-24 8.29618e-23 
  0.00100   3.69262e-29 7.48909e-28 8.00423e-27 1.76105e-25 1.32173e-24 2.75267e-24 1.01171e-23 8.26124e-23 
  0.01000   2.44569e-28 4.87181e-27 4.18235e-26 4.99470e-25 2.50561e-24 4.32813e-24 1.28448e-23 8.14881e-23 
  0.10000   1.30885e-27 3.25287e-26 2.32696e-25 1.67462e-24 6.04954e-24 8.99797e-24 1.82482e-23 6.38645e-23 
  1.00000   3.45356e-27 1.24894e-25 6.21736e-25 3.21918e-24 7.21853e-24 9.11747e-24 1.41015e-23 2.33154e-23 
 10.00000   3.72438e-27 1.34156e-25 5.98318e-25 2.98610e-24 5.37997e-24 5.74277e-24 6.24059e-24 7.21156e-24 
100.00000   3.36711e-28 6.12038e-27 2.43932e-26 1.12482e-25 1.69230e-25 1.85768e-25 2.05279e-25 2.13962e-25 

         15
          250.0
  0.00001   2.26180e-30 7.66355e-29 3.49956e-27 2.07169e-25 1.79190e-24 3.68023e-24 1.22696e-23 8.88692e-23 
  0.00010   1.41012e-29 2.59588e-28 4.87723e-27 2.16756e-25 1.80067e-24 3.69142e-24 1.22824e-23 8.87582e-23 
  0.00100   8.45980e-29 1.11604e-27 1.17832e-26 2.77233e-25 1.91117e-24 3.83433e-24 1.23974e-23 8.83032e-23 
  0.01000   5.08518e-28 6.44600e-27 5.04038e-26 6.01465e-25 2.87663e-24 5.00491e-24 1.42260e-23 8.47190e-23 
  0.10000   2.71826e-27 4.06094e-26 2.59189e-25 1.75031e-24 6.16368e-24 9.03170e-24 1.79389e-23 6.25745e-23 
  1.00000   7.00731e-27 1.58100e-25 6.73878e-25 3.22776e-24 6.99193e-24 8.82488e-24 1.39088e-23 2.22927e-23 
 10.00000   6.49079e-27 1.80105e-25 6.58635e-25 3.20673e-24 5.19191e-24 5.56765e-24 6.03568e-24 7.17066e-24 
100.00000   9.10681e-28 1.24131e-26 3.86229e-26 1.80456e-25 2.48053e-25 2.77979e-25 2.97531e-25 3.05321e-25 

         15
          300.0
  0.00001   3.61342e-30 1.60459e-28 7.81311e-27 3.45212e-25 2.46082e-24 4.76462e-24 1.40699e-23 9.00013e-23 
  0.00010   2.31681e-29 4.34345e-28 9.32738e-27 3.52041e-25 2.46798e-24 4.77061e-24 1.40752e-23 9.00129e-23 
  0.00100   1.54470e-28 1.58360e-27 1.71380e-26 4.05722e-25 2.54291e-24 4.86997e-24 1.41808e-23 8.98184e-23 
  0.01000   9.20342e-28 8.18645e-27 5.99094e-26 7.17112e-25 3.28566e-24 5.73795e-24 1.53256e-23 8.66706e-23 
  0.10000   4.94599e-27 4.87982e-26 2.83052e-25 1.82080e-24 6.24472e-24 8.93208e-24 1.76824e-23 6.36796e-23 
  1.00000   1.32404e-26 1.92696e-25 7.22975e-25 3.17953e-24 6.86759e-24 8.66185e-24 1.36671e-23 2.16282e-23 
 10.00000   1.24032e-26 2.14953e-25 7.25849e-25 3.40744e-24 4.94733e-24 5.24530e-24 5.76756e-24 7.46864e-24 
100.00000   2.17242e-27 2.05675e-26 5.66829e-26 2.58001e-25 3.32888e-25 3.70532e-25 4.07936e-25 4.28666e-25 

         15
          350.0
  0.00001   5.03629e-30 3.01601e-28 1.48436e-26 5.06197e-25 3.09837e-24 5.71420e-24 1.56239e-23 8.89680e-23 
  0.00010   3.15110e-29 6.61940e-28 1.63383e-26 5.10483e-25 3.09917e-24 5.71494e-24 1.56280e-23 8.89782e-23 
  0.00100   2.09825e-28 2.14882e-27 2.46819e-26 5.55177e-25 3.14780e-24 5.77680e-24 1.57094e-23 8.85369e-23 
  0.01000   1.39840e-27 9.98533e-27 7.12022e-26 8.43247e-25 3.71913e-24 6.40594e-24 1.62580e-23 8.59095e-23 
  0.10000   7.97666e-27 5.69106e-26 3.04899e-25 1.89564e-24 6.26748e-24 8.85251e-24 1.75449e-23 6.34397e-23 
  1.00000   2.31999e-26 2.17168e-25 7.72819e-25 3.16165e-24 6.74629e-24 8.58258e-24 1.32950e-23 2.11578e-23 
 10.00000   2.42572e-26 2.55399e-25 7.78585e-25 3.53286e-24 4.78655e-24 5.08453e-24 5.68286e-24 7.49428e-24 
100.00000   4.75664e-27 3.01870e-26 8.92890e-26 3.38653e-25 4.21244e-25 4.67407e-25 5.30089e-25 5.69795e-25 

         15
          400.0
  0.00001   6.57560e-30 5.04221e-28 2.41617e-26 6.74361e-25 3.66855e-24 6.46517e-24 1.67173e-23 8.76343e-23 
  0.00010   3.85787e-29 9.33195e-28 2.56095e-26 6.77868e-25 3.67196e-24 6.46772e-24 1.67147e-23 8.76167e-23 
  0.00100   2.54919e-28 2.74123e-27 3.46565e-26 7.14996e-25 3.70952e-24 6.50932e-24 1.67398e-23 8.72781e-23 
  0.01000   1.74179e-27 1.18357e-26 8.40889e-26 9.75799e-25 4.14345e-24 6.95323e-24 1.69795e-23 8.43834e-23 
  0.10000   1.09425e-26 6.46015e-26 3.24835e-25 1.96821e-24 6.27004e-24 8.81010e-24 1.71278e-23 6.18860e-23 
  1.00000   3.58043e-26 2.37015e-25 8.14779e-25 3.13333e-24 6.69636e-24 8.41893e-24 1.30281e-23 2.10456e-23 
 10.00000   4.20252e-26 2.94414e-25 8.24066e-25 3.50102e-24 4.66670e-24 4.99766e-24 5.76102e-24 7.34866e-24 
100.00000   9.06530e-27 4.12725e-26 1.22304e-25 4.15448e-25 5.03032e-25 5.71371e-25 6.56923e-25 7.05811e-25 

         15
          600.0
  0.00001   1.39928e-29 1.94246e-27 8.08289e-26 1.35611e-24 5.38877e-24 8.33238e-24 1.83288e-23 7.72482e-23 
  0.00010   6.48943e-29 2.52284e-27 8.17225e-26 1.35808e-24 5.38797e-24 8.33455e-24 1.83164e-23 7.72228e-23 
  0.00100   3.64918e-28 5.11661e-27 9.03574e-26 1.37319e-24 5.39834e-24 8.33920e-24 1.82982e-23 7.69350e-23 
  0.01000   2.49734e-27 1.80918e-26 1.45431e-25 1.52135e-24 5.51646e-24 8.38365e-24 1.79539e-23 7.46326e-23 
  0.10000   1.86115e-26 8.91542e-26 4.02688e-25 2.23310e-24 6.23411e-24 8.71925e-24 1.61279e-23 5.48959e-23 
  1.00000   8.79342e-26 2.97191e-25 9.06235e-25 3.02513e-24 6.35119e-24 7.98726e-24 1.18672e-23 1.99095e-23 
 10.00000   1.43581e-25 4.01079e-25 1.00045e-24 3.14708e-24 4.51835e-24 5.00178e-24 5.87319e-24 6.80371e-24 
100.00000   4.03661e-26 9.09856e-26 2.50549e-25 6.49813e-25 8.56765e-25 9.25073e-25 1.16869e-24 1.25779e-24 

         16
          100.0
  0.00001   4.64893e-35 1.34571e-33 2.50735e-32 2.83019e-30 9.78769e-29 2.95257e-28 2.73518e-27 4.97754e-26 
  0.00010   4.57726e-34 1.23043e-32 2.08721e-31 8.77047e-30 1.47240e-28 3.68443e-28 2.86540e-27 5.01108e-26 
  0.00100   4.50379e-33 1.15061e-31 1.84463e-30 4.25519e-29 3.48608e-28 6.83850e-28 3.64906e-27 5.25533e-26 
  0.01000   4.43048e-32 1.08654e-30 1.67907e-29 2.55226e-28 1.31829e-27 2.32741e-27 7.98439e-27 6.37327e-26 
  0.10000   4.18299e-31 9.35592e-30 1.18840e-28 1.15384e-27 4.18343e-27 6.45978e-27 1.43268e-26 4.68857e-26 
  1.00000   2.73602e-30 4.13451e-29 4.42377e-28 2.40411e-27 5.16833e-27 6.37462e-27 9.14596e-27 1.51441e-26 
 10.00000   4.02108e-30 4.05508e-29 4.46506e-28 1.69976e-27 2.26025e-27 2.41907e-27 2.72507e-27 3.42062e-27 
100.00000   9.18989e-32 5.38136e-31 7.28546e-30 3.18683e-29 4.15266e-29 4.28086e-29 4.47633e-29 4.68485e-29 

         16
          150.0
  0.00001   2.04236e-34 4.35294e-33 8.38391e-32 2.30692e-29 5.44072e-28 1.29014e-27 8.27220e-27 7.79724e-26 
  0.00010   2.01924e-33 4.00855e-32 5.19364e-31 3.86732e-29 5.83089e-28 1.32482e-27 8.30261e-27 7.79517e-26 
  0.00100   1.99102e-32 3.67852e-31 3.75030e-30 9.99268e-29 8.23744e-28 1.64032e-27 8.77196e-27 7.81406e-26 
  0.01000   1.95983e-31 3.38051e-30 3.03341e-29 4.11072e-28 2.02088e-27 3.61357e-27 1.26824e-26 7.96667e-26 
  0.10000   1.84364e-30 2.76975e-29 2.02587e-28 1.66994e-27 5.52576e-27 8.18902e-27 1.72346e-26 5.29806e-26 
  1.00000   1.04698e-29 1.09121e-28 7.26455e-28 2.97129e-27 6.18451e-27 7.47251e-27 1.06671e-26 1.80613e-26 
 10.00000   1.71223e-29 1.33540e-28 8.43044e-28 2.15398e-27 2.97904e-27 3.24961e-27 4.07208e-27 7.28395e-27 
100.00000   6.63213e-31 4.01484e-30 2.93677e-29 7.95293e-29 1.05558e-28 1.11949e-28 1.19328e-28 2.12649e-28 

         16
          200.0
  0.00001   5.46464e-34 8.28102e-33 2.89201e-31 1.19388e-28 1.62986e-27 3.39966e-27 1.62265e-26 9.77275e-26 
  0.00010   5.43040e-33 7.76955e-32 1.31243e-30 1.44130e-28 1.64907e-27 3.42112e-27 1.62460e-26 9.76029e-26 
  0.00100   5.39128e-32 7.22005e-31 7.47772e-30 2.33194e-28 1.84936e-27 3.64819e-27 1.64940e-26 9.72239e-26 
  0.01000   5.34612e-31 6.67986e-30 5.03834e-29 6.49228e-28 3.19365e-27 5.67317e-27 1.90047e-26 9.41881e-26 
  0.10000   5.11107e-30 5.44075e-29 3.03918e-28 2.26335e-27 7.20126e-27 1.03641e-26 2.11683e-26 6.14400e-26 
  1.00000   2.74679e-29 2.04361e-28 1.00378e-27 3.68955e-27 7.33783e-27 8.76820e-27 1.26130e-26 2.42973e-26 
 10.00000   4.61794e-29 2.85551e-28 1.19249e-27 2.73748e-27 3.85490e-27 4.44354e-27 6.07527e-27 1.49852e-26 
100.00000   2.77375e-30 1.53471e-29 6.87468e-29 1.50460e-28 2.33383e-28 2.48626e-28 3.14812e-28 8.41126e-28 

         16
          250.0
  0.00001   1.10221e-33 1.24544e-32 9.20458e-31 4.09634e-28 3.77348e-27 7.26331e-27 2.58791e-26 1.16455e-25 
  0.00010   1.09887e-32 1.17554e-31 3.21929e-30 4.34281e-28 3.79060e-27 7.28102e-27 2.59033e-26 1.16343e-25 
  0.00100   1.09693e-31 1.11338e-30 1.48242e-29 5.42842e-28 3.94753e-27 7.44995e-27 2.60038e-26 1.15480e-25 
  0.01000   1.09504e-30 1.05328e-29 8.40072e-29 1.08028e-27 5.30380e-27 9.19364e-27 2.70907e-26 1.10194e-25 
  0.10000   1.06971e-29 8.84186e-29 4.49715e-28 3.09483e-27 9.49579e-27 1.34311e-26 2.70874e-26 7.72975e-26 
  1.00000   5.84416e-29 3.32090e-28 1.34821e-27 4.71400e-27 9.15327e-27 1.09806e-26 1.59484e-26 3.43192e-26 
 10.00000   9.68474e-29 4.74235e-28 1.55500e-27 3.64071e-27 5.48682e-27 6.50072e-27 9.08515e-27 2.77384e-26 
100.00000   9.25882e-30 3.91844e-29 1.29259e-28 2.65639e-28 4.88420e-28 5.38943e-28 8.21108e-28 2.47476e-27 

         16
          300.0
  0.00001   1.82253e-33 1.80067e-32 2.44908e-30 1.05874e-27 7.58627e-27 1.32516e-26 3.71627e-26 1.44665e-25 
  0.00010   1.82090e-32 1.68685e-31 7.02640e-30 1.07877e-27 7.60243e-27 1.32743e-26 3.71787e-26 1.44601e-25 
  0.00100   1.82052e-31 1.60159e-30 2.73524e-29 1.20648e-27 7.73930e-27 1.34076e-26 3.71609e-26 1.43495e-25 
  0.01000   1.81988e-30 1.53314e-29 1.38983e-28 1.89259e-27 8.96484e-27 1.47754e-26 3.72969e-26 1.35577e-25 
  0.10000   1.80206e-29 1.33186e-28 6.71962e-28 4.42275e-27 1.28639e-26 1.78975e-26 3.54773e-26 1.08309e-25 
  1.00000   1.05095e-28 4.99601e-28 1.82493e-27 6.16204e-27 1.24565e-26 1.53721e-26 2.25787e-26 4.67199e-26 
 10.00000   1.75663e-28 6.70400e-28 2.03933e-27 4.94200e-27 9.02749e-27 1.04606e-26 1.39017e-26 4.64800e-26 
100.00000   2.36504e-29 7.93469e-29 2.28314e-28 4.92273e-28 9.81704e-28 1.19212e-27 1.90493e-27 5.42111e-27 

         16
          350.0
  0.00001   2.70334e-33 2.56923e-32 5.36738e-30 2.25874e-27 1.36718e-26 2.20357e-26 5.24028e-26 1.98948e-25 
  0.00010   2.70257e-32 2.37206e-31 1.33803e-29 2.28078e-27 1.36826e-26 2.20361e-26 5.23495e-26 1.98711e-25 
  0.00100   2.70028e-31 2.24019e-30 4.53156e-29 2.44166e-27 1.37965e-26 2.21083e-26 5.22714e-26 1.97711e-25 
  0.01000   2.69909e-30 2.14319e-29 2.13225e-28 3.32585e-27 1.47483e-26 2.28632e-26 5.14242e-26 1.91871e-25 
  0.10000   2.67260e-29 1.90039e-28 1.01489e-27 6.49357e-27 1.84122e-26 2.46932e-26 4.70347e-26 1.49494e-25 
  1.00000   1.73492e-28 7.10639e-28 2.52424e-27 8.28093e-27 1.75197e-26 2.22240e-26 3.43856e-26 6.61321e-26 
 10.00000   3.01584e-28 9.03002e-28 2.69863e-27 7.21468e-27 1.44830e-26 1.73724e-26 2.09984e-26 6.75466e-26 
100.00000   5.07186e-29 1.40419e-28 4.04395e-28 1.01220e-27 1.93967e-27 2.34476e-27 3.70796e-27 9.64719e-27 

         16
          400.0
  0.00001   3.56919e-33 3.53601e-32 9.90530e-30 4.00797e-27 2.17751e-26 3.32023e-26 7.24728e-26 2.65599e-25 
  0.00010   3.56502e-32 3.17545e-31 2.22875e-29 4.03264e-27 2.17747e-26 3.32506e-26 7.24659e-26 2.65434e-25 
  0.00100   3.56132e-31 2.94542e-30 6.76493e-29 4.24866e-27 2.18790e-26 3.32596e-26 7.23313e-26 2.65197e-25 
  0.01000   3.55969e-30 2.79897e-29 3.00168e-28 5.46000e-27 2.27072e-26 3.36925e-26 7.10341e-26 2.61875e-25 
  0.10000   3.52727e-29 2.49509e-28 1.43927e-27 9.46515e-27 2.61183e-26 3.42972e-26 6.36605e-26 2.10083e-25 
  1.00000   2.44613e-28 9.73168e-28 3.52969e-27 1.17320e-26 2.47111e-26 3.15799e-26 4.90040e-26 9.91337e-26 
 10.00000   4.72686e-28 1.21599e-27 3.69235e-27 1.08676e-26 2.23280e-26 2.61840e-26 3.03719e-26 8.77750e-26 
100.00000   9.38078e-29 2.13394e-28 6.74715e-28 1.88800e-27 3.45281e-27 4.05911e-27 6.10661e-27 1.46068e-26 

         16
          600.0
  0.00001   7.09885e-33 1.10150e-31 5.09179e-29 1.58910e-26 8.24861e-26 1.20342e-25 2.35294e-25 7.49475e-25 
  0.00010   7.05255e-32 8.08794e-31 8.97585e-29 1.59319e-26 8.25029e-26 1.20340e-25 2.35300e-25 7.50184e-25 
  0.00100   7.01044e-31 6.77683e-30 2.06191e-28 1.63392e-26 8.26121e-26 1.20238e-25 2.34647e-25 7.45977e-25 
  0.01000   6.98186e-30 5.97556e-29 7.74811e-28 1.92776e-26 8.35373e-26 1.19615e-25 2.30990e-25 7.20959e-25 
  0.10000   6.89681e-29 5.09978e-28 3.74054e-27 3.01587e-26 8.70676e-26 1.14910e-25 2.10141e-25 5.75568e-25 
  1.00000   5.32339e-28 2.30287e-27 1.03459e-26 3.96708e-26 8.31022e-26 1.03111e-25 1.49793e-25 2.66883e-25 
 10.00000   1.37277e-27 3.01918e-27 1.07630e-26 3.92154e-26 6.73606e-26 7.49691e-26 8.90342e-26 1.67000e-25 
100.00000   4.45389e-28 8.18174e-28 3.03749e-27 1.12600e-26 1.72987e-26 1.93698e-26 2.37996e-26 3.91637e-26 

         17
          100.0
  0.00001   6.13320e-31 6.25973e-30 1.07192e-28 6.91527e-27 1.34606e-25 4.47967e-25 4.15818e-24 6.90254e-23 
  0.00010   5.35311e-30 4.88936e-29 6.06803e-28 1.65451e-26 2.01655e-25 5.61700e-25 4.38030e-24 7.01945e-23 
  0.00100   4.80589e-29 4.09573e-28 4.13034e-27 6.75895e-26 5.08831e-25 1.10737e-24 5.60771e-24 7.81001e-23 
  0.01000   4.31576e-28 3.55434e-27 3.14573e-26 3.86863e-25 2.06473e-24 3.65257e-24 1.08614e-23 1.10155e-22 
  0.10000   3.46432e-27 2.71363e-26 2.01946e-25 1.76965e-24 6.76425e-24 1.01197e-23 2.30950e-23 1.06256e-22 
  1.00000   1.35512e-26 1.15216e-25 5.41584e-25 4.12610e-24 1.11189e-23 1.42121e-23 2.13552e-23 3.41143e-23 
 10.00000   1.15563e-26 1.04178e-25 2.80700e-25 3.22613e-24 5.65735e-24 6.40884e-24 8.21699e-24 9.35915e-24 
100.00000   2.05344e-28 1.14581e-27 3.44767e-27 4.13887e-26 6.40901e-26 7.34458e-26 9.00411e-26 9.69031e-26 

         17
          150.0
  0.00001   1.35820e-30 1.43498e-29 3.21441e-28 3.11822e-26 5.25766e-25 1.50214e-24 8.35531e-24 1.01318e-22 
  0.00010   1.14047e-29 9.50337e-29 1.15872e-27 4.55220e-26 5.74739e-25 1.55883e-24 8.40154e-24 1.01517e-22 
  0.00100   9.72657e-29 6.93444e-28 6.07138e-27 1.12293e-25 8.94032e-25 2.03983e-24 8.96521e-24 1.03817e-22 
  0.01000   8.35689e-28 5.58457e-27 4.11239e-26 4.82365e-25 2.47734e-24 4.37892e-24 1.26451e-23 1.18617e-22 
  0.10000   6.75585e-27 4.16757e-26 2.58335e-25 1.92096e-24 7.01783e-24 1.04091e-23 2.44716e-23 1.07312e-22 
  1.00000   3.35149e-26 1.74327e-25 6.73054e-25 4.31621e-24 1.09309e-23 1.40420e-23 2.03777e-23 3.20467e-23 
 10.00000   4.04639e-26 1.75328e-25 4.19652e-25 3.81379e-24 6.59488e-24 7.09759e-24 7.88170e-24 9.49348e-24 
100.00000   1.24582e-27 4.11914e-27 1.05590e-26 9.89569e-26 1.46961e-25 1.56258e-25 1.70801e-25 1.77804e-25 

         17
          200.0
  0.00001   2.18844e-30 3.10910e-29 9.35491e-28 8.98630e-26 1.17435e-24 2.93054e-24 1.17935e-23 1.20050e-22 
  0.00010   1.75127e-29 1.62538e-28 2.16239e-27 1.04142e-25 1.19372e-24 2.95706e-24 1.18133e-23 1.20094e-22 
  0.00100   1.41310e-28 1.00613e-27 8.40938e-27 1.78559e-25 1.43312e-24 3.24834e-24 1.20389e-23 1.20272e-22 
  0.01000   1.17092e-27 7.44217e-27 4.87773e-26 5.74909e-25 2.87412e-24 5.10800e-24 1.43868e-23 1.23475e-22 
  0.10000   9.45881e-27 5.37875e-26 2.93163e-25 2.01549e-24 7.06651e-24 1.05079e-23 2.54548e-23 1.05110e-22 
  1.00000   5.22635e-26 2.16208e-25 7.68534e-25 4.35959e-24 1.05360e-23 1.35480e-23 1.98274e-23 3.23811e-23 
 10.00000   8.47662e-26 2.35387e-25 5.99228e-25 4.15231e-24 6.52451e-24 7.02851e-24 7.88448e-24 1.03449e-23 
100.00000   4.00645e-27 9.27846e-27 2.98531e-26 1.73805e-25 2.56896e-25 2.68038e-25 2.80660e-25 2.90168e-25 

         17
          250.0
  0.00001   3.08730e-30 6.62075e-29 2.52282e-27 1.87877e-25 1.93797e-24 4.31552e-24 1.44452e-23 1.31398e-22 
  0.00010   2.33122e-29 2.63476e-28 4.10171e-27 1.99809e-25 1.95014e-24 4.33246e-24 1.44597e-23 1.31513e-22 
  0.00100   1.79340e-28 1.37175e-27 1.17027e-26 2.71554e-25 2.08922e-24 4.50867e-24 1.45660e-23 1.31438e-22 
  0.01000   1.43430e-27 9.11138e-27 5.64034e-26 6.69609e-25 3.27918e-24 5.83603e-24 1.60158e-23 1.28651e-22 
  0.10000   1.13689e-26 6.36850e-26 3.17201e-25 2.08948e-24 7.08915e-24 1.04783e-23 2.57824e-23 1.00554e-22 
  1.00000   6.37702e-26 2.51455e-25 8.41110e-25 4.31341e-24 1.02539e-23 1.30729e-23 1.94556e-23 3.25744e-23 
 10.00000   1.16428e-25 2.89154e-25 8.57533e-25 4.23165e-24 6.13645e-24 6.80271e-24 8.29639e-24 1.16781e-23 
100.00000   7.78928e-27 1.62934e-26 7.46197e-26 2.58661e-25 3.83346e-25 4.02663e-25 4.25647e-25 4.41353e-25 

         17
          300.0
  0.00001   4.02830e-30 1.33924e-28 5.95863e-27 3.22406e-25 2.72348e-24 5.50638e-24 1.64667e-23 1.37210e-22 
  0.00010   2.90055e-29 4.15087e-28 7.73246e-27 3.30673e-25 2.73135e-24 5.51497e-24 1.64625e-23 1.37173e-22 
  0.00100   2.16388e-28 1.83486e-27 1.65788e-26 3.91902e-25 2.82011e-24 5.61802e-24 1.65148e-23 1.36687e-22 
  0.01000   1.67023e-27 1.07284e-26 6.57403e-26 7.76160e-25 3.73435e-24 6.54633e-24 1.75206e-23 1.32518e-22 
  0.10000   1.27613e-26 7.21813e-26 3.38768e-25 2.15794e-24 7.21964e-24 1.04070e-23 2.58549e-23 9.74155e-23 
  1.00000   7.27031e-26 2.83878e-25 8.92105e-25 4.23427e-24 1.00869e-23 1.28194e-23 1.91327e-23 3.16868e-23 
 10.00000   1.29131e-25 3.15301e-25 1.16481e-24 4.12011e-24 5.87026e-24 6.71754e-24 8.62500e-24 1.26545e-23 
100.00000   1.16410e-26 2.42805e-26 1.33454e-25 3.50293e-25 5.23671e-25 5.55987e-25 5.84607e-25 5.99618e-25 

         17
          350.0
  0.00001   4.94809e-30 2.49054e-28 1.19940e-26 4.84659e-25 3.42681e-24 6.47243e-24 1.84453e-23 1.38180e-22 
  0.00010   3.47251e-29 6.21845e-28 1.38191e-26 4.90099e-25 3.43208e-24 6.47632e-24 1.84500e-23 1.38058e-22 
  0.00100   2.49475e-28 2.37539e-27 2.36163e-26 5.41196e-25 3.49166e-24 6.53835e-24 1.85073e-23 1.37486e-22 
  0.01000   1.88069e-27 1.26350e-26 7.66008e-26 8.91121e-25 4.14551e-24 7.13678e-24 1.88993e-23 1.31692e-22 
  0.10000   1.38972e-26 8.02671e-26 3.57114e-25 2.23164e-24 7.25258e-24 1.02732e-23 2.60234e-23 9.46205e-23 
  1.00000   7.79825e-26 3.11544e-25 9.41214e-25 4.30307e-24 9.93891e-24 1.26422e-23 1.85239e-23 3.09740e-23 
 10.00000   1.33582e-25 3.30426e-25 1.31041e-24 4.10092e-24 5.79233e-24 6.49698e-24 8.66696e-24 1.33258e-23 
100.00000   1.51296e-26 3.25852e-26 1.73895e-25 4.35742e-25 6.56581e-25 7.11051e-25 7.36622e-25 7.84528e-25 

         17
          400.0
  0.00001   6.02733e-30 4.18357e-28 2.05859e-26 6.58595e-25 4.01033e-24 7.24466e-24 2.01378e-23 1.34151e-22 
  0.00010   3.95369e-29 8.82883e-28 2.24596e-26 6.62735e-25 4.01399e-24 7.24712e-24 2.01395e-23 1.34054e-22 
  0.00100   2.77220e-28 2.95468e-27 3.30854e-26 7.06946e-25 4.05691e-24 7.28395e-24 2.01956e-23 1.33593e-22 
  0.01000   2.05486e-27 1.45499e-26 8.94405e-26 1.02840e-24 4.55849e-24 7.72073e-24 2.08548e-23 1.28100e-22 
  0.10000   1.49731e-26 8.82655e-26 3.77742e-25 2.31171e-24 7.31062e-24 1.02491e-23 2.66941e-23 9.30197e-23 
  1.00000   8.10712e-26 3.34697e-25 9.86929e-25 4.31872e-24 9.83597e-24 1.23336e-23 1.81654e-23 3.05853e-23 
 10.00000   1.33166e-25 3.44433e-25 1.47750e-24 4.02392e-24 5.68109e-24 6.38399e-24 8.52702e-24 1.36944e-23 
100.00000   1.87635e-26 4.07880e-26 2.29069e-25 5.37379e-25 7.80993e-25 8.35004e-25 8.77247e-25 9.74436e-25 

         17
          600.0
  0.00001   1.26046e-29 1.75847e-27 8.02775e-26 1.44107e-24 5.79928e-24 9.08339e-24 2.64983e-23 1.13603e-22 
  0.00010   6.00652e-29 2.53292e-27 8.14562e-26 1.44270e-24 5.79844e-24 9.07348e-24 2.65067e-23 1.13512e-22 
  0.00100   3.56523e-28 5.57994e-27 9.19253e-26 1.46372e-24 5.81408e-24 9.08390e-24 2.64894e-23 1.13026e-22 
  0.01000   2.48888e-27 2.16214e-26 1.55476e-25 1.65967e-24 5.94155e-24 9.16875e-24 2.65123e-23 1.08716e-22 
  0.10000   1.79435e-26 1.14491e-25 4.60676e-25 2.58971e-24 7.51986e-24 1.09279e-23 2.63955e-23 8.23893e-23 
  1.00000   8.60825e-26 3.85188e-25 1.09843e-24 4.24817e-24 9.39857e-24 1.14639e-23 1.63507e-23 2.88574e-23 
 10.00000   1.59922e-25 3.90247e-25 1.82004e-24 3.90962e-24 5.70764e-24 6.16713e-24 7.53539e-24 1.36304e-23 
100.00000   3.42802e-26 7.28221e-26 4.56345e-25 8.55174e-25 1.20958e-24 1.22552e-24 1.46983e-24 1.67202e-24 

         18
          100.0
  0.00001   1.09080e-33 4.28399e-32 1.68510e-30 1.38120e-28 2.07808e-27 5.74565e-27 6.76168e-26 2.14700e-24 
  0.00010   1.05220e-32 3.49620e-31 1.05326e-29 3.57699e-28 3.35660e-27 7.84777e-27 7.43837e-26 2.17483e-24 
  0.00100   1.02110e-31 2.88685e-30 7.72864e-29 1.48657e-27 9.84235e-27 1.92064e-26 1.13382e-25 2.38629e-24 
  0.01000   9.94351e-31 2.44862e-29 6.00697e-28 8.71396e-27 5.02891e-26 9.04191e-26 3.07060e-25 2.96915e-24 
  0.10000   8.90833e-30 1.58017e-28 3.98897e-27 5.14861e-26 2.04660e-25 3.10017e-25 6.71048e-25 2.48345e-24 
  1.00000   4.28224e-29 3.95425e-28 1.52730e-26 1.22422e-25 2.71151e-25 3.34775e-25 4.92013e-25 6.99599e-25 
 10.00000   5.53185e-29 2.53405e-28 1.47083e-26 8.31126e-26 1.25832e-25 1.38124e-25 1.54950e-25 1.64890e-25 
100.00000   1.22572e-30 5.44948e-30 1.83435e-28 9.22285e-28 1.26443e-27 1.31580e-27 1.37214e-27 1.41189e-27 

         18
          150.0
  0.00001   3.95598e-33 1.46038e-31 5.40427e-30 6.47099e-28 9.07588e-27 2.40331e-26 2.24669e-25 3.04983e-24 
  0.00010   3.80480e-32 1.15458e-30 2.48200e-29 9.88765e-28 1.04050e-26 2.57926e-26 2.27107e-25 3.05096e-24 
  0.00100   3.66685e-31 9.15162e-30 1.39205e-28 2.58617e-27 1.85818e-26 3.88241e-26 2.54440e-25 3.09428e-24 
  0.01000   3.54244e-30 7.02058e-29 9.21908e-28 1.20939e-26 6.43865e-26 1.17874e-25 4.26487e-25 3.26883e-24 
  0.10000   3.11964e-29 4.37190e-28 6.14879e-27 6.08732e-26 2.23551e-25 3.29902e-25 7.03162e-25 2.47634e-24 
  1.00000   1.39383e-28 1.34243e-27 2.57899e-26 1.30461e-25 2.73642e-25 3.31011e-25 4.75089e-25 7.47890e-25 
 10.00000   1.91613e-28 1.07960e-27 3.34606e-26 8.79304e-26 1.44329e-25 1.58957e-25 1.78430e-25 2.00708e-25 
100.00000   8.93670e-30 5.05086e-29 7.89908e-28 2.05327e-27 2.81324e-27 2.93694e-27 3.29062e-27 3.63298e-27 

         18
          200.0
  0.00001   1.04750e-32 3.51953e-31 1.72083e-29 2.16213e-27 2.74717e-26 6.57606e-26 4.39050e-25 3.53358e-24 
  0.00010   1.00488e-31 2.63310e-30 5.39004e-29 2.54530e-27 2.83574e-26 6.65875e-26 4.40344e-25 3.53103e-24 
  0.00100   9.67229e-31 2.02716e-29 2.28215e-28 4.62731e-27 3.67676e-26 7.74245e-26 4.55546e-25 3.52264e-24 
  0.01000   9.32074e-30 1.50039e-28 1.27821e-27 1.63747e-26 8.69919e-26 1.57624e-25 5.83142e-25 3.52410e-24 
  0.10000   8.03339e-29 9.29242e-28 8.04606e-27 7.15470e-26 2.48454e-25 3.66670e-25 7.65313e-25 2.50839e-24 
  1.00000   3.61971e-28 3.25252e-27 3.35676e-26 1.39229e-25 2.79934e-25 3.38711e-25 4.77456e-25 8.07684e-25 
 10.00000   4.98956e-28 3.26898e-27 4.71338e-26 9.60653e-26 1.50580e-25 1.67868e-25 1.91007e-25 2.42840e-25 
100.00000   4.01178e-29 2.44442e-28 1.94714e-27 3.61187e-27 4.89496e-27 5.32447e-27 6.78192e-27 7.92626e-27 

         18
          250.0
  0.00001   2.25145e-32 6.66238e-31 5.21484e-29 5.63957e-27 6.34139e-26 1.35471e-25 6.67526e-25 3.89790e-24 
  0.00010   2.15060e-31 4.59172e-30 1.12154e-28 5.99305e-27 6.40533e-26 1.36062e-25 6.67932e-25 3.89174e-24 
  0.00100   2.06223e-30 3.42446e-29 3.67344e-28 8.45345e-27 7.06203e-26 1.43129e-25 6.76738e-25 3.86856e-24 
  0.01000   1.98316e-29 2.54564e-28 1.74804e-27 2.23649e-26 1.21519e-25 2.14982e-25 7.62788e-25 3.75213e-24 
  0.10000   1.69192e-28 1.62576e-27 1.02309e-26 8.52494e-26 2.83963e-25 4.17253e-25 8.61107e-25 2.57690e-24 
  1.00000   7.87269e-28 6.04039e-27 4.02394e-26 1.49693e-25 2.90777e-25 3.54284e-25 5.03147e-25 8.65156e-25 
 10.00000   1.11170e-27 7.36566e-27 5.54392e-26 1.09302e-25 1.59354e-25 1.77829e-25 2.12727e-25 2.99613e-25 
100.00000   1.31158e-28 7.26751e-28 3.59228e-27 5.69455e-27 7.99179e-27 9.24884e-27 1.32978e-26 1.68900e-26 

         18
          300.0
  0.00001   4.05193e-32 1.07917e-30 1.34254e-28 1.21482e-26 1.18510e-25 2.32448e-25 9.05634e-25 4.25810e-24 
  0.00010   3.86135e-31 6.86337e-30 2.19863e-28 1.24354e-26 1.18954e-25 2.32920e-25 9.06157e-25 4.24865e-24 
  0.00100   3.67004e-30 4.92364e-29 5.78670e-28 1.50159e-26 1.23875e-25 2.38341e-25 9.09845e-25 4.23005e-24 
  0.01000   3.50728e-29 3.62323e-28 2.36099e-27 3.12643e-26 1.70014e-25 2.94178e-25 9.55549e-25 4.01790e-24 
  0.10000   3.03048e-28 2.39066e-27 1.28189e-26 1.01678e-25 3.31312e-25 4.74339e-25 9.81646e-25 2.72192e-24 
  1.00000   1.42125e-27 9.31639e-27 4.74813e-26 1.66577e-25 3.13796e-25 3.79997e-25 5.52714e-25 9.67729e-25 
 10.00000   2.16413e-27 1.30187e-26 6.54192e-26 1.22457e-25 1.80961e-25 1.96710e-25 2.62362e-25 3.76311e-25 
100.00000   3.31533e-28 1.59073e-27 5.73649e-27 8.72372e-27 1.32247e-26 1.63544e-26 2.49850e-26 3.68783e-26 

         18
          350.0
  0.00001   6.35469e-32 1.61493e-30 2.78535e-28 2.22618e-26 1.93923e-25 3.61047e-25 1.16310e-24 4.65994e-24 
  0.00010   6.06708e-31 9.56186e-30 3.86586e-28 2.25380e-26 1.94307e-25 3.61033e-25 1.16475e-24 4.65554e-24 
  0.00100   5.74755e-30 6.37710e-29 8.67754e-28 2.50867e-26 1.98223e-25 3.64481e-25 1.16296e-24 4.62961e-24 
  0.01000   5.45405e-29 4.63640e-28 3.18339e-27 4.33908e-26 2.34838e-25 4.00943e-25 1.17944e-24 4.39373e-24 
  0.10000   4.77766e-28 3.09108e-27 1.57972e-26 1.20683e-25 3.91213e-25 5.53309e-25 1.12274e-24 2.95353e-24 
  1.00000   2.28552e-27 1.32773e-26 5.57982e-26 1.90104e-25 3.58433e-25 4.29161e-25 6.24974e-25 1.18138e-24 
 10.00000   3.84663e-27 1.96298e-26 7.53004e-26 1.39121e-25 2.15611e-25 2.32627e-25 3.49780e-25 4.93467e-25 
100.00000   6.96227e-28 2.85578e-27 8.20211e-27 1.35427e-26 2.20713e-26 2.85411e-26 4.41274e-26 7.31286e-26 

         18
          400.0
  0.00001   8.65538e-32 2.24462e-30 4.76984e-28 3.53205e-26 2.78586e-25 5.00234e-25 1.42386e-24 5.14458e-24 
  0.00010   8.21903e-31 1.23863e-29 6.04503e-28 3.56153e-26 2.78594e-25 5.00490e-25 1.42461e-24 5.14212e-24 
  0.00100   7.83902e-30 7.82965e-29 1.20846e-27 3.83093e-26 2.82324e-25 5.02941e-25 1.42253e-24 5.11096e-24 
  0.01000   7.47204e-29 5.46663e-28 4.13102e-27 5.86024e-26 3.16135e-25 5.30850e-25 1.41191e-24 4.80888e-24 
  0.10000   6.54379e-28 3.77307e-27 1.93810e-26 1.43860e-25 4.58219e-25 6.55076e-25 1.29689e-24 3.29503e-24 
  1.00000   3.32184e-27 1.67483e-26 6.44971e-26 2.21085e-25 4.09670e-25 4.98762e-25 7.16714e-25 1.45600e-24 
 10.00000   5.89308e-27 2.62927e-26 8.45314e-26 1.60852e-25 2.66630e-25 2.99745e-25 4.72083e-25 6.43354e-25 
100.00000   1.20098e-27 4.39097e-27 1.08057e-26 2.19607e-26 3.52499e-26 4.61900e-26 7.05779e-26 1.24250e-25 

         18
          600.0
  0.00001   1.79537e-31 5.67817e-30 1.77676e-27 1.13970e-25 6.93276e-25 1.11418e-24 2.48577e-24 7.63543e-24 
  0.00010   1.64988e-30 2.52613e-29 1.93974e-27 1.14323e-25 6.93663e-25 1.11438e-24 2.48453e-24 7.63699e-24 
  0.00100   1.52483e-29 1.32272e-28 2.97051e-27 1.17430e-25 6.96384e-25 1.11547e-24 2.48121e-24 7.61908e-24 
  0.01000   1.41092e-28 8.23510e-28 8.28157e-27 1.41991e-25 7.23613e-25 1.13046e-24 2.44794e-24 7.37562e-24 
  0.10000   1.26865e-27 5.69579e-27 3.45138e-26 2.58920e-25 8.40551e-25 1.18296e-24 2.20569e-24 6.26006e-24 
  1.00000   7.95226e-27 2.68645e-26 1.04296e-25 3.81612e-25 7.58265e-25 9.57091e-25 1.59470e-24 3.43933e-24 
 10.00000   1.57503e-26 4.73770e-26 1.19955e-25 3.57909e-25 6.25932e-25 7.71453e-25 1.11092e-24 1.50311e-24 
100.00000   4.60376e-27 1.25635e-26 2.28917e-26 1.02763e-25 1.34981e-25 1.73562e-25 2.43384e-25 4.68524e-25 

         19
          100.0
  0.00001   6.82271e-30 1.02880e-28 1.78225e-27 1.22964e-25 2.61269e-24 8.59979e-24 8.28134e-23 1.14195e-21 
  0.00010   5.93727e-29 7.70677e-28 9.59822e-27 2.80843e-25 3.76133e-24 1.06647e-23 8.68095e-23 1.15514e-21 
  0.00100   5.28361e-28 6.34211e-27 6.64585e-26 1.14932e-24 9.23045e-24 2.07625e-23 1.07762e-22 1.25986e-21 
  0.01000   4.82858e-27 5.62995e-26 5.32338e-25 6.65251e-24 3.82283e-23 6.76910e-23 2.02295e-22 1.67184e-21 
  0.10000   3.98541e-26 4.48342e-25 3.63280e-24 3.05092e-23 1.15625e-22 1.72523e-22 3.73573e-22 1.51711e-21 
  1.00000   2.14213e-25 2.17961e-24 1.05004e-23 6.15382e-23 1.74229e-22 2.15453e-22 2.98763e-22 5.09098e-22 
 10.00000   1.26671e-25 2.07718e-24 6.54192e-24 4.50014e-23 7.66384e-23 8.50700e-23 1.13264e-22 1.27865e-22 
100.00000   2.59894e-27 2.59088e-26 7.91273e-26 5.35107e-25 7.68915e-25 9.08736e-25 1.08459e-24 1.16479e-24 

         19
          150.0
  0.00001   1.64015e-29 2.46875e-28 5.50637e-27 5.48636e-25 1.03262e-23 2.79784e-23 1.71531e-22 1.57926e-21 
  0.00010   1.29828e-28 1.48610e-27 1.89435e-26 7.86675e-25 1.11880e-23 2.90020e-23 1.72129e-22 1.57813e-21 
  0.00100   1.08342e-27 1.05173e-26 9.94168e-26 1.91904e-24 1.69847e-23 3.77078e-23 1.81071e-22 1.59450e-21 
  0.01000   9.44879e-27 8.49066e-26 6.80540e-25 8.36554e-24 4.66846e-23 8.37836e-23 2.42432e-22 1.69987e-21 
  0.10000   7.93422e-26 6.50414e-25 4.44316e-24 3.36945e-23 1.20992e-22 1.76982e-22 3.71678e-22 1.45577e-21 
  1.00000   3.88837e-25 2.97879e-24 1.37235e-23 6.26165e-23 1.68447e-22 2.09167e-22 2.85223e-22 4.68318e-22 
 10.00000   4.61370e-25 3.37325e-24 1.01739e-23 5.24803e-23 8.85774e-23 9.55833e-23 1.12321e-22 1.21811e-22 
100.00000   1.78038e-26 9.38356e-26 2.80824e-25 1.25364e-24 1.83721e-24 1.97323e-24 2.13152e-24 2.21694e-24 

         19
          200.0
  0.00001   2.80066e-29 5.25698e-28 1.57062e-26 1.55089e-24 2.34072e-23 5.32991e-23 2.41754e-22 1.77583e-21 
  0.00010   2.08540e-28 2.47590e-27 3.58629e-26 1.79858e-24 2.37984e-23 5.37220e-23 2.41827e-22 1.77426e-21 
  0.00100   1.64380e-27 1.50999e-26 1.38805e-25 3.05767e-24 2.82068e-23 5.87377e-23 2.44899e-22 1.76666e-21 
  0.01000   1.37912e-26 1.10342e-25 8.03230e-25 1.00551e-23 5.54571e-23 9.71867e-23 2.78249e-22 1.73282e-21 
  0.10000   1.15149e-25 8.04309e-25 4.91209e-24 3.60822e-23 1.23702e-22 1.77736e-22 3.73755e-22 1.38595e-21 
  1.00000   5.74425e-25 3.38999e-24 1.53639e-23 6.30113e-23 1.61163e-22 2.00637e-22 2.78584e-22 4.36950e-22 
 10.00000   1.03953e-24 4.17775e-24 1.45929e-23 5.70482e-23 9.10786e-23 9.64136e-23 1.04990e-22 1.23241e-22 
100.00000   5.73117e-26 1.97892e-25 7.21691e-25 2.22979e-24 3.18715e-24 3.33098e-24 3.49638e-24 3.58589e-24 

         19
          250.0
  0.00001   3.95404e-29 1.08274e-27 3.97094e-26 3.20831e-24 3.86402e-23 7.79381e-23 2.90648e-22 1.87529e-21 
  0.00010   2.80328e-28 3.86237e-27 6.59918e-26 3.41590e-24 3.88540e-23 7.81481e-23 2.90581e-22 1.87459e-21 
  0.00100   2.11306e-27 2.00525e-26 1.90627e-25 4.67569e-24 4.15947e-23 8.10636e-23 2.91284e-22 1.86456e-21 
  0.01000   1.73265e-26 1.33465e-25 9.27988e-25 1.18283e-23 6.43381e-23 1.08889e-22 3.07027e-22 1.78765e-21 
  0.10000   1.42629e-25 9.30139e-25 5.27407e-24 3.80841e-23 1.24887e-22 1.76591e-22 3.80242e-22 1.30845e-21 
  1.00000   7.66709e-25 3.63800e-24 1.60379e-23 6.41454e-23 1.55717e-22 1.93717e-22 2.71558e-22 4.14088e-22 
 10.00000   1.52080e-24 4.85148e-24 1.90801e-23 6.08486e-23 8.80285e-23 9.23551e-23 9.91615e-23 1.32592e-22 
100.00000   1.11138e-25 3.25325e-25 1.44082e-24 3.38715e-24 4.63842e-24 4.92830e-24 5.24810e-24 5.40184e-24 

         19
          300.0
  0.00001   5.13889e-29 2.23340e-27 8.73617e-26 5.45814e-24 5.31316e-23 9.91418e-23 3.20959e-22 1.91476e-21 
  0.00010   3.39132e-28 5.95549e-27 1.16630e-25 5.60240e-24 5.32694e-23 9.92326e-23 3.20926e-22 1.91326e-21 
  0.00100   2.47283e-27 2.54971e-26 2.60959e-25 6.74552e-24 5.51291e-23 1.01163e-22 3.20606e-22 1.90447e-21 
  0.01000   1.99139e-26 1.54383e-25 1.05541e-24 1.36572e-23 7.24014e-23 1.19630e-22 3.30003e-22 1.81716e-21 
  0.10000   1.63142e-25 1.02774e-24 5.55334e-24 3.96432e-23 1.25963e-22 1.76387e-22 3.82547e-22 1.25744e-21 
  1.00000   8.91246e-25 3.79224e-24 1.65144e-23 6.57216e-23 1.51501e-22 1.90418e-22 2.64961e-22 3.96584e-22 
 10.00000   1.82268e-24 5.30777e-24 2.12602e-23 6.36835e-23 8.34212e-23 8.83747e-23 9.62972e-23 1.37784e-22 
100.00000   1.77273e-25 4.71421e-25 2.29677e-24 4.60895e-24 6.34466e-24 6.80719e-24 7.21074e-24 7.42829e-24 

         19
          350.0
  0.00001   6.46869e-29 4.30481e-27 1.67935e-25 8.16659e-24 6.56832e-23 1.16187e-22 3.40310e-22 1.88561e-21 
  0.00010   3.92411e-28 9.16963e-27 1.96189e-25 8.26020e-24 6.58384e-23 1.16302e-22 3.40105e-22 1.88424e-21 
  0.00100   2.76967e-27 3.21063e-26 3.54642e-25 9.21413e-24 6.70033e-23 1.17409e-22 3.40596e-22 1.87458e-21 
  0.01000   2.13388e-26 1.75874e-25 1.19950e-24 1.54938e-23 7.92966e-23 1.28836e-22 3.44929e-22 1.78756e-21 
  0.10000   1.72160e-25 1.10161e-24 5.78204e-24 4.02905e-23 1.25462e-22 1.77847e-22 3.78388e-22 1.23328e-21 
  1.00000   9.69258e-25 4.00241e-24 1.70071e-23 6.58667e-23 1.47292e-22 1.84285e-22 2.58858e-22 3.80916e-22 
 10.00000   1.94876e-24 5.47059e-24 2.31850e-23 6.38105e-23 8.11193e-23 8.63386e-23 9.63243e-23 1.37544e-22 
100.00000   2.49518e-25 6.14940e-25 3.21542e-24 5.78027e-24 8.31229e-24 8.72236e-24 9.22331e-24 9.36544e-24 

         19
          400.0
  0.00001   7.92480e-29 7.45535e-27 2.80578e-25 1.10508e-23 7.51903e-23 1.28146e-22 3.52126e-22 1.83645e-21 
  0.00010   4.46264e-28 1.34427e-26 3.08511e-25 1.11255e-23 7.52959e-23 1.28139e-22 3.52142e-22 1.83520e-21 
  0.00100   2.95590e-27 4.01210e-26 4.74971e-25 1.19311e-23 7.60749e-23 1.28782e-22 3.51985e-22 1.82498e-21 
  0.01000   2.22689e-26 1.95366e-25 1.36394e-24 1.75716e-23 8.51992e-23 1.36535e-22 3.50593e-22 1.73920e-21 
  0.10000   1.76531e-25 1.16759e-24 5.99034e-24 4.09247e-23 1.23643e-22 1.76936e-22 3.75445e-22 1.21968e-21 
  1.00000   1.02641e-24 4.14268e-24 1.72331e-23 6.48584e-23 1.43243e-22 1.78755e-22 2.51060e-22 3.77639e-22 
 10.00000   2.05845e-24 5.52987e-24 2.49420e-23 6.27896e-23 7.97211e-23 8.44003e-23 9.82660e-23 1.33917e-22 
100.00000   3.16195e-25 7.48157e-25 4.15703e-24 6.87683e-24 1.02684e-23 1.05908e-23 1.10044e-23 1.11647e-23 

         19
          600.0
  0.00001   1.48222e-28 3.43364e-26 1.07005e-24 2.25580e-23 9.94751e-23 1.52764e-22 3.73085e-22 1.53144e-21 
  0.00010   6.59046e-28 4.20013e-26 1.08580e-24 2.25990e-23 9.94760e-23 1.52748e-22 3.72942e-22 1.53055e-21 
  0.00100   3.59000e-27 8.15680e-26 1.23879e-24 2.29565e-23 9.97085e-23 1.52948e-22 3.72712e-22 1.52280e-21 
  0.01000   2.45474e-26 2.81554e-25 2.18361e-24 2.62114e-23 1.01688e-22 1.54168e-22 3.69461e-22 1.46006e-21 
  0.10000   1.85579e-25 1.39118e-24 6.78779e-24 4.20808e-23 1.20853e-22 1.66934e-22 3.62011e-22 1.06171e-21 
  1.00000   1.12007e-24 4.42313e-24 1.80400e-23 6.16463e-23 1.31915e-22 1.61440e-22 2.27478e-22 3.55465e-22 
 10.00000   2.37450e-24 5.51070e-24 2.79572e-23 5.98634e-23 7.48431e-23 8.05012e-23 9.31108e-23 1.19499e-22 
100.00000   5.36358e-25 1.26515e-24 8.06482e-24 1.11465e-23 1.63601e-23 1.70412e-23 1.77343e-23 1.81686e-23 

         20
          100.0
  0.00001   4.53551e-32 8.49858e-31 3.97254e-29 2.97128e-27 5.93488e-26 1.63776e-25 1.13516e-24 7.80420e-23 
  0.00010   4.28004e-31 7.14742e-30 2.51686e-28 8.31365e-27 1.07975e-25 2.45195e-25 1.36917e-24 7.98851e-23 
  0.00100   4.11396e-30 6.25797e-29 1.69863e-27 3.90567e-26 3.31709e-25 6.62105e-25 2.57029e-24 9.05130e-23 
  0.01000   3.95270e-29 5.53820e-28 1.19000e-26 2.44203e-25 1.61308e-24 2.82231e-24 8.35933e-24 1.35216e-22 
  0.10000   3.45154e-28 4.15443e-27 6.56837e-26 1.34940e-24 6.47348e-24 1.03463e-23 2.73592e-23 1.63641e-22 
  1.00000   1.80650e-27 1.63766e-26 1.66610e-25 4.78394e-24 1.43251e-23 1.88846e-23 2.99751e-23 5.50463e-23 
 10.00000   1.76816e-27 1.60548e-26 1.07828e-25 4.57293e-24 7.13126e-24 7.87599e-24 9.99841e-24 1.10859e-23 
100.00000   3.32428e-29 2.61804e-28 1.52188e-27 5.68739e-26 7.82781e-26 8.77967e-26 1.01165e-25 1.08410e-25 

         20
          150.0
  0.00001   1.47120e-31 2.25146e-30 1.36838e-28 1.39375e-26 2.79941e-25 6.84778e-25 3.52264e-24 1.19585e-22 
  0.00010   1.37065e-30 1.59824e-29 5.80291e-28 2.27266e-26 3.41380e-25 7.57341e-25 3.64370e-24 1.19624e-22 
  0.00100   1.29453e-29 1.24356e-28 3.14144e-27 6.57353e-26 6.23947e-25 1.23207e-24 4.59049e-24 1.22346e-22 
  0.01000   1.23177e-28 1.01537e-27 1.97603e-26 3.24239e-25 2.01611e-24 3.44490e-24 9.94753e-24 1.42079e-22 
  0.10000   1.06414e-27 7.24902e-27 1.15044e-25 1.55696e-24 6.70494e-24 1.09492e-23 2.73230e-23 1.45675e-22 
  1.00000   5.47748e-27 3.30310e-26 2.62911e-25 4.90284e-24 1.34960e-23 1.76459e-23 2.77146e-23 4.96789e-23 
 10.00000   5.83053e-27 4.59603e-26 1.61156e-25 5.31014e-24 8.24178e-24 8.97417e-24 1.02867e-23 1.16944e-23 
100.00000   2.24460e-28 1.59766e-27 4.24016e-27 1.31743e-25 1.82745e-25 1.96932e-25 2.24441e-25 2.47880e-25 

         20
          200.0
  0.00001   2.31525e-31 6.12073e-30 4.61633e-28 4.88713e-26 8.19807e-25 1.77071e-24 7.21203e-24 1.47670e-22 
  0.00010   2.17435e-30 3.28287e-29 1.21859e-27 6.02712e-26 8.63880e-25 1.81282e-24 7.26125e-24 1.47483e-22 
  0.00100   2.04612e-29 2.09435e-28 5.01699e-27 1.17701e-25 1.15092e-24 2.21162e-24 7.79569e-24 1.47806e-22 
  0.01000   1.93088e-28 1.52029e-27 2.76711e-26 4.43083e-25 2.62150e-24 4.40836e-24 1.25776e-23 1.53703e-22 
  0.10000   1.66965e-27 1.00815e-26 1.61837e-25 1.83589e-24 7.40427e-24 1.20570e-23 2.90480e-23 1.33638e-22 
  1.00000   9.20266e-27 4.55076e-26 3.70487e-25 5.27664e-24 1.33241e-23 1.73028e-23 2.68475e-23 4.72748e-23 
 10.00000   1.25306e-26 6.84705e-26 2.27948e-25 5.87519e-24 9.01136e-24 9.93040e-24 1.07962e-23 1.27448e-23 
100.00000   7.74117e-28 3.90728e-27 1.09370e-26 2.33407e-25 3.43754e-25 3.72389e-25 4.37192e-25 5.16711e-25 

         20
          250.0
  0.00001   2.72479e-31 1.72048e-29 1.52341e-27 1.34544e-25 1.70482e-24 3.39314e-24 1.21338e-23 1.72931e-22 
  0.00010   2.58067e-30 6.91247e-29 2.67245e-27 1.46985e-25 1.73627e-24 3.42482e-24 1.21695e-23 1.72771e-22 
  0.00100   2.44057e-29 3.47552e-28 8.06221e-27 2.17043e-25 1.97838e-24 3.70401e-24 1.25019e-23 1.72155e-22 
  0.01000   2.29747e-28 2.19085e-27 3.75135e-26 6.12506e-25 3.45424e-24 5.78643e-24 1.65827e-23 1.69387e-22 
  0.10000   1.96795e-27 1.34424e-26 2.07980e-25 2.17830e-24 8.62024e-24 1.37290e-23 3.20835e-23 1.29161e-22 
  1.00000   1.16631e-26 5.69244e-26 4.91258e-25 5.85262e-24 1.38605e-23 1.78703e-23 2.69968e-23 4.65189e-23 
 10.00000   2.16786e-26 8.14181e-26 3.37388e-25 6.19601e-24 9.95038e-24 1.12447e-23 1.22955e-23 1.46591e-23 
100.00000   1.80546e-27 6.30944e-27 2.83660e-26 3.57989e-25 5.90697e-25 6.57505e-25 8.04729e-25 1.00128e-24 

         20
          300.0
  0.00001   3.13595e-31 4.30721e-29 4.36072e-27 3.08914e-25 2.93407e-24 5.47703e-24 1.86276e-23 1.96336e-22 
  0.00010   2.95873e-30 1.41789e-28 5.92131e-27 3.18619e-25 2.95273e-24 5.50075e-24 1.86544e-23 1.96138e-22 
  0.00100   2.81033e-29 5.77856e-28 1.33091e-26 3.92613e-25 3.14382e-24 5.72019e-24 1.89811e-23 1.94880e-22 
  0.01000   2.66181e-28 3.15163e-27 5.14552e-26 8.47290e-25 4.51729e-24 7.58809e-24 2.23504e-23 1.86737e-22 
  0.10000   2.22017e-27 1.78425e-26 2.60070e-25 2.58917e-24 1.01720e-23 1.61343e-23 3.59159e-23 1.31849e-22 
  1.00000   1.29493e-26 6.89490e-26 6.27214e-25 6.53801e-24 1.50533e-23 1.92174e-23 2.82644e-23 4.76709e-23 
 10.00000   3.11429e-26 9.31590e-26 5.49648e-25 6.40649e-24 1.11170e-23 1.30999e-23 1.49547e-23 1.74544e-23 
100.00000   3.30141e-27 9.22991e-27 6.92723e-26 5.15880e-25 9.59317e-25 1.09481e-24 1.38538e-24 1.71988e-24 

         20
          350.0
  0.00001   3.64459e-31 9.02734e-29 1.04719e-26 5.90946e-25 4.43803e-24 7.95037e-24 2.71580e-23 2.11472e-22 
  0.00010   3.45629e-30 2.58600e-28 1.23368e-26 5.97991e-25 4.45366e-24 7.96696e-24 2.72036e-23 2.11337e-22 
  0.00100   3.29408e-29 9.26552e-28 2.21857e-26 6.71604e-25 4.60673e-24 8.15167e-24 2.74035e-23 2.09953e-22 
  0.01000   3.12630e-28 4.46049e-27 7.24238e-26 1.15921e-24 5.86722e-24 9.92387e-24 3.00710e-23 1.99891e-22 
  0.10000   2.61655e-27 2.35201e-26 3.21699e-25 3.08594e-24 1.19289e-23 1.89513e-23 4.06049e-23 1.37497e-22 
  1.00000   1.40812e-26 8.30913e-26 8.11130e-25 7.36360e-24 1.65838e-23 2.11133e-23 3.10224e-23 5.18643e-23 
 10.00000   3.95175e-26 1.06122e-25 8.62381e-25 6.81602e-24 1.24853e-23 1.52727e-23 1.83273e-23 2.12595e-23 
100.00000   5.19600e-27 1.19782e-26 1.34650e-25 7.15658e-25 1.46124e-24 1.68920e-24 2.15974e-24 2.62960e-24 

         20
          400.0
  0.00001   4.23820e-31 1.66317e-28 2.11793e-26 9.71959e-25 6.10847e-24 1.07981e-23 3.59521e-23 2.28485e-22 
  0.00010   4.00900e-30 4.20912e-28 2.33629e-26 9.78344e-25 6.12515e-24 1.08128e-23 3.59707e-23 2.28167e-22 
  0.00100   3.81220e-29 1.37221e-27 3.63612e-26 1.04865e-24 6.25738e-24 1.10108e-23 3.61761e-23 2.27210e-22 
  0.01000   3.64715e-28 6.15696e-27 1.01804e-25 1.55178e-24 7.43214e-24 1.27884e-23 3.83988e-23 2.16321e-22 
  0.10000   3.13513e-27 3.07491e-26 4.07994e-25 3.65095e-24 1.39981e-23 2.18484e-23 4.53223e-23 1.45985e-22 
  1.00000   1.58698e-26 1.01246e-25 1.04093e-24 8.22443e-24 1.80386e-23 2.27902e-23 3.39823e-23 5.91195e-23 
 10.00000   4.47089e-26 1.13138e-25 1.21118e-24 7.31253e-24 1.44334e-23 1.70799e-23 2.14676e-23 2.56532e-23 
100.00000   7.31600e-27 1.55531e-26 2.20442e-25 9.62942e-25 2.05416e-24 2.37952e-24 3.02426e-24 3.61075e-24 

         20
          600.0
  0.00001   8.08252e-31 1.01004e-27 1.34328e-25 3.62371e-24 1.55617e-23 2.63978e-23 6.90555e-23 2.71148e-22 
  0.00010   7.26994e-30 1.69963e-27 1.36857e-25 3.62574e-24 1.55651e-23 2.64191e-23 6.89972e-23 2.71183e-22 
  0.00100   6.66113e-29 4.27363e-27 1.59549e-25 3.66981e-24 1.56401e-23 2.65159e-23 6.90252e-23 2.70074e-22 
  0.01000   6.23521e-28 1.58881e-26 3.01275e-25 4.11811e-24 1.66249e-23 2.75118e-23 6.87059e-23 2.58256e-22 
  0.10000   5.44219e-27 7.69035e-26 9.29414e-25 6.71834e-24 2.31141e-23 3.37457e-23 6.48060e-23 1.87413e-22 
  1.00000   2.78563e-26 1.98439e-25 2.27387e-24 1.20096e-23 2.46945e-23 3.08909e-23 4.57736e-23 1.05282e-22 
 10.00000   6.13019e-26 1.84723e-25 3.01310e-24 1.09511e-23 2.10772e-23 2.47889e-23 3.16693e-23 4.34088e-23 
100.00000   1.86604e-26 4.63036e-26 8.04623e-25 2.70244e-24 5.04406e-24 5.75685e-24 6.92560e-24 7.89941e-24 

         21
          100.0
  0.00001   2.14715e-34 1.77732e-33 1.81699e-32 9.93108e-31 5.16763e-29 1.96978e-28 1.38071e-27 1.49351e-26 
  0.00010   2.10131e-33 1.71644e-32 1.59669e-31 3.79609e-30 8.23387e-29 2.53869e-28 1.43918e-27 1.49317e-26 
  0.00100   2.06717e-32 1.66439e-31 1.45595e-30 2.24118e-29 2.13586e-28 4.65464e-28 1.86182e-27 1.55136e-26 
  0.01000   2.03235e-31 1.61406e-30 1.32256e-29 1.51592e-28 7.04793e-28 1.14391e-27 3.36183e-27 2.07373e-26 
  0.10000   1.86741e-30 1.33384e-29 8.30266e-29 5.24611e-28 1.65127e-27 2.49039e-27 5.20094e-27 2.27123e-26 
  1.00000   1.02443e-29 4.17823e-29 2.29954e-28 1.02845e-27 2.26869e-27 2.88809e-27 4.53470e-27 8.09165e-27 
 10.00000   1.12622e-29 3.94433e-29 2.01304e-28 7.78265e-28 1.20982e-27 1.39408e-27 1.61009e-27 2.75355e-27 
100.00000   2.44002e-31 8.10044e-31 4.88167e-30 1.98638e-29 2.72970e-29 2.92436e-29 3.39422e-29 4.99830e-29 

         21
          150.0
  0.00001   1.17117e-33 6.80457e-33 9.02724e-32 1.49743e-29 4.75321e-28 1.44438e-27 7.32029e-27 6.50185e-26 
  0.00010   1.15074e-32 6.41100e-32 6.58370e-31 2.95426e-29 5.21142e-28 1.50370e-27 7.36690e-27 6.49428e-26 
  0.00100   1.13075e-31 6.06273e-31 5.19154e-30 9.63319e-29 8.35839e-28 1.94073e-27 7.99538e-27 6.52128e-26 
  0.01000   1.10828e-30 5.74394e-30 4.27244e-29 4.41730e-28 2.23074e-27 3.92592e-27 1.19781e-26 7.47395e-26 
  0.10000   1.01115e-29 4.65752e-29 2.51348e-28 1.72885e-27 6.02591e-27 9.24193e-27 1.98344e-26 7.36974e-26 
  1.00000   5.32570e-29 1.74013e-28 8.12209e-28 3.80124e-27 7.71955e-27 9.80814e-27 1.46526e-26 2.62293e-26 
 10.00000   7.89366e-29 2.27934e-28 1.07605e-27 2.63073e-27 4.59799e-27 5.44652e-27 6.46533e-27 1.09622e-26 
100.00000   4.18872e-30 9.53711e-30 5.73143e-29 1.31707e-28 2.30882e-28 2.72644e-28 3.54653e-28 4.58684e-28 

         21
          200.0
  0.00001   4.19171e-33 2.02819e-32 3.89479e-31 1.25750e-28 2.07777e-27 5.63153e-27 2.73906e-26 1.98298e-25 
  0.00010   4.14241e-32 1.89152e-31 2.36831e-30 1.69738e-28 2.12664e-27 5.70452e-27 2.74413e-26 1.98422e-25 
  0.00100   4.09030e-31 1.77179e-30 1.61667e-29 3.48470e-28 2.72392e-27 6.50900e-27 2.83407e-26 1.99425e-25 
  0.01000   4.03083e-30 1.65513e-29 1.17783e-28 1.18214e-27 6.25536e-27 1.17803e-26 3.60628e-26 2.02554e-25 
  0.10000   3.61446e-29 1.30371e-28 6.71486e-28 4.70678e-27 1.67554e-26 2.57002e-26 5.52394e-26 1.82982e-25 
  1.00000   1.87504e-28 5.80369e-28 2.14929e-27 9.67728e-27 2.03085e-26 2.53023e-26 3.73102e-26 7.30759e-26 
 10.00000   3.43757e-28 8.77797e-28 2.90892e-27 7.06833e-27 1.37356e-26 1.61459e-26 2.22469e-26 3.25598e-26 
100.00000   3.17230e-29 5.73214e-29 2.58540e-28 5.90238e-28 1.34118e-27 1.68055e-27 2.18240e-27 2.45433e-27 

         21
          250.0
  0.00001   1.13755e-32 5.04213e-32 1.36937e-30 5.76860e-28 6.88751e-27 1.73394e-26 7.74800e-26 4.74695e-25 
  0.00010   1.12907e-31 4.66604e-31 7.18402e-30 6.62980e-28 6.95816e-27 1.74367e-26 7.75298e-26 4.75329e-25 
  0.00100   1.12141e-30 4.35890e-30 4.34088e-29 1.03690e-27 8.04601e-27 1.87608e-26 7.85246e-26 4.80057e-25 
  0.01000   1.11399e-29 4.05851e-29 2.83291e-28 2.94155e-27 1.54854e-26 2.94116e-26 8.83441e-26 4.74235e-25 
  0.10000   1.00569e-28 3.11152e-28 1.58694e-27 1.06855e-26 3.74191e-26 5.61450e-26 1.19283e-25 4.12199e-25 
  1.00000   5.44314e-28 1.45133e-27 4.69452e-27 1.99296e-26 4.45887e-26 5.53358e-26 8.62365e-26 1.90485e-25 
 10.00000   1.09304e-27 2.28226e-27 5.39896e-27 1.80099e-26 3.41097e-26 3.85303e-26 5.92482e-26 7.94295e-26 
100.00000   1.31962e-28 2.12194e-28 6.94066e-28 2.29535e-27 5.54357e-27 6.80963e-27 7.79577e-27 8.11479e-27 

         21
          300.0
  0.00001   2.38557e-32 1.10720e-31 3.90533e-30 1.84069e-27 1.98830e-26 4.46628e-26 1.69047e-25 1.01431e-24 
  0.00010   2.37549e-31 1.00610e-30 1.80348e-29 1.98405e-27 2.00288e-26 4.48719e-26 1.68978e-25 1.01459e-24 
  0.00100   2.36568e-30 9.32088e-30 9.84435e-29 2.67234e-27 2.17307e-26 4.66894e-26 1.69260e-25 1.01597e-24 
  0.01000   2.35731e-29 8.66760e-29 5.94668e-28 6.60602e-27 3.42201e-26 6.21233e-26 1.77306e-25 1.02183e-24 
  0.10000   2.20912e-28 6.64261e-28 3.24874e-27 2.09577e-26 7.15187e-26 1.03063e-25 2.17010e-25 8.18919e-25 
  1.00000   1.27258e-27 2.99018e-27 9.10339e-27 3.67252e-26 8.35517e-26 1.07176e-25 1.78900e-25 4.14128e-25 
 10.00000   2.63432e-27 4.69606e-27 9.50931e-27 3.89016e-26 6.81729e-26 7.62522e-26 1.14346e-25 1.63403e-25 
100.00000   3.87823e-28 6.01836e-28 1.53385e-27 6.64850e-27 1.44089e-26 1.74445e-26 1.86321e-26 1.89389e-26 

         21
          350.0
  0.00001   4.22667e-32 2.07456e-31 9.39777e-30 4.82191e-27 4.66858e-26 9.29402e-26 3.03115e-25 1.86117e-24 
  0.00010   4.19388e-31 1.86542e-30 3.77230e-29 5.01467e-27 4.68391e-26 9.30850e-26 3.03047e-25 1.85937e-24 
  0.00100   4.17267e-30 1.72406e-29 1.92620e-28 6.08530e-27 4.87467e-26 9.49054e-26 3.03089e-25 1.84989e-24 
  0.01000   4.15545e-29 1.59210e-28 1.09617e-27 1.31930e-26 6.56553e-26 1.12455e-25 3.05737e-25 1.79123e-24 
  0.10000   3.91607e-28 1.26140e-27 5.85920e-27 3.65443e-26 1.19600e-25 1.72010e-25 3.46136e-25 1.34701e-24 
  1.00000   2.42052e-27 5.37725e-27 1.56770e-26 6.15901e-26 1.39778e-25 1.76798e-25 3.02448e-25 7.31786e-25 
 10.00000   5.26738e-27 7.79259e-27 1.61175e-26 7.08070e-26 1.16275e-25 1.28292e-25 1.79405e-25 2.75892e-25 
100.00000   9.28756e-28 1.44381e-27 3.00544e-27 1.42758e-26 2.81714e-26 3.30867e-26 3.49938e-26 3.57073e-26 

         21
          400.0
  0.00001   6.58698e-32 3.44920e-31 1.94155e-29 1.06407e-26 8.73646e-26 1.61499e-25 4.81243e-25 2.82143e-24 
  0.00010   6.51293e-31 3.01081e-30 6.59150e-29 1.09050e-26 8.75227e-26 1.61595e-25 4.80542e-25 2.81932e-24 
  0.00100   6.45310e-30 2.74505e-29 3.13851e-28 1.24521e-26 8.97430e-26 1.63393e-25 4.79766e-25 2.80287e-24 
  0.01000   6.39519e-29 2.52037e-28 1.75539e-27 2.29963e-26 1.09958e-25 1.81359e-25 4.77615e-25 2.69196e-24 
  0.10000   6.02372e-28 2.05732e-27 9.36859e-27 5.69772e-26 1.81179e-25 2.59166e-25 5.00633e-25 2.06378e-24 
  1.00000   3.76152e-27 8.67067e-27 2.39533e-26 9.17801e-26 2.07865e-25 2.61338e-25 4.46043e-25 1.07310e-24 
 10.00000   8.74432e-27 1.17624e-26 2.69198e-26 1.10207e-25 1.73548e-25 1.93245e-25 2.44005e-25 3.95735e-25 
100.00000   1.87382e-27 2.50795e-27 5.78254e-27 2.44129e-26 4.48614e-26 5.15409e-26 5.46827e-26 5.65034e-26 

         21
          600.0
  0.00001   2.13080e-31 1.33321e-30 1.41813e-28 6.91488e-26 4.08170e-25 6.52924e-25 1.55665e-24 7.89609e-24 
  0.00010   2.09629e-30 1.02806e-29 2.79026e-28 6.98474e-26 4.08381e-25 6.53464e-25 1.55688e-24 7.89079e-24 
  0.00100   2.06425e-29 8.69754e-29 1.02950e-27 7.37972e-26 4.09871e-25 6.53810e-25 1.54995e-24 7.86919e-24 
  0.01000   2.02139e-28 7.78743e-28 5.58372e-27 9.86748e-26 4.34568e-25 6.73741e-25 1.52772e-24 7.60951e-24 
  0.10000   1.92439e-27 6.80454e-27 3.12439e-26 1.96424e-25 5.41314e-25 7.39061e-25 1.48526e-24 5.61608e-24 
  1.00000   1.25062e-26 3.19804e-26 7.99648e-26 2.65193e-25 5.81685e-25 7.45991e-25 1.20214e-24 2.62363e-24 
 10.00000   2.35457e-26 4.31185e-26 1.05680e-25 3.09675e-25 4.27926e-25 4.76060e-25 5.63466e-25 8.61001e-25 
100.00000   8.03066e-27 1.19492e-26 3.28947e-26 8.50556e-26 1.30871e-25 1.45297e-25 1.56402e-25 1.67055e-25 

         22
          100.0
  0.00001   1.03384e-31 8.04487e-30 3.33652e-28 1.55916e-26 2.78276e-25 9.22297e-25 9.82016e-24 5.42600e-22 
  0.00010   9.69448e-31 6.03449e-29 2.09334e-27 7.54356e-26 8.75331e-25 2.10752e-24 1.38359e-23 5.78898e-22 
  0.00100   9.15146e-30 4.85063e-28 1.53435e-26 5.06590e-25 4.24542e-24 8.42425e-24 3.68340e-23 7.91248e-22 
  0.01000   8.54478e-29 4.04581e-27 1.23886e-25 3.84751e-24 2.64797e-23 4.66517e-23 1.44035e-22 1.93327e-21 
  0.10000   6.28671e-28 2.90904e-26 8.82678e-25 2.12877e-23 1.04806e-22 1.77502e-22 4.88228e-22 2.60231e-21 
  1.00000   2.16686e-27 1.32071e-25 2.85038e-24 5.90270e-23 2.79430e-22 3.67757e-22 5.72792e-22 1.03411e-21 
 10.00000   2.75814e-27 1.35391e-25 2.34738e-24 6.46118e-23 1.63917e-22 1.95148e-22 2.28242e-22 2.36061e-22 
100.00000   5.55681e-29 1.77965e-27 2.60811e-26 8.15958e-25 1.90787e-24 2.05056e-24 2.23473e-24 2.34685e-24 

         22
          150.0
  0.00001   3.41180e-31 2.02813e-29 8.31152e-28 5.14740e-26 1.13047e-24 3.86437e-24 3.12692e-23 1.38882e-21 
  0.00010   2.99112e-30 1.39088e-28 4.47213e-27 1.50765e-25 1.99292e-24 5.54027e-24 3.40074e-23 1.40475e-21 
  0.00100   2.69728e-29 1.03020e-27 2.81333e-26 7.18852e-25 6.51501e-24 1.32856e-23 5.43892e-23 1.52533e-21 
  0.01000   2.45713e-28 7.95132e-27 2.08756e-25 4.79135e-24 3.19248e-23 5.38491e-23 1.63301e-22 2.27623e-21 
  0.10000   1.83948e-27 5.95602e-26 1.38138e-24 2.59194e-23 1.19483e-22 1.97287e-22 5.17247e-22 2.68948e-21 
  1.00000   8.21298e-27 2.66513e-25 3.61940e-24 7.97666e-23 2.71891e-22 3.48148e-22 5.31052e-22 9.75504e-22 
 10.00000   1.49040e-26 4.11361e-25 2.94832e-24 1.24011e-22 1.79679e-22 1.95586e-22 2.13914e-22 2.24333e-22 
100.00000   8.06793e-28 1.01170e-26 7.25840e-26 2.87394e-24 4.13819e-24 4.23880e-24 4.39614e-24 4.50239e-24 

         22
          200.0
  0.00001   8.75671e-31 4.60537e-29 1.64709e-27 1.51481e-25 3.27514e-24 1.01125e-23 6.00092e-23 2.07852e-21 
  0.00010   7.31516e-30 2.65034e-28 7.50462e-27 2.95651e-25 4.09044e-24 1.16391e-23 6.11321e-23 2.08196e-21 
  0.00100   6.26831e-29 1.73729e-27 4.41320e-26 1.01289e-24 8.95067e-24 1.97869e-23 7.42690e-23 2.11880e-21 
  0.01000   5.37408e-28 1.25756e-26 3.10649e-25 5.55549e-24 3.58854e-23 5.91271e-23 1.82599e-22 2.48647e-21 
  0.10000   4.11471e-27 9.28505e-26 1.92195e-24 2.79765e-23 1.31441e-22 2.06798e-22 5.28941e-22 2.69668e-21 
  1.00000   2.28279e-26 3.84162e-25 4.62131e-24 9.12312e-23 2.55904e-22 3.34740e-22 5.15670e-22 9.29184e-22 
 10.00000   4.53752e-26 6.23909e-25 3.49389e-24 1.37850e-22 1.80122e-22 1.89996e-22 2.05884e-22 2.18195e-22 
100.00000   4.73025e-27 2.62416e-26 1.58175e-25 5.33671e-24 6.84064e-24 6.99303e-24 7.16437e-24 7.28110e-24 

         22
          250.0
  0.00001   1.73893e-30 1.02790e-28 3.19195e-27 3.77177e-25 7.04697e-24 1.88424e-23 8.98256e-23 2.43914e-21 
  0.00010   1.44225e-29 4.66329e-28 1.11075e-26 5.66247e-25 7.64354e-24 1.99086e-23 9.04011e-23 2.43980e-21 
  0.00100   1.19659e-28 2.59613e-27 6.02777e-26 1.45706e-24 1.19349e-23 2.77425e-23 9.90788e-23 2.44005e-21 
  0.01000   9.66899e-28 1.75681e-26 4.10415e-25 6.42026e-24 3.88118e-23 6.51110e-23 1.99548e-22 2.67685e-21 
  0.10000   7.30333e-27 1.26668e-25 2.49980e-24 2.90757e-23 1.37894e-22 2.09194e-22 5.40003e-22 2.62465e-21 
  1.00000   4.50806e-26 4.96776e-25 5.91327e-24 9.78717e-23 2.49174e-22 3.26405e-22 5.13361e-22 8.66402e-22 
 10.00000   9.23559e-26 7.44960e-25 4.49655e-24 1.30338e-22 1.74936e-22 1.86512e-22 2.06736e-22 2.21818e-22 
100.00000   1.46025e-26 4.84916e-26 3.28053e-25 7.84422e-24 9.77681e-24 1.01093e-23 1.04490e-23 1.06596e-23 

         22
          300.0
  0.00001   2.68656e-30 2.14308e-28 6.74785e-27 8.10264e-25 1.22051e-23 2.89398e-23 1.22388e-22 2.64223e-21 
  0.00010   2.28925e-29 7.94700e-28 1.65952e-26 1.03089e-24 1.26126e-23 2.96455e-23 1.22988e-22 2.64301e-21 
  0.00100   1.91357e-28 3.76981e-27 7.48325e-26 2.05392e-24 1.62621e-23 3.63283e-23 1.30682e-22 2.63251e-21 
  0.01000   1.53308e-27 2.31356e-26 4.83564e-25 7.43194e-24 4.11012e-23 7.21147e-23 2.13938e-22 2.76351e-21 
  0.10000   1.12494e-26 1.58917e-25 3.07410e-24 3.00438e-23 1.39968e-22 2.10507e-22 5.51259e-22 2.52142e-21 
  1.00000   7.02707e-26 5.96900e-25 7.34499e-24 9.38130e-23 2.47263e-22 3.17568e-22 5.04890e-22 8.35095e-22 
 10.00000   1.48587e-25 8.23017e-25 6.29153e-24 1.21594e-22 1.67825e-22 1.82502e-22 2.04046e-22 2.25560e-22 
100.00000   3.08488e-26 7.45819e-26 6.84505e-25 1.04008e-23 1.28864e-23 1.33215e-23 1.36613e-23 1.38400e-23 

         22
          350.0
  0.00001   3.48493e-30 3.86544e-28 1.37800e-26 1.52781e-24 1.85424e-23 3.95623e-23 1.55664e-22 2.79506e-21 
  0.00010   3.00378e-29 1.27779e-27 2.64438e-26 1.76751e-24 1.88105e-23 4.00521e-23 1.56228e-22 2.79225e-21 
  0.00100   2.59968e-28 5.45201e-27 9.46338e-26 2.86930e-24 2.18934e-23 4.51731e-23 1.62963e-22 2.77213e-21 
  0.01000   2.13021e-27 3.03499e-26 5.46900e-25 8.50014e-24 4.37004e-23 7.86859e-23 2.34655e-22 2.78858e-21 
  0.10000   1.56694e-26 1.97882e-25 3.51172e-24 3.12481e-23 1.38560e-22 2.12799e-22 5.56134e-22 2.50984e-21 
  1.00000   9.84902e-26 7.01358e-25 8.74373e-24 9.12663e-23 2.45149e-22 3.18765e-22 4.92459e-22 8.22607e-22 
 10.00000   2.07992e-25 9.08778e-25 9.10119e-24 1.18792e-22 1.59888e-22 1.74124e-22 1.96950e-22 2.25006e-22 
100.00000   5.21498e-26 1.02830e-25 1.33357e-24 1.33703e-23 1.58351e-23 1.63376e-23 1.66230e-23 1.67744e-23 

         22
          400.0
  0.00001   4.39103e-30 5.87570e-28 2.58937e-26 2.53827e-24 2.54437e-23 5.03301e-23 1.91426e-22 2.88874e-21 
  0.00010   3.66213e-29 1.87203e-27 4.21693e-26 2.76486e-24 2.56660e-23 5.07165e-23 1.91879e-22 2.88515e-21 
  0.00100   3.16556e-28 7.53954e-27 1.22735e-25 3.95933e-24 2.82791e-23 5.47847e-23 1.97714e-22 2.86691e-21 
  0.01000   2.65038e-27 3.91928e-26 6.21243e-25 9.79840e-24 4.78638e-23 8.42867e-23 2.60707e-22 2.83278e-21 
  0.10000   1.98879e-26 2.43474e-25 3.77547e-24 3.28314e-23 1.40156e-22 2.14264e-22 5.54918e-22 2.44541e-21 
  1.00000   1.24148e-25 8.14611e-25 1.07082e-23 9.16446e-23 2.39669e-22 3.13217e-22 4.83815e-22 7.96881e-22 
 10.00000   2.62447e-25 1.00189e-24 1.25780e-23 1.19513e-22 1.52675e-22 1.65957e-22 1.87841e-22 2.19027e-22 
100.00000   7.52359e-26 1.31310e-25 2.26446e-24 1.65478e-23 1.84532e-23 1.88416e-23 1.91980e-23 1.93975e-23 

         22
          600.0
  0.00001   9.39277e-30 1.80072e-27 1.52319e-25 9.32473e-24 5.56222e-23 9.88077e-23 3.61280e-22 2.99286e-21 
  0.00010   6.79076e-29 5.02562e-27 1.85241e-25 9.43050e-24 5.57070e-23 9.88723e-23 3.61507e-22 2.99088e-21 
  0.00100   5.32696e-28 1.87138e-26 3.24788e-25 1.04625e-23 5.67143e-23 1.00458e-22 3.66014e-22 2.98208e-21 
  0.01000   4.37689e-27 9.02659e-26 1.03493e-24 1.64006e-23 6.82915e-23 1.19643e-22 3.99177e-22 2.83773e-21 
  0.10000   3.55572e-26 4.94986e-25 4.87284e-24 3.96134e-23 1.45982e-22 2.26753e-22 5.63722e-22 2.15542e-21 
  1.00000   2.02490e-25 1.26139e-24 1.76525e-23 9.51736e-23 2.28422e-22 2.79699e-22 4.21219e-22 7.51820e-22 
 10.00000   4.63354e-25 1.30441e-24 2.75491e-23 1.11414e-22 1.48221e-22 1.54849e-22 1.63600e-22 1.84285e-22 
100.00000   1.73997e-25 2.64183e-25 8.54988e-24 2.62008e-23 2.79969e-23 2.86577e-23 2.93465e-23 2.96450e-23 

         23
          100.0
  0.00001   6.11899e-30 5.83219e-29 1.16657e-27 4.23519e-26 7.59830e-25 2.67593e-24 3.13336e-23 1.09645e-21 
  0.00010   5.68678e-29 4.92336e-28 8.06291e-27 1.65970e-25 1.86243e-24 4.84566e-24 3.77970e-23 1.15432e-21 
  0.00100   5.30745e-28 4.33092e-27 6.22931e-26 9.88598e-25 7.69545e-24 1.54468e-23 6.91016e-23 1.53010e-21 
  0.01000   4.95189e-27 3.89561e-26 5.23220e-25 6.89861e-24 3.93189e-23 6.90218e-23 2.15680e-22 2.72821e-21 
  0.10000   4.22424e-26 2.89813e-25 3.51118e-24 3.64100e-23 1.52152e-22 2.35603e-22 6.31007e-22 2.97427e-21 
  1.00000   1.93957e-25 1.11783e-24 9.05870e-24 1.09926e-22 2.74330e-22 3.53043e-22 5.58542e-22 8.50487e-22 
 10.00000   1.71202e-25 1.22657e-24 5.06187e-24 8.89550e-23 1.30324e-22 1.52432e-22 1.76357e-22 2.31893e-22 
100.00000   3.02389e-27 1.90753e-26 5.53682e-26 1.00728e-24 1.41641e-24 1.50145e-24 1.62977e-24 2.27060e-24 

         23
          150.0
  0.00001   1.56767e-29 1.33945e-28 2.36290e-27 1.41808e-25 2.92302e-24 9.54827e-24 8.03888e-23 2.05860e-21 
  0.00010   1.40286e-28 9.42340e-28 1.29050e-26 3.36440e-25 4.29519e-24 1.17598e-23 8.34769e-23 2.07822e-21 
  0.00100   1.28272e-27 7.36570e-27 8.58195e-26 1.36248e-24 1.12938e-23 2.33199e-23 1.07365e-22 2.25408e-21 
  0.01000   1.18980e-26 6.20771e-26 6.57852e-25 8.01606e-24 4.47381e-23 7.61019e-23 2.32181e-22 2.93556e-21 
  0.10000   1.03504e-25 4.68277e-25 4.37340e-24 3.77657e-23 1.49673e-22 2.41678e-22 6.57520e-22 2.77305e-21 
  1.00000   5.71189e-25 1.96087e-24 1.30410e-23 1.11520e-22 2.51738e-22 3.20883e-22 5.30121e-22 9.01987e-22 
 10.00000   7.10485e-25 2.44108e-24 8.40469e-24 9.26358e-23 1.42970e-22 1.78889e-22 2.06912e-22 2.49568e-22 
100.00000   2.53902e-26 6.39902e-26 3.02246e-25 2.35685e-24 3.18704e-24 3.49905e-24 3.67963e-24 4.19404e-24 

         23
          200.0
  0.00001   2.55251e-29 2.69869e-28 4.91430e-27 4.02248e-25 7.75629e-24 2.20697e-23 1.34507e-22 2.69254e-21 
  0.00010   2.14670e-28 1.62278e-27 1.94960e-26 6.66693e-25 8.83339e-24 2.33928e-23 1.35760e-22 2.69971e-21 
  0.00100   1.87177e-27 1.10990e-26 1.08441e-25 1.90798e-24 1.60449e-23 3.36330e-23 1.50546e-22 2.75425e-21 
  0.01000   1.69070e-26 8.71977e-26 7.51970e-25 9.12090e-24 5.01770e-23 8.49041e-23 2.50428e-22 3.08826e-21 
  0.10000   1.46732e-25 6.42892e-25 4.85122e-24 3.93176e-23 1.49758e-22 2.48627e-22 6.69986e-22 2.61977e-21 
  1.00000   9.27336e-25 2.58208e-24 1.57457e-23 1.10867e-22 2.45157e-22 3.12167e-22 5.07642e-22 9.55739e-22 
 10.00000   1.52499e-24 3.02809e-24 1.57080e-23 9.32607e-23 1.45633e-22 1.79247e-22 2.29538e-22 2.79721e-22 
100.00000   8.05749e-26 1.40135e-25 1.11443e-24 4.19304e-24 5.48234e-24 6.12299e-24 6.67943e-24 6.89387e-24 

         23
          250.0
  0.00001   3.52723e-29 5.00969e-28 1.08620e-26 9.60617e-25 1.50542e-23 3.76174e-23 1.85889e-22 2.97867e-21 
  0.00010   2.76230e-28 2.59424e-27 3.02812e-26 1.25883e-24 1.56986e-23 3.83595e-23 1.86581e-22 2.98148e-21 
  0.00100   2.24927e-27 1.59533e-26 1.35832e-25 2.70739e-24 2.20943e-23 4.60539e-23 1.95076e-22 2.99598e-21 
  0.01000   1.93417e-26 1.16320e-25 8.45660e-25 1.03591e-23 5.52206e-23 9.42274e-23 2.74801e-22 3.14294e-21 
  0.10000   1.62332e-25 8.34911e-25 5.23783e-24 4.12136e-23 1.52435e-22 2.53705e-22 6.70470e-22 2.53656e-21 
  1.00000   1.05670e-24 3.14031e-24 1.69944e-23 1.07105e-22 2.47198e-22 3.17102e-22 5.03769e-22 9.65841e-22 
 10.00000   2.05234e-24 3.53184e-24 2.73181e-23 9.53478e-23 1.44116e-22 1.71740e-22 2.47677e-22 3.16730e-22 
100.00000   1.37637e-25 2.61907e-25 2.48952e-24 6.17313e-24 8.16126e-24 9.25562e-24 1.04090e-23 1.08225e-23 

         23
          300.0
  0.00001   4.74792e-29 9.02694e-28 2.45112e-26 1.96892e-24 2.39513e-23 5.35822e-23 2.35076e-22 3.13791e-21 
  0.00010   3.50098e-28 3.88978e-27 4.95632e-26 2.25994e-24 2.43468e-23 5.40213e-23 2.35606e-22 3.13819e-21 
  0.00100   2.68323e-27 2.21929e-26 1.73063e-25 3.84956e-24 2.93744e-23 5.96539e-23 2.41881e-22 3.13033e-21 
  0.01000   2.18621e-26 1.49567e-25 9.47228e-25 1.19021e-23 6.04725e-23 1.02014e-22 3.08796e-22 3.11994e-21 
  0.10000   1.75485e-25 1.03668e-24 5.60235e-24 4.33660e-23 1.56410e-22 2.55728e-22 6.70060e-22 2.50988e-21 
  1.00000   1.08252e-24 3.60758e-24 1.81352e-23 1.03423e-22 2.48652e-22 3.20358e-22 5.16285e-22 9.43301e-22 
 10.00000   2.08109e-24 4.04375e-24 3.48024e-23 9.96709e-23 1.39629e-22 1.69050e-22 2.59444e-22 3.42821e-22 
100.00000   1.83494e-25 4.17514e-25 3.76973e-24 8.18827e-24 1.11555e-23 1.30297e-23 1.47485e-23 1.53732e-23 

         23
          350.0
  0.00001   6.46826e-29 1.58979e-27 5.33522e-26 3.50169e-24 3.47132e-23 7.08558e-23 2.91984e-22 3.22086e-21 
  0.00010   4.43875e-28 5.76517e-27 8.41339e-26 3.76328e-24 3.49515e-23 7.11144e-23 2.92418e-22 3.22064e-21 
  0.00100   3.26711e-27 2.91362e-26 2.28826e-25 5.39102e-24 3.85123e-23 7.48571e-23 2.97172e-22 3.20544e-21 
  0.01000   2.53704e-26 1.86913e-25 1.07994e-24 1.37438e-23 6.64946e-23 1.09419e-22 3.50715e-22 3.09935e-21 
  0.10000   1.96832e-25 1.24587e-24 6.04260e-24 4.55550e-23 1.61684e-22 2.56246e-22 6.70218e-22 2.45564e-21 
  1.00000   1.11405e-24 4.13051e-24 1.94312e-23 1.02371e-22 2.48978e-22 3.20480e-22 5.20108e-22 9.09562e-22 
 10.00000   2.03232e-24 4.70256e-24 3.71373e-23 1.01129e-22 1.37039e-22 1.70852e-22 2.67038e-22 3.60603e-22 
100.00000   2.33764e-25 5.74108e-25 4.92364e-24 1.03267e-23 1.44918e-23 1.71057e-23 1.94192e-23 2.03077e-23 

         23
          400.0
  0.00001   8.93134e-29 2.65760e-27 1.03113e-25 5.56658e-24 4.65910e-23 8.84688e-23 3.53700e-22 3.24729e-21 
  0.00010   5.70584e-28 8.10290e-27 1.40691e-25 5.80689e-24 4.67804e-23 8.86320e-23 3.53880e-22 3.24829e-21 
  0.00100   4.00586e-27 3.72068e-26 3.13466e-25 7.39983e-24 4.96144e-23 9.14515e-23 3.57411e-22 3.23620e-21 
  0.01000   3.04076e-26 2.27001e-25 1.25946e-24 1.59607e-23 7.39798e-23 1.20004e-22 3.96486e-22 3.08416e-21 
  0.10000   2.28644e-25 1.45677e-24 6.52026e-24 4.79323e-23 1.68892e-22 2.62805e-22 6.75991e-22 2.43387e-21 
  1.00000   1.22329e-24 4.66988e-24 2.05970e-23 1.03155e-22 2.48553e-22 3.24770e-22 5.18407e-22 8.72361e-22 
 10.00000   2.04107e-24 5.26766e-24 3.91839e-23 9.81060e-23 1.37097e-22 1.70608e-22 2.70708e-22 3.70562e-22 
100.00000   2.89617e-25 7.71440e-25 6.64286e-24 1.23607e-23 1.77575e-23 2.10294e-23 2.40133e-23 2.51854e-23 

         23
          600.0
  0.00001   2.84894e-28 1.26364e-26 6.49160e-25 1.86458e-23 1.00380e-22 1.69274e-22 5.72113e-22 3.05858e-21 
  0.00010   1.34458e-27 2.38904e-26 6.99307e-25 1.87347e-23 1.00500e-22 1.69263e-22 5.72211e-22 3.05478e-21 
  0.00100   8.15027e-27 7.78068e-26 9.80573e-25 1.97897e-23 1.01435e-22 1.70475e-22 5.73143e-22 3.03787e-21 
  0.01000   5.78248e-26 4.04113e-25 2.43143e-24 2.79611e-23 1.14859e-22 1.86215e-22 5.82447e-22 2.90726e-21 
  0.10000   4.33208e-25 2.46135e-24 9.27515e-24 6.01858e-23 1.93184e-22 2.91537e-22 6.72803e-22 2.20489e-21 
  1.00000   1.82854e-24 7.73724e-24 2.66821e-23 1.06248e-22 2.46451e-22 3.11770e-22 5.06325e-22 7.92045e-22 
 10.00000   2.63689e-24 9.88992e-24 4.57421e-23 9.11538e-23 1.33981e-22 1.72040e-22 2.66987e-22 3.75604e-22 
100.00000   6.37356e-25 2.58292e-24 1.26825e-23 1.94924e-23 3.01753e-23 3.57942e-23 4.14502e-23 4.37470e-23 

         24
          100.0
  0.00001   2.10443e-32 2.87629e-31 6.13462e-30 3.05887e-28 5.04358e-27 1.69646e-26 1.44862e-25 5.50252e-24 
  0.00010   1.92014e-31 2.43475e-30 4.21209e-29 1.03487e-27 1.11559e-26 2.87944e-26 1.74140e-25 5.72296e-24 
  0.00100   1.74416e-30 2.13792e-29 3.14722e-28 5.12671e-27 3.96315e-26 8.20240e-26 3.12879e-25 7.67907e-24 
  0.01000   1.60563e-29 1.88125e-28 2.40366e-27 3.18354e-26 1.88305e-25 3.18015e-25 1.18967e-24 1.52131e-23 
  0.10000   1.16114e-28 1.29913e-27 1.23126e-26 1.62389e-25 8.45155e-25 1.38609e-24 3.65443e-24 1.78100e-23 
  1.00000   3.76745e-28 4.41836e-27 2.51246e-26 5.31680e-25 1.56275e-24 2.07594e-24 3.42426e-24 7.83464e-24 
 10.00000   3.89655e-28 4.02518e-27 2.56521e-26 5.01576e-25 7.88014e-25 8.79289e-25 2.17963e-24 2.86184e-24 
100.00000   7.91756e-30 7.29187e-29 4.49901e-28 6.99192e-27 9.33221e-27 1.57907e-26 2.64692e-26 3.15652e-26 

         24
          150.0
  0.00001   7.90938e-32 1.05241e-30 2.23541e-29 1.66343e-27 2.59155e-26 7.42556e-26 5.01287e-25 1.84327e-23 
  0.00010   6.98744e-31 7.44400e-30 1.20116e-28 3.42947e-27 3.67410e-26 9.10637e-26 5.24562e-25 1.85324e-23 
  0.00100   6.20989e-30 5.63783e-29 7.37225e-28 1.17222e-26 8.79692e-26 1.76000e-25 7.22667e-25 1.97332e-23 
  0.01000   5.55761e-29 4.40544e-28 5.06998e-27 6.15508e-26 3.41565e-25 5.92487e-25 2.20497e-24 2.52947e-23 
  0.10000   4.01136e-28 2.83583e-27 2.81878e-26 3.13513e-25 1.45194e-24 2.31184e-24 5.78389e-24 2.29373e-23 
  1.00000   1.40426e-27 8.81866e-27 8.46703e-26 9.28630e-25 2.23267e-24 2.82446e-24 4.30551e-24 9.76170e-24 
 10.00000   2.01734e-27 8.32029e-27 9.50637e-26 8.98238e-25 1.25308e-24 1.60301e-24 2.72577e-24 3.92706e-24 
100.00000   9.67814e-29 3.71341e-28 3.57673e-27 2.75838e-26 4.00750e-26 5.47065e-26 7.12850e-26 7.83104e-26 

         24
          200.0
  0.00001   1.85640e-31 3.16235e-30 7.35186e-29 6.29452e-27 8.50481e-26 2.09107e-25 1.39476e-24 3.41526e-23 
  0.00010   1.63253e-30 1.89489e-29 2.79192e-28 9.31467e-27 9.66222e-26 2.25192e-25 1.41238e-24 3.41745e-23 
  0.00100   1.44050e-29 1.25056e-28 1.40531e-27 2.32251e-26 1.69143e-25 3.38527e-25 1.66503e-24 3.42992e-23 
  0.01000   1.27083e-28 8.75196e-28 8.65162e-27 1.01290e-25 5.49173e-25 9.98695e-25 3.67896e-24 3.63896e-23 
  0.10000   9.38915e-28 5.32813e-27 5.03400e-26 5.01188e-25 2.17749e-24 3.36957e-24 8.01399e-24 2.88262e-23 
  1.00000   3.54936e-27 1.55978e-26 1.99006e-25 1.34630e-24 2.95855e-24 3.66329e-24 5.50970e-24 1.23146e-23 
 10.00000   5.34501e-27 1.67771e-26 2.41192e-25 1.35277e-24 1.93832e-24 2.40047e-24 3.10109e-24 4.42607e-24 
100.00000   4.42655e-28 1.43960e-27 1.67021e-26 7.09323e-26 1.07156e-25 1.20360e-25 1.39910e-25 1.66943e-25 

         24
          250.0
  0.00001   3.45299e-31 7.25853e-30 2.34256e-28 1.82952e-26 2.13656e-25 4.79364e-25 3.33906e-24 4.84343e-23 
  0.00010   2.99327e-30 4.12582e-29 6.06164e-28 2.22983e-26 2.23877e-25 4.94850e-25 3.36343e-24 4.83712e-23 
  0.00100   2.62810e-29 2.45181e-28 2.45866e-27 4.26956e-26 3.08944e-25 6.32686e-25 3.59207e-24 4.79832e-23 
  0.01000   2.30928e-28 1.58265e-27 1.34537e-26 1.53917e-25 8.27291e-25 1.54643e-24 5.72201e-24 4.78278e-23 
  0.10000   1.70290e-27 9.38091e-27 7.68398e-26 7.20981e-25 3.01327e-24 4.55598e-24 1.03903e-23 3.63965e-23 
  1.00000   6.78839e-27 2.66928e-26 3.31155e-25 1.75324e-24 3.73174e-24 4.62758e-24 7.10984e-24 1.52457e-23 
 10.00000   9.73553e-27 3.46128e-26 4.53556e-25 1.80088e-24 2.70020e-24 3.05837e-24 3.77139e-24 4.89962e-24 
100.00000   1.21282e-27 4.50195e-27 4.72692e-26 1.38783e-25 2.08843e-25 2.25157e-25 2.62484e-25 3.32453e-25 

         24
          300.0
  0.00001   5.94846e-31 1.26509e-29 6.75468e-28 4.40296e-26 4.68011e-25 1.00254e-24 6.34116e-24 6.18060e-23 
  0.00010   4.92325e-30 7.69382e-29 1.27843e-27 4.89736e-26 4.76426e-25 1.01418e-24 6.35463e-24 6.17112e-23 
  0.00100   4.30477e-29 4.32928e-28 4.11491e-27 7.56239e-26 5.67449e-25 1.15951e-24 6.52073e-24 6.11861e-23 
  0.01000   3.80051e-28 2.65092e-27 2.00078e-26 2.28132e-25 1.21037e-24 2.24394e-24 8.32725e-24 5.93584e-23 
  0.10000   2.77917e-27 1.55206e-26 1.09795e-25 9.72774e-25 3.87149e-24 5.89718e-24 1.30079e-23 4.57592e-23 
  1.00000   1.14789e-26 4.49069e-26 4.67192e-25 2.16029e-24 4.58769e-24 5.76456e-24 9.03709e-24 1.81833e-23 
 10.00000   1.70452e-26 6.35200e-26 6.83014e-25 2.19331e-24 3.22403e-24 3.70642e-24 4.90767e-24 5.89022e-24 
100.00000   3.01883e-27 1.01151e-26 9.36199e-26 2.30402e-25 3.79389e-25 4.17334e-25 4.93079e-25 5.71142e-25 

         24
          350.0
  0.00001   9.75860e-31 1.93432e-29 1.58198e-27 9.32463e-26 9.04536e-25 1.89912e-24 9.86200e-24 7.38925e-23 
  0.00010   7.73605e-30 1.17368e-28 2.47239e-27 9.94996e-26 9.11947e-25 1.90782e-24 9.86629e-24 7.38277e-23 
  0.00100   6.68074e-29 6.97188e-28 6.65448e-27 1.32449e-25 1.01200e-24 2.03558e-24 1.00166e-23 7.35111e-23 
  0.01000   5.88024e-28 4.16073e-27 2.86964e-26 3.32171e-25 1.72936e-24 3.20169e-24 1.15117e-23 7.20064e-23 
  0.10000   4.43389e-27 2.40885e-26 1.49992e-25 1.26285e-24 4.78429e-24 7.29454e-24 1.57393e-23 5.46390e-23 
  1.00000   1.80875e-26 7.43719e-26 5.87504e-25 2.59796e-24 5.50079e-24 7.00366e-24 1.10288e-23 2.09529e-23 
 10.00000   2.98180e-26 1.02905e-25 8.75482e-25 2.63633e-24 4.03705e-24 4.53198e-24 6.02725e-24 7.38746e-24 
100.00000   6.64772e-27 1.98012e-26 1.49356e-25 3.30643e-25 6.44163e-25 6.93266e-25 7.80878e-25 8.54270e-25 

         24
          400.0
  0.00001   1.52301e-30 2.72556e-29 3.02599e-27 1.74069e-25 1.56998e-24 3.10778e-24 1.35242e-23 8.73150e-23 
  0.00010   1.17671e-29 1.62438e-28 4.23746e-27 1.81607e-25 1.57746e-24 3.11800e-24 1.35329e-23 8.72382e-23 
  0.00100   9.86449e-29 9.65090e-28 1.00723e-26 2.21879e-25 1.66682e-24 3.23608e-24 1.36097e-23 8.67241e-23 
  0.01000   8.43768e-28 6.00826e-27 3.97510e-26 4.72272e-25 2.45175e-24 4.38515e-24 1.48099e-23 8.44456e-23 
  0.10000   6.58760e-27 3.53692e-26 1.98474e-25 1.57819e-24 5.74215e-24 8.67049e-24 1.83987e-23 6.29884e-23 
  1.00000   2.74441e-26 1.13517e-25 7.19240e-25 3.07166e-24 6.43993e-24 8.24819e-24 1.32046e-23 2.41572e-23 
 10.00000   4.82945e-26 1.52236e-25 1.03592e-24 2.94709e-24 4.95586e-24 5.62140e-24 7.07145e-24 8.97884e-24 
100.00000   1.24777e-26 3.43080e-26 2.12090e-25 5.44557e-25 9.39456e-25 9.97925e-25 1.08939e-24 1.15726e-24 

         24
          600.0
  0.00001   5.63832e-30 8.27682e-29 1.58982e-26 1.04040e-24 6.39259e-24 1.06325e-23 2.94690e-23 1.37085e-22 
  0.00010   4.08341e-29 4.13291e-28 1.85843e-26 1.04758e-24 6.39617e-24 1.06379e-23 2.94808e-23 1.37054e-22 
  0.00100   3.18257e-28 2.32451e-27 3.18393e-26 1.11948e-24 6.44498e-24 1.06930e-23 2.94846e-23 1.36362e-22 
  0.01000   2.56135e-27 1.49806e-26 1.05328e-25 1.52857e-24 6.96928e-24 1.12844e-23 2.97017e-23 1.30480e-22 
  0.10000   2.04311e-26 1.01694e-25 4.73529e-25 3.21242e-24 9.93958e-24 1.42835e-23 3.00987e-23 9.37846e-23 
  1.00000   1.01445e-25 3.95523e-25 1.34113e-24 5.08210e-24 1.08055e-23 1.34582e-23 1.99467e-23 3.99111e-23 
 10.00000   1.94262e-25 4.97412e-25 1.88190e-24 4.72409e-24 8.76959e-24 9.61154e-24 1.12440e-23 1.41184e-23 
100.00000   7.19315e-26 1.62937e-25 5.56514e-25 1.91991e-24 2.37820e-24 2.44769e-24 2.47623e-24 2.57588e-24 

         25
          100.0
  0.00001   2.81996e-29 7.54738e-28 2.28435e-26 1.03566e-24 1.85941e-23 5.38926e-23 6.23289e-22 3.21777e-20 
  0.00010   2.59767e-28 5.99937e-27 1.62534e-25 4.29630e-24 4.39590e-23 1.02907e-22 7.71938e-22 3.33756e-20 
  0.00100   2.43956e-27 5.12109e-26 1.28541e-24 2.53364e-23 1.78910e-22 3.51135e-22 1.45996e-21 3.95759e-20 
  0.01000   2.31513e-26 4.55011e-25 1.09105e-23 1.76393e-22 9.87102e-22 1.66116e-21 5.67628e-21 5.98166e-20 
  0.10000   2.01769e-25 3.45371e-24 7.35785e-23 9.46875e-22 3.83482e-21 5.97081e-21 1.32767e-20 4.49901e-20 
  1.00000   1.12084e-24 1.37524e-23 2.02374e-22 2.50767e-21 5.18613e-21 6.14268e-21 8.47622e-21 1.57125e-20 
 10.00000   1.12477e-24 1.18747e-23 1.29560e-22 1.55988e-21 2.34164e-21 2.57177e-21 3.11543e-21 3.42058e-21 
100.00000   1.48948e-26 1.16030e-25 1.95909e-24 1.72990e-23 2.39166e-23 2.68551e-23 2.93814e-23 3.01561e-23 

         25
          150.0
  0.00001   6.36607e-29 2.28515e-27 4.92023e-26 3.55962e-24 7.08215e-23 1.94755e-22 2.14655e-21 5.03826e-20 
  0.00010   5.45460e-28 1.54215e-26 2.85016e-25 8.85488e-24 1.02103e-22 2.46963e-22 2.22403e-21 5.06963e-20 
  0.00100   4.90473e-27 1.17690e-25 2.03931e-24 3.79516e-23 2.67859e-22 5.44129e-22 2.87604e-21 5.25415e-20 
  0.01000   4.54024e-26 9.86045e-25 1.65657e-23 2.23550e-22 1.14641e-21 1.98403e-21 6.68832e-21 6.01670e-20 
  0.10000   3.91419e-25 7.26873e-24 1.12437e-22 1.05548e-21 4.07171e-21 6.01612e-21 1.35018e-20 4.34019e-20 
  1.00000   2.32421e-24 2.64338e-23 3.73117e-22 2.47969e-21 4.96425e-21 5.88890e-21 8.17379e-21 1.39820e-20 
 10.00000   2.86968e-24 1.77206e-23 3.98190e-22 1.89566e-21 2.62098e-21 2.74786e-21 2.97908e-21 3.12650e-21 
100.00000   8.35825e-26 3.61676e-25 1.03447e-23 4.09631e-23 4.89655e-23 5.18168e-23 5.46422e-23 5.65980e-23 

         25
          200.0
  0.00001   1.10311e-28 5.10993e-27 9.79580e-26 9.79979e-24 1.85516e-22 4.63409e-22 4.38413e-21 5.86444e-20 
  0.00010   8.67286e-28 3.07108e-26 4.34528e-25 1.66229e-23 2.11034e-22 4.97850e-22 4.42952e-21 5.86606e-20 
  0.00100   7.26677e-27 2.15075e-25 2.65389e-24 5.23820e-23 3.85409e-22 7.87194e-22 4.92864e-21 5.89493e-20 
  0.01000   6.45749e-26 1.69434e-24 2.01328e-23 2.62198e-22 1.29346e-21 2.29917e-21 7.94950e-21 5.90722e-20 
  0.10000   5.49036e-25 1.21729e-23 1.36253e-22 1.14974e-21 4.17825e-21 6.02248e-21 1.34520e-20 4.25332e-20 
  1.00000   3.31932e-24 3.96272e-23 4.86715e-22 2.39744e-21 4.78868e-21 5.69123e-21 7.87249e-21 1.33403e-20 
 10.00000   4.31282e-24 2.30140e-23 6.75081e-22 1.98956e-21 2.59755e-21 2.69851e-21 2.89171e-21 3.04696e-21 
100.00000   2.16914e-25 1.01743e-24 2.67200e-23 7.07551e-23 8.07567e-23 8.30219e-23 8.84005e-23 9.21881e-23 

         25
          250.0
  0.00001   1.73954e-28 9.54793e-27 1.99508e-25 2.22099e-23 3.64859e-22 8.40173e-22 6.79899e-21 6.22908e-20 
  0.00010   1.26033e-27 5.12232e-26 6.51261e-25 2.94533e-23 3.82333e-22 8.61748e-22 6.81585e-21 6.22339e-20 
  0.00100   9.77539e-27 3.31396e-25 3.25951e-24 6.89785e-23 5.40628e-22 1.09467e-21 7.11893e-21 6.20133e-20 
  0.01000   8.19258e-26 2.49309e-24 2.23556e-23 2.92177e-22 1.44788e-21 2.59410e-21 9.39490e-21 5.89327e-20 
  0.10000   6.80860e-25 1.75614e-23 1.49481e-22 1.22348e-21 4.22005e-21 6.10705e-21 1.33285e-20 4.10343e-20 
  1.00000   4.02358e-24 5.24425e-23 5.51590e-22 2.35001e-21 4.66146e-21 5.54503e-21 7.58222e-21 1.30508e-20 
 10.00000   5.58233e-24 3.33449e-23 8.03847e-22 1.90610e-21 2.46992e-21 2.60865e-21 2.91730e-21 3.19754e-21 
100.00000   4.10561e-25 2.94850e-24 4.74026e-23 1.00192e-22 1.18542e-22 1.21536e-22 1.32065e-22 1.37409e-22 

         25
          300.0
  0.00001   2.51209e-28 1.64760e-26 4.06995e-25 4.31210e-23 5.91763e-22 1.27420e-21 8.92753e-21 6.35798e-20 
  0.00010   1.70637e-27 7.55007e-26 9.82309e-25 5.01915e-23 6.04698e-22 1.29076e-21 8.93900e-21 6.35390e-20 
  0.00100   1.24203e-26 4.42611e-25 4.04124e-24 9.02199e-23 7.39175e-22 1.47508e-21 9.11676e-21 6.29610e-20 
  0.01000   9.76201e-26 3.22721e-24 2.45469e-23 3.19016e-22 1.60603e-21 2.85835e-21 1.06802e-20 5.93032e-20 
  0.10000   7.81768e-25 2.27235e-23 1.57620e-22 1.26384e-21 4.23575e-21 6.17303e-21 1.33663e-20 3.90594e-20 
  1.00000   4.46979e-24 6.70338e-23 6.00030e-22 2.32271e-21 4.55546e-21 5.49561e-21 7.52704e-21 1.23633e-20 
 10.00000   6.78376e-24 5.53374e-23 8.52094e-22 1.81313e-21 2.35859e-21 2.57899e-21 2.92103e-21 3.31023e-21 
100.00000   6.56186e-25 7.79771e-24 7.01027e-23 1.30446e-22 1.61799e-22 1.65905e-22 1.78093e-22 1.84119e-22 

         25
          350.0
  0.00001   3.39009e-28 2.75214e-26 7.91453e-25 7.37900e-23 8.53514e-22 1.76513e-21 1.06196e-20 6.23943e-20 
  0.00010   2.20491e-27 1.07636e-25 1.48000e-24 8.05563e-23 8.62455e-22 1.77557e-21 1.06341e-20 6.23084e-20 
  0.00100   1.49859e-26 5.60660e-25 4.99261e-24 1.19029e-22 9.66206e-22 1.90290e-21 1.07221e-20 6.17284e-20 
  0.01000   1.13466e-25 3.77611e-24 2.70025e-23 3.47387e-22 1.76900e-21 3.11248e-21 1.17184e-20 5.80657e-20 
  0.10000   8.66614e-25 2.71988e-23 1.65036e-22 1.29310e-21 4.26178e-21 6.22898e-21 1.33784e-20 3.83982e-20 
  1.00000   4.87119e-24 8.95701e-23 6.27419e-22 2.28875e-21 4.43676e-21 5.35714e-21 7.49723e-21 1.16403e-20 
 10.00000   7.83706e-24 9.58909e-23 8.99298e-22 1.77218e-21 2.26142e-21 2.48864e-21 2.88755e-21 3.33803e-21 
100.00000   9.36380e-25 1.71721e-23 9.56960e-23 1.69972e-22 2.04518e-22 2.09140e-22 2.22625e-22 2.28950e-22 

         25
          400.0
  0.00001   4.53588e-28 4.44469e-26 1.41570e-24 1.12096e-22 1.12888e-21 2.24350e-21 1.17009e-20 6.11465e-20 
  0.00010   2.64996e-27 1.47279e-25 2.20269e-24 1.18361e-22 1.13647e-21 2.25222e-21 1.17019e-20 6.10719e-20 
  0.00100   1.74792e-26 7.06341e-25 6.12500e-24 1.55869e-22 1.22370e-21 2.35162e-21 1.17616e-20 6.06300e-20 
  0.01000   1.26928e-25 4.33485e-24 2.95367e-23 3.80491e-22 1.94745e-21 3.34588e-21 1.23903e-20 5.63876e-20 
  0.10000   9.66270e-25 3.02235e-23 1.71518e-22 1.31946e-21 4.23697e-21 6.23879e-21 1.33049e-20 3.76081e-20 
  1.00000   5.17634e-24 1.11273e-22 6.36129e-22 2.24563e-21 4.33845e-21 5.22667e-21 7.31392e-21 1.14311e-20 
 10.00000   8.61533e-24 1.51676e-22 9.30978e-22 1.74802e-21 2.18047e-21 2.37943e-21 2.81267e-21 3.30549e-21 
100.00000   1.23423e-24 3.10789e-23 1.19292e-22 2.10593e-22 2.42312e-22 2.47174e-22 2.61510e-22 2.69240e-22 

         25
          600.0
  0.00001   1.26645e-27 2.06421e-25 7.88660e-24 3.35707e-22 2.26111e-21 3.88264e-21 1.40296e-20 5.41396e-20 
  0.00010   4.88056e-27 4.06910e-25 8.76800e-24 3.38254e-22 2.26348e-21 3.88198e-21 1.40189e-20 5.40492e-20 
  0.00100   2.67493e-26 1.35103e-24 1.39341e-23 3.64385e-22 2.29734e-21 3.92075e-21 1.39947e-20 5.36603e-20 
  0.01000   1.74405e-25 6.82248e-24 4.17099e-23 5.45622e-22 2.63319e-21 4.29518e-21 1.39384e-20 5.05090e-20 
  0.10000   1.24357e-24 4.13134e-23 1.94383e-22 1.36370e-21 4.04865e-21 6.01374e-21 1.29182e-20 3.26648e-20 
  1.00000   6.24362e-24 1.81022e-22 6.55487e-22 2.15385e-21 4.03394e-21 4.78393e-21 6.75140e-21 1.04927e-20 
 10.00000   1.05425e-23 3.79502e-22 9.78315e-22 1.64018e-21 2.04938e-21 2.20140e-21 2.48848e-21 2.93739e-21 
100.00000   2.54434e-24 1.04449e-22 2.02243e-22 3.43930e-22 3.77121e-22 3.81133e-22 3.86946e-22 3.91426e-22 

         26
          100.0
  0.00001   5.08654e-31 2.26110e-29 1.33888e-27 4.80672e-26 6.58695e-25 1.62932e-24 2.35451e-23 1.90958e-21 
  0.00010   4.60465e-30 1.45059e-28 9.37921e-27 2.04641e-25 1.73126e-24 3.73300e-24 3.27133e-23 1.99882e-21 
  0.00100   4.27797e-29 1.04233e-27 7.44762e-26 1.18821e-24 8.17137e-24 1.69205e-23 8.23416e-23 2.58307e-21 
  0.01000   3.96961e-28 8.04233e-27 6.26550e-25 8.29371e-24 5.38509e-23 9.97366e-23 3.42953e-22 4.35689e-21 
  0.10000   3.06969e-27 4.55462e-26 4.65022e-24 4.99420e-23 2.42433e-22 3.98805e-22 1.03811e-21 3.98459e-21 
  1.00000   1.20327e-26 8.84516e-26 1.89978e-23 1.57238e-22 3.81066e-22 4.83589e-22 7.50834e-22 1.24731e-21 
 10.00000   1.20485e-26 5.59892e-26 1.20722e-23 1.12589e-22 1.57396e-22 1.82369e-22 1.96788e-22 2.12859e-22 
100.00000   2.08574e-28 1.28324e-27 1.56909e-25 1.27464e-24 1.71755e-24 1.82022e-24 1.91349e-24 1.96938e-24 

         26
          150.0
  0.00001   1.68976e-30 9.56827e-29 2.84002e-27 1.51150e-25 2.27012e-24 5.93480e-24 8.37720e-23 3.18258e-21 
  0.00010   1.36145e-29 4.69704e-28 1.46045e-26 3.89871e-25 3.62836e-24 8.67859e-24 9.05285e-23 3.21613e-21 
  0.00100   1.17066e-28 2.75194e-27 1.01266e-25 1.65828e-24 1.15981e-23 2.45702e-23 1.37284e-22 3.44785e-21 
  0.01000   1.04025e-27 1.83429e-26 7.99632e-25 1.01784e-23 6.02243e-23 1.09335e-22 3.89039e-22 4.39027e-21 
  0.10000   8.08550e-27 9.51716e-26 6.19230e-24 5.56617e-23 2.46802e-22 3.95951e-22 1.03613e-21 3.70166e-21 
  1.00000   3.41759e-26 1.89524e-25 2.73148e-23 1.52280e-22 3.64278e-22 4.59951e-22 6.92696e-22 1.15764e-21 
 10.00000   3.58650e-26 1.36481e-25 3.03668e-23 1.31229e-22 1.69599e-22 1.83023e-22 1.93354e-22 2.31809e-22 
100.00000   1.30482e-27 6.23414e-27 7.83734e-25 2.87754e-24 3.56908e-24 3.69351e-24 3.82652e-24 3.93055e-24 

         26
          200.0
  0.00001   4.10452e-30 3.00204e-28 6.48544e-27 4.39011e-25 6.95554e-24 1.84334e-23 1.86073e-22 3.96302e-21 
  0.00010   2.79376e-29 1.26377e-27 2.35808e-26 7.65893e-25 8.40165e-24 2.11261e-23 1.88908e-22 3.96726e-21 
  0.00100   2.07636e-28 6.13782e-27 1.31042e-25 2.37274e-24 1.76627e-23 3.84079e-23 2.21614e-22 4.01915e-21 
  0.01000   1.67064e-27 3.54171e-26 9.41385e-25 1.24237e-23 6.90143e-23 1.23575e-22 4.44195e-22 4.37989e-21 
  0.10000   1.25172e-26 1.69953e-25 7.04545e-24 6.12684e-23 2.49617e-22 3.94999e-22 1.00457e-21 3.45562e-21 
  1.00000   4.96651e-26 4.21047e-25 3.04403e-23 1.51069e-22 3.51986e-22 4.42393e-22 6.50375e-22 1.10777e-21 
 10.00000   5.27457e-26 3.72475e-25 4.94019e-23 1.45489e-22 1.74939e-22 1.82630e-22 1.94147e-22 2.50504e-22 
100.00000   3.06162e-27 2.63017e-26 1.99737e-24 5.37871e-24 6.21348e-24 6.34401e-24 6.51352e-24 6.72920e-24 

         26
          250.0
  0.00001   9.93658e-30 7.44185e-28 1.58530e-26 1.17129e-24 1.81454e-23 4.58211e-23 3.18334e-22 4.39392e-21 
  0.00010   5.64686e-29 2.84261e-27 4.11307e-26 1.58127e-24 1.93336e-23 4.74076e-23 3.19912e-22 4.39046e-21 
  0.00100   3.61098e-28 1.21911e-26 1.76524e-25 3.59320e-24 2.86778e-23 6.27045e-23 3.40280e-22 4.38444e-21 
  0.01000   2.57240e-27 6.24903e-26 1.12228e-24 1.53042e-23 8.30160e-23 1.46708e-22 5.20321e-22 4.39755e-21 
  0.10000   1.81109e-26 2.80119e-25 7.94438e-24 6.76114e-23 2.59989e-22 4.08049e-22 9.86181e-22 3.25668e-21 
  1.00000   6.35374e-26 8.39627e-25 3.22806e-23 1.54547e-22 3.44721e-22 4.30252e-22 6.28474e-22 1.06764e-21 
 10.00000   7.06468e-26 9.01212e-25 5.84013e-23 1.55763e-22 1.83912e-22 1.91895e-22 2.07752e-22 2.69894e-22 
100.00000   5.65839e-27 9.11354e-26 3.44878e-24 8.97938e-24 9.91277e-24 1.03413e-23 1.10116e-23 1.15945e-23 

         26
          300.0
  0.00001   2.32276e-29 1.61081e-27 3.95509e-26 2.86067e-24 3.83691e-23 8.87871e-23 4.75689e-22 4.70086e-21 
  0.00010   1.12381e-28 5.39366e-27 7.49921e-26 3.34415e-24 3.91520e-23 8.95227e-23 4.76675e-22 4.69763e-21 
  0.00100   6.49289e-28 2.20946e-26 2.51369e-25 5.77757e-24 4.74933e-23 1.00712e-22 4.90290e-22 4.68804e-21 
  0.01000   4.18143e-27 1.04583e-25 1.37856e-24 1.92716e-23 1.03514e-22 1.80175e-22 6.20955e-22 4.48865e-21 
  0.10000   2.71310e-26 4.47889e-25 9.03963e-24 7.55348e-23 2.83699e-22 4.33811e-22 9.96736e-22 3.13536e-21 
  1.00000   8.60458e-26 1.40510e-24 3.45834e-23 1.62727e-22 3.46884e-22 4.28955e-22 6.22435e-22 1.05077e-21 
 10.00000   9.75948e-26 1.65340e-24 5.89419e-23 1.62015e-22 2.02426e-22 2.13645e-22 2.36805e-22 2.93475e-22 
100.00000   1.09660e-26 2.26132e-25 5.02311e-24 1.34454e-23 1.51063e-23 1.66541e-23 1.92945e-23 2.09247e-23 

         26
          350.0
  0.00001   4.99439e-29 3.30111e-27 9.41030e-26 6.26004e-24 6.85899e-23 1.44602e-22 6.45946e-22 4.90403e-21 
  0.00010   2.12387e-28 9.45458e-27 1.41308e-25 6.75197e-24 6.92777e-23 1.45228e-22 6.45926e-22 4.89784e-21 
  0.00100   1.11821e-27 3.67981e-26 3.70051e-25 9.54800e-24 7.59846e-23 1.53542e-22 6.53931e-22 4.87705e-21 
  0.01000   6.86038e-27 1.66322e-25 1.74872e-24 2.50804e-23 1.29995e-22 2.24419e-22 7.58355e-22 4.61609e-21 
  0.10000   4.26603e-26 7.13191e-25 1.05325e-23 8.50928e-23 3.17396e-22 4.71196e-22 1.05580e-21 3.13293e-21 
  1.00000   1.33323e-25 2.16893e-24 3.82558e-23 1.74881e-22 3.59960e-22 4.37129e-22 6.41315e-22 1.08017e-21 
 10.00000   1.46333e-25 2.60996e-24 6.04426e-23 1.68228e-22 2.28463e-22 2.52177e-22 2.90486e-22 3.42179e-22 
100.00000   2.39234e-26 4.60860e-25 6.91415e-24 1.85899e-23 2.32532e-23 2.59013e-23 3.09035e-23 3.45263e-23 

         26
          400.0
  0.00001   9.18924e-29 6.11739e-27 2.02213e-25 1.17863e-23 1.05398e-22 2.08518e-22 8.26305e-22 5.24932e-21 
  0.00010   3.67976e-28 1.54506e-26 2.65940e-25 1.22410e-23 1.05963e-22 2.08991e-22 8.26342e-22 5.24570e-21 
  0.00100   1.78034e-27 5.58887e-26 5.69688e-25 1.53649e-23 1.11711e-22 2.15311e-22 8.34582e-22 5.20676e-21 
  0.01000   1.07967e-26 2.52509e-25 2.28760e-24 3.27987e-23 1.63619e-22 2.78071e-22 9.22533e-22 4.82780e-21 
  0.10000   6.66139e-26 1.10510e-24 1.25174e-23 9.75395e-23 3.58067e-22 5.24598e-22 1.12687e-21 3.18371e-21 
  1.00000   2.10493e-25 3.12629e-24 4.26367e-23 1.90324e-22 3.88243e-22 4.68802e-22 6.96940e-22 1.15221e-21 
 10.00000   2.40005e-25 3.96621e-24 6.44496e-23 1.78182e-22 2.63088e-22 2.97368e-22 3.41500e-22 4.29652e-22 
100.00000   4.90235e-26 8.11421e-25 9.28296e-24 2.50284e-23 3.37364e-23 3.76962e-23 4.53178e-23 5.07846e-23 

         26
          600.0
  0.00001   5.19092e-28 3.81594e-26 1.94802e-24 6.37744e-23 3.32769e-22 5.77533e-22 1.65312e-21 6.46686e-21 
  0.00010   1.71980e-27 6.45024e-26 2.06954e-24 6.39901e-23 3.33050e-22 5.77854e-22 1.65275e-21 6.46407e-21 
  0.00100   7.68948e-27 1.80233e-25 2.85493e-24 6.64946e-23 3.36909e-22 5.80685e-22 1.65230e-21 6.41937e-21 
  0.01000   4.29117e-26 7.92124e-25 6.94030e-24 8.64520e-23 3.72297e-22 6.09470e-22 1.65772e-21 6.08639e-21 
  0.10000   2.71114e-25 4.06439e-24 2.54969e-23 1.67910e-22 5.54160e-22 7.74860e-22 1.50225e-21 3.99360e-21 
  1.00000   1.05911e-24 1.00349e-23 6.87035e-23 2.63758e-22 5.23209e-22 6.35966e-22 9.56831e-22 1.78558e-21 
 10.00000   1.30417e-24 1.19114e-23 9.78001e-23 2.48727e-22 4.12861e-22 4.75660e-22 6.54194e-22 9.11401e-22 
100.00000   4.10320e-25 4.06965e-24 2.52119e-23 6.91515e-23 9.69123e-23 1.07717e-22 1.26085e-22 1.38688e-22 

         27
          100.0
  0.00001   1.34044e-33 8.93389e-32 9.19358e-31 4.20111e-29 1.03043e-27 3.80603e-27 6.35332e-26 8.07441e-25 
  0.00010   1.29935e-32 8.30970e-31 7.69333e-30 1.77920e-28 1.97306e-27 5.87392e-27 7.29004e-26 8.38281e-25 
  0.00100   1.26583e-31 7.85863e-30 6.79867e-29 1.03562e-27 7.17077e-27 1.58888e-26 1.15604e-25 1.04077e-24 
  0.01000   1.23079e-30 7.43280e-29 6.12628e-28 7.15051e-27 3.74944e-26 7.10825e-26 2.79867e-25 1.48176e-24 
  0.10000   1.12293e-29 6.46140e-28 4.68191e-27 3.79408e-26 1.26513e-25 1.79624e-25 3.68489e-25 1.04737e-24 
  1.00000   8.09812e-29 3.88259e-27 2.07297e-26 6.26930e-26 1.06171e-25 1.25692e-25 1.73596e-25 2.89036e-25 
 10.00000   1.92282e-28 6.26109e-27 1.99830e-26 2.86750e-26 3.42588e-26 3.58809e-26 4.02830e-26 4.55637e-26 
100.00000   6.81151e-30 1.05380e-28 2.70603e-28 3.50021e-28 4.26453e-28 4.95860e-28 6.08853e-28 6.36567e-28 

         27
          150.0
  0.00001   1.65271e-32 2.21296e-31 2.72987e-30 2.57021e-28 7.51300e-27 2.59608e-26 2.37024e-25 1.58949e-24 
  0.00010   1.56441e-31 1.92574e-30 1.70004e-29 5.80874e-28 8.98918e-27 2.83137e-26 2.41361e-25 1.59559e-24 
  0.00100   1.50086e-30 1.72267e-29 1.26643e-28 2.14514e-27 1.75877e-26 4.38641e-26 2.75831e-25 1.65749e-24 
  0.01000   1.44345e-29 1.57073e-28 1.02244e-27 1.18900e-26 6.47429e-26 1.22004e-25 4.28971e-25 1.79238e-24 
  0.10000   1.30476e-28 1.31135e-27 7.41455e-27 5.47717e-26 1.66812e-25 2.36336e-25 4.61485e-25 1.20713e-24 
  1.00000   9.08672e-28 7.72613e-27 2.87373e-26 7.94710e-26 1.34581e-25 1.56646e-25 2.03658e-25 3.43950e-25 
 10.00000   2.31569e-27 1.47811e-26 2.98550e-26 4.06744e-26 4.77529e-26 5.16517e-26 5.87978e-26 6.76887e-26 
100.00000   1.55691e-28 4.59793e-28 8.82428e-28 1.15635e-27 1.30975e-27 1.39623e-27 1.59333e-27 1.66064e-27 

         27
          200.0
  0.00001   5.84949e-32 4.52246e-31 9.22073e-30 1.27891e-27 3.00192e-26 9.05017e-26 5.04025e-25 2.24770e-24 
  0.00010   5.50886e-31 3.77373e-30 4.01615e-29 1.84138e-27 3.10872e-26 9.18454e-26 5.05630e-25 2.24653e-24 
  0.00100   5.25384e-30 3.23486e-29 2.31338e-28 4.35507e-27 4.11788e-26 1.06757e-25 5.22453e-25 2.24553e-24 
  0.01000   5.01944e-29 2.83924e-28 1.61415e-27 1.87697e-26 1.03666e-25 1.94409e-25 6.24067e-25 2.17651e-24 
  0.10000   4.47430e-28 2.29382e-27 1.10115e-26 7.57180e-26 2.20223e-25 3.13798e-25 5.87569e-25 1.38947e-24 
  1.00000   2.94564e-27 1.29718e-26 3.81371e-26 1.01992e-25 1.70003e-25 1.93509e-25 2.42039e-25 4.41456e-25 
 10.00000   7.23982e-27 2.46725e-26 4.00535e-26 5.53065e-26 6.70672e-26 7.38632e-26 8.32411e-26 1.07038e-25 
100.00000   6.68741e-28 1.30491e-27 2.22498e-27 3.15093e-27 3.51526e-27 3.55567e-27 4.39698e-27 5.94962e-27 

         27
          250.0
  0.00001   1.14499e-31 8.51848e-31 3.17314e-29 4.89120e-27 7.93624e-26 2.06334e-25 8.47382e-25 3.11041e-24 
  0.00010   1.07228e-30 6.95536e-30 9.97401e-29 5.52026e-27 8.01180e-26 2.07077e-25 8.47949e-25 3.10861e-24 
  0.00100   1.01627e-29 5.82061e-29 4.36323e-28 9.07819e-27 8.90114e-26 2.17479e-25 8.54868e-25 3.09593e-24 
  0.01000   9.67844e-29 4.93054e-28 2.56506e-27 2.95601e-26 1.59979e-25 2.96646e-25 8.97175e-25 2.92356e-24 
  0.10000   8.37886e-28 3.86058e-27 1.62819e-26 1.04480e-25 3.02245e-25 4.27654e-25 7.90507e-25 1.90752e-24 
  1.00000   5.23679e-27 2.07469e-26 5.19691e-26 1.39346e-25 2.25174e-25 2.57325e-25 3.45230e-25 6.45768e-25 
 10.00000   1.20684e-26 3.44592e-26 5.56938e-26 8.38846e-26 1.08109e-25 1.16806e-25 1.28508e-25 2.00226e-25 
100.00000   1.40003e-27 2.91431e-27 4.69549e-27 8.77693e-27 9.78550e-27 1.00747e-26 1.41774e-26 2.40790e-26 

         27
          300.0
  0.00001   1.82481e-31 1.50585e-30 9.74670e-29 1.43790e-26 1.63751e-25 3.66300e-25 1.25894e-24 4.66626e-24 
  0.00010   1.67291e-30 1.19067e-29 2.38700e-28 1.48757e-26 1.64474e-25 3.66998e-25 1.25893e-24 4.66396e-24 
  0.00100   1.56780e-29 9.74982e-29 8.34208e-28 1.93562e-26 1.72413e-25 3.73267e-25 1.25750e-24 4.64816e-24 
  0.01000   1.49207e-28 7.99061e-28 4.13311e-27 4.73487e-26 2.45247e-25 4.39047e-25 1.25649e-24 4.52559e-24 
  0.10000   1.23674e-27 5.97256e-27 2.39576e-26 1.45098e-25 4.24810e-25 5.90592e-25 1.11383e-24 3.32086e-24 
  1.00000   7.27543e-27 2.97336e-26 7.20642e-26 2.01533e-25 3.31540e-25 3.95352e-25 6.23920e-25 1.18310e-24 
 10.00000   1.70302e-26 4.39206e-26 7.93981e-26 1.49895e-25 2.14102e-25 2.23526e-25 2.45817e-25 4.40793e-25 
100.00000   2.61783e-27 5.37223e-27 8.37594e-27 2.67526e-26 2.96531e-26 3.14919e-26 4.40380e-26 6.90724e-26 

         27
          350.0
  0.00001   2.79889e-31 2.59331e-30 2.58624e-28 3.45813e-26 2.99183e-25 5.80125e-25 1.77444e-24 7.58778e-24 
  0.00010   2.56493e-30 1.92791e-29 5.19530e-28 3.52346e-26 2.99646e-25 5.80374e-25 1.77512e-24 7.59196e-24 
  0.00100   2.42160e-29 1.53542e-28 1.53547e-27 4.08148e-26 3.06835e-25 5.83682e-25 1.76816e-24 7.57680e-24 
  0.01000   2.32839e-28 1.25075e-27 6.85092e-27 7.78964e-26 3.82511e-25 6.36901e-25 1.73983e-24 7.41100e-24 
  0.10000   1.98192e-27 9.11399e-27 3.54317e-26 2.08750e-25 5.92036e-25 8.44742e-25 1.56938e-24 5.80091e-24 
  1.00000   1.06591e-26 4.05498e-26 9.91881e-26 2.88915e-25 5.71270e-25 6.92318e-25 1.10960e-24 2.51808e-24 
 10.00000   2.41422e-26 5.75015e-26 1.05042e-25 2.82182e-25 4.29706e-25 4.49847e-25 5.04692e-25 7.92150e-25 
100.00000   4.70412e-27 9.55598e-27 1.64502e-26 6.60594e-26 7.04649e-26 7.50410e-26 9.98428e-26 1.47871e-25 

         27
          400.0
  0.00001   4.28570e-31 4.22149e-30 5.72118e-28 7.07316e-26 4.94020e-25 8.76915e-25 2.46623e-24 1.26172e-23 
  0.00010   3.92009e-30 2.99160e-29 9.91872e-28 7.17802e-26 4.94527e-25 8.78240e-25 2.46754e-24 1.26141e-23 
  0.00100   3.70279e-29 2.29820e-28 2.58805e-27 7.89805e-26 5.01966e-25 8.82105e-25 2.45758e-24 1.25799e-23 
  0.01000   3.54104e-28 1.84202e-27 1.07553e-26 1.27020e-25 5.84871e-25 9.38842e-25 2.40011e-24 1.20711e-23 
  0.10000   3.07617e-27 1.35078e-26 5.25354e-26 2.98084e-25 8.36028e-25 1.18037e-24 2.23965e-24 9.68778e-24 
  1.00000   1.63549e-26 5.51241e-26 1.38939e-25 4.27221e-25 9.23363e-25 1.13864e-24 1.87777e-24 4.26931e-24 
 10.00000   3.52380e-26 7.68332e-26 1.55964e-25 4.87997e-25 7.15634e-25 7.66385e-25 8.71718e-25 1.31040e-24 
100.00000   8.15041e-27 1.49840e-26 3.18105e-26 1.26772e-25 1.34690e-25 1.39789e-25 1.79705e-25 2.55826e-25 

         27
          600.0
  0.00001   1.65812e-30 1.88616e-29 4.38914e-27 4.45486e-25 2.50285e-24 3.89618e-24 9.37288e-24 4.58063e-23 
  0.00010   1.50661e-29 1.13862e-28 5.73717e-27 4.48765e-25 2.50310e-24 3.89768e-24 9.36850e-24 4.58015e-23 
  0.00100   1.39656e-28 7.86669e-28 1.15987e-26 4.68699e-25 2.50908e-24 3.89603e-24 9.35754e-24 4.56153e-23 
  0.01000   1.27907e-27 5.92356e-27 4.03690e-26 5.99483e-25 2.61676e-24 3.95155e-24 9.28848e-24 4.41544e-23 
  0.10000   1.13010e-26 4.45196e-26 1.89271e-25 1.11667e-24 3.06898e-24 4.28065e-24 8.74844e-24 3.63222e-23 
  1.00000   6.50326e-26 1.88746e-25 4.96573e-25 1.60650e-24 3.56096e-24 4.55220e-24 7.16628e-24 1.53295e-23 
 10.00000   1.40144e-25 2.60675e-25 6.53341e-25 1.89269e-24 2.66233e-24 2.89155e-24 3.27047e-24 4.10456e-24 
100.00000   5.34487e-26 8.34320e-26 2.29290e-25 6.00999e-25 6.94997e-25 7.02622e-25 7.56431e-25 9.87644e-25 

         28
          100.0
  0.00001   9.74878e-33 1.48761e-30 3.59735e-28 7.96048e-26 1.27125e-24 3.12295e-24 2.46283e-23 7.31530e-21 
  0.00010   9.45345e-32 1.24559e-29 2.61638e-27 5.38920e-25 6.02475e-24 1.28150e-23 6.93986e-23 8.37564e-21 
  0.00100   9.20633e-31 1.07414e-28 2.06382e-26 4.22243e-24 3.78565e-23 7.65375e-23 3.08501e-22 1.30816e-20 
  0.01000   9.01488e-30 9.62714e-28 1.76798e-25 3.61541e-23 2.84080e-22 5.47477e-22 1.96559e-21 3.14078e-20 
  0.10000   8.38517e-29 8.08670e-27 1.37007e-24 2.61412e-22 1.67491e-21 2.93129e-21 8.00589e-21 4.60440e-20 
  1.00000   6.50223e-28 4.55628e-26 6.11276e-24 1.03281e-21 4.50852e-21 6.36640e-21 1.06962e-20 1.91538e-20 
 10.00000   1.34070e-27 6.35693e-26 4.33286e-24 1.16891e-21 2.87226e-21 3.49422e-21 4.14500e-21 4.41348e-21 
100.00000   3.10932e-29 1.11663e-27 8.64785e-26 1.31555e-23 3.22418e-23 3.70175e-23 3.95164e-23 4.06238e-23 

         28
          150.0
  0.00001   1.32812e-31 1.22676e-29 1.76109e-27 1.86659e-25 3.90603e-24 1.10807e-23 1.03773e-22 1.99094e-20 
  0.00010   1.20877e-30 8.86647e-29 9.99541e-27 9.35866e-25 1.17507e-23 2.56925e-23 1.60719e-22 2.04059e-20 
  0.00100   1.12841e-29 6.98720e-28 7.05298e-26 6.30600e-24 5.62746e-23 1.05789e-22 4.70500e-22 2.36103e-20 
  0.01000   1.07260e-28 6.10797e-27 5.66269e-25 4.90985e-23 3.60231e-22 6.53129e-22 2.29092e-21 3.95744e-20 
  0.10000   9.71640e-28 5.12861e-26 3.97627e-24 3.41323e-22 2.02993e-21 3.44303e-21 8.93500e-21 4.75063e-20 
  1.00000   7.26740e-27 2.84780e-25 1.43458e-23 1.44300e-21 4.62171e-21 6.29225e-21 1.00147e-20 1.75348e-20 
 10.00000   1.58858e-26 4.50345e-25 9.69372e-24 2.10544e-21 3.16571e-21 3.47789e-21 3.76378e-21 3.95555e-21 
100.00000   8.97477e-28 1.65938e-26 3.76219e-25 4.80822e-23 6.31205e-23 6.67513e-23 6.99918e-23 7.22028e-23 

         28
          200.0
  0.00001   7.47488e-31 4.84890e-29 5.83319e-27 4.48393e-25 1.07415e-23 3.20934e-23 3.00359e-22 3.21691e-20 
  0.00010   6.38593e-30 2.93867e-28 2.81224e-26 1.50958e-24 2.07003e-23 4.88858e-23 3.43357e-22 3.23558e-20 
  0.00100   5.56780e-29 2.04657e-27 1.72217e-25 8.17297e-24 7.45800e-23 1.40304e-22 6.76496e-22 3.37344e-20 
  0.01000   4.99408e-28 1.64969e-26 1.28325e-24 5.71504e-23 4.06291e-22 7.11875e-22 2.55800e-21 4.47771e-20 
  0.10000   4.34086e-27 1.34434e-25 8.66493e-24 3.78464e-22 2.19173e-21 3.60098e-21 9.46178e-21 4.63997e-20 
  1.00000   3.10795e-26 7.43111e-25 2.76007e-23 1.54839e-21 4.65486e-21 6.14177e-21 9.33204e-21 1.61886e-20 
 10.00000   7.98735e-26 1.35113e-24 1.92209e-23 2.29841e-21 3.13570e-21 3.30796e-21 3.43507e-21 3.74290e-21 
100.00000   8.00483e-27 7.42983e-26 1.34213e-24 8.96666e-23 1.01840e-22 1.03692e-22 1.07374e-22 1.10983e-22 

         28
          250.0
  0.00001   2.41726e-30 1.54073e-28 1.39327e-26 1.10884e-24 2.68977e-23 7.59105e-23 6.42297e-22 4.14218e-20 
  0.00010   2.04924e-29 7.58435e-28 6.08000e-26 2.52898e-24 3.67970e-23 9.16101e-23 6.68390e-22 4.14577e-20 
  0.00100   1.73711e-28 4.59335e-27 3.29468e-25 1.04450e-23 9.60988e-23 1.89617e-22 9.51787e-22 4.21282e-20 
  0.01000   1.48288e-27 3.30318e-26 2.28039e-24 6.39861e-23 4.39813e-22 7.65112e-22 2.82603e-21 4.87658e-20 
  0.10000   1.21201e-26 2.51308e-25 1.53350e-23 4.05433e-22 2.24353e-21 3.58634e-21 9.64555e-21 4.53468e-20 
  1.00000   8.23878e-26 1.35475e-24 4.99710e-23 1.56990e-21 4.64378e-21 6.03217e-21 9.03224e-21 1.50613e-20 
 10.00000   2.44195e-25 2.63820e-24 4.04246e-23 2.20049e-21 2.99289e-21 3.21669e-21 3.33433e-21 3.71826e-21 
100.00000   3.39281e-26 1.86037e-25 4.50574e-24 1.26267e-22 1.49184e-22 1.51832e-22 1.55788e-22 1.63841e-22 

         28
          300.0
  0.00001   5.06197e-30 4.38112e-28 2.70547e-26 2.56521e-24 5.84558e-23 1.53574e-22 1.11997e-21 4.69059e-20 
  0.00010   4.51625e-29 1.74868e-27 1.03762e-25 4.42746e-24 6.73602e-23 1.66323e-22 1.13774e-21 4.69395e-20 
  0.00100   3.98960e-28 9.29375e-27 5.32052e-25 1.38157e-23 1.26593e-22 2.59702e-22 1.34792e-21 4.73120e-20 
  0.01000   3.39161e-27 6.04119e-26 3.47205e-24 7.15979e-23 4.73883e-22 8.30165e-22 3.10211e-21 5.13495e-20 
  0.10000   2.60980e-26 4.17276e-25 2.31710e-23 4.24669e-22 2.25149e-21 3.53401e-21 9.60805e-21 4.56300e-20 
  1.00000   1.66475e-25 2.11821e-24 8.60630e-23 1.56523e-21 4.53821e-21 5.93554e-21 9.07155e-21 1.46041e-20 
 10.00000   5.31575e-25 3.88746e-24 8.42512e-23 2.08366e-21 2.92291e-21 3.20647e-21 3.34840e-21 3.60399e-21 
100.00000   9.19114e-26 3.48982e-25 1.22709e-23 1.61337e-22 2.01495e-22 2.04915e-22 2.10196e-22 2.33818e-22 

         28
          350.0
  0.00001   8.78721e-30 1.06633e-27 5.30229e-26 5.39692e-24 1.08660e-22 2.68439e-22 1.74213e-21 4.99133e-20 
  0.00010   7.80189e-29 3.77774e-27 1.59045e-25 7.75054e-24 1.15743e-22 2.77272e-22 1.74522e-21 4.98705e-20 
  0.00100   6.88153e-28 1.74126e-26 7.56689e-25 1.86766e-23 1.72939e-22 3.66756e-22 1.91975e-21 5.00766e-20 
  0.01000   6.02297e-27 1.02297e-25 4.63154e-24 8.23024e-23 5.18224e-22 9.25303e-22 3.44213e-21 5.23404e-20 
  0.10000   4.72229e-26 6.42448e-25 3.15206e-23 4.41986e-22 2.25383e-21 3.49003e-21 9.73316e-21 4.53372e-20 
  1.00000   2.80341e-25 2.98881e-24 1.28688e-22 1.56729e-21 4.47249e-21 5.80643e-21 8.97494e-21 1.43927e-20 
 10.00000   9.23616e-25 5.21509e-24 1.47658e-22 2.07036e-21 2.84365e-21 3.08796e-21 3.27693e-21 3.50477e-21 
100.00000   1.88302e-25 5.63463e-25 2.62327e-23 2.13811e-22 2.49792e-22 2.54954e-22 2.64079e-22 3.24017e-22 

         28
          400.0
  0.00001   1.29892e-29 2.09618e-27 1.02609e-25 1.01928e-23 1.76903e-22 4.14659e-22 2.45609e-21 5.23743e-20 
  0.00010   1.16106e-28 7.11658e-27 2.45357e-25 1.30574e-23 1.83185e-22 4.21786e-22 2.46193e-21 5.23175e-20 
  0.00100   1.03628e-27 3.02829e-26 9.88179e-25 2.55436e-23 2.38027e-22 5.01750e-22 2.58486e-21 5.21943e-20 
  0.01000   9.02111e-27 1.65676e-25 5.75645e-24 9.60097e-23 5.87284e-22 1.05695e-21 3.84992e-21 5.30301e-20 
  0.10000   7.27399e-26 9.60318e-25 3.78128e-23 4.68961e-22 2.27568e-21 3.52504e-21 9.67086e-21 4.50214e-20 
  1.00000   4.18024e-25 4.03010e-24 1.67081e-22 1.57186e-21 4.33935e-21 5.63140e-21 8.80103e-21 1.44337e-20 
 10.00000   1.31270e-24 6.43287e-24 2.15917e-22 2.01946e-21 2.76979e-21 2.92476e-21 3.13518e-21 3.41074e-21 
100.00000   3.14703e-25 8.28355e-25 4.54152e-23 2.70375e-22 2.93657e-22 3.00399e-22 3.11487e-22 4.15540e-22 

         28
          600.0
  0.00001   4.12976e-29 1.19167e-26 7.92200e-25 6.39107e-23 6.60487e-22 1.37965e-21 6.26287e-21 5.55961e-20 
  0.00010   3.48627e-28 3.74310e-26 1.12180e-24 6.67513e-23 6.63447e-22 1.38381e-21 6.27170e-21 5.55451e-20 
  0.00100   3.02889e-27 1.42034e-25 2.62818e-24 8.37900e-23 6.95437e-22 1.42574e-21 6.29715e-21 5.54634e-20 
  0.01000   2.67450e-26 6.73642e-25 1.05768e-23 1.77166e-22 9.98095e-22 1.85161e-21 6.65598e-21 5.43816e-20 
  0.10000   2.22704e-25 3.38398e-24 6.18760e-23 6.30671e-22 2.44192e-21 4.00935e-21 9.80822e-21 4.07429e-20 
  1.00000   1.21588e-24 1.15149e-23 2.80378e-22 1.61585e-21 4.02788e-21 5.12850e-21 8.00043e-21 1.37951e-20 
 10.00000   3.27942e-24 1.43587e-23 5.39863e-22 1.86444e-21 2.52652e-21 2.69766e-21 2.98255e-21 3.44593e-21 
100.00000   1.09731e-24 3.15480e-24 1.67754e-22 4.31034e-22 4.97128e-22 5.07594e-22 5.49109e-22 7.65333e-22 

         29
          100.0
  0.00001   4.14374e-30 2.83062e-28 1.86828e-26 6.76497e-25 9.39368e-24 2.54107e-23 3.64630e-22 2.53140e-20 
  0.00010   3.91333e-29 2.17232e-27 1.30487e-25 3.18837e-24 2.80467e-23 6.25954e-23 4.94964e-22 2.70478e-20 
  0.00100   3.74941e-28 1.76041e-26 1.03553e-24 1.98847e-23 1.37062e-22 2.74621e-22 1.30385e-21 3.71873e-20 
  0.01000   3.49149e-27 1.45501e-25 8.65176e-24 1.48043e-22 8.48197e-22 1.56106e-21 5.14376e-21 7.32498e-20 
  0.10000   2.65930e-26 8.61631e-25 6.11277e-23 8.94877e-22 3.98124e-21 6.33034e-21 1.62730e-20 6.38686e-20 
  1.00000   7.45842e-26 2.10772e-24 2.18753e-22 3.03126e-21 6.34840e-21 7.70750e-21 1.10579e-20 1.85062e-20 
 10.00000   6.71764e-26 1.75420e-24 1.65671e-22 1.81446e-21 2.75345e-21 2.91743e-21 3.18877e-21 4.27624e-21 
100.00000   1.03903e-27 3.18920e-26 2.29366e-24 2.40508e-23 2.94007e-23 3.04887e-23 3.27061e-23 3.74417e-23 

         29
          150.0
  0.00001   1.96017e-29 1.03010e-27 3.46470e-26 1.81663e-24 3.10792e-23 8.77093e-23 1.23037e-21 4.78298e-20 
  0.00010   1.72902e-28 6.77084e-27 2.04971e-25 5.44256e-24 5.45881e-23 1.33099e-22 1.32943e-21 4.84777e-20 
  0.00100   1.56761e-27 4.84660e-26 1.46360e-24 2.66334e-23 1.86559e-22 3.79053e-22 2.12446e-21 5.34526e-20 
  0.01000   1.44780e-26 3.79641e-25 1.13947e-23 1.72938e-22 9.60638e-22 1.76804e-21 6.24906e-21 7.25551e-20 
  0.10000   1.15758e-25 2.26608e-24 8.40390e-23 9.91530e-22 4.15098e-21 6.65087e-21 1.65479e-20 5.96986e-20 
  1.00000   3.85725e-25 5.88700e-24 3.92774e-22 3.05172e-21 6.17193e-21 7.42473e-21 1.06530e-20 1.69901e-20 
 10.00000   3.63380e-25 4.82087e-24 5.47813e-22 2.10182e-21 3.18918e-21 3.44410e-21 3.87090e-21 4.28456e-21 
100.00000   1.23324e-26 1.82940e-25 1.43879e-23 4.98977e-23 7.00248e-23 7.39886e-23 7.82520e-23 8.20492e-23 

         29
          200.0
  0.00001   5.21800e-29 2.89397e-27 6.03673e-26 4.31401e-24 8.12555e-23 2.26694e-22 2.62693e-21 6.31617e-20 
  0.00010   4.20866e-28 1.65945e-26 2.94112e-25 8.92261e-24 1.04619e-22 2.64032e-22 2.68043e-21 6.34699e-20 
  0.00100   3.57241e-27 1.09396e-25 1.83306e-24 3.35052e-23 2.49612e-22 5.15747e-22 3.25273e-21 6.56677e-20 
  0.01000   3.21570e-26 7.95471e-25 1.30718e-23 1.90371e-22 1.04996e-21 1.92199e-21 7.26383e-21 7.37537e-20 
  0.10000   2.67843e-25 4.76463e-24 9.27231e-23 1.03290e-21 4.28479e-21 6.85793e-21 1.69342e-20 5.78273e-20 
  1.00000   1.13030e-24 1.40310e-23 4.59101e-22 2.94620e-21 6.16475e-21 7.46191e-21 1.05725e-20 1.65568e-20 
 10.00000   1.15275e-24 1.01192e-23 9.19667e-22 2.36458e-21 3.26059e-21 3.58397e-21 4.25828e-21 4.49644e-21 
100.00000   7.14831e-26 6.70601e-25 3.68795e-23 8.22394e-23 1.31452e-22 1.39978e-22 1.49189e-22 1.52516e-22 

         29
          250.0
  0.00001   1.13152e-28 6.21508e-27 1.07376e-25 9.34367e-24 1.70337e-22 4.53608e-22 4.33053e-21 7.05380e-20 
  0.00010   8.19153e-28 3.25224e-26 4.18383e-25 1.46637e-23 1.90246e-22 4.78177e-22 4.36847e-21 7.06271e-20 
  0.00100   6.43246e-27 2.06264e-25 2.25934e-24 4.21149e-23 3.32490e-22 7.04336e-22 4.74059e-21 7.14531e-20 
  0.01000   5.55288e-26 1.43903e-24 1.50782e-23 2.07234e-22 1.12827e-21 2.06739e-21 8.12517e-21 7.48100e-20 
  0.10000   4.61213e-25 8.49509e-24 1.02994e-22 1.03803e-21 4.36284e-21 7.00373e-21 1.71630e-20 5.68530e-20 
  1.00000   2.21349e-24 2.67353e-23 4.80718e-22 2.84119e-21 6.17951e-21 7.56700e-21 1.05113e-20 1.64394e-20 
 10.00000   2.76800e-24 1.93151e-23 1.00420e-21 2.46175e-21 3.18828e-21 3.61520e-21 4.42593e-21 4.84703e-21 
100.00000   2.53586e-25 2.01588e-24 5.78203e-23 1.20295e-22 2.12710e-22 2.25541e-22 2.39216e-22 2.44387e-22 

         29
          300.0
  0.00001   2.33741e-28 1.05707e-26 1.98847e-25 1.88114e-23 3.04003e-22 7.68979e-22 6.18314e-21 7.34256e-20 
  0.00010   1.50116e-27 5.17358e-26 5.95922e-25 2.44234e-23 3.16676e-22 7.85446e-22 6.21614e-21 7.34635e-20 
  0.00100   1.07512e-26 3.18569e-25 2.74578e-24 5.51607e-23 4.44311e-22 9.57539e-22 6.46980e-21 7.38586e-20 
  0.01000   8.76754e-26 2.27559e-24 1.71644e-23 2.28657e-22 1.22043e-21 2.23497e-21 9.01881e-21 7.34491e-20 
  0.10000   6.99936e-25 1.35181e-23 1.13654e-22 1.04059e-21 4.36090e-21 7.08045e-21 1.71449e-20 5.63779e-20 
  1.00000   3.45107e-24 4.21948e-23 5.07588e-22 2.79542e-21 6.08982e-21 7.58100e-21 1.04518e-20 1.62645e-20 
 10.00000   5.34121e-24 3.52616e-23 9.70801e-22 2.40399e-21 3.11649e-21 3.67555e-21 4.43754e-21 5.09241e-21 
100.00000   6.12904e-25 5.40103e-24 7.92295e-23 1.60152e-22 3.05774e-22 3.22886e-22 3.40441e-22 3.46845e-22 

         29
          350.0
  0.00001   4.58443e-28 1.77350e-26 3.71698e-25 3.49984e-23 4.81214e-22 1.15427e-21 7.98892e-21 7.71772e-20 
  0.00010   2.68433e-27 7.45478e-26 8.66383e-25 4.09102e-23 4.89895e-22 1.16686e-21 8.00895e-21 7.72338e-20 
  0.00100   1.79307e-26 4.20512e-25 3.36556e-24 7.31611e-23 5.99308e-22 1.30026e-21 8.17136e-21 7.67483e-20 
  0.01000   1.35844e-25 2.96548e-24 1.90075e-23 2.56825e-22 1.31971e-21 2.45252e-21 1.00658e-20 7.24146e-20 
  0.10000   1.03110e-24 1.97433e-23 1.25649e-22 1.07275e-21 4.30648e-21 7.06048e-21 1.68787e-20 5.53628e-20 
  1.00000   5.14249e-24 6.35470e-23 5.36013e-22 2.75094e-21 5.95783e-21 7.33849e-21 1.03610e-20 1.68137e-20 
 10.00000   8.70885e-24 6.24235e-23 9.78109e-22 2.34336e-21 3.11961e-21 3.72034e-21 4.40585e-21 5.20900e-21 
100.00000   1.19262e-24 1.22526e-23 1.10422e-22 1.95416e-22 4.01569e-22 4.25362e-22 4.45021e-22 4.51933e-22 

         29
          400.0
  0.00001   8.28289e-28 2.80975e-26 6.86101e-25 5.85561e-23 7.02328e-22 1.58100e-21 9.55393e-21 7.73086e-20 
  0.00010   4.47347e-27 1.04661e-25 1.27290e-24 6.47571e-23 7.10290e-22 1.59167e-21 9.58071e-21 7.72733e-20 
  0.00100   2.90752e-26 5.37163e-25 4.20687e-24 9.83501e-23 7.93133e-22 1.70410e-21 9.71349e-21 7.66452e-20 
  0.01000   2.08977e-25 3.56439e-24 2.15044e-23 2.88771e-22 1.44941e-21 2.71110e-21 1.11228e-20 7.18906e-20 
  0.10000   1.51355e-24 2.42156e-23 1.34057e-22 1.10688e-21 4.35197e-21 7.01597e-21 1.70039e-20 5.36396e-20 
  1.00000   7.55024e-24 9.10118e-23 5.63460e-22 2.70915e-21 5.85923e-21 7.09763e-21 9.99080e-21 1.71365e-20 
 10.00000   1.25817e-23 1.03183e-22 1.03467e-21 2.24053e-21 3.17805e-21 3.64908e-21 4.46373e-21 5.20185e-21 
100.00000   2.05689e-24 2.29170e-23 1.50084e-22 2.36709e-22 4.92361e-22 5.21462e-22 5.42345e-22 5.49788e-22 

         29
          600.0
  0.00001   4.87731e-27 1.22397e-25 4.80605e-24 2.49509e-22 1.96008e-21 3.79483e-21 1.49562e-20 6.89773e-20 
  0.00010   2.19012e-26 2.90926e-25 5.65798e-24 2.52926e-22 1.96308e-21 3.79638e-21 1.49520e-20 6.89335e-20 
  0.00100   1.33185e-25 1.15301e-24 1.02984e-23 2.82069e-22 1.99868e-21 3.84448e-21 1.49579e-20 6.86008e-20 
  0.01000   9.42745e-25 6.42200e-24 3.67990e-23 4.76203e-22 2.38319e-21 4.33202e-21 1.50769e-20 6.49737e-20 
  0.10000   6.49373e-24 4.18564e-23 1.80096e-22 1.31555e-21 4.54284e-21 7.15331e-21 1.65459e-20 4.79008e-20 
  1.00000   2.68739e-23 1.88129e-22 6.68952e-22 2.60855e-21 5.54171e-21 6.70252e-21 9.49348e-21 1.73481e-20 
 10.00000   4.26837e-23 3.66891e-22 1.18337e-21 2.00875e-21 3.11274e-21 3.52321e-21 4.22811e-21 5.26349e-21 
100.00000   1.30937e-23 1.09101e-22 2.90003e-22 3.98862e-22 7.77011e-22 8.35674e-22 8.71973e-22 8.83798e-22 

         30
          100.0
  0.00001   1.48297e-31 1.78436e-30 1.00681e-29 1.59153e-28 1.39434e-27 4.11219e-27 7.19171e-26 1.40192e-24 
  0.00010   1.43231e-30 1.73675e-29 9.55436e-29 1.35476e-27 9.69084e-27 2.16733e-26 1.90232e-25 2.40330e-24 
  0.00100   1.39584e-29 1.69960e-28 9.22071e-28 1.21628e-26 7.52255e-26 1.50844e-25 9.18992e-25 9.21551e-24 
  0.01000   1.34441e-28 1.65087e-27 8.76783e-27 1.05106e-25 5.78304e-25 1.10399e-24 4.89287e-24 3.30901e-23 
  0.10000   1.18880e-27 1.45282e-26 7.28310e-26 6.93386e-25 2.67276e-24 3.92262e-24 8.66586e-24 2.43594e-23 
  1.00000   8.05011e-27 9.20643e-26 3.94148e-25 1.37322e-24 2.54740e-24 2.98901e-24 3.80681e-24 6.21106e-24 
 10.00000   1.86841e-26 1.68599e-25 3.69985e-25 5.72998e-25 6.80912e-25 7.25996e-25 8.58362e-25 9.11789e-25 
100.00000   3.42805e-28 2.48896e-27 4.16834e-27 5.69198e-27 7.27251e-27 7.73316e-27 8.04508e-27 8.13452e-27 

         30
          150.0
  0.00001   4.27951e-31 2.64346e-30 1.49044e-29 3.04433e-28 3.60841e-27 1.47522e-26 3.55609e-25 5.72531e-24 
  0.00010   4.15352e-30 2.53015e-29 1.31757e-28 2.03595e-27 1.63717e-26 4.40781e-26 5.37493e-25 6.63831e-24 
  0.00100   4.05038e-29 2.44030e-28 1.20565e-27 1.59189e-26 1.01732e-25 2.17073e-25 1.48278e-24 1.30213e-23 
  0.01000   3.88444e-28 2.34891e-27 1.10624e-26 1.27519e-25 7.00786e-25 1.35823e-24 5.77326e-24 3.20985e-23 
  0.10000   3.41986e-27 2.05653e-26 8.67659e-26 7.89674e-25 2.91302e-24 4.37194e-24 9.42233e-24 2.42368e-23 
  1.00000   2.05722e-26 1.34332e-25 4.27259e-25 1.47958e-24 2.60821e-24 3.04046e-24 3.93727e-24 5.45538e-24 
 10.00000   5.64194e-26 2.72091e-25 4.88950e-25 6.68564e-25 7.54475e-25 7.83359e-25 9.06247e-25 1.00674e-24 
100.00000   2.11463e-27 8.15171e-27 1.13409e-26 1.39488e-26 1.65647e-26 1.70294e-26 1.74414e-26 1.76467e-26 

         30
          200.0
  0.00001   8.30220e-31 3.57808e-30 2.33553e-29 7.40685e-28 1.21477e-26 5.55474e-26 1.22729e-24 1.43011e-23 
  0.00010   8.12476e-30 3.40725e-29 1.90047e-28 3.43561e-27 3.17088e-26 9.98960e-26 1.41578e-24 1.49396e-23 
  0.00100   7.95254e-29 3.25452e-28 1.62712e-27 2.19697e-26 1.45357e-25 3.35646e-25 2.47195e-24 1.95303e-23 
  0.01000   7.65095e-28 3.09495e-27 1.43423e-26 1.60631e-25 8.79657e-25 1.70155e-24 6.91573e-24 3.30556e-23 
  0.10000   6.79094e-27 2.68777e-26 1.08925e-25 9.25749e-25 3.27959e-24 4.88688e-24 1.01658e-23 2.46981e-23 
  1.00000   4.00389e-26 1.73388e-25 4.82814e-25 1.58610e-24 2.72864e-24 3.17001e-24 4.19751e-24 5.71188e-24 
 10.00000   1.10838e-25 3.47893e-25 5.70036e-25 7.80531e-25 9.16948e-25 9.68919e-25 1.11726e-24 1.26036e-24 
100.00000   7.23943e-27 1.68186e-26 2.24098e-26 3.07776e-26 3.50014e-26 3.91903e-26 4.53438e-26 4.94395e-26 

         30
          250.0
  0.00001   1.18293e-30 4.72956e-30 3.92703e-29 2.13130e-27 4.41413e-26 1.87315e-25 3.00149e-24 2.60166e-23 
  0.00010   1.16421e-29 4.51400e-29 2.93669e-28 6.58324e-27 7.10988e-26 2.39582e-25 3.14946e-24 2.64590e-23 
  0.00100   1.14449e-28 4.29743e-28 2.32470e-27 3.29297e-26 2.26443e-25 5.60684e-25 4.13251e-24 2.93143e-23 
  0.01000   1.10889e-27 4.03202e-27 1.94250e-26 2.15489e-25 1.16730e-24 2.27151e-24 8.79637e-24 3.79963e-23 
  0.10000   9.84054e-27 3.43221e-26 1.43475e-25 1.15622e-24 3.94086e-24 5.74152e-24 1.13328e-23 2.66327e-23 
  1.00000   6.09484e-26 2.10316e-25 5.93137e-25 1.78475e-24 3.08019e-24 3.59348e-24 4.88467e-24 6.88321e-24 
 10.00000   1.52252e-25 4.21634e-25 6.54690e-25 1.01530e-24 1.28115e-24 1.38276e-24 1.61280e-24 1.85979e-24 
100.00000   1.54535e-26 2.89447e-26 4.15169e-26 6.81403e-26 8.05951e-26 9.94788e-26 1.30500e-25 1.53940e-25 

         30
          300.0
  0.00001   1.46807e-30 6.15765e-30 6.87708e-29 6.22064e-27 1.38084e-25 5.15716e-25 5.54112e-24 4.05414e-23 
  0.00010   1.45369e-29 5.88133e-29 4.74657e-28 1.35917e-26 1.71593e-25 5.65387e-25 5.61724e-24 4.05741e-23 
  0.00100   1.43911e-28 5.60259e-28 3.47221e-27 5.23689e-26 3.82110e-25 9.83337e-25 6.52522e-24 4.21319e-23 
  0.01000   1.41017e-27 5.19451e-27 2.71543e-26 2.99765e-25 1.60227e-24 3.18205e-24 1.14568e-23 4.79665e-23 
  0.10000   1.24942e-26 4.28934e-26 1.90385e-25 1.48830e-24 4.95000e-24 7.17810e-24 1.34090e-23 3.24357e-23 
  1.00000   8.10323e-26 2.42803e-25 7.44616e-25 2.18341e-24 3.86177e-24 4.62148e-24 6.53166e-24 9.54810e-24 
 10.00000   1.62534e-25 5.00920e-25 7.66354e-25 1.48996e-24 2.07554e-24 2.21970e-24 2.56900e-24 3.07266e-24 
100.00000   2.15184e-26 4.47844e-26 7.99273e-26 1.53488e-25 2.09212e-25 2.52996e-25 3.27419e-25 3.90277e-25 

         30
          350.0
  0.00001   1.82572e-30 8.15355e-30 1.15857e-28 1.65246e-26 3.61296e-25 1.17843e-24 8.85474e-24 5.82917e-23 
  0.00010   1.81183e-29 7.77834e-29 7.45673e-28 2.83307e-26 3.98545e-25 1.22603e-24 8.91798e-24 5.82040e-23 
  0.00100   1.79751e-28 7.40484e-28 5.26106e-27 8.54975e-26 6.84073e-25 1.73273e-24 9.73903e-24 5.85759e-23 
  0.01000   1.77576e-27 6.84933e-27 3.92994e-26 4.24628e-25 2.26992e-24 4.46045e-24 1.47406e-23 6.19217e-23 
  0.10000   1.59225e-26 5.45805e-26 2.59922e-25 1.94135e-24 6.37243e-24 9.10731e-24 1.68432e-23 4.50322e-23 
  1.00000   1.01061e-25 2.88184e-25 9.34297e-25 2.79318e-24 5.04631e-24 6.26329e-24 8.99049e-24 1.70090e-23 
 10.00000   1.94222e-25 5.71498e-25 9.76521e-25 2.12675e-24 3.59185e-24 3.90103e-24 4.40931e-24 4.85348e-24 
100.00000   3.11747e-26 6.73559e-26 1.33433e-25 3.56702e-25 4.60115e-25 5.31693e-25 6.72305e-25 8.01692e-25 

         30
          400.0
  0.00001   2.29447e-30 1.07627e-29 1.81032e-28 3.74043e-26 7.80686e-25 2.26509e-24 1.31667e-23 7.82231e-23 
  0.00010   2.27711e-29 1.02634e-28 1.10988e-27 5.52846e-26 8.20823e-25 2.31458e-24 1.32350e-23 7.80204e-23 
  0.00100   2.25952e-28 9.78140e-28 7.61882e-27 1.40511e-25 1.19200e-24 2.89439e-24 1.39484e-23 7.77128e-23 
  0.01000   2.23408e-27 9.10319e-27 5.58190e-26 6.10938e-25 3.23534e-24 6.20092e-24 1.89223e-23 8.20401e-23 
  0.10000   2.00740e-26 7.22515e-26 3.53920e-25 2.52258e-24 8.14950e-24 1.13894e-23 2.16567e-23 6.32807e-23 
  1.00000   1.27840e-25 3.54506e-25 1.17749e-24 3.66724e-24 6.90796e-24 8.63194e-24 1.27965e-23 2.61727e-23 
 10.00000   2.49628e-25 6.53097e-25 1.22202e-24 3.25173e-24 5.45790e-24 6.05624e-24 7.03019e-24 7.65561e-24 
100.00000   4.81625e-26 9.36926e-26 1.83962e-25 6.70984e-25 8.51297e-25 9.48596e-25 1.18075e-24 1.41213e-24 

         30
          600.0
  0.00001   5.16218e-30 2.98283e-29 7.54660e-28 3.20294e-25 6.28924e-24 1.44310e-23 4.97917e-23 2.54921e-22 
  0.00010   5.10760e-29 2.79569e-28 3.90502e-27 3.82974e-25 6.34439e-24 1.44855e-23 4.98331e-23 2.54537e-22 
  0.00100   5.05743e-28 2.61594e-27 2.40722e-26 6.67522e-25 7.00500e-24 1.52123e-23 5.00154e-23 2.53014e-22 
  0.01000   4.96932e-27 2.40598e-26 1.72639e-25 2.15544e-24 1.16787e-23 2.07077e-23 5.24391e-23 2.48975e-22 
  0.10000   4.52262e-26 2.00096e-25 1.08509e-24 7.03426e-24 2.17619e-23 2.95255e-23 5.75398e-23 1.94116e-22 
  1.00000   3.00905e-25 9.26628e-25 2.83089e-24 1.05235e-23 2.23596e-23 2.78239e-23 4.26377e-23 7.96922e-23 
 10.00000   7.61151e-25 1.29142e-24 3.07235e-24 1.09490e-23 1.78861e-23 2.17701e-23 2.71235e-23 3.55722e-23 
100.00000   2.58170e-25 3.41250e-25 8.75758e-25 3.82527e-24 5.46132e-24 5.55183e-24 6.81219e-24 8.35811e-24 

         31
          100.0
  0.00001   2.10705e-33 8.94511e-32 1.85282e-29 6.75688e-28 7.73154e-27 1.93093e-26 2.17605e-25 1.80406e-23 
  0.00010   2.08209e-32 8.37730e-31 1.64119e-28 4.31138e-27 3.40682e-26 6.99177e-26 4.28795e-25 2.05028e-23 
  0.00100   2.06254e-31 7.95711e-30 1.48368e-27 3.26040e-26 2.11494e-25 3.93405e-25 1.68423e-24 3.42565e-23 
  0.01000   2.03032e-30 7.28986e-29 1.27007e-26 2.45854e-25 1.33285e-24 2.26213e-24 6.98295e-24 6.26398e-23 
  0.10000   1.77475e-29 4.70468e-28 7.93303e-26 1.18042e-24 4.07892e-24 5.96167e-24 1.56352e-23 7.41213e-23 
  1.00000   8.69163e-29 1.26553e-27 2.07556e-25 2.39146e-24 7.49484e-24 1.00042e-23 2.02775e-23 4.98176e-23 
 10.00000   1.23210e-28 1.31878e-27 2.00178e-25 2.48960e-24 4.76934e-24 8.57547e-24 1.17709e-23 1.98083e-23 
100.00000   2.42489e-30 3.31346e-29 2.88992e-27 3.68276e-26 7.66619e-26 9.27824e-26 1.71993e-25 2.48042e-25 

         31
          150.0
  0.00001   1.54679e-32 5.73186e-31 5.35294e-29 2.52028e-27 3.57049e-26 9.13266e-26 1.03495e-24 5.17000e-23 
  0.00010   1.52227e-31 5.01506e-30 4.28850e-28 1.20869e-26 1.04438e-25 2.23480e-25 1.48081e-24 5.62843e-23 
  0.00100   1.50315e-30 4.51305e-29 3.64297e-27 7.79654e-26 5.17948e-25 9.66080e-25 4.24482e-24 8.39533e-23 
  0.01000   1.47008e-29 3.98503e-28 3.01313e-26 5.47652e-25 3.05103e-24 5.19676e-24 1.60649e-23 2.06563e-22 
  0.10000   1.25280e-28 2.55576e-27 1.87022e-25 2.63266e-24 1.10877e-23 1.79834e-23 4.94801e-23 2.94706e-22 
  1.00000   6.10472e-28 7.55019e-27 5.38307e-25 7.60971e-24 2.67948e-23 3.66839e-23 6.86120e-23 1.83119e-22 
 10.00000   1.07948e-27 8.10315e-27 5.68156e-25 1.04959e-23 2.05570e-23 3.58909e-23 4.64009e-23 6.04449e-23 
100.00000   5.95290e-29 4.71312e-28 1.68984e-26 3.41123e-25 6.22951e-25 7.61544e-25 1.12267e-24 1.44707e-24 

         31
          200.0
  0.00001   6.75701e-32 2.31934e-30 1.36353e-28 7.78074e-27 1.24222e-25 3.10620e-25 3.11061e-24 1.19153e-22 
  0.00010   6.65418e-31 1.91565e-29 9.63508e-28 2.82593e-26 2.67280e-25 5.83866e-25 3.87495e-24 1.28051e-22 
  0.00100   6.55562e-30 1.61887e-28 7.51539e-27 1.53487e-25 1.03355e-24 1.95982e-24 8.70110e-24 1.83900e-22 
  0.01000   6.37643e-29 1.36271e-27 6.08209e-26 1.00598e-24 5.61754e-24 9.65937e-24 3.07628e-23 4.64228e-22 
  0.10000   5.19079e-28 8.74410e-27 3.88036e-25 4.95803e-24 2.35180e-23 3.96132e-23 1.07851e-22 6.40208e-22 
  1.00000   2.36989e-27 2.93417e-26 1.34443e-24 1.68697e-23 5.71520e-23 7.76019e-23 1.31625e-22 3.65329e-22 
 10.00000   5.02189e-27 3.53608e-26 1.54908e-24 2.46141e-23 4.64579e-23 6.37956e-23 8.54999e-23 1.06636e-22 
100.00000   6.48832e-28 3.91853e-27 8.08376e-26 1.32673e-24 1.92794e-24 2.31681e-24 3.06962e-24 3.71489e-24 

         31
          250.0
  0.00001   2.24696e-31 6.75188e-30 3.09201e-28 2.08019e-26 3.46854e-25 8.57452e-25 7.45222e-24 2.63911e-22 
  0.00010   2.22083e-30 5.51908e-29 1.91118e-27 5.90892e-26 6.01364e-25 1.32860e-24 8.58005e-24 2.75548e-22 
  0.00100   2.19176e-29 4.52260e-28 1.35794e-26 2.69117e-25 1.84865e-24 3.56906e-24 1.58292e-23 3.66613e-22 
  0.01000   2.13545e-28 3.65800e-27 1.06673e-25 1.63766e-24 8.91631e-24 1.55730e-23 5.20690e-23 7.75554e-22 
  0.10000   1.68837e-27 2.31825e-26 7.01612e-25 8.24945e-24 4.00820e-23 6.63138e-23 1.78930e-22 9.94780e-22 
  1.00000   7.23408e-27 8.83583e-26 2.81775e-24 2.79283e-23 8.78677e-23 1.19379e-22 1.99235e-22 5.61196e-22 
 10.00000   1.78814e-26 1.30628e-25 3.86305e-24 4.07287e-23 7.53403e-23 8.60424e-23 1.15681e-22 1.58048e-22 
100.00000   4.29998e-27 2.11205e-26 2.97369e-25 3.07599e-24 3.99359e-24 4.73811e-24 5.99019e-24 7.07299e-24 

         31
          300.0
  0.00001   5.90563e-31 1.49560e-29 6.34721e-28 4.92013e-26 8.14151e-25 2.06921e-24 1.60740e-23 5.30535e-22 
  0.00010   5.85616e-30 1.27060e-28 3.48034e-27 1.14900e-25 1.21448e-24 2.74288e-24 1.73822e-23 5.38356e-22 
  0.00100   5.81102e-29 1.06137e-27 2.27729e-26 4.45500e-25 3.17638e-24 6.16475e-24 2.73256e-23 6.36920e-22 
  0.01000   5.71011e-28 8.45809e-27 1.69710e-25 2.49214e-24 1.31963e-23 2.34304e-23 8.18131e-23 1.16440e-21 
  0.10000   4.59039e-27 5.24774e-26 1.13328e-24 1.26485e-23 6.08448e-23 9.86465e-23 2.55817e-22 1.32997e-21 
  1.00000   1.96243e-26 2.11670e-25 4.86296e-24 4.14094e-23 1.16333e-22 1.57939e-22 2.63914e-22 7.16462e-22 
 10.00000   4.93587e-26 3.34818e-25 8.04791e-24 5.74993e-23 1.00392e-22 1.11337e-22 1.40972e-22 2.06114e-22 
100.00000   1.79184e-26 6.23827e-26 7.81897e-25 5.54549e-24 6.93938e-24 8.17215e-24 1.02677e-23 1.22965e-23 

         31
          350.0
  0.00001   1.30242e-30 2.86571e-29 1.17824e-27 1.06720e-25 1.69081e-24 4.28260e-24 3.18469e-23 9.46281e-22 
  0.00010   1.28866e-29 2.47334e-28 5.96688e-27 2.10557e-25 2.22089e-24 5.09640e-24 3.31511e-23 9.54942e-22 
  0.00100   1.27624e-28 2.09573e-27 3.61165e-26 7.06866e-25 5.12469e-24 9.92173e-24 4.51467e-23 1.02354e-21 
  0.01000   1.25769e-27 1.69303e-26 2.54729e-25 3.68167e-24 1.92058e-23 3.44350e-23 1.23830e-22 1.60722e-21 
  0.10000   1.04512e-26 1.06623e-25 1.67261e-24 1.85612e-23 8.58499e-23 1.38721e-22 3.37432e-22 1.64597e-21 
  1.00000   4.87986e-26 4.20181e-25 7.37584e-24 5.76962e-23 1.49995e-22 1.95636e-22 3.27974e-22 8.88871e-22 
 10.00000   1.12500e-25 6.56670e-25 1.33849e-23 7.34022e-23 1.28261e-22 1.42678e-22 1.70421e-22 2.50042e-22 
100.00000   5.37700e-26 1.29451e-25 1.59833e-24 8.87990e-24 1.08924e-23 1.33877e-23 1.73078e-23 2.18004e-23 

         31
          400.0
  0.00001   2.43610e-30 4.80704e-29 1.95343e-27 2.07161e-25 3.26234e-24 8.09761e-24 5.67165e-23 1.44299e-21 
  0.00010   2.40813e-29 4.13191e-28 9.32410e-27 3.57227e-25 3.93380e-24 9.01057e-24 5.81103e-23 1.44934e-21 
  0.00100   2.38075e-28 3.53307e-27 5.34368e-26 1.07783e-24 7.92055e-24 1.53216e-23 7.37249e-23 1.53235e-21 
  0.01000   2.34176e-27 2.94505e-26 3.66809e-25 5.26775e-24 2.73641e-23 4.94608e-23 1.81767e-22 2.11370e-21 
  0.10000   2.00640e-26 1.91772e-25 2.35688e-24 2.62495e-23 1.17048e-22 1.90627e-22 4.44723e-22 1.98666e-21 
  1.00000   9.94053e-26 7.45436e-25 1.04827e-23 7.49629e-23 1.91707e-22 2.52289e-22 4.04399e-22 1.01932e-21 
 10.00000   2.33472e-25 1.09420e-24 1.85434e-23 9.12492e-23 1.62908e-22 1.84373e-22 2.15489e-22 2.96105e-22 
100.00000   1.05650e-25 2.53685e-25 2.68221e-24 1.33285e-23 1.72628e-23 2.21423e-23 2.98910e-23 3.95397e-23 

         31
          600.0
  0.00001   1.30092e-29 1.98402e-28 7.99274e-27 1.34224e-24 2.29421e-23 6.15942e-23 3.61972e-22 4.73951e-21 
  0.00010   1.27515e-28 1.64926e-27 3.41298e-26 1.79766e-24 2.40493e-23 6.28706e-23 3.64458e-22 4.74065e-21 
  0.00100   1.25156e-27 1.38341e-26 1.77080e-25 3.95792e-24 3.38689e-23 7.68452e-23 3.94085e-22 4.80031e-21 
  0.01000   1.21950e-26 1.17339e-25 1.13434e-24 1.63807e-23 9.52800e-23 1.74343e-22 6.34784e-22 5.16917e-21 
  0.10000   1.09145e-25 8.76497e-25 7.03272e-24 7.67016e-23 3.27262e-22 5.08952e-22 1.13804e-21 4.18821e-21 
  1.00000   5.90954e-25 3.65681e-24 2.86165e-23 1.83734e-22 4.76913e-22 5.99002e-22 9.06535e-22 1.96007e-21 
 10.00000   1.34688e-24 6.08917e-24 4.44812e-23 1.94850e-22 3.70978e-22 4.65885e-22 6.93032e-22 9.35270e-22 
100.00000   5.70074e-25 2.03240e-24 1.02772e-23 4.95395e-23 1.00603e-22 1.36642e-22 1.94483e-22 2.61370e-22 

         32
          100.0
  0.00001   3.32954e-28 5.32341e-27 2.26553e-25 4.17581e-24 3.58245e-23 8.40375e-23 8.99118e-22 6.19066e-20 
  0.00010   3.22760e-27 4.77220e-26 2.11056e-24 3.35352e-23 2.18205e-22 4.69526e-22 2.94094e-21 9.53046e-20 
  0.00100   3.14505e-26 4.47387e-25 2.01834e-23 2.88467e-22 1.67089e-21 3.35299e-21 1.47141e-20 3.14191e-19 
  0.01000   3.05199e-25 4.18295e-24 1.90465e-22 2.41521e-21 1.30128e-20 2.40608e-20 7.97065e-20 1.07045e-18 
  0.10000   2.72301e-24 3.36327e-23 1.42691e-21 1.43734e-20 6.29871e-20 9.57213e-20 2.47340e-19 7.99915e-19 
  1.00000   1.95111e-23 1.20723e-22 5.93481e-21 4.43953e-20 8.65602e-20 1.04521e-19 1.43948e-19 2.58451e-19 
 10.00000   1.91871e-23 1.28300e-22 7.90186e-21 2.65853e-20 4.01525e-20 4.30663e-20 4.62408e-20 4.76745e-20 
100.00000   2.32347e-25 1.64179e-24 1.00707e-22 3.31916e-22 4.32576e-22 4.40576e-22 4.46346e-22 4.50769e-22 

         32
          150.0
  0.00001   7.28005e-28 1.65816e-26 2.78398e-25 5.98469e-24 6.66867e-23 1.79637e-22 3.19900e-21 1.70245e-19 
  0.00010   6.74688e-27 1.35864e-25 2.42926e-24 4.11612e-23 3.05251e-22 6.70772e-22 5.95579e-21 1.91623e-19 
  0.00100   6.46532e-26 1.20025e-24 2.24795e-23 3.24204e-22 1.92589e-21 3.86401e-21 1.96980e-20 3.58280e-19 
  0.01000   6.22845e-25 1.08842e-23 2.09771e-22 2.59141e-21 1.33340e-20 2.47987e-20 8.83562e-20 9.68163e-19 
  0.10000   5.53253e-24 8.41448e-23 1.65839e-21 1.47729e-20 6.10284e-20 9.42035e-20 2.29581e-19 7.47205e-19 
  1.00000   3.82821e-23 2.95221e-22 8.10618e-21 3.84921e-20 7.82519e-20 9.64764e-20 1.36547e-19 2.12891e-19 
 10.00000   5.35212e-23 3.00157e-22 1.03855e-20 2.90919e-20 3.62364e-20 3.77670e-20 4.05268e-20 4.20851e-20 
100.00000   1.36852e-24 1.11104e-23 3.24532e-22 6.34437e-22 7.45138e-22 7.55887e-22 7.65840e-22 8.01970e-22 

         32
          200.0
  0.00001   1.29547e-27 3.19879e-26 3.35574e-25 8.71031e-24 1.17849e-22 3.85026e-22 8.63718e-21 3.00349e-19 
  0.00010   1.15316e-26 2.52368e-25 2.70320e-24 4.96285e-23 4.16776e-22 9.70208e-22 1.15330e-20 3.12532e-19 
  0.00100   1.08396e-25 2.16267e-24 2.39281e-23 3.52003e-22 2.20607e-21 4.37595e-21 2.62363e-20 4.21012e-19 
  0.01000   1.02366e-24 1.93853e-23 2.17711e-22 2.70331e-21 1.38084e-20 2.53021e-20 9.73423e-20 8.88572e-19 
  0.10000   8.81777e-24 1.52963e-22 1.73521e-21 1.51121e-20 5.90604e-20 9.18974e-20 2.16938e-19 7.06204e-19 
  1.00000   5.68877e-23 5.61313e-22 8.62996e-21 3.51995e-20 7.06764e-20 8.75911e-20 1.28880e-19 1.99138e-19 
 10.00000   9.72368e-23 6.98908e-22 1.11833e-20 2.87841e-20 3.24273e-20 3.35804e-20 3.77065e-20 4.05969e-20 
100.00000   4.14564e-24 5.15761e-23 6.11802e-22 1.00115e-21 1.11180e-21 1.12786e-21 1.14470e-21 1.25857e-21 

         32
          250.0
  0.00001   2.33244e-27 4.69764e-26 4.16763e-25 1.30802e-23 2.03815e-22 8.15248e-22 1.75084e-20 4.11159e-19 
  0.00010   1.99823e-26 3.72483e-25 3.06093e-24 5.97384e-23 5.54371e-22 1.44285e-21 1.98999e-20 4.16920e-19 
  0.00100   1.83285e-25 3.16037e-24 2.56587e-23 3.76718e-22 2.48344e-21 4.98733e-21 3.38163e-20 4.83494e-19 
  0.01000   1.70193e-24 2.80766e-23 2.26578e-22 2.75473e-21 1.42615e-20 2.58262e-20 1.04566e-19 8.42559e-19 
  0.10000   1.42968e-23 2.27395e-22 1.78100e-21 1.51393e-20 5.76722e-20 8.84442e-20 2.10516e-19 6.57590e-19 
  1.00000   8.86138e-23 8.87898e-22 8.47630e-21 3.41801e-20 6.52022e-20 7.94089e-20 1.17781e-19 1.92506e-19 
 10.00000   1.53878e-22 1.55718e-21 1.31352e-20 2.67487e-20 2.98146e-20 3.12666e-20 3.80845e-20 4.29622e-20 
100.00000   9.71779e-24 1.66683e-22 9.70759e-22 1.42621e-21 1.57432e-21 1.59990e-21 1.62487e-21 1.82708e-21 

         32
          300.0
  0.00001   4.03287e-27 6.17882e-26 5.30225e-25 1.99940e-23 3.60386e-22 1.63228e-21 2.82963e-20 4.89008e-19 
  0.00010   3.31470e-26 4.92028e-25 3.49174e-24 7.21972e-23 7.45355e-22 2.21195e-21 2.97573e-20 4.91148e-19 
  0.00100   2.94081e-25 4.12239e-24 2.74737e-23 4.03745e-22 2.79888e-21 5.88960e-21 4.19810e-20 5.27703e-19 
  0.01000   2.71485e-24 3.58594e-23 2.34927e-22 2.77991e-21 1.44802e-20 2.66070e-20 1.10243e-19 8.10110e-19 
  0.10000   2.30706e-23 2.86239e-22 1.79296e-21 1.49863e-20 5.71879e-20 8.66198e-20 2.03927e-19 6.14308e-19 
  1.00000   1.38918e-22 1.22114e-21 8.46734e-21 3.33131e-20 6.31556e-20 7.49919e-20 1.08767e-19 1.78237e-19 
 10.00000   2.16983e-22 2.70885e-21 1.49441e-20 2.44207e-20 2.78317e-20 2.94481e-20 3.86414e-20 4.50509e-20 
100.00000   2.03498e-23 3.64540e-22 1.34351e-21 1.88038e-21 2.08839e-21 2.12070e-21 2.15007e-21 2.37441e-21 

         32
          350.0
  0.00001   6.66582e-27 7.61735e-26 6.84446e-25 3.04915e-23 6.36162e-22 2.93358e-21 4.04968e-20 5.45664e-19 
  0.00010   5.38208e-26 5.89364e-25 3.97399e-24 8.82961e-23 1.01279e-21 3.41718e-21 4.16317e-20 5.48748e-19 
  0.00100   4.57469e-25 4.87775e-24 2.93105e-23 4.31521e-22 3.19882e-21 7.16638e-21 5.21408e-20 5.64043e-19 
  0.01000   4.11448e-24 4.22321e-23 2.44233e-22 2.81581e-21 1.47876e-20 2.75716e-20 1.12914e-19 7.67679e-19 
  0.10000   3.49902e-23 3.41211e-22 1.80795e-21 1.46907e-20 5.59303e-20 8.65367e-20 2.00344e-19 5.83257e-19 
  1.00000   2.12844e-22 1.52269e-21 8.35583e-21 3.21544e-20 6.21403e-20 7.43342e-20 1.03866e-19 1.67719e-19 
 10.00000   3.07921e-22 3.83771e-21 1.51952e-20 2.29115e-20 2.64088e-20 2.79823e-20 3.76976e-20 4.54131e-20 
100.00000   4.26514e-23 5.69122e-22 1.59375e-21 2.30315e-21 2.55683e-21 2.58732e-21 2.62134e-21 2.86478e-21 

         32
          400.0
  0.00001   9.93154e-27 8.90705e-26 9.14838e-25 4.68105e-23 1.02243e-21 4.67662e-21 5.24769e-20 5.73832e-19 
  0.00010   7.99093e-26 6.67103e-25 4.65365e-24 1.09200e-22 1.39797e-21 5.11167e-21 5.35774e-20 5.75356e-19 
  0.00100   6.71195e-25 5.44943e-24 3.12560e-23 4.68685e-22 3.66085e-21 8.65363e-21 6.33351e-20 5.91352e-19 
  0.01000   5.87387e-24 4.70724e-23 2.51728e-22 2.87551e-21 1.53448e-20 2.90710e-20 1.16989e-19 7.33395e-19 
  0.10000   4.93568e-23 3.82904e-22 1.84659e-21 1.44045e-20 5.41430e-20 8.58556e-20 1.96153e-19 5.65606e-19 
  1.00000   2.87813e-22 1.85497e-21 8.08539e-21 3.14153e-20 6.05344e-20 7.29889e-20 1.01260e-19 1.58769e-19 
 10.00000   4.37835e-22 3.92172e-21 1.46677e-20 2.20761e-20 2.58952e-20 2.77206e-20 3.60248e-20 4.46670e-20 
100.00000   8.21621e-23 7.11409e-22 1.75728e-21 2.64694e-21 2.93891e-21 2.96332e-21 2.99192e-21 3.25428e-21 

         32
          600.0
  0.00001   2.42489e-26 1.44045e-25 2.85208e-24 2.34906e-22 4.03023e-21 1.51537e-20 1.00604e-19 6.21499e-19 
  0.00010   2.01895e-25 9.50913e-25 9.05617e-24 3.04887e-22 4.22899e-21 1.53317e-20 1.00958e-19 6.20916e-19 
  0.00100   1.63280e-24 7.07066e-24 4.42237e-23 7.18443e-22 6.25455e-21 1.76439e-20 1.04494e-19 6.20247e-19 
  0.01000   1.39595e-23 5.89823e-23 2.89033e-22 3.21842e-21 1.80927e-20 3.56309e-20 1.32642e-19 6.37552e-19 
  0.10000   1.16066e-22 4.72387e-22 1.96093e-21 1.43970e-20 5.05010e-20 8.02180e-20 1.77883e-19 4.81118e-19 
  1.00000   6.70077e-22 2.54499e-21 7.53345e-21 2.82596e-20 5.45276e-20 6.59635e-20 9.19673e-20 1.34537e-19 
 10.00000   1.34579e-21 4.96065e-21 1.25758e-20 1.92370e-20 2.40666e-20 2.81843e-20 3.19951e-20 3.86816e-20 
100.00000   4.83889e-22 1.29725e-21 2.82690e-21 3.94290e-21 4.01754e-21 4.03076e-21 4.06405e-21 4.19017e-21 

         33
          100.0
  0.00001   1.49536e-28 6.79078e-27 1.70208e-25 3.76412e-24 4.41051e-23 1.22567e-22 1.36084e-21 8.06225e-20 
  0.00010   1.45398e-27 6.24285e-26 1.54257e-24 2.86863e-23 2.37719e-22 5.27391e-22 3.06909e-21 1.08228e-19 
  0.00100   1.43177e-26 5.90093e-25 1.43916e-23 2.33562e-22 1.58790e-21 3.20960e-21 1.32518e-20 2.33744e-19 
  0.01000   1.39626e-25 5.43556e-24 1.29124e-22 1.83085e-21 1.09621e-20 1.96223e-20 6.26853e-20 6.13812e-19 
  0.10000   1.23455e-24 4.13824e-23 9.08431e-22 9.80756e-21 4.05278e-20 6.29320e-20 1.45086e-19 6.14972e-19 
  1.00000   7.32919e-24 1.73836e-22 3.03291e-21 2.48241e-20 6.48110e-20 7.82162e-20 1.11115e-19 1.79942e-19 
 10.00000   1.19823e-23 9.53679e-23 2.10748e-21 1.61530e-20 2.63300e-20 3.13887e-20 3.59508e-20 3.77643e-20 
100.00000   1.83131e-25 1.02234e-24 2.92766e-23 1.69426e-22 3.30180e-22 3.47635e-22 3.59239e-22 3.64566e-22 

         33
          150.0
  0.00001   8.04925e-28 2.32962e-26 2.94114e-25 7.43639e-24 1.04479e-22 3.64033e-22 5.49144e-21 1.97764e-19 
  0.00010   7.65638e-27 2.06404e-25 2.46950e-24 4.52777e-23 3.99828e-22 9.68362e-22 7.81345e-21 2.11702e-19 
  0.00100   7.30843e-26 1.90072e-24 2.19608e-23 3.21635e-22 2.18768e-21 4.41767e-21 2.05760e-20 3.20804e-19 
  0.01000   6.97573e-25 1.71794e-23 1.93187e-22 2.43659e-21 1.36625e-20 2.44115e-20 7.79400e-20 7.02769e-19 
  0.10000   6.01518e-24 1.27323e-22 1.34798e-21 1.21689e-20 4.60632e-20 7.26919e-20 1.64600e-19 6.42172e-19 
  1.00000   3.51446e-23 4.87970e-22 4.82087e-21 2.92592e-20 6.49149e-20 8.09377e-20 1.13505e-19 1.79479e-19 
 10.00000   6.75101e-23 3.41892e-22 5.54174e-21 2.01170e-20 2.97982e-20 3.78273e-20 4.44511e-20 4.70160e-20 
100.00000   2.10338e-24 8.28003e-24 1.53081e-22 4.06313e-22 7.83657e-22 8.21621e-22 8.48762e-22 8.60892e-22 

         33
          200.0
  0.00001   2.05280e-27 4.48571e-26 4.32572e-25 1.36754e-23 2.19855e-22 8.66036e-22 1.39699e-20 3.26101e-19 
  0.00010   1.89361e-26 3.87116e-25 3.32354e-24 6.45547e-23 5.95115e-22 1.64874e-21 1.61792e-20 3.31788e-19 
  0.00100   1.77164e-25 3.48623e-24 2.83125e-23 4.02212e-22 2.78940e-21 5.70411e-21 2.95552e-20 4.11305e-19 
  0.01000   1.66665e-24 3.13969e-23 2.43601e-22 2.90699e-21 1.57383e-20 2.80158e-20 8.93117e-20 7.44380e-19 
  0.10000   1.41878e-23 2.34982e-22 1.70015e-21 1.37840e-20 5.06495e-20 7.92333e-20 1.77009e-19 6.38284e-19 
  1.00000   8.02066e-23 8.50314e-22 5.81645e-21 3.15304e-20 6.38033e-20 7.95380e-20 1.12715e-19 1.83420e-19 
 10.00000   1.57795e-22 6.83404e-22 9.41005e-21 2.22158e-20 3.20501e-20 4.04930e-20 4.85461e-20 5.08639e-20 
100.00000   8.82861e-24 3.26175e-23 4.12671e-22 7.30143e-22 1.41757e-21 1.48306e-21 1.53849e-21 1.55943e-21 

         33
          250.0
  0.00001   4.03033e-27 6.48246e-26 6.05328e-25 2.43799e-23 4.35321e-22 1.79078e-21 2.56543e-20 4.57675e-19 
  0.00010   3.53390e-26 5.44778e-25 4.19048e-24 8.79926e-23 8.53395e-22 2.68516e-21 2.74607e-20 4.61496e-19 
  0.00100   3.24517e-25 4.80673e-24 3.36497e-23 4.80547e-22 3.38883e-21 7.21640e-21 4.01988e-20 5.05651e-19 
  0.01000   3.01470e-24 4.32747e-23 2.83673e-22 3.26518e-21 1.75424e-20 3.06740e-20 9.90085e-20 7.59408e-19 
  0.10000   2.54400e-23 3.35919e-22 2.00613e-21 1.49901e-20 5.44662e-20 8.30309e-20 1.85795e-19 6.30475e-19 
  1.00000   1.40089e-22 1.29291e-21 6.45983e-21 3.22117e-20 6.39449e-20 7.81358e-20 1.09730e-19 1.85056e-19 
 10.00000   2.74279e-22 1.16481e-21 1.15517e-20 2.29062e-20 3.39261e-20 4.05734e-20 4.96108e-20 5.22764e-20 
100.00000   2.34561e-23 9.53547e-23 7.48691e-22 1.09176e-21 2.17493e-21 2.27797e-21 2.37449e-21 2.40636e-21 

         33
          300.0
  0.00001   7.46882e-27 8.52547e-26 8.51982e-25 4.28067e-23 8.32190e-22 3.41458e-21 3.90536e-20 5.72546e-19 
  0.00010   6.12467e-26 6.81204e-25 5.20405e-24 1.18471e-22 1.27024e-21 4.19377e-21 4.04961e-20 5.76810e-19 
  0.00100   5.40120e-25 5.85895e-24 3.80740e-23 5.61617e-22 4.03860e-21 9.04074e-21 5.24956e-20 6.03792e-19 
  0.01000   4.91867e-24 5.19963e-23 3.11713e-22 3.58421e-21 1.92750e-20 3.28801e-20 1.09402e-19 7.85741e-19 
  0.10000   4.09368e-23 4.06724e-22 2.19613e-21 1.61847e-20 5.64828e-20 8.57960e-20 1.91987e-19 6.26569e-19 
  1.00000   2.24165e-22 1.75407e-21 7.11511e-21 3.26547e-20 6.45955e-20 7.85206e-20 1.08739e-19 1.79294e-19 
 10.00000   4.23693e-22 1.87285e-21 1.21888e-20 2.35084e-20 3.54419e-20 3.96591e-20 4.84312e-20 5.32525e-20 
100.00000   4.98094e-23 2.22456e-22 1.11986e-21 1.50605e-21 2.99301e-21 3.13897e-21 3.27502e-21 3.32246e-21 

         33
          350.0
  0.00001   1.31356e-26 1.15409e-25 1.20296e-24 7.27561e-23 1.51368e-21 5.83636e-21 5.46498e-20 6.53606e-19 
  0.00010   1.02905e-25 8.25296e-25 6.47160e-24 1.58348e-22 1.92668e-21 6.35651e-21 5.58626e-20 6.55518e-19 
  0.00100   8.44953e-25 6.78435e-24 4.32784e-23 6.46805e-22 4.89016e-21 1.13750e-20 6.64139e-20 6.86843e-19 
  0.01000   7.53598e-24 5.92186e-23 3.33184e-22 3.85831e-21 2.06762e-20 3.55828e-20 1.18858e-19 8.33637e-19 
  0.10000   6.17704e-23 4.66363e-22 2.34034e-21 1.72249e-20 5.82581e-20 8.75879e-20 1.98156e-19 6.20468e-19 
  1.00000   3.47827e-22 2.04465e-21 7.98279e-21 3.34551e-20 6.47051e-20 7.90648e-20 1.08422e-19 1.71003e-19 
 10.00000   6.29446e-22 2.94549e-21 1.29521e-20 2.45104e-20 3.59867e-20 3.96643e-20 4.62140e-20 5.35959e-20 
100.00000   9.38332e-23 4.25590e-22 1.46268e-21 2.03315e-21 3.81656e-21 4.00406e-21 4.17605e-21 4.23588e-21 

         33
          400.0
  0.00001   1.96039e-26 1.49560e-25 1.74173e-24 1.17113e-22 2.45217e-21 8.93795e-21 7.27196e-20 7.39662e-19 
  0.00010   1.55344e-25 1.02361e-24 8.03799e-24 2.10017e-22 2.85436e-21 9.35831e-21 7.36765e-20 7.40230e-19 
  0.00100   1.25631e-24 7.78509e-24 4.90403e-23 7.36693e-22 5.83473e-21 1.39610e-20 8.15764e-20 7.59467e-19 
  0.01000   1.08722e-23 6.57076e-23 3.58733e-22 4.10312e-21 2.18958e-20 3.79670e-20 1.27356e-19 8.46367e-19 
  0.10000   8.75639e-23 5.10916e-22 2.44861e-21 1.79730e-20 5.98303e-20 8.95805e-20 1.99045e-19 5.98943e-19 
  1.00000   4.88448e-22 2.27012e-21 8.69206e-21 3.38357e-20 6.58883e-20 7.97214e-20 1.07677e-19 1.68393e-19 
 10.00000   8.82645e-22 4.16976e-21 1.32604e-20 2.44723e-20 3.52052e-20 3.98942e-20 4.39091e-20 5.30020e-20 
100.00000   1.60048e-22 6.82726e-22 1.77232e-21 2.58057e-21 4.56266e-21 4.77841e-21 4.99433e-21 5.05139e-21 

         33
          600.0
  0.00001   4.39051e-26 2.81823e-25 7.34812e-24 5.63839e-22 8.77966e-21 2.59671e-20 1.37004e-19 9.04641e-19 
  0.00010   3.45715e-25 1.75863e-24 1.88543e-23 6.53331e-22 9.01863e-21 2.61879e-20 1.37339e-19 9.04462e-19 
  0.00100   2.89741e-24 1.24337e-23 7.96593e-23 1.31221e-21 1.16036e-20 2.87024e-20 1.39837e-19 8.98248e-19 
  0.01000   2.46156e-23 9.46964e-23 4.71839e-22 5.14368e-21 2.79082e-20 4.89088e-20 1.60146e-19 8.40635e-19 
  0.10000   1.92561e-22 6.87701e-22 2.90787e-21 2.05370e-20 6.51994e-20 9.62357e-20 2.03290e-19 5.77973e-19 
  1.00000   1.10597e-21 3.18441e-21 9.75261e-21 3.38841e-20 6.47984e-20 7.94195e-20 1.09519e-19 1.47209e-19 
 10.00000   2.46730e-21 6.82453e-21 1.42098e-20 2.43937e-20 3.08996e-20 3.24355e-20 3.99216e-20 4.74924e-20 
100.00000   7.23500e-22 2.08544e-21 2.97390e-21 4.70603e-21 6.84698e-21 7.18710e-21 7.45822e-21 7.54551e-21 

         34
          100.0
  0.00001   4.07445e-29 5.74013e-28 4.00036e-27 5.78332e-26 4.84253e-25 1.31902e-24 2.42083e-23 5.80209e-22 
  0.00010   3.98742e-28 5.60358e-27 3.82088e-26 5.10364e-25 3.53363e-24 7.82540e-24 6.29555e-23 9.84350e-22 
  0.00100   3.92546e-27 5.51508e-26 3.71419e-25 4.68621e-24 2.83652e-23 5.53871e-23 3.03957e-22 3.68840e-21 
  0.01000   3.85133e-26 5.36721e-25 3.55027e-24 4.05507e-23 2.15798e-22 3.89116e-22 1.58738e-21 1.24623e-20 
  0.10000   3.46085e-25 4.72926e-24 2.95263e-23 2.51266e-22 9.54025e-22 1.41840e-21 2.98278e-21 8.36710e-21 
  1.00000   2.51303e-24 2.48275e-23 1.41290e-22 4.88252e-22 8.26971e-22 9.63951e-22 1.33326e-21 2.04842e-21 
 10.00000   6.04505e-24 4.11006e-23 1.39101e-22 2.18280e-22 2.51632e-22 2.67920e-22 2.96450e-22 3.09672e-22 
100.00000   1.03209e-25 5.44765e-25 1.50850e-24 2.32747e-24 2.56271e-24 2.58740e-24 2.66428e-24 2.70187e-24 

         34
          150.0
  0.00001   1.14466e-28 8.25663e-28 5.09220e-27 8.96365e-26 9.68265e-25 3.69648e-24 1.13453e-22 2.06119e-21 
  0.00010   1.08627e-27 7.82047e-27 4.59543e-26 6.59827e-25 5.12459e-24 1.30263e-23 1.72599e-22 2.39001e-21 
  0.00100   1.04920e-26 7.54721e-26 4.30855e-25 5.47268e-24 3.40365e-23 7.10680e-23 4.71314e-22 4.55171e-21 
  0.01000   1.01556e-25 7.24774e-25 4.03837e-24 4.49907e-23 2.35534e-22 4.39207e-22 1.74312e-21 1.11622e-20 
  0.10000   9.10904e-25 6.35201e-24 3.30195e-23 2.63195e-22 9.28135e-22 1.36303e-21 2.81823e-21 7.29871e-21 
  1.00000   5.69885e-24 3.66553e-23 1.45122e-22 4.64699e-22 7.63982e-22 8.77421e-22 1.13782e-21 1.67926e-21 
 10.00000   1.65916e-23 6.39445e-23 1.63600e-22 2.28879e-22 2.57023e-22 2.65020e-22 3.00261e-22 3.17246e-22 
100.00000   6.66285e-25 1.71651e-24 3.58503e-24 4.69320e-24 5.02771e-24 5.07724e-24 5.21469e-24 5.29558e-24 

         34
          200.0
  0.00001   2.20626e-28 1.11564e-27 6.98581e-27 1.66678e-25 2.39694e-24 1.16854e-23 3.43478e-22 4.53283e-21 
  0.00010   2.06651e-27 1.02008e-26 5.77120e-26 9.41178e-25 8.09734e-24 2.42070e-23 4.06351e-22 4.70522e-21 
  0.00100   1.97921e-26 9.60500e-26 5.15821e-25 6.72971e-24 4.29252e-23 9.53122e-23 7.28400e-22 6.03977e-21 
  0.01000   1.89922e-25 9.10318e-25 4.68976e-24 5.16410e-23 2.69826e-22 5.18483e-22 2.03286e-21 1.04153e-20 
  0.10000   1.68204e-24 7.84941e-24 3.70422e-23 2.84421e-22 9.53039e-22 1.37411e-21 2.70834e-21 6.81401e-21 
  1.00000   1.02347e-23 4.63468e-23 1.55373e-22 4.56080e-22 7.52712e-22 8.59844e-22 1.05301e-21 1.44600e-21 
 10.00000   2.81701e-23 8.96738e-23 1.70424e-22 2.36616e-22 2.64924e-22 2.68776e-22 2.92951e-22 3.05731e-22 
100.00000   1.96470e-24 4.05564e-24 6.42112e-24 7.62399e-24 8.45853e-24 8.64248e-24 8.94093e-24 9.08240e-24 

         34
          250.0
  0.00001   3.24320e-28 1.54701e-27 1.05941e-26 3.66968e-25 6.88989e-24 3.59910e-23 7.23967e-22 7.19777e-21 
  0.00010   3.02649e-27 1.36590e-26 7.72378e-26 1.48793e-24 1.43945e-23 4.98862e-23 7.69582e-22 7.28874e-21 
  0.00100   2.85988e-26 1.25025e-25 6.44446e-25 8.78658e-24 5.76215e-23 1.34624e-22 1.07246e-21 7.96711e-21 
  0.01000   2.70626e-25 1.17108e-24 5.63393e-24 6.17011e-23 3.23185e-22 6.24089e-22 2.43361e-21 1.05172e-20 
  0.10000   2.36615e-24 9.87991e-24 4.25590e-23 3.20515e-22 1.03333e-21 1.46402e-21 2.76837e-21 6.61945e-21 
  1.00000   1.52958e-23 5.59307e-23 1.72021e-22 4.69571e-22 7.71025e-22 8.78668e-22 1.05424e-21 1.40885e-21 
 10.00000   3.59114e-23 1.16551e-22 1.79950e-22 2.49910e-22 2.85250e-22 2.92311e-22 3.14360e-22 3.38919e-22 
100.00000   3.55730e-24 8.08755e-24 1.03218e-23 1.23863e-23 1.40881e-23 1.44233e-23 1.48589e-23 1.64478e-23 

         34
          300.0
  0.00001   4.05467e-28 2.12297e-27 1.77539e-26 9.00656e-25 2.00547e-23 9.47147e-23 1.22768e-21 9.88323e-21 
  0.00010   3.74022e-27 1.81720e-26 1.10210e-25 2.52733e-24 2.86502e-23 1.07431e-22 1.25684e-21 9.88984e-21 
  0.00100   3.42928e-26 1.61289e-25 8.33359e-25 1.19519e-23 8.21055e-23 2.01527e-22 1.51893e-21 1.00776e-20 
  0.01000   3.16112e-25 1.48768e-24 6.95860e-24 7.54214e-23 3.94464e-22 7.46563e-22 2.84372e-21 1.14570e-20 
  0.10000   2.76501e-24 1.23206e-23 5.04409e-23 3.71161e-22 1.14566e-21 1.60964e-21 3.00874e-21 6.73477e-21 
  1.00000   1.76899e-23 6.85588e-23 1.90921e-22 5.02308e-22 8.17140e-22 9.30029e-22 1.11436e-21 1.63231e-21 
 10.00000   3.41390e-23 1.36527e-22 1.98135e-22 2.79747e-22 3.26604e-22 3.40547e-22 3.96683e-22 4.72178e-22 
100.00000   4.66799e-24 1.29898e-23 1.62369e-23 2.29425e-23 2.48145e-23 2.49635e-23 2.51894e-23 3.33542e-23 

         34
          350.0
  0.00001   5.09928e-28 2.83939e-27 3.24156e-26 2.27299e-24 5.16871e-23 2.07944e-22 1.87235e-21 1.26037e-20 
  0.00010   4.65576e-27 2.36944e-26 1.66492e-25 4.45434e-24 5.99418e-23 2.17376e-22 1.89466e-21 1.26021e-20 
  0.00100   4.20957e-26 2.04325e-25 1.11560e-24 1.68059e-23 1.25047e-22 3.17843e-22 2.10627e-21 1.27334e-20 
  0.01000   3.81004e-25 1.83337e-24 8.77012e-24 9.47477e-23 4.91538e-22 9.11753e-22 3.29972e-21 1.24112e-20 
  0.10000   3.30106e-24 1.50779e-23 6.15726e-23 4.30625e-22 1.29012e-21 1.80235e-21 3.25390e-21 7.25569e-21 
  1.00000   1.96560e-23 8.19734e-23 2.13008e-22 5.57218e-22 8.99644e-22 1.01770e-21 1.22106e-21 2.19884e-21 
 10.00000   3.43607e-23 1.56908e-22 2.24022e-22 3.32737e-22 4.08631e-22 4.39381e-22 5.66151e-22 6.82096e-22 
100.00000   6.27906e-24 1.83836e-23 2.48337e-23 4.28645e-23 4.50267e-23 4.55723e-23 4.61423e-23 6.29669e-23 

         34
          400.0
  0.00001   6.44332e-28 3.74362e-27 5.71305e-26 5.32023e-24 1.11895e-22 3.89935e-22 2.72529e-21 1.54329e-20 
  0.00010   5.93017e-27 3.07007e-26 2.55259e-25 8.12294e-24 1.20218e-22 3.99031e-22 2.74365e-21 1.54240e-20 
  0.00100   5.39137e-26 2.59642e-25 1.52601e-24 2.41971e-23 1.96036e-22 4.99926e-22 2.91473e-21 1.53674e-20 
  0.01000   4.87241e-25 2.27969e-24 1.12184e-23 1.21409e-22 6.32771e-22 1.14899e-21 3.90580e-21 1.40025e-20 
  0.10000   4.08777e-24 1.85827e-23 7.53342e-23 5.12050e-22 1.50288e-21 2.05734e-21 3.63273e-21 8.10389e-21 
  1.00000   2.30740e-23 9.44657e-23 2.46523e-22 6.35998e-22 1.00377e-21 1.15060e-21 1.54874e-21 2.82558e-21 
 10.00000   4.22914e-23 1.71455e-22 2.60036e-22 4.30678e-22 5.27409e-22 5.84499e-22 7.46339e-22 9.07917e-22 
100.00000   9.02325e-24 2.46516e-23 3.78996e-23 6.94012e-23 7.59961e-23 7.64202e-23 7.90373e-23 1.08348e-22 

         34
          600.0
  0.00001   1.41519e-27 9.96654e-27 3.52832e-25 6.52602e-23 8.87469e-22 2.01777e-21 7.70107e-21 3.17712e-20 
  0.00010   1.32062e-26 7.55212e-26 1.04364e-24 7.20339e-23 8.93905e-22 2.02367e-21 7.70621e-21 3.17582e-20 
  0.00100   1.22353e-25 5.99157e-25 4.69014e-24 1.08553e-22 9.76383e-22 2.10050e-21 7.70767e-21 3.14572e-20 
  0.01000   1.13064e-24 5.06944e-24 2.83960e-23 3.16192e-22 1.64785e-21 2.83519e-21 7.83640e-21 2.89215e-20 
  0.10000   9.71806e-24 3.89695e-23 1.61002e-22 1.00648e-21 2.76221e-21 3.72959e-21 6.57101e-21 1.80379e-20 
  1.00000   5.33587e-23 1.71416e-22 4.38398e-22 1.17670e-21 2.25250e-21 2.72822e-21 3.75372e-21 6.36747e-21 
 10.00000   1.05854e-22 2.38476e-22 4.88354e-22 1.02310e-21 1.54219e-21 1.70456e-21 2.06520e-21 2.28298e-21 
100.00000   3.67264e-23 6.26125e-23 1.28068e-22 3.10037e-22 3.84415e-22 4.05174e-22 4.41647e-22 5.33334e-22 

         35
          100.0
  0.00001   1.19062e-30 1.56528e-29 2.62210e-28 5.61725e-27 6.58065e-26 2.04280e-25 2.50457e-24 7.02124e-23 
  0.00010   1.15807e-29 1.44707e-28 2.22135e-27 3.89593e-26 3.46985e-25 7.94725e-25 4.60962e-24 1.03077e-22 
  0.00100   1.12892e-28 1.36226e-27 1.93255e-26 3.15065e-25 2.26778e-24 4.10085e-24 1.56378e-23 3.13859e-22 
  0.01000   1.06982e-27 1.24572e-26 1.60891e-25 2.41292e-24 1.37494e-23 2.33609e-23 7.30750e-23 1.08592e-21 
  0.10000   8.98414e-27 8.79392e-26 8.64046e-25 1.20415e-23 6.41850e-23 1.07461e-22 2.78520e-22 1.08467e-21 
  1.00000   4.35437e-26 2.60531e-25 2.00283e-24 4.36738e-23 1.23581e-22 1.49189e-22 2.36391e-22 4.06893e-22 
 10.00000   6.75736e-26 1.58343e-25 1.36369e-24 3.89140e-23 6.71523e-23 7.33117e-23 8.21738e-23 1.10818e-22 
100.00000   8.70052e-28 2.06732e-27 1.82892e-26 4.66120e-25 7.17581e-25 8.22065e-25 9.65610e-25 1.08592e-24 

         35
          150.0
  0.00001   4.34165e-30 5.04463e-29 6.71435e-28 1.68556e-26 2.33964e-25 8.64649e-25 1.10830e-23 3.26105e-22 
  0.00010   4.05519e-29 4.25813e-28 5.14099e-27 9.07049e-26 8.81175e-25 2.29169e-24 1.49500e-23 3.92840e-22 
  0.00100   3.83714e-28 3.78711e-27 4.20624e-26 6.39495e-25 4.66662e-24 8.95220e-24 3.50476e-23 8.46312e-22 
  0.01000   3.53929e-27 3.35893e-26 3.50819e-25 4.56643e-24 2.55684e-23 4.39983e-23 1.55644e-22 2.30523e-21 
  0.10000   2.89483e-26 2.34740e-25 2.04485e-24 2.41481e-23 1.31984e-22 2.18726e-22 5.54627e-22 1.94962e-21 
  1.00000   1.43502e-25 6.45451e-25 6.20373e-24 8.83270e-23 2.36475e-22 2.76741e-22 4.07680e-22 6.37701e-22 
 10.00000   2.36294e-25 5.55031e-25 5.80880e-24 9.10979e-23 1.17970e-22 1.28362e-22 1.41588e-22 1.59282e-22 
100.00000   5.93961e-27 1.57102e-26 2.00767e-25 1.89943e-24 2.41887e-24 2.57845e-24 2.85839e-24 3.12452e-24 

         35
          200.0
  0.00001   1.01627e-29 1.12275e-28 1.29104e-27 4.20924e-26 6.43347e-25 2.46211e-24 2.67844e-23 9.48376e-22 
  0.00010   9.24459e-29 8.72200e-28 8.69160e-27 1.73457e-25 1.73273e-24 4.57780e-24 3.15474e-23 1.03154e-21 
  0.00100   8.50868e-28 7.26389e-27 6.72930e-26 1.02426e-24 7.13054e-24 1.43312e-23 6.00926e-23 1.57327e-21 
  0.01000   7.70463e-27 6.19241e-26 5.54255e-25 6.67373e-24 3.63258e-23 6.12925e-23 2.41013e-22 3.23786e-21 
  0.10000   6.26871e-26 4.13125e-25 3.26512e-24 3.60316e-23 1.89368e-22 3.07177e-22 7.67298e-22 2.65951e-21 
  1.00000   2.99907e-25 1.08375e-24 1.33661e-23 1.20623e-22 3.19813e-22 3.75887e-22 5.33980e-22 7.70073e-22 
 10.00000   4.75240e-25 1.08818e-24 1.79678e-23 1.27739e-22 1.53408e-22 1.66016e-22 1.81028e-22 1.89708e-22 
100.00000   2.14772e-26 5.64587e-26 1.16740e-24 4.41991e-24 5.09291e-24 5.25164e-24 5.51385e-24 5.88608e-24 

         35
          250.0
  0.00001   1.94762e-29 2.04368e-28 2.33197e-27 9.82838e-26 1.58349e-24 5.67681e-24 5.05085e-23 1.91687e-21 
  0.00010   1.76326e-28 1.51203e-27 1.35513e-26 3.11547e-25 3.14323e-24 7.95622e-24 5.52909e-23 1.97513e-21 
  0.00100   1.59839e-27 1.19122e-26 9.56642e-26 1.50684e-24 1.00385e-23 2.01802e-23 9.15297e-23 2.40056e-21 
  0.01000   1.42359e-26 9.79866e-26 7.59001e-25 8.87270e-24 4.64791e-23 7.76020e-23 3.22574e-22 3.88644e-21 
  0.10000   1.13603e-25 6.29211e-25 4.36455e-24 4.70896e-23 2.36237e-22 3.71276e-22 9.35370e-22 3.20136e-21 
  1.00000   4.97387e-25 1.60101e-24 2.03429e-23 1.45259e-22 3.65092e-22 4.38710e-22 6.24004e-22 8.79522e-22 
 10.00000   7.78148e-25 1.70920e-24 3.75520e-23 1.46505e-22 1.81897e-22 1.92674e-22 2.05373e-22 2.21888e-22 
100.00000   5.81629e-26 1.26974e-25 3.50516e-24 8.03520e-24 9.10717e-24 9.28722e-24 9.42367e-24 9.74227e-24 

         35
          300.0
  0.00001   3.23717e-29 3.21297e-28 4.20416e-27 2.18661e-25 3.56830e-24 1.12349e-23 8.82360e-23 2.94215e-21 
  0.00010   2.94035e-28 2.32999e-27 2.12415e-26 5.37741e-25 5.46857e-24 1.34365e-23 9.33720e-23 2.97269e-21 
  0.00100   2.65841e-27 1.77521e-26 1.30092e-25 2.13495e-24 1.41552e-23 2.74687e-23 1.31936e-22 3.25438e-21 
  0.01000   2.33240e-26 1.42149e-25 9.69543e-25 1.13695e-23 5.63564e-23 9.66253e-23 4.02536e-22 4.43561e-21 
  0.10000   1.77753e-25 9.11846e-25 5.70677e-24 5.72757e-23 2.75994e-22 4.20110e-22 1.07835e-21 3.52480e-21 
  1.00000   7.57593e-25 2.31490e-24 2.58992e-23 1.67719e-22 3.93289e-22 4.73930e-22 6.73797e-22 9.99018e-22 
 10.00000   1.19219e-24 2.54654e-24 5.98154e-23 1.64391e-22 2.00033e-22 2.10495e-22 2.28986e-22 2.62755e-22 
100.00000   1.29607e-25 2.38760e-25 7.33214e-24 1.25657e-23 1.50271e-23 1.53931e-23 1.56988e-23 1.58558e-23 

         35
          350.0
  0.00001   4.76893e-29 4.61236e-28 7.27611e-27 4.67599e-25 7.23911e-24 2.06449e-23 1.49541e-22 3.91833e-21 
  0.00010   4.25033e-28 3.25275e-27 3.31156e-26 8.91018e-25 9.14607e-24 2.26211e-23 1.53596e-22 3.93062e-21 
  0.00100   3.81370e-27 2.45247e-26 1.82388e-25 2.99483e-24 1.98790e-23 3.85102e-23 1.91798e-22 4.09493e-21 
  0.01000   3.35684e-26 1.94116e-25 1.23501e-24 1.44646e-23 6.87125e-23 1.16825e-22 4.74847e-22 4.97996e-21 
  0.10000   2.52812e-25 1.31244e-24 7.22243e-24 6.78408e-23 3.08828e-22 4.71851e-22 1.17634e-21 3.74926e-21 
  1.00000   1.15056e-24 3.35102e-24 3.14847e-23 1.90729e-22 4.18199e-22 5.06083e-22 7.04432e-22 1.09337e-21 
 10.00000   1.83143e-24 3.19502e-24 7.77107e-23 1.74689e-22 2.12248e-22 2.26688e-22 2.64931e-22 2.97349e-22 
100.00000   2.59247e-25 5.58806e-25 1.21674e-23 1.83646e-23 2.22776e-23 2.27704e-23 2.32458e-23 2.34486e-23 

         35
          400.0
  0.00001   6.53476e-29 6.39502e-28 1.14507e-26 9.53158e-25 1.31602e-23 3.55512e-23 2.35302e-22 4.78056e-21 
  0.00010   5.74727e-28 4.47399e-27 4.82610e-26 1.47101e-24 1.51307e-23 3.73220e-23 2.38231e-22 4.78925e-21 
  0.00100   5.15327e-27 3.29578e-26 2.55146e-25 4.14241e-24 2.80033e-23 5.54572e-23 2.78220e-22 4.87396e-21 
  0.01000   4.59159e-26 2.59599e-25 1.59674e-24 1.82425e-23 8.65272e-23 1.47174e-22 5.86261e-22 5.41609e-21 
  0.10000   3.48201e-25 1.74636e-24 8.96995e-24 8.02046e-23 3.39384e-22 5.17438e-22 1.27923e-21 3.89965e-21 
  1.00000   1.53218e-24 4.66192e-24 3.67365e-23 2.10623e-22 4.40748e-22 5.32997e-22 7.26365e-22 1.16351e-21 
 10.00000   2.31319e-24 5.49501e-24 8.76410e-23 1.79666e-22 2.21417e-22 2.48526e-22 2.90760e-22 3.24112e-22 
100.00000   3.88314e-25 1.15003e-24 1.57281e-23 2.47781e-23 3.02187e-23 3.07111e-23 3.12886e-23 3.15636e-23 

         35
          600.0
  0.00001   2.05454e-28 1.60304e-27 4.79848e-26 7.66302e-24 1.00337e-22 2.17510e-22 1.07902e-21 7.43946e-21 
  0.00010   1.72302e-27 1.15916e-26 1.43113e-25 8.56251e-24 1.01940e-22 2.19179e-22 1.08079e-21 7.43126e-21 
  0.00100   1.47018e-26 8.95224e-26 6.76791e-25 1.41386e-23 1.17487e-22 2.36177e-22 1.10076e-21 7.40108e-21 
  0.01000   1.25965e-25 7.26003e-25 3.96706e-24 4.52737e-23 2.19602e-22 3.82272e-22 1.26591e-21 6.86022e-21 
  0.10000   9.28898e-25 5.16746e-24 2.21966e-23 1.58492e-22 5.08573e-22 7.29377e-22 1.54148e-21 4.14718e-21 
  1.00000   3.40137e-24 1.71419e-23 7.08683e-23 2.69846e-22 5.20617e-22 6.23946e-22 8.18003e-22 1.37919e-21 
 10.00000   5.07089e-24 2.30207e-23 1.27219e-22 2.12115e-22 2.70401e-22 3.05174e-22 3.63567e-22 4.48059e-22 
100.00000   1.69759e-24 8.15762e-24 3.20922e-23 5.50763e-23 6.56874e-23 6.71855e-23 6.84282e-23 6.91291e-23 

         36
          100.0
  0.00001   5.41213e-33 9.82405e-31 8.78875e-29 2.16391e-27 2.36639e-26 5.95790e-26 7.74198e-25 3.82929e-23 
  0.00010   5.20648e-32 8.09442e-30 7.84001e-28 1.34591e-26 1.00861e-25 2.13350e-25 1.51855e-24 4.43197e-23 
  0.00100   5.06585e-31 6.89000e-29 7.10621e-27 1.00308e-25 6.07342e-25 1.18329e-24 5.44188e-24 7.51292e-23 
  0.01000   4.86012e-30 5.59294e-28 6.19234e-26 7.36164e-25 3.71571e-24 6.64943e-24 2.10568e-23 1.28688e-22 
  0.10000   3.86405e-29 3.19217e-27 4.40635e-25 3.44196e-24 1.11293e-23 1.58590e-23 2.87587e-23 6.11404e-23 
  1.00000   1.47930e-28 9.23421e-27 1.72031e-24 5.41377e-24 8.11879e-24 8.91824e-24 1.14278e-23 1.51017e-23 
 10.00000   1.66999e-28 7.73462e-27 1.57112e-24 2.75145e-24 3.10815e-24 3.17762e-24 3.42082e-24 3.58076e-24 
100.00000   3.74102e-30 1.27764e-28 1.85930e-26 3.36087e-26 3.79719e-26 3.84286e-26 3.89382e-26 3.93283e-26 

         36
          150.0
  0.00001   5.36613e-32 6.35928e-30 1.20714e-28 4.16987e-27 5.88432e-26 1.73973e-25 2.42573e-24 6.36645e-23 
  0.00010   5.01746e-31 5.08543e-29 9.49298e-28 1.82348e-26 1.55112e-25 3.50024e-25 3.07880e-24 6.54509e-23 
  0.00100   4.75652e-30 4.24437e-28 8.01121e-27 1.11910e-25 7.00508e-25 1.38136e-24 6.92529e-24 8.27161e-23 
  0.01000   4.51454e-29 3.55080e-27 6.74388e-26 7.56462e-25 3.73306e-24 6.69807e-24 2.13878e-23 1.21923e-22 
  0.10000   3.65902e-28 2.11450e-26 4.77596e-25 3.31103e-24 1.08264e-23 1.53979e-23 2.76103e-23 5.71660e-23 
  1.00000   1.37060e-27 7.56277e-26 1.73402e-24 4.91018e-24 6.98335e-24 7.79093e-24 1.03934e-23 1.57414e-23 
 10.00000   1.47516e-27 7.29443e-26 1.81113e-24 2.93058e-24 3.13752e-24 3.57685e-24 4.35831e-24 4.73462e-24 
100.00000   7.09819e-29 2.41629e-27 4.30813e-26 6.68290e-26 8.57651e-26 8.76706e-26 8.92753e-26 9.02121e-26 

         36
          200.0
  0.00001   2.41660e-31 1.43702e-29 1.76969e-28 8.51084e-27 1.39225e-25 4.38136e-25 4.98086e-24 8.08488e-23 
  0.00010   2.19909e-30 1.14299e-28 1.16082e-27 2.55637e-26 2.45036e-25 5.95302e-25 5.34377e-24 8.18246e-23 
  0.00100   2.04405e-29 9.41183e-28 8.76176e-27 1.25139e-25 8.18786e-25 1.59764e-24 8.69386e-24 9.05964e-23 
  0.01000   1.89412e-28 7.88841e-27 6.98943e-26 7.64507e-25 3.76925e-24 6.69892e-24 2.16428e-23 1.16359e-22 
  0.10000   1.49025e-27 5.11826e-26 4.78336e-25 3.20607e-24 1.03690e-23 1.47058e-23 2.62164e-23 5.41093e-23 
  1.00000   5.95948e-27 2.19546e-25 1.70909e-24 4.59286e-24 6.37282e-24 7.14198e-24 9.41467e-24 1.69388e-23 
 10.00000   6.29105e-27 2.56524e-25 1.81845e-24 2.78484e-24 3.06127e-24 3.90054e-24 5.17456e-24 5.82601e-24 
100.00000   5.49197e-28 1.31557e-26 7.31423e-26 1.08101e-25 1.56684e-25 1.62211e-25 1.66132e-25 1.67980e-25 

         36
          250.0
  0.00001   7.84619e-31 2.06942e-29 2.83501e-28 1.84286e-26 3.00114e-25 9.36837e-25 7.92940e-24 9.27552e-23 
  0.00010   6.99499e-30 1.65874e-28 1.51868e-27 3.86247e-26 3.92256e-25 1.04360e-24 8.14611e-24 9.31301e-23 
  0.00100   6.46548e-29 1.35921e-27 9.97689e-27 1.45754e-25 9.71919e-25 1.92365e-24 1.07326e-23 9.74850e-23 
  0.01000   5.90010e-28 1.12522e-26 7.40883e-26 7.83287e-25 3.86039e-24 6.74141e-24 2.19852e-23 1.11516e-22 
  0.10000   4.50120e-27 7.73425e-26 4.71648e-25 3.15015e-24 9.97508e-24 1.41676e-23 2.51402e-23 5.10037e-23 
  1.00000   1.88163e-26 3.52072e-25 1.66844e-24 4.43725e-24 6.16081e-24 6.83520e-24 8.87799e-24 1.75817e-23 
 10.00000   2.21383e-26 5.25640e-25 1.80221e-24 2.57981e-24 3.05955e-24 4.16507e-24 5.72057e-24 6.63091e-24 
100.00000   2.84553e-27 3.69013e-26 1.08858e-25 1.57419e-25 2.46534e-25 2.57156e-25 2.64493e-25 2.67362e-25 

         36
          300.0
  0.00001   1.93555e-30 2.61257e-29 4.68466e-28 4.05130e-26 5.71663e-25 1.72657e-24 1.11673e-23 1.00824e-22 
  0.00010   1.71064e-29 2.13248e-28 2.08249e-27 6.31074e-26 6.28678e-25 1.79704e-24 1.13264e-23 1.00910e-22 
  0.00100   1.58634e-28 1.77195e-27 1.19579e-26 1.80254e-25 1.18176e-24 2.50512e-24 1.30151e-23 1.03160e-22 
  0.01000   1.45780e-27 1.46540e-26 8.24778e-26 8.28196e-25 4.02088e-24 6.89382e-24 2.23741e-23 1.07289e-22 
  0.10000   1.10652e-26 9.94435e-26 4.83382e-25 3.14672e-24 9.83388e-24 1.39728e-23 2.45141e-23 4.83817e-23 
  1.00000   4.65105e-26 4.26070e-25 1.61207e-24 4.34519e-24 6.13254e-24 6.69151e-24 8.76880e-24 1.76515e-23 
 10.00000   6.49252e-26 7.91549e-25 1.75683e-24 2.46127e-24 3.11525e-24 4.33766e-24 6.05791e-24 7.17560e-24 
100.00000   1.00324e-26 7.36134e-26 1.48410e-25 2.12300e-25 3.48861e-25 3.64906e-25 3.77270e-25 3.81448e-25 

         36
          350.0
  0.00001   3.76659e-30 3.14445e-29 7.56900e-28 8.41524e-26 9.99457e-25 2.78813e-24 1.45418e-23 1.09740e-22 
  0.00010   3.35738e-29 2.55096e-28 2.87607e-27 1.07513e-25 1.03417e-24 2.83177e-24 1.46342e-23 1.09653e-22 
  0.00100   3.08930e-28 2.14660e-27 1.49039e-26 2.36341e-25 1.49485e-24 3.41735e-24 1.56445e-23 1.09393e-22 
  0.01000   2.89049e-27 1.77957e-26 9.54711e-26 8.96946e-25 4.30110e-24 7.26097e-24 2.28834e-23 1.02916e-22 
  0.10000   2.21330e-26 1.24445e-25 5.17137e-25 3.19275e-24 9.83245e-24 1.40210e-23 2.41610e-23 4.66422e-23 
  1.00000   1.05066e-25 4.90072e-25 1.58024e-24 4.25234e-24 6.22293e-24 6.79378e-24 8.55139e-24 1.72379e-23 
 10.00000   1.44239e-25 8.92447e-25 1.74009e-24 2.51149e-24 3.18050e-24 4.41339e-24 6.24751e-24 7.50834e-24 
100.00000   2.64381e-26 1.21133e-25 1.92655e-25 2.75299e-25 4.59167e-25 4.79564e-25 4.98539e-25 5.03940e-25 

         36
          400.0
  0.00001   5.85980e-30 3.83141e-29 1.15610e-27 1.55333e-25 1.58433e-24 4.14028e-24 1.82228e-23 1.14286e-22 
  0.00010   5.29358e-29 3.02774e-28 3.82181e-27 1.79659e-25 1.61613e-24 4.17951e-24 1.82833e-23 1.14152e-22 
  0.00100   4.89841e-28 2.53346e-27 1.86636e-26 3.22141e-25 2.02078e-24 4.67028e-24 1.88159e-23 1.12886e-22 
  0.01000   4.59835e-27 2.14118e-26 1.13381e-25 1.03635e-24 4.75637e-24 8.03723e-24 2.39778e-23 1.02563e-22 
  0.10000   3.66048e-26 1.47940e-25 5.85591e-25 3.34050e-24 9.98151e-24 1.40619e-23 2.37957e-23 4.55212e-23 
  1.00000   1.79962e-25 5.76538e-25 1.58434e-24 4.22629e-24 6.33426e-24 6.97705e-24 8.69210e-24 1.65717e-23 
 10.00000   2.59019e-25 1.00445e-24 1.70419e-24 2.57649e-24 3.33414e-24 4.46419e-24 6.16951e-24 7.65482e-24 
100.00000   5.58862e-26 1.54914e-25 2.39962e-25 3.45352e-25 5.64519e-25 5.90906e-25 6.16782e-25 6.24387e-25 

         36
          600.0
  0.00001   1.59212e-29 8.36305e-29 4.43682e-27 8.06258e-25 6.53929e-24 1.38562e-23 4.15551e-23 1.37820e-22 
  0.00010   1.41350e-28 6.20419e-28 9.82505e-27 8.34020e-25 6.56171e-24 1.38777e-23 4.15471e-23 1.37530e-22 
  0.00100   1.27621e-27 4.87689e-27 3.92786e-26 1.02696e-24 6.77057e-24 1.40743e-23 4.15029e-23 1.35114e-22 
  0.01000   1.16578e-26 4.06239e-26 2.21073e-25 2.18015e-24 9.10569e-24 1.61249e-23 4.09101e-23 1.14578e-22 
  0.10000   9.75396e-26 2.91523e-25 1.08912e-24 5.29608e-24 1.37906e-23 1.78179e-23 2.80915e-23 4.85633e-23 
  1.00000   5.17198e-25 1.11004e-24 2.48731e-24 5.37578e-24 7.35295e-24 8.12713e-24 1.02708e-23 1.53605e-23 
 10.00000   1.07294e-24 1.78047e-24 2.31691e-24 3.28982e-24 4.51071e-24 5.09403e-24 6.30278e-24 7.52413e-24 
100.00000   3.98375e-25 4.53633e-25 5.50739e-25 8.47931e-25 1.08583e-24 1.12037e-24 1.16920e-24 1.26712e-24 

         37
          100.0
  0.00001   1.05372e-34 4.94955e-34 2.87445e-33 6.17069e-32 9.83343e-31 5.73835e-30 8.20829e-29 7.50535e-28 
  0.00010   1.01684e-33 4.81162e-33 2.63353e-32 4.20816e-31 3.88237e-30 1.21956e-29 1.06745e-28 8.71659e-28 
  0.00100   9.86937e-33 4.71154e-32 2.47194e-31 3.24633e-30 2.09259e-29 4.56746e-29 2.19474e-28 1.47624e-27 
  0.01000   9.34324e-32 4.55333e-31 2.23687e-30 2.30306e-29 1.02814e-28 1.85730e-28 5.83579e-28 3.06524e-27 
  0.10000   7.42039e-31 3.65125e-30 1.34394e-29 8.80517e-29 3.03057e-28 4.47380e-28 8.51743e-28 2.11931e-27 
  1.00000   5.01095e-30 1.62296e-29 4.24170e-29 1.35374e-28 2.64000e-28 3.19016e-28 4.23118e-28 6.16458e-28 
 10.00000   1.03095e-29 1.88384e-29 4.81216e-29 7.70869e-29 8.72438e-29 8.93127e-29 9.08013e-29 1.17873e-28 
100.00000   3.07133e-31 3.72236e-31 1.14118e-30 1.47821e-30 1.68238e-30 1.76432e-30 2.00225e-30 2.28404e-30 

         37
          150.0
  0.00001   1.17944e-33 5.19601e-33 3.51056e-32 1.56277e-30 3.63540e-29 1.84029e-28 1.81351e-27 1.31274e-26 
  0.00010   1.15011e-32 4.93092e-32 2.83616e-31 5.97519e-30 7.02170e-29 2.36806e-28 1.93937e-27 1.35388e-26 
  0.00100   1.12405e-31 4.72712e-31 2.42134e-30 3.37023e-29 2.30879e-28 5.12541e-28 2.71096e-27 1.64262e-26 
  0.01000   1.08244e-30 4.49437e-30 2.05591e-29 2.10904e-28 9.35386e-28 1.63472e-27 5.47286e-27 2.47347e-26 
  0.10000   9.13325e-30 3.50616e-29 1.21073e-28 7.89141e-28 2.47746e-27 3.63898e-27 6.64459e-27 1.51226e-26 
  1.00000   5.04993e-29 1.50627e-28 3.76575e-28 1.07165e-27 1.88408e-27 2.26155e-27 3.10610e-27 4.24506e-27 
 10.00000   1.20546e-28 1.98967e-28 4.81776e-28 6.46932e-28 6.98381e-28 7.16520e-28 7.34558e-28 1.02223e-27 
100.00000   7.74351e-30 8.89738e-30 2.58347e-29 3.01307e-29 3.37948e-29 3.49268e-29 3.88341e-29 4.47075e-29 

         37
          200.0
  0.00001   7.93293e-33 3.07994e-32 2.53595e-31 2.47269e-29 5.94543e-28 2.32226e-27 1.66764e-26 9.42713e-26 
  0.00010   7.80498e-32 2.88993e-31 1.87304e-30 5.45174e-29 7.44294e-28 2.48245e-27 1.69199e-26 9.43813e-26 
  0.00100   7.64761e-31 2.73296e-30 1.48649e-29 2.16614e-28 1.57306e-27 3.76438e-27 1.95901e-26 9.88802e-26 
  0.01000   7.45907e-30 2.55591e-29 1.17716e-28 1.17524e-27 5.43216e-27 9.55491e-27 2.99284e-26 1.03567e-25 
  0.10000   6.45847e-29 1.97854e-28 6.94876e-28 4.17786e-27 1.13179e-26 1.58077e-26 2.72642e-26 5.42470e-26 
  1.00000   3.67844e-28 8.52132e-28 1.93543e-27 4.71689e-27 7.41559e-27 8.52763e-27 1.09281e-26 1.38243e-26 
 10.00000   8.24908e-28 1.18406e-27 2.04950e-27 2.64224e-27 2.89438e-27 3.01939e-27 3.14752e-27 4.40051e-27 
100.00000   7.48002e-29 8.31191e-29 1.73892e-28 2.37771e-28 2.68570e-28 2.75482e-28 3.00158e-28 3.48645e-28 

         37
          250.0
  0.00001   3.82684e-32 1.31489e-31 1.25655e-30 2.47743e-28 4.91157e-27 1.60281e-26 9.01241e-26 4.06869e-25 
  0.00010   3.76020e-31 1.22985e-30 8.82843e-30 3.77882e-28 5.23206e-27 1.63638e-26 9.04185e-26 4.05889e-25 
  0.00100   3.66847e-30 1.15915e-29 6.77843e-29 1.08299e-27 8.12501e-27 2.06001e-26 9.57750e-26 4.00867e-25 
  0.01000   3.57908e-29 1.08347e-28 5.13953e-28 4.97530e-27 2.34276e-26 4.26303e-26 1.24350e-25 3.64960e-25 
  0.10000   3.07963e-28 8.45677e-28 2.99694e-27 1.66779e-26 4.21843e-26 5.67046e-26 9.63038e-26 1.84461e-25 
  1.00000   1.91987e-27 3.67107e-27 7.56710e-27 1.73409e-26 2.63751e-26 2.96485e-26 3.50359e-26 4.45549e-26 
 10.00000   4.08566e-27 5.55612e-27 7.19829e-27 8.94625e-27 1.04274e-26 1.11569e-26 1.18702e-26 1.52459e-26 
100.00000   4.63482e-28 4.96566e-28 7.80885e-28 1.24107e-27 1.41894e-27 1.45495e-27 1.57754e-27 1.85065e-27 

         37
          300.0
  0.00001   1.38045e-31 4.39961e-31 4.56987e-30 1.58450e-27 2.47766e-26 7.08736e-26 3.23717e-25 1.37692e-24 
  0.00010   1.35094e-30 4.09089e-30 3.08865e-29 2.04180e-27 2.54775e-26 7.15435e-26 3.24365e-25 1.37707e-24 
  0.00100   1.31623e-29 3.86074e-29 2.35585e-28 4.49726e-27 3.37467e-26 8.26824e-26 3.36828e-25 1.36590e-24 
  0.01000   1.28355e-28 3.66608e-28 1.79152e-27 1.73602e-26 7.93014e-26 1.45729e-25 4.39751e-25 1.35338e-24 
  0.10000   1.13932e-27 2.91995e-27 1.01710e-26 5.68807e-26 1.48364e-25 1.99691e-25 3.43199e-25 7.29423e-25 
  1.00000   6.77733e-27 1.25760e-26 2.49731e-26 6.25739e-26 9.74735e-26 1.11485e-25 1.31185e-25 1.78172e-25 
 10.00000   1.54958e-26 2.16348e-26 2.62219e-26 3.15339e-26 3.79029e-26 4.08119e-26 4.36991e-26 4.76729e-26 
100.00000   2.37056e-27 2.44220e-27 3.25198e-27 4.93492e-27 5.68073e-27 5.84346e-27 6.32267e-27 7.27950e-27 

         37
          350.0
  0.00001   3.80870e-31 1.19711e-30 1.31707e-29 6.79183e-27 9.24239e-26 2.33059e-25 9.44364e-25 4.18774e-24 
  0.00010   3.71723e-30 1.10334e-29 8.64075e-29 8.20439e-27 9.42028e-26 2.35428e-25 9.50408e-25 4.20155e-24 
  0.00100   3.62286e-29 1.03804e-28 6.55381e-28 1.53584e-26 1.13606e-25 2.63467e-25 9.94451e-25 4.14734e-24 
  0.01000   3.52120e-28 9.95927e-28 5.09601e-27 5.10771e-26 2.25956e-25 4.18819e-25 1.24065e-24 4.04688e-24 
  0.10000   3.26306e-27 8.05881e-27 2.82969e-26 1.59770e-25 4.44246e-25 6.24716e-25 1.05008e-24 2.47146e-24 
  1.00000   2.03347e-26 3.49989e-26 7.15534e-26 1.91033e-25 3.12042e-25 3.57992e-25 4.42356e-25 6.11475e-25 
 10.00000   4.63428e-26 6.08431e-26 8.17552e-26 1.07397e-25 1.18141e-25 1.21198e-25 1.25527e-25 1.35496e-25 
100.00000   9.01206e-27 9.67882e-27 1.24145e-26 1.64120e-26 1.94130e-26 2.03036e-26 2.21824e-26 2.41392e-26 

         37
          400.0
  0.00001   8.60674e-31 2.67087e-30 3.10471e-29 1.93956e-26 2.53474e-25 6.27821e-25 2.45866e-24 1.04138e-23 
  0.00010   8.34872e-30 2.45906e-29 1.98182e-28 2.28391e-26 2.57793e-25 6.31625e-25 2.46601e-24 1.04180e-23 
  0.00100   8.12322e-29 2.30673e-28 1.48758e-27 4.00354e-26 2.99715e-25 6.81865e-25 2.54117e-24 1.04806e-23 
  0.01000   7.91992e-28 2.22141e-27 1.16403e-26 1.22594e-25 5.54147e-25 1.01109e-24 2.98104e-24 9.72141e-24 
  0.10000   7.37683e-27 1.83958e-26 6.56529e-26 3.79034e-25 1.08521e-24 1.53392e-24 2.57834e-24 6.22158e-24 
  1.00000   4.61623e-26 8.27212e-26 1.75035e-25 4.57786e-25 7.98532e-25 9.20720e-25 1.09382e-24 1.76132e-24 
 10.00000   1.13424e-25 1.42984e-25 1.99008e-25 2.62203e-25 3.31965e-25 3.52677e-25 3.89170e-25 4.36977e-25 
100.00000   2.60493e-26 2.87194e-26 3.40872e-26 5.52019e-26 7.31489e-26 7.77975e-26 8.62564e-26 9.37171e-26 

         37
          600.0
  0.00001   6.89953e-30 2.46858e-29 3.57127e-28 2.43139e-25 3.90384e-24 1.02022e-23 3.90421e-23 1.45633e-22 
  0.00010   6.60487e-29 2.18780e-28 2.14119e-27 2.78560e-25 3.92988e-24 1.02280e-23 3.90662e-23 1.45440e-22 
  0.00100   6.39389e-28 2.04052e-27 1.51407e-26 4.47568e-25 4.29939e-24 1.06096e-23 3.93193e-23 1.42933e-22 
  0.01000   6.25990e-27 1.93499e-26 1.11318e-25 1.35155e-24 7.50702e-24 1.43807e-23 4.08082e-23 1.27886e-22 
  0.10000   5.87936e-26 1.61162e-25 6.88441e-25 4.66711e-24 1.41825e-23 1.98654e-23 3.58532e-23 8.96301e-23 
  1.00000   3.92699e-25 8.07823e-25 2.13653e-24 6.07751e-24 1.08237e-23 1.26463e-23 1.88978e-23 3.49532e-23 
 10.00000   1.02078e-24 1.61605e-24 2.39339e-24 4.72255e-24 7.05698e-24 7.89959e-24 9.23114e-24 1.07808e-23 
100.00000   3.33178e-25 5.17004e-25 7.05824e-25 1.77990e-24 2.38031e-24 2.53460e-24 2.80231e-24 3.01348e-24 

         38
          100.0
  0.00001   1.10552e-34 6.49820e-34 5.27337e-33 1.08320e-31 1.48259e-30 5.23435e-30 6.99179e-29 9.49385e-28 
  0.00010   1.08896e-33 6.21321e-33 4.66352e-32 7.88688e-31 7.61551e-30 1.85204e-29 1.17355e-28 1.41564e-27 
  0.00100   1.07302e-32 6.00927e-32 4.30284e-31 6.45851e-30 4.72916e-29 9.11877e-29 3.37986e-28 4.61929e-27 
  0.01000   1.05271e-31 5.73978e-31 3.89083e-30 4.99222e-29 2.61949e-28 4.66206e-28 1.49564e-27 2.09806e-26 
  0.10000   9.39377e-31 4.24813e-30 2.58239e-29 2.45172e-28 1.21235e-27 2.01354e-27 5.69903e-27 2.64631e-26 
  1.00000   5.10467e-30 1.33413e-29 1.18111e-28 7.55973e-28 2.60930e-27 3.54331e-27 5.37640e-27 8.77700e-27 
 10.00000   7.64427e-30 1.68868e-29 1.37149e-28 7.83515e-28 1.19331e-27 1.32152e-27 1.47141e-27 1.53081e-27 
100.00000   2.25592e-31 3.87683e-31 5.41839e-30 1.86760e-29 2.03722e-29 2.06426e-29 2.27718e-29 2.86059e-29 

         38
          150.0
  0.00001   1.50320e-33 1.23425e-32 1.44553e-31 4.75425e-30 7.35063e-29 2.45073e-28 3.20687e-27 6.36409e-26 
  0.00010   1.45872e-32 1.10204e-31 1.08836e-30 2.13274e-29 2.09250e-28 5.24942e-28 3.87901e-27 7.19336e-26 
  0.00100   1.41767e-31 1.00848e-30 8.98367e-30 1.31550e-28 9.52696e-28 1.88552e-27 7.63315e-27 1.21118e-25 
  0.01000   1.36598e-30 9.05601e-30 7.39709e-29 9.11353e-28 4.94543e-27 8.65151e-27 2.79409e-26 3.32236e-25 
  0.10000   1.12697e-29 6.23590e-29 4.88926e-28 4.52494e-27 2.04202e-26 3.22577e-26 8.06624e-26 3.63358e-25 
  1.00000   5.82034e-29 2.05634e-28 2.06570e-27 1.26107e-26 3.58773e-26 4.87336e-26 7.52089e-26 1.19194e-25 
 10.00000   1.07345e-28 2.13242e-28 2.77823e-27 1.39031e-26 2.15679e-26 2.31108e-26 2.45358e-26 2.57779e-26 
100.00000   6.98024e-30 1.27866e-29 2.70869e-28 6.32025e-28 1.09443e-27 1.15837e-27 1.28033e-27 1.41676e-27 

         38
          200.0
  0.00001   1.71241e-32 1.82086e-31 2.60928e-30 1.21171e-28 2.04012e-27 6.58950e-27 8.19928e-26 1.82844e-24 
  0.00010   1.64921e-31 1.58507e-30 1.74752e-29 3.76722e-28 3.85721e-27 9.85896e-27 8.78449e-26 1.84773e-24 
  0.00100   1.59005e-30 1.41134e-29 1.28725e-28 1.89025e-27 1.35215e-26 2.76844e-26 1.34750e-25 2.07717e-24 
  0.01000   1.50557e-29 1.23199e-28 1.00799e-27 1.20484e-26 6.39443e-26 1.12504e-25 3.69883e-25 3.00953e-24 
  0.10000   1.19139e-28 8.79887e-28 6.70681e-27 5.77923e-26 2.21086e-25 3.23586e-25 6.68625e-25 2.41594e-24 
  1.00000   6.07013e-28 2.91498e-27 2.64781e-26 1.19046e-25 2.55975e-25 3.37501e-25 5.21917e-25 9.40918e-25 
 10.00000   9.99739e-28 2.92274e-27 3.58723e-26 1.14326e-25 1.95586e-25 2.08725e-25 2.35902e-25 2.86363e-25 
100.00000   9.72212e-29 3.03730e-28 4.50247e-27 9.66764e-27 2.18258e-26 2.35663e-26 2.53424e-26 2.62344e-26 

         38
          250.0
  0.00001   1.36278e-31 1.66316e-30 2.46772e-29 1.53109e-27 2.85653e-26 9.39605e-26 1.06661e-24 1.77091e-23 
  0.00010   1.30808e-30 1.45565e-29 1.56232e-28 3.72816e-27 4.21097e-26 1.12380e-25 1.09445e-24 1.77186e-23 
  0.00100   1.25844e-29 1.29605e-28 1.06171e-27 1.60397e-26 1.17172e-25 2.49391e-25 1.39885e-24 1.80953e-23 
  0.01000   1.18968e-28 1.12797e-27 8.11172e-27 9.54505e-26 4.93844e-25 8.81215e-25 2.94683e-24 1.88447e-23 
  0.10000   9.42773e-28 8.39322e-27 5.38435e-26 4.38468e-25 1.55026e-24 2.19528e-24 4.22350e-24 1.24293e-23 
  1.00000   4.79901e-27 2.84293e-26 2.07319e-25 7.66267e-25 1.45142e-24 1.76091e-24 2.57387e-24 5.22963e-24 
 10.00000   6.68643e-27 3.30641e-26 2.86397e-25 6.33272e-25 1.14270e-24 1.23352e-24 1.55854e-24 2.30231e-24 
100.00000   8.69427e-28 4.59372e-27 4.04934e-26 9.06380e-26 2.04385e-25 2.18907e-25 2.31345e-25 2.35881e-25 

         38
          300.0
  0.00001   7.31949e-31 9.03629e-30 1.27878e-28 1.14441e-26 2.24914e-25 7.17514e-25 7.04510e-24 8.33704e-23 
  0.00010   6.98036e-30 7.93082e-29 7.96404e-28 2.23140e-26 2.74360e-25 7.71218e-25 7.13400e-24 8.35067e-23 
  0.00100   6.71324e-29 7.10675e-28 5.24843e-27 8.01413e-26 6.09458e-25 1.34806e-24 8.06620e-24 8.38891e-23 
  0.01000   6.45807e-28 6.16236e-27 3.86062e-26 4.44474e-25 2.33547e-24 4.16500e-24 1.38151e-23 8.00208e-23 
  0.10000   5.24917e-27 4.46499e-26 2.54854e-25 1.95231e-24 6.57281e-24 9.41045e-24 1.85594e-23 5.29090e-23 
  1.00000   2.58840e-26 1.81194e-25 9.14595e-25 3.31083e-24 5.99911e-24 6.83295e-24 9.95482e-24 2.11335e-23 
 10.00000   3.39587e-26 2.45822e-25 1.31395e-24 2.59514e-24 4.42236e-24 4.74004e-24 6.18620e-24 1.03658e-23 
100.00000   6.21542e-27 4.12381e-26 2.37859e-25 4.80342e-25 1.00368e-24 1.06301e-24 1.12905e-24 1.14671e-24 

         38
          350.0
  0.00001   2.90254e-30 3.17280e-29 4.32766e-28 5.63768e-26 1.14092e-24 3.53403e-24 2.87379e-23 2.59423e-22 
  0.00010   2.73194e-29 2.80343e-28 2.70140e-27 9.16453e-26 1.27392e-24 3.67757e-24 2.88830e-23 2.58527e-22 
  0.00100   2.61532e-28 2.52751e-27 1.78287e-26 2.79053e-25 2.28824e-24 5.20640e-24 3.09252e-23 2.55786e-22 
  0.01000   2.51978e-27 2.20592e-26 1.26739e-25 1.42506e-24 7.54225e-24 1.34575e-23 4.39247e-23 2.32445e-22 
  0.10000   2.06532e-26 1.61250e-25 8.27739e-25 5.94101e-24 1.94436e-23 2.81733e-23 5.57071e-23 1.54261e-22 
  1.00000   1.02157e-25 7.13158e-25 2.82808e-24 9.86907e-24 1.75780e-23 2.01569e-23 2.79093e-23 7.09577e-23 
 10.00000   1.47051e-25 1.08341e-24 4.13578e-24 7.55994e-24 1.20887e-23 1.32431e-23 1.67412e-23 3.03692e-23 
100.00000   3.41302e-26 2.15595e-25 9.25262e-25 1.62447e-24 3.12303e-24 3.33416e-24 3.55178e-24 3.60567e-24 

         38
          400.0
  0.00001   8.57782e-30 7.90381e-29 1.07764e-27 1.94697e-25 4.02706e-24 1.18439e-23 7.89142e-23 5.80980e-22 
  0.00010   8.03521e-29 6.98898e-28 6.59513e-27 2.78439e-25 4.28291e-24 1.20968e-23 7.93250e-23 5.80618e-22 
  0.00100   7.72260e-28 6.28985e-27 4.31300e-26 7.32068e-25 6.43060e-24 1.48901e-23 8.21856e-23 5.72967e-22 
  0.01000   7.38369e-27 5.54735e-26 3.04893e-25 3.41379e-24 1.80754e-23 3.25909e-23 1.01903e-22 5.03374e-22 
  0.10000   6.00626e-26 4.23504e-25 1.97288e-24 1.35649e-23 4.34714e-23 6.32401e-23 1.20805e-22 3.28287e-22 
  1.00000   3.04780e-25 1.91003e-24 6.47463e-24 2.14657e-23 3.77161e-23 4.34279e-23 5.89642e-23 1.59176e-22 
 10.00000   4.77411e-25 3.12841e-24 9.27399e-24 1.66522e-23 2.52744e-23 2.79999e-23 3.36737e-23 6.42848e-23 
100.00000   1.30003e-25 7.11108e-25 2.49244e-24 3.88187e-24 6.89572e-24 7.50398e-24 8.00001e-24 8.13997e-24 

         38
          600.0
  0.00001   1.25460e-28 7.16627e-28 1.10655e-26 4.88962e-24 9.66778e-23 2.26449e-22 9.09106e-22 3.75020e-21 
  0.00010   1.17825e-27 6.40453e-27 5.99758e-26 5.73763e-24 9.75077e-23 2.26889e-22 9.08814e-22 3.74709e-21 
  0.00100   1.12474e-26 5.76997e-26 3.68858e-25 9.78426e-24 1.07960e-22 2.34925e-22 9.09492e-22 3.70122e-21 
  0.01000   1.04645e-25 5.23404e-25 2.65125e-24 3.25288e-23 1.74629e-22 3.10262e-22 9.31813e-22 3.39381e-21 
  0.10000   9.20915e-25 4.33153e-24 1.75506e-23 1.04171e-22 3.14626e-22 4.49882e-22 8.32845e-22 2.03543e-21 
  1.00000   4.94457e-24 2.00982e-23 5.14997e-23 1.44865e-22 2.47215e-22 2.88596e-22 4.07929e-22 9.94010e-22 
 10.00000   1.05568e-23 3.59610e-23 6.60165e-23 1.09929e-22 1.61339e-22 1.74005e-22 2.02058e-22 3.57700e-22 
100.00000   3.84573e-24 1.26297e-23 2.59623e-23 3.12104e-23 4.61711e-23 5.12233e-23 5.50472e-23 5.62560e-23 

