 # H2O IR 
 # For interval boundaries, see corresponding files  
 #Temperature(K)  100,  150,  200,  250,  300,  350,  400,  600, 
 #P(bar) 1.00e-05, 1.00e-04, 1.00e-03, 1.00e-02, 1.00e-01, 1.00e+00, 1.00e+01, 1.00e+02, 

  Quadrature weights w(quad)        Quadrature abscissas (g)
   1.65231051440290516e-01           6.59602519928250280e-02
   3.09768948559709378e-01           3.13509004297193250e-01
   3.09768948559709378e-01           6.36490995702806650e-01
   1.65231051440290516e-01           8.84039748007174886e-01
   8.69637112843634277e-03           9.53471592210148655e-01
   1.63036288715636482e-02           9.66500473910378632e-01
   1.63036288715636482e-02           9.83499526089621323e-01
   8.69637112843634277e-03           9.96528407789851300e-01
!--------------------------------------------------------------------------------------------------------------------------

          1
          100.0
  0.00001   4.84962e-50 4.84962e-50 4.84962e-50 4.84962e-50 4.84962e-50 4.84962e-50 4.84962e-50 4.84962e-50 
  0.00010   4.84962e-50 4.84962e-50 4.84962e-50 4.84962e-50 4.84962e-50 4.84962e-50 4.84962e-50 4.84962e-50 
  0.00100   4.84962e-50 4.84962e-50 4.84962e-50 4.84962e-50 4.84962e-50 4.84962e-50 4.84962e-50 4.84962e-50 
  0.01000   4.84962e-50 4.84962e-50 4.84962e-50 4.84962e-50 4.84962e-50 4.84962e-50 4.84962e-50 4.84962e-50 
  0.10000   4.84962e-50 4.84962e-50 4.84962e-50 4.84962e-50 4.84962e-50 4.84962e-50 4.84962e-50 4.84962e-50 
  1.00000   4.84962e-50 4.84962e-50 4.84962e-50 4.84962e-50 4.84962e-50 4.84962e-50 4.84962e-50 4.84962e-50 
 10.00000   4.84962e-50 4.84962e-50 4.84962e-50 4.84962e-50 4.84962e-50 4.84962e-50 4.84962e-50 4.84962e-50 
100.00000   4.84962e-50 4.84962e-50 4.84962e-50 4.84962e-50 4.84962e-50 4.84962e-50 4.84962e-50 4.84962e-50 

          1
          150.0
  0.00001   4.84962e-50 4.84962e-50 4.84962e-50 4.84962e-50 4.84962e-50 4.84962e-50 4.84962e-50 4.84962e-50 
  0.00010   4.84962e-50 4.84962e-50 4.84962e-50 4.84962e-50 4.84962e-50 4.84962e-50 4.84962e-50 4.84962e-50 
  0.00100   4.84962e-50 4.84962e-50 4.84962e-50 4.84962e-50 4.84962e-50 4.84962e-50 4.84962e-50 4.84962e-50 
  0.01000   4.84962e-50 4.84962e-50 4.84962e-50 4.84962e-50 4.84962e-50 4.84962e-50 4.84962e-50 4.84962e-50 
  0.10000   4.84962e-50 4.84962e-50 4.84962e-50 4.84962e-50 4.84962e-50 4.84962e-50 4.84962e-50 4.84962e-50 
  1.00000   4.84962e-50 4.84962e-50 4.84962e-50 4.84962e-50 4.84962e-50 4.84962e-50 4.84962e-50 4.84962e-50 
 10.00000   4.84962e-50 4.84962e-50 4.84962e-50 4.84962e-50 4.84962e-50 4.84962e-50 4.84962e-50 4.84962e-50 
100.00000   4.84962e-50 4.84962e-50 4.84962e-50 4.84962e-50 4.84962e-50 4.84962e-50 4.84962e-50 4.84962e-50 

          1
          200.0
  0.00001   4.84962e-50 4.84962e-50 4.84962e-50 4.84962e-50 4.84962e-50 4.84962e-50 4.84962e-50 4.84962e-50 
  0.00010   4.84962e-50 4.84962e-50 4.84962e-50 4.84962e-50 4.84962e-50 4.84962e-50 4.84962e-50 4.84962e-50 
  0.00100   4.84962e-50 4.84962e-50 4.84962e-50 4.84962e-50 4.84962e-50 4.84962e-50 4.84962e-50 4.84962e-50 
  0.01000   4.84962e-50 4.84962e-50 4.84962e-50 4.84962e-50 4.84962e-50 4.84962e-50 4.84962e-50 4.84962e-50 
  0.10000   4.84962e-50 4.84962e-50 4.84962e-50 4.84962e-50 4.84962e-50 4.84962e-50 4.84962e-50 4.84962e-50 
  1.00000   4.84962e-50 4.84962e-50 4.84962e-50 4.84962e-50 4.84962e-50 4.84962e-50 4.84962e-50 4.84962e-50 
 10.00000   4.84962e-50 4.84962e-50 4.84962e-50 4.84962e-50 4.84962e-50 4.84962e-50 4.84962e-50 4.84962e-50 
100.00000   4.84962e-50 4.84962e-50 4.84962e-50 4.84962e-50 4.84962e-50 4.84962e-50 4.84962e-50 4.84962e-50 

          1
          250.0
  0.00001   4.84962e-50 4.84962e-50 4.84962e-50 4.84962e-50 4.84962e-50 4.84962e-50 4.84962e-50 4.84962e-50 
  0.00010   4.84962e-50 4.84962e-50 4.84962e-50 4.84962e-50 4.84962e-50 4.84962e-50 4.84962e-50 4.84962e-50 
  0.00100   4.84962e-50 4.84962e-50 4.84962e-50 4.84962e-50 4.84962e-50 4.84962e-50 4.84962e-50 4.84962e-50 
  0.01000   4.84962e-50 4.84962e-50 4.84962e-50 4.84962e-50 4.84962e-50 4.84962e-50 4.84962e-50 4.84962e-50 
  0.10000   4.84962e-50 4.84962e-50 4.84962e-50 4.84962e-50 4.84962e-50 4.84962e-50 4.84962e-50 4.84962e-50 
  1.00000   4.84962e-50 4.84962e-50 4.84962e-50 4.84962e-50 4.84962e-50 4.84962e-50 4.84962e-50 4.84962e-50 
 10.00000   4.84962e-50 4.84962e-50 4.84962e-50 4.84962e-50 4.84962e-50 4.84962e-50 4.84962e-50 4.84962e-50 
100.00000   4.84962e-50 4.84962e-50 4.84962e-50 4.84962e-50 4.84962e-50 4.84962e-50 4.84962e-50 4.84962e-50 

          1
          300.0
  0.00001   4.84962e-50 4.84962e-50 4.84962e-50 4.84962e-50 4.84962e-50 4.84962e-50 4.84962e-50 4.84962e-50 
  0.00010   4.84962e-50 4.84962e-50 4.84962e-50 4.84962e-50 4.84962e-50 4.84962e-50 4.84962e-50 4.84962e-50 
  0.00100   4.84962e-50 4.84962e-50 4.84962e-50 4.84962e-50 4.84962e-50 4.84962e-50 4.84962e-50 4.84962e-50 
  0.01000   4.84962e-50 4.84962e-50 4.84962e-50 4.84962e-50 4.84962e-50 4.84962e-50 4.84962e-50 4.84962e-50 
  0.10000   4.84962e-50 4.84962e-50 4.84962e-50 4.84962e-50 4.84962e-50 4.84962e-50 4.84962e-50 4.84962e-50 
  1.00000   4.84962e-50 4.84962e-50 4.84962e-50 4.84962e-50 4.84962e-50 4.84962e-50 4.84962e-50 4.84962e-50 
 10.00000   4.84962e-50 4.84962e-50 4.84962e-50 4.84962e-50 4.84962e-50 4.84962e-50 4.84962e-50 4.84962e-50 
100.00000   4.84962e-50 4.84962e-50 4.84962e-50 4.84962e-50 4.84962e-50 4.84962e-50 4.84962e-50 4.84962e-50 

          1
          350.0
  0.00001   4.84962e-50 4.84962e-50 4.84962e-50 4.84962e-50 4.84962e-50 4.84962e-50 4.84962e-50 4.84962e-50 
  0.00010   4.84962e-50 4.84962e-50 4.84962e-50 4.84962e-50 4.84962e-50 4.84962e-50 4.84962e-50 4.84962e-50 
  0.00100   4.84962e-50 4.84962e-50 4.84962e-50 4.84962e-50 4.84962e-50 4.84962e-50 4.84962e-50 4.84962e-50 
  0.01000   4.84962e-50 4.84962e-50 4.84962e-50 4.84962e-50 4.84962e-50 4.84962e-50 4.84962e-50 4.84962e-50 
  0.10000   4.84962e-50 4.84962e-50 4.84962e-50 4.84962e-50 4.84962e-50 4.84962e-50 4.84962e-50 4.84962e-50 
  1.00000   4.84962e-50 4.84962e-50 4.84962e-50 4.84962e-50 4.84962e-50 4.84962e-50 4.84962e-50 4.84962e-50 
 10.00000   4.84962e-50 4.84962e-50 4.84962e-50 4.84962e-50 4.84962e-50 4.84962e-50 4.84962e-50 4.84962e-50 
100.00000   4.84962e-50 4.84962e-50 4.84962e-50 4.84962e-50 4.84962e-50 4.84962e-50 4.84962e-50 4.84962e-50 

          1
          400.0
  0.00001   4.84962e-50 4.84962e-50 4.84962e-50 4.84962e-50 4.84962e-50 4.84962e-50 4.84962e-50 4.84962e-50 
  0.00010   4.84962e-50 4.84962e-50 4.84962e-50 4.84962e-50 4.84962e-50 4.84962e-50 4.84962e-50 4.84962e-50 
  0.00100   4.84962e-50 4.84962e-50 4.84962e-50 4.84962e-50 4.84962e-50 4.84962e-50 4.84962e-50 4.84962e-50 
  0.01000   4.84962e-50 4.84962e-50 4.84962e-50 4.84962e-50 4.84962e-50 4.84962e-50 4.84962e-50 4.84962e-50 
  0.10000   4.84962e-50 4.84962e-50 4.84962e-50 4.84962e-50 4.84962e-50 4.84962e-50 4.84962e-50 4.84962e-50 
  1.00000   4.84962e-50 4.84962e-50 4.84962e-50 4.84962e-50 4.84962e-50 4.84962e-50 4.84962e-50 4.84962e-50 
 10.00000   4.84962e-50 4.84962e-50 4.84962e-50 4.84962e-50 4.84962e-50 4.84962e-50 4.84962e-50 4.84962e-50 
100.00000   4.84962e-50 4.84962e-50 4.84962e-50 4.84962e-50 4.84962e-50 4.84962e-50 4.84962e-50 4.84962e-50 

          1
          600.0
  0.00001   4.84962e-50 4.84962e-50 4.84962e-50 4.84962e-50 4.84962e-50 4.84962e-50 4.84962e-50 4.84962e-50 
  0.00010   4.84962e-50 4.84962e-50 4.84962e-50 4.84962e-50 4.84962e-50 4.84962e-50 4.84962e-50 4.84962e-50 
  0.00100   4.84962e-50 4.84962e-50 4.84962e-50 4.84962e-50 4.84962e-50 4.84962e-50 4.84962e-50 4.84962e-50 
  0.01000   4.84962e-50 4.84962e-50 4.84962e-50 4.84962e-50 4.84962e-50 4.84962e-50 4.84962e-50 4.84962e-50 
  0.10000   4.84962e-50 4.84962e-50 4.84962e-50 4.84962e-50 4.84962e-50 4.84962e-50 4.84962e-50 4.84962e-50 
  1.00000   4.84962e-50 4.84962e-50 4.84962e-50 4.84962e-50 4.84962e-50 4.84962e-50 4.84962e-50 4.84962e-50 
 10.00000   4.84962e-50 4.84962e-50 4.84962e-50 4.84962e-50 4.84962e-50 4.84962e-50 4.84962e-50 4.84962e-50 
100.00000   4.84962e-50 4.84962e-50 4.84962e-50 4.84962e-50 4.84962e-50 4.84962e-50 4.84962e-50 4.84962e-50 

          2
          100.0
  0.00001   6.69261e-25 2.47541e-24 1.46356e-23 1.90799e-22 1.91188e-21 4.58792e-21 2.94788e-20 3.28780e-18 
  0.00010   6.60438e-24 2.30913e-23 1.34843e-22 1.49336e-21 1.11426e-20 2.26149e-20 1.15470e-19 5.19633e-18 
  0.00100   6.53101e-23 2.25497e-22 1.27729e-21 1.23054e-20 8.16984e-20 1.62742e-19 7.17059e-19 1.36494e-17 
  0.01000   6.49209e-22 2.16155e-21 1.15780e-20 1.04174e-19 6.39241e-19 1.15320e-18 3.76591e-18 2.77321e-17 
  0.10000   6.17383e-21 1.98449e-20 9.85242e-20 5.94149e-19 2.17092e-18 3.18850e-18 5.39619e-18 1.01156e-17 
  1.00000   5.29195e-20 1.27572e-19 3.35031e-19 9.00201e-19 1.16752e-18 1.26511e-18 1.36442e-18 1.52024e-18 
 10.00000   8.94784e-20 1.32293e-19 1.60659e-19 2.19729e-19 2.29621e-19 2.30658e-19 2.31312e-19 2.31691e-19 
100.00000   7.87995e-22 1.06476e-21 1.32142e-21 1.80336e-21 1.81732e-21 1.82012e-21 1.82391e-21 1.82753e-21 

          2
          150.0
  0.00001   4.10742e-25 1.96686e-24 1.14670e-23 1.84314e-22 2.22411e-21 5.57039e-21 4.05904e-20 6.64461e-18 
  0.00010   4.00505e-24 1.78331e-23 1.00555e-22 1.20533e-21 9.15288e-21 1.95550e-20 1.08119e-19 7.47600e-18 
  0.00100   3.91837e-23 1.70835e-22 9.29528e-22 8.69921e-21 5.78429e-20 1.14845e-19 5.52924e-19 1.13497e-17 
  0.01000   3.85635e-22 1.64151e-21 8.20946e-21 6.99221e-20 4.35340e-19 7.99745e-19 2.71000e-18 1.84881e-17 
  0.10000   3.62476e-21 1.44732e-20 6.85838e-20 4.03611e-19 1.44334e-18 2.04982e-18 3.57017e-18 7.34919e-18 
  1.00000   3.10460e-20 9.24971e-20 2.43558e-19 6.47367e-19 8.53177e-19 9.14979e-19 9.77080e-19 1.14129e-18 
 10.00000   6.81131e-20 1.16262e-19 1.56346e-19 2.26905e-19 2.50237e-19 2.56119e-19 2.62338e-19 2.64620e-19 
100.00000   1.25445e-21 1.86451e-21 2.65307e-21 3.98045e-21 4.02731e-21 4.05907e-21 4.09618e-21 4.12378e-21 

          2
          200.0
  0.00001   2.90279e-25 1.62304e-24 9.07032e-24 1.88579e-22 2.63903e-21 6.74533e-21 5.71241e-20 8.30682e-18 
  0.00010   2.76704e-24 1.43837e-23 7.55193e-23 1.03769e-21 7.92801e-21 1.75280e-20 1.10608e-19 8.56086e-18 
  0.00100   2.68558e-23 1.33419e-22 6.75689e-22 6.58719e-21 4.26416e-20 8.66481e-20 4.46931e-19 9.97044e-18 
  0.01000   2.61912e-22 1.27234e-21 5.95012e-21 4.99002e-20 3.07394e-19 5.84215e-19 2.06070e-18 1.30391e-17 
  0.10000   2.40140e-21 1.11298e-20 4.82757e-20 3.00644e-19 1.00725e-18 1.39113e-18 2.46963e-18 5.35505e-18 
  1.00000   1.99240e-20 7.00847e-20 1.82720e-19 4.43401e-19 6.44634e-19 6.81462e-19 7.44390e-19 9.50709e-19 
 10.00000   5.05805e-20 9.21831e-20 1.36571e-19 2.01707e-19 2.35487e-19 2.45960e-19 2.58121e-19 2.63623e-19 
100.00000   1.58222e-21 2.48861e-21 3.89698e-21 6.10980e-21 6.24056e-21 6.31704e-21 6.40797e-21 6.47214e-21 

          2
          250.0
  0.00001   2.23817e-25 1.35543e-24 7.53301e-24 2.02289e-22 3.24154e-21 8.27831e-21 7.72115e-20 8.15557e-18 
  0.00010   2.09161e-24 1.18836e-23 5.86702e-23 9.33474e-22 7.47882e-21 1.66070e-20 1.19805e-19 8.27230e-18 
  0.00100   2.00297e-23 1.08086e-22 5.06980e-22 5.29396e-21 3.32690e-20 6.93434e-20 3.83172e-19 8.77014e-18 
  0.01000   1.93966e-22 1.01956e-21 4.42717e-21 3.76246e-20 2.29495e-19 4.45060e-19 1.62417e-18 9.85898e-18 
  0.10000   1.73862e-21 8.84380e-21 3.57097e-20 2.34181e-19 7.54422e-19 1.03650e-18 1.80756e-18 3.93075e-18 
  1.00000   1.35874e-20 5.57375e-20 1.40523e-19 3.04026e-19 4.98434e-19 5.22614e-19 6.00273e-19 8.29572e-19 
 10.00000   3.90512e-20 7.32979e-20 1.16327e-19 1.71240e-19 2.08417e-19 2.21296e-19 2.37130e-19 2.45469e-19 
100.00000   1.83203e-21 2.99137e-21 4.86836e-21 7.77395e-21 8.02291e-21 8.13404e-21 8.26931e-21 8.36436e-21 

          2
          300.0
  0.00001   1.77467e-25 1.11227e-24 6.71139e-24 2.27431e-22 4.16114e-21 1.04539e-20 9.56964e-20 7.38722e-18 
  0.00010   1.65246e-24 9.78457e-24 4.78003e-23 8.66261e-22 7.72953e-21 1.73560e-20 1.32264e-19 7.44255e-18 
  0.00100   1.55511e-23 8.94300e-23 3.98495e-22 4.45584e-21 2.77717e-20 5.81817e-20 3.45671e-19 7.58472e-18 
  0.01000   1.49342e-22 8.41703e-22 3.35796e-21 2.95244e-20 1.79013e-19 3.51506e-19 1.32586e-18 7.78219e-18 
  0.10000   1.33530e-21 7.01630e-21 2.75013e-20 1.86621e-19 6.02635e-19 8.17929e-19 1.40261e-18 3.01241e-18 
  1.00000   9.89407e-21 4.45149e-20 1.08937e-19 2.24617e-19 3.86960e-19 4.13261e-19 5.08899e-19 7.13131e-19 
 10.00000   3.07387e-20 5.96726e-20 9.86857e-20 1.45397e-19 1.80968e-19 1.94571e-19 2.12057e-19 2.21882e-19 
100.00000   2.01676e-21 3.38411e-21 5.59425e-21 8.99183e-21 9.36177e-21 9.49902e-21 9.66635e-21 9.78715e-21 

          2
          350.0
  0.00001   1.40098e-25 9.45804e-25 6.38981e-24 2.64186e-22 5.30346e-21 1.35216e-20 1.19483e-19 6.55476e-18 
  0.00010   1.29993e-24 8.13737e-24 4.13550e-23 8.37155e-22 8.31754e-21 2.01227e-20 1.52005e-19 6.56661e-18 
  0.00100   1.24379e-23 7.30680e-23 3.25210e-22 3.84671e-21 2.47119e-20 5.16273e-20 3.18624e-19 6.56714e-18 
  0.01000   1.17897e-22 6.81206e-22 2.70850e-21 2.38882e-20 1.42386e-19 2.86859e-19 1.08814e-18 6.39184e-18 
  0.10000   1.04771e-21 5.67177e-21 2.10756e-20 1.48652e-19 4.95540e-19 6.64334e-19 1.16526e-18 2.50954e-18 
  1.00000   7.54089e-21 3.59046e-20 8.72055e-20 1.89735e-19 3.05753e-19 3.32351e-19 4.36047e-19 6.11602e-19 
 10.00000   2.47904e-20 4.97032e-20 8.45717e-20 1.24426e-19 1.56462e-19 1.69777e-19 1.87655e-19 1.98077e-19 
100.00000   2.14438e-21 3.67994e-21 6.12794e-21 9.84416e-21 1.03186e-20 1.04746e-20 1.06695e-20 1.08091e-20 

          2
          400.0
  0.00001   1.22262e-25 8.72298e-25 6.47820e-24 3.19422e-22 6.34035e-21 1.71581e-20 1.35983e-19 5.75707e-18 
  0.00010   1.05890e-24 6.86321e-24 3.79688e-23 8.07667e-22 9.25455e-21 2.31896e-20 1.64914e-19 5.76258e-18 
  0.00100   9.82615e-24 6.08000e-23 2.77246e-22 3.41808e-21 2.37609e-20 5.02647e-20 3.06491e-19 5.79845e-18 
  0.01000   9.38939e-23 5.57720e-22 2.25096e-21 2.01538e-20 1.17953e-19 2.38903e-19 9.13812e-19 5.27796e-18 
  0.10000   8.51696e-22 4.74516e-21 1.66814e-20 1.24010e-19 4.19172e-19 5.67646e-19 9.89287e-19 2.07127e-18 
  1.00000   5.90846e-21 2.93954e-20 7.37042e-20 1.61035e-19 2.49887e-19 2.73283e-19 3.74561e-19 5.26458e-19 
 10.00000   2.04889e-20 4.20439e-20 7.37890e-20 1.07666e-19 1.35723e-19 1.48226e-19 1.65643e-19 1.76212e-19 
100.00000   2.21282e-21 3.87378e-21 6.48584e-21 1.03562e-20 1.09146e-20 1.10826e-20 1.12950e-20 1.14482e-20 

          2
          600.0
  0.00001   9.27590e-26 8.37904e-25 1.05418e-23 6.96584e-22 1.19473e-20 3.25364e-20 2.06378e-19 3.38697e-18 
  0.00010   6.72018e-25 4.88543e-24 3.64344e-23 9.82495e-22 1.40773e-20 3.70517e-20 2.16452e-19 3.38056e-18 
  0.00100   5.27159e-24 3.59490e-23 1.89351e-22 2.54007e-21 2.34534e-20 5.44245e-20 2.66210e-19 3.32178e-18 
  0.01000   4.48142e-23 3.04308e-22 1.27801e-21 1.23283e-20 7.43196e-20 1.36652e-19 5.33907e-19 2.99442e-18 
  0.10000   4.05482e-22 2.52863e-21 8.98552e-21 6.31430e-20 2.26343e-19 3.21841e-19 5.82383e-19 1.14368e-18 
  1.00000   2.75810e-21 1.44526e-20 4.00029e-20 9.32214e-20 1.41237e-19 1.55996e-19 2.13952e-19 3.03650e-19 
 10.00000   1.07043e-20 2.29804e-20 4.59434e-20 6.55526e-20 8.12415e-20 8.97904e-20 1.03758e-19 1.13231e-19 
100.00000   2.17651e-21 4.09116e-21 7.08415e-21 1.09019e-20 1.16248e-20 1.18073e-20 1.20452e-20 1.22200e-20 

          3
          100.0
  0.00001   5.15001e-25 1.49326e-24 6.77654e-24 1.01613e-22 9.59496e-22 2.22344e-21 1.43775e-20 2.03124e-18 
  0.00010   5.03413e-24 1.45587e-23 6.28820e-23 8.28941e-22 6.21515e-21 1.29542e-20 5.73195e-20 2.91154e-18 
  0.00100   4.92924e-23 1.43466e-22 6.00647e-22 7.34476e-21 4.53754e-20 9.06455e-20 3.62461e-19 6.89073e-18 
  0.01000   4.87683e-22 1.40684e-21 5.79224e-21 6.24522e-20 3.40651e-19 6.39046e-19 2.31239e-18 2.01898e-17 
  0.10000   4.70036e-21 1.32448e-20 4.99421e-20 4.09879e-19 1.40988e-18 2.08873e-18 4.01813e-18 9.03352e-18 
  1.00000   4.18680e-20 1.01131e-19 2.33490e-19 6.29214e-19 9.55847e-19 1.10382e-18 1.40744e-18 1.64478e-18 
 10.00000   1.00299e-19 1.26181e-19 1.50925e-19 1.92367e-19 2.04558e-19 2.05988e-19 2.12942e-19 2.17314e-19 
100.00000   1.17955e-21 1.38307e-21 1.54280e-21 1.68705e-21 1.74596e-21 1.75215e-21 1.75885e-21 1.76281e-21 

          3
          150.0
  0.00001   5.85664e-25 1.68480e-24 9.73436e-24 1.71291e-22 2.06700e-21 5.17474e-21 4.06181e-20 7.64411e-18 
  0.00010   5.75016e-24 1.60946e-23 8.36001e-23 1.14434e-21 9.88023e-21 2.08029e-20 9.85119e-20 8.39131e-18 
  0.00100   5.75902e-23 1.57546e-22 7.58318e-22 9.09087e-21 6.13795e-20 1.22224e-19 4.69487e-19 1.20618e-17 
  0.01000   5.63529e-22 1.53785e-21 7.14418e-21 7.55346e-20 4.24338e-19 8.11024e-19 2.67293e-18 2.24330e-17 
  0.10000   5.35482e-21 1.46329e-20 5.79874e-20 4.71403e-19 1.61161e-18 2.33592e-18 4.39414e-18 9.61980e-18 
  1.00000   4.51437e-20 1.07886e-19 2.72914e-19 6.84875e-19 1.08980e-18 1.22887e-18 1.63779e-18 2.04573e-18 
 10.00000   1.31365e-19 1.83437e-19 2.07735e-19 2.55393e-19 2.75091e-19 2.77651e-19 2.82726e-19 2.85185e-19 
100.00000   3.77014e-21 4.03945e-21 4.46729e-21 4.85431e-21 4.94931e-21 4.95805e-21 4.96439e-21 4.96722e-21 

          3
          200.0
  0.00001   5.40391e-25 1.72159e-24 1.25902e-23 2.60750e-22 3.60451e-21 9.95761e-21 9.39938e-20 1.40302e-17 
  0.00010   5.27053e-24 1.58554e-23 9.85817e-23 1.36296e-21 1.28809e-20 2.80678e-20 1.54942e-19 1.44679e-17 
  0.00100   5.27442e-23 1.50878e-22 8.33735e-22 9.54453e-21 6.94410e-20 1.37233e-19 5.47789e-19 1.66082e-17 
  0.01000   5.17926e-22 1.44929e-21 7.57612e-21 7.67173e-20 4.49842e-19 8.44369e-19 2.67069e-18 2.16521e-17 
  0.10000   5.01186e-21 1.37337e-20 6.00617e-20 4.65704e-19 1.59039e-18 2.24032e-18 4.11407e-18 8.90361e-18 
  1.00000   4.47562e-20 1.03429e-19 2.78765e-19 6.72748e-19 1.00307e-18 1.10200e-18 1.46987e-18 1.99025e-18 
 10.00000   1.29065e-19 2.00435e-19 2.18370e-19 2.70709e-19 3.04381e-19 3.08786e-19 3.12544e-19 3.13591e-19 
100.00000   6.62490e-21 6.88983e-21 8.05173e-21 8.79710e-21 8.95623e-21 8.97096e-21 8.97997e-21 8.98478e-21 

          3
          250.0
  0.00001   4.70396e-25 1.78150e-24 1.50165e-23 3.94733e-22 5.96222e-21 1.74917e-20 1.93234e-19 1.76627e-17 
  0.00010   4.45381e-24 1.55207e-23 1.09338e-22 1.58234e-21 1.55055e-20 3.59099e-20 2.47925e-19 1.78164e-17 
  0.00100   4.32780e-23 1.42369e-22 8.70367e-22 9.60474e-21 7.33228e-20 1.46642e-19 6.33824e-19 1.87596e-17 
  0.01000   4.26349e-22 1.33266e-21 7.52862e-21 7.39630e-20 4.52613e-19 8.23247e-19 2.56853e-18 2.04493e-17 
  0.10000   4.20016e-21 1.23077e-20 6.00387e-20 4.35492e-19 1.47727e-18 2.07751e-18 3.73515e-18 8.30064e-18 
  1.00000   4.07072e-20 9.60343e-20 2.60629e-19 6.46962e-19 8.99671e-19 9.80139e-19 1.24996e-18 1.78348e-18 
 10.00000   1.17222e-19 1.95641e-19 2.11734e-19 2.66069e-19 3.06208e-19 3.11518e-19 3.16103e-19 3.17396e-19 
100.00000   8.78466e-21 9.32336e-21 1.17550e-20 1.24513e-20 1.26430e-20 1.26605e-20 1.26698e-20 1.26766e-20 

          3
          300.0
  0.00001   4.24501e-25 1.91268e-24 1.67440e-23 5.90586e-22 9.89187e-21 2.90919e-20 3.51328e-19 1.82213e-17 
  0.00010   3.87024e-24 1.56808e-23 1.16002e-22 1.83788e-21 1.83067e-20 4.58857e-20 3.99313e-19 1.82664e-17 
  0.00100   3.62266e-23 1.39164e-22 8.87530e-22 9.53655e-21 7.53227e-20 1.54701e-19 7.29348e-19 1.85881e-17 
  0.01000   3.51924e-22 1.26439e-21 7.30783e-21 7.03078e-20 4.40034e-19 7.90647e-19 2.44410e-18 1.87281e-17 
  0.10000   3.41697e-21 1.11991e-20 5.82923e-20 4.04185e-19 1.30924e-18 1.88543e-18 3.32987e-18 7.80817e-18 
  1.00000   3.31281e-20 8.50969e-20 2.36369e-19 6.03704e-19 8.53547e-19 9.29969e-19 1.08602e-18 1.55615e-18 
 10.00000   1.04061e-19 1.81700e-19 1.99407e-19 2.57230e-19 2.95125e-19 3.00844e-19 3.05838e-19 3.07254e-19 
100.00000   1.03323e-20 1.13965e-20 1.49619e-20 1.54788e-20 1.56459e-20 1.56644e-20 1.56762e-20 1.56852e-20 

          3
          350.0
  0.00001   3.84161e-25 2.08427e-24 1.93459e-23 8.61828e-22 1.50751e-20 4.73146e-20 5.54085e-19 1.72563e-17 
  0.00010   3.50818e-24 1.64771e-23 1.19948e-22 2.15817e-21 2.28454e-20 6.29614e-20 5.94662e-19 1.72624e-17 
  0.00100   3.18620e-23 1.38744e-22 8.60968e-22 9.57009e-21 7.75388e-20 1.61538e-19 8.69733e-19 1.73170e-17 
  0.01000   3.02919e-22 1.22256e-21 7.01970e-21 6.56232e-20 4.22884e-19 7.46152e-19 2.36473e-18 1.64742e-17 
  0.10000   2.88311e-21 1.03940e-20 5.52936e-20 3.75116e-19 1.17087e-18 1.67628e-18 2.97831e-18 7.34292e-18 
  1.00000   2.76949e-20 7.42844e-20 2.21175e-19 5.35166e-19 7.99731e-19 8.75673e-19 9.96485e-19 1.34720e-18 
 10.00000   9.19375e-20 1.65346e-19 1.84922e-19 2.48127e-19 2.78255e-19 2.84070e-19 2.89246e-19 2.90758e-19 
100.00000   1.14496e-20 1.30281e-20 1.74154e-20 1.78602e-20 1.79534e-20 1.79767e-20 1.79910e-20 1.80019e-20 

          3
          400.0
  0.00001   3.77122e-25 2.40082e-24 2.28616e-23 1.22205e-21 2.28331e-20 7.06265e-20 7.43578e-19 1.55718e-17 
  0.00010   3.24324e-24 1.71551e-23 1.26824e-22 2.56831e-21 3.03072e-20 8.59539e-20 7.75827e-19 1.55631e-17 
  0.00100   2.90969e-23 1.38510e-22 8.40260e-22 9.83566e-21 8.11535e-20 1.76115e-19 1.00337e-18 1.54564e-17 
  0.01000   2.73026e-22 1.19325e-21 6.58935e-21 6.23764e-20 4.00715e-19 7.11353e-19 2.24192e-18 1.44959e-17 
  0.10000   2.58645e-21 9.99324e-21 5.06093e-20 3.42487e-19 1.06440e-18 1.46396e-18 2.67608e-18 6.62132e-18 
  1.00000   2.39282e-20 6.77954e-20 2.08431e-19 4.71654e-19 7.27523e-19 7.98960e-19 9.30539e-19 1.16749e-18 
 10.00000   8.14868e-20 1.47311e-19 1.69119e-19 2.39415e-19 2.59693e-19 2.65176e-19 2.70115e-19 2.71570e-19 
100.00000   1.21505e-20 1.40976e-20 1.88785e-20 1.95938e-20 1.97504e-20 1.97851e-20 1.98157e-20 1.98315e-20 

          3
          600.0
  0.00001   4.86773e-25 4.13514e-24 6.54239e-23 4.07199e-21 7.65643e-20 2.03088e-19 1.26864e-18 9.36953e-18 
  0.00010   3.13261e-24 2.28085e-23 1.84629e-22 5.23038e-21 8.14508e-20 2.11183e-19 1.27780e-18 9.35045e-18 
  0.00100   2.44032e-23 1.53482e-22 8.61252e-22 1.21194e-20 1.16244e-19 2.69552e-19 1.36987e-18 9.20672e-18 
  0.01000   2.10935e-22 1.11636e-21 5.54089e-21 5.46054e-20 3.28270e-19 5.90220e-19 1.78121e-18 8.46759e-18 
  0.10000   1.79428e-21 8.40360e-21 3.83762e-20 2.42387e-19 7.58113e-19 1.01555e-18 1.64273e-18 4.39621e-18 
  1.00000   1.52434e-20 5.04456e-20 1.37515e-19 3.17990e-19 4.85967e-19 5.30591e-19 6.49002e-19 7.97851e-19 
 10.00000   5.26675e-20 9.39537e-20 1.21388e-19 1.90573e-19 2.00079e-19 2.01438e-19 2.06236e-19 2.08666e-19 
100.00000   1.30240e-20 1.59834e-20 2.13418e-20 2.34990e-20 2.39731e-20 2.40718e-20 2.41638e-20 2.41981e-20 

          4
          100.0
  0.00001   1.04695e-25 3.04295e-25 1.52442e-24 1.94730e-23 2.06568e-22 4.69710e-22 3.32982e-21 2.46415e-19 
  0.00010   1.04517e-24 3.00210e-24 1.42298e-23 1.63219e-22 1.38599e-21 3.09824e-21 1.49160e-20 4.11815e-19 
  0.00100   1.04858e-23 2.97283e-23 1.37025e-22 1.46519e-21 1.06410e-20 2.25482e-20 8.70358e-20 1.73815e-18 
  0.01000   1.05017e-22 2.94189e-22 1.30382e-21 1.26934e-20 7.88259e-20 1.55282e-19 5.70182e-19 6.02924e-18 
  0.10000   1.03865e-21 2.77880e-21 1.12565e-20 8.26047e-20 3.93584e-19 6.35786e-19 1.32790e-18 2.87084e-18 
  1.00000   8.77085e-21 1.86219e-20 6.38448e-20 1.89485e-19 3.10885e-19 3.35412e-19 4.27283e-19 5.36199e-19 
 10.00000   2.32995e-20 3.01702e-20 4.83968e-20 7.05665e-20 7.85021e-20 8.27811e-20 8.92051e-20 9.53713e-20 
100.00000   3.02074e-22 4.18553e-22 4.86403e-22 8.20241e-22 9.88060e-22 1.01883e-21 1.05499e-21 1.08187e-21 

          4
          150.0
  0.00001   2.24094e-25 5.65132e-25 3.16236e-24 4.48600e-23 5.72041e-22 1.39376e-21 1.21735e-20 1.32311e-18 
  0.00010   2.21293e-24 5.38681e-24 2.84017e-23 3.16683e-22 3.17447e-21 6.88469e-21 3.75162e-20 1.56860e-18 
  0.00100   2.19170e-23 5.24251e-23 2.64627e-22 2.65150e-21 2.06142e-20 4.54379e-20 1.78390e-19 3.71439e-18 
  0.01000   2.17302e-22 5.14812e-22 2.48200e-21 2.23051e-20 1.44621e-19 2.97915e-19 9.96129e-19 1.10635e-17 
  0.10000   2.14580e-21 4.87004e-21 2.12251e-20 1.38271e-19 6.56508e-19 1.11162e-18 2.78168e-18 6.45024e-18 
  1.00000   1.90544e-20 3.40952e-20 1.12077e-19 3.52876e-19 6.13410e-19 6.94706e-19 1.07290e-18 1.55315e-18 
 10.00000   5.63116e-20 7.87633e-20 1.11329e-19 1.58215e-19 1.80240e-19 1.85473e-19 1.92083e-19 1.97027e-19 
100.00000   1.77292e-21 2.48228e-21 2.71552e-21 3.15718e-21 3.47399e-21 3.56841e-21 3.67811e-21 3.75838e-21 

          4
          200.0
  0.00001   2.66902e-25 7.91587e-25 4.30244e-24 8.27609e-23 1.12856e-21 2.94697e-21 2.82425e-20 3.69388e-18 
  0.00010   2.61114e-24 7.19506e-24 3.64637e-23 4.69540e-22 4.89736e-21 1.02353e-20 5.95033e-20 3.89484e-18 
  0.00100   2.56772e-23 6.75616e-23 3.25397e-22 3.41942e-21 2.73551e-20 5.78286e-20 2.48786e-19 5.93126e-18 
  0.01000   2.53860e-22 6.50595e-22 2.98905e-21 2.68596e-20 1.84430e-19 3.86322e-19 1.23075e-18 1.28419e-17 
  0.10000   2.49771e-21 5.98474e-21 2.57824e-20 1.68181e-19 7.78021e-19 1.27585e-18 3.37409e-18 8.10191e-18 
  1.00000   2.29002e-20 4.37064e-20 1.30053e-19 4.07182e-19 7.52579e-19 8.53711e-19 1.46797e-18 2.38636e-18 
 10.00000   7.29328e-20 1.08945e-19 1.44864e-19 2.28621e-19 2.77496e-19 2.83432e-19 2.88822e-19 2.90329e-19 
100.00000   4.54550e-21 6.01347e-21 6.75118e-21 7.16871e-21 7.43734e-21 7.53703e-21 7.64777e-21 7.72700e-21 

          4
          250.0
  0.00001   2.73500e-25 1.01133e-24 5.40578e-24 1.48461e-22 2.17881e-21 5.84245e-21 5.51508e-20 7.06113e-18 
  0.00010   2.64798e-24 8.89765e-24 4.19209e-23 6.66824e-22 6.72185e-21 1.41952e-20 8.35336e-20 7.22222e-18 
  0.00100   2.59686e-23 8.17805e-23 3.55107e-22 4.08989e-21 3.27586e-20 6.38647e-20 2.98652e-19 8.66357e-18 
  0.01000   2.57090e-22 7.71298e-22 3.17876e-21 2.88683e-20 2.09229e-19 4.28117e-19 1.39691e-18 1.33042e-17 
  0.10000   2.51566e-21 6.84494e-21 2.68480e-20 1.83698e-19 8.75290e-19 1.36838e-18 3.38632e-18 8.42003e-18 
  1.00000   2.29872e-20 5.05904e-20 1.37167e-19 4.02575e-19 7.88942e-19 8.83100e-19 1.54924e-18 2.79270e-18 
 10.00000   8.08890e-20 1.23285e-19 1.62768e-19 2.59997e-19 3.28526e-19 3.38122e-19 3.46658e-19 3.49162e-19 
100.00000   8.17588e-21 1.01402e-20 1.18545e-20 1.24323e-20 1.26491e-20 1.26695e-20 1.26825e-20 1.26912e-20 

          4
          300.0
  0.00001   2.75117e-25 1.16903e-24 7.10690e-24 2.54117e-22 4.37295e-21 1.13890e-20 9.94793e-20 1.03529e-17 
  0.00010   2.62349e-24 1.00488e-23 4.85404e-23 9.15134e-22 9.22135e-21 2.02381e-20 1.21941e-19 1.04512e-17 
  0.00100   2.55058e-23 9.24861e-23 3.87091e-22 4.81862e-21 3.80345e-20 6.97943e-20 3.29391e-19 1.13033e-17 
  0.01000   2.51295e-22 8.63308e-22 3.34842e-21 3.01264e-20 2.22924e-19 4.27779e-19 1.49497e-18 1.35070e-17 
  0.10000   2.44226e-21 7.56243e-21 2.61910e-20 1.86502e-19 9.39615e-19 1.46156e-18 3.23972e-18 8.12788e-18 
  1.00000   2.20826e-20 5.48356e-20 1.42951e-19 3.89327e-19 7.68174e-19 8.62627e-19 1.46541e-18 2.89891e-18 
 10.00000   8.48735e-20 1.25135e-19 1.73966e-19 2.62928e-19 3.44472e-19 3.57948e-19 3.69247e-19 3.72744e-19 
100.00000   1.18717e-20 1.39150e-20 1.72339e-20 1.80759e-20 1.83749e-20 1.84042e-20 1.84222e-20 1.84343e-20 

          4
          350.0
  0.00001   2.81180e-25 1.36949e-24 9.77433e-24 4.16814e-22 8.41734e-21 2.14808e-20 1.69486e-19 1.25764e-17 
  0.00010   2.65784e-24 1.06416e-23 5.59525e-23 1.21749e-21 1.37308e-20 2.97017e-20 1.89695e-19 1.26238e-17 
  0.00100   2.55064e-23 9.24030e-23 4.19176e-22 5.56091e-21 4.34099e-20 8.00091e-20 3.60589e-19 1.30383e-17 
  0.01000   2.48455e-22 8.60794e-22 3.46915e-21 3.16310e-20 2.31003e-19 4.18597e-19 1.51534e-18 1.37079e-17 
  0.10000   2.39155e-21 7.63537e-21 2.58827e-20 1.86229e-19 9.60147e-19 1.47694e-18 3.10521e-18 7.41148e-18 
  1.00000   2.05710e-20 5.63051e-20 1.38530e-19 3.97890e-19 7.39929e-19 8.17519e-19 1.31601e-18 2.83032e-18 
 10.00000   8.63306e-20 1.24629e-19 1.85436e-19 2.51757e-19 3.40422e-19 3.57268e-19 3.70677e-19 3.75175e-19 
100.00000   1.51535e-20 1.70000e-20 2.21876e-20 2.33835e-20 2.37634e-20 2.38024e-20 2.38227e-20 2.38379e-20 

          4
          400.0
  0.00001   3.05821e-25 1.57039e-24 1.34029e-23 6.81318e-22 1.44407e-20 3.68493e-20 2.58790e-19 1.34928e-17 
  0.00010   2.73831e-24 1.16602e-23 6.79003e-23 1.64627e-21 2.00206e-20 4.45912e-20 2.75675e-19 1.35097e-17 
  0.00100   2.60048e-23 9.68861e-23 4.45934e-22 6.26557e-21 5.04558e-20 9.76899e-20 4.08643e-19 1.35908e-17 
  0.01000   2.48143e-22 8.45942e-22 3.52744e-21 3.37292e-20 2.35649e-19 4.10751e-19 1.49757e-18 1.38145e-17 
  0.10000   2.32765e-21 7.30505e-21 2.57180e-20 1.81510e-19 9.44572e-19 1.46395e-18 2.97108e-18 7.03772e-18 
  1.00000   1.96408e-20 5.44444e-20 1.37235e-19 3.97755e-19 7.18109e-19 8.22616e-19 1.15261e-18 2.66402e-18 
 10.00000   8.57660e-20 1.22224e-19 1.87674e-19 2.34222e-19 3.24844e-19 3.43256e-19 3.59231e-19 3.64486e-19 
100.00000   1.76805e-20 1.93665e-20 2.61328e-20 2.76854e-20 2.81067e-20 2.81489e-20 2.81722e-20 2.81899e-20 

          4
          600.0
  0.00001   4.71530e-25 3.63436e-24 6.27017e-23 4.01075e-21 6.43840e-20 1.61563e-19 7.46219e-19 1.27908e-17 
  0.00010   3.69982e-24 1.86029e-23 1.58159e-22 5.07202e-21 6.95570e-20 1.66933e-19 7.51888e-19 1.27935e-17 
  0.00100   3.14069e-23 1.18444e-22 6.53681e-22 1.09228e-20 1.00588e-19 2.13560e-19 8.07000e-19 1.26977e-17 
  0.01000   2.71904e-22 9.05585e-22 4.03934e-21 4.22732e-20 2.60186e-19 4.63728e-19 1.36756e-18 1.19111e-17 
  0.10000   2.30900e-21 7.17498e-21 2.62167e-20 1.74127e-19 7.51574e-19 1.17913e-18 2.31889e-18 5.93044e-18 
  1.00000   1.77481e-20 4.24948e-20 1.13526e-19 3.32749e-19 5.99237e-19 7.30908e-19 1.03612e-18 1.87852e-18 
 10.00000   7.73074e-20 1.03495e-19 1.68394e-19 2.08060e-19 2.45542e-19 2.65197e-19 2.86600e-19 2.93434e-19 
100.00000   2.35200e-20 2.47176e-20 3.59081e-20 3.80714e-20 3.84895e-20 3.85224e-20 3.85498e-20 3.85708e-20 

          5
          100.0
  0.00001   7.51245e-27 3.01372e-26 2.64380e-25 3.97719e-24 3.77390e-23 8.87247e-23 5.32185e-22 1.08155e-19 
  0.00010   7.33655e-26 2.94389e-25 2.51188e-24 3.41662e-23 2.76682e-22 5.85746e-22 2.77813e-21 1.72850e-19 
  0.00100   7.20358e-25 2.90508e-24 2.39955e-23 3.09277e-22 2.20801e-21 4.34427e-21 1.82399e-20 4.86134e-19 
  0.01000   7.04393e-24 2.85125e-23 2.27102e-22 2.73417e-21 1.76133e-20 3.34684e-20 1.28095e-19 1.41263e-18 
  0.10000   6.73748e-23 2.77312e-22 1.88354e-21 2.06126e-20 9.35462e-20 1.39425e-19 3.09555e-19 8.30109e-19 
  1.00000   6.17253e-22 2.18635e-21 1.10249e-20 5.13302e-20 8.32048e-20 9.06866e-20 1.12455e-19 1.42273e-19 
 10.00000   1.87503e-21 4.82910e-21 1.12885e-20 2.08282e-20 2.18893e-20 2.20496e-20 2.22550e-20 2.24503e-20 
100.00000   4.25076e-23 1.25434e-22 1.88806e-22 2.19710e-22 3.13346e-22 3.28204e-22 3.46090e-22 3.60206e-22 

          5
          150.0
  0.00001   3.06652e-26 8.49037e-26 9.06261e-25 1.48553e-23 1.81577e-22 4.45632e-22 3.32088e-21 9.04186e-19 
  0.00010   3.03247e-25 7.98126e-25 8.48403e-24 1.16326e-22 1.05873e-21 2.27557e-21 1.11000e-20 1.07778e-18 
  0.00100   3.00364e-24 7.73222e-24 8.07852e-23 9.71684e-22 7.03431e-21 1.40648e-20 5.71091e-20 2.05696e-18 
  0.01000   2.93949e-23 7.54012e-23 7.66094e-22 8.14887e-21 5.08063e-20 9.73096e-20 3.92356e-19 4.43400e-18 
  0.10000   2.88147e-22 7.17480e-22 6.38612e-21 6.12328e-20 2.72585e-19 4.26616e-19 9.35356e-19 2.81301e-18 
  1.00000   2.62807e-21 6.27846e-21 3.71536e-20 1.54866e-19 2.54528e-19 3.12742e-19 4.42809e-19 5.68681e-19 
 10.00000   1.04819e-20 2.30629e-20 4.53638e-20 7.62466e-20 8.01735e-20 8.11060e-20 8.19818e-20 8.22984e-20 
100.00000   6.06736e-22 1.26624e-21 1.54156e-21 1.71641e-21 2.04163e-21 2.13193e-21 2.24134e-21 2.32148e-21 

          5
          200.0
  0.00001   5.65817e-26 1.58293e-25 1.66914e-24 3.20992e-23 4.77448e-22 1.25733e-21 1.21408e-20 2.62449e-18 
  0.00010   5.64666e-25 1.43387e-24 1.49893e-23 2.15553e-22 2.16459e-21 4.75410e-21 2.58206e-20 2.82297e-18 
  0.00100   5.57458e-24 1.34644e-23 1.41300e-22 1.67331e-21 1.22284e-20 2.56510e-20 1.02512e-19 4.19643e-18 
  0.01000   5.51338e-23 1.27567e-22 1.34100e-21 1.35277e-20 8.06026e-20 1.58388e-19 6.19413e-19 7.52746e-18 
  0.10000   5.49645e-22 1.18634e-21 1.14282e-20 9.54050e-20 4.31933e-19 6.82603e-19 1.62770e-18 5.11175e-18 
  1.00000   5.20124e-21 1.00369e-20 6.58767e-20 2.59100e-19 4.60698e-19 5.94458e-19 8.93977e-19 1.25726e-18 
 10.00000   2.39444e-20 4.70676e-20 8.96347e-20 1.38516e-19 1.51983e-19 1.56879e-19 1.61329e-19 1.62594e-19 
100.00000   2.45964e-21 4.19860e-21 4.77292e-21 5.20537e-21 5.43489e-21 5.54869e-21 5.71365e-21 5.88820e-21 

          5
          250.0
  0.00001   7.12418e-26 2.59266e-25 2.46804e-24 5.74391e-23 1.00416e-21 2.92643e-21 3.28089e-20 4.48147e-18 
  0.00010   7.06197e-25 2.14302e-24 2.05582e-23 3.18607e-22 3.47400e-21 7.81479e-21 4.83418e-20 4.67939e-18 
  0.00100   6.91634e-24 1.89893e-23 1.87287e-22 2.24274e-21 1.69286e-20 3.65580e-20 1.51740e-19 6.01621e-18 
  0.01000   6.89738e-23 1.75765e-22 1.75698e-21 1.75588e-20 1.03744e-19 2.09335e-19 7.82185e-19 9.60780e-18 
  0.10000   6.86844e-22 1.60173e-21 1.51708e-20 1.17145e-19 5.28493e-19 8.31927e-19 2.08327e-18 6.85469e-18 
  1.00000   6.67441e-21 1.27000e-20 8.65422e-20 3.21342e-19 6.54365e-19 8.18362e-19 1.19599e-18 1.94243e-18 
 10.00000   3.63946e-20 6.02339e-20 1.25113e-19 1.90216e-19 2.20109e-19 2.31926e-19 2.42691e-19 2.45765e-19 
100.00000   5.53732e-21 8.23863e-21 9.48167e-21 1.00662e-20 1.01903e-20 1.02014e-20 1.02848e-20 1.04781e-20 

          5
          300.0
  0.00001   7.80605e-26 4.16441e-25 3.50505e-24 9.78903e-23 2.01474e-21 6.40979e-21 6.85437e-20 6.35355e-18 
  0.00010   7.58615e-25 2.97303e-24 2.63100e-23 4.46308e-22 5.11783e-21 1.20582e-20 8.14212e-20 6.47192e-18 
  0.00100   7.42394e-24 2.37521e-23 2.26281e-22 2.72284e-21 2.13201e-20 4.58951e-20 2.07154e-19 7.34771e-18 
  0.01000   7.37337e-23 2.17131e-22 2.06731e-21 2.02526e-20 1.23159e-19 2.48759e-19 9.34826e-19 1.07242e-17 
  0.10000   7.28113e-22 1.92635e-21 1.78323e-20 1.32874e-19 5.76816e-19 9.36902e-19 2.26171e-18 8.41327e-18 
  1.00000   6.95768e-21 1.45449e-20 1.02525e-19 3.44626e-19 7.94061e-19 9.71897e-19 1.35633e-18 2.40410e-18 
 10.00000   4.61779e-20 6.70477e-20 1.53653e-19 2.20975e-19 2.69679e-19 2.87493e-19 3.03795e-19 3.08807e-19 
100.00000   9.37711e-21 1.28802e-20 1.47787e-20 1.55018e-20 1.57364e-20 1.57558e-20 1.57712e-20 1.57831e-20 

          5
          350.0
  0.00001   8.52367e-26 6.34360e-25 5.02366e-24 1.68367e-22 4.00765e-21 1.23864e-20 1.25462e-19 8.40912e-18 
  0.00010   8.05988e-25 4.50896e-24 3.27686e-23 6.07747e-22 7.18830e-21 1.85868e-20 1.39830e-19 8.49799e-18 
  0.00100   7.77878e-24 3.06526e-23 2.64007e-22 3.26462e-21 2.60041e-20 5.63284e-20 2.68815e-19 9.04565e-18 
  0.01000   7.61463e-23 2.57836e-22 2.31522e-21 2.22420e-20 1.40723e-19 2.73644e-19 1.04853e-18 1.12262e-17 
  0.10000   7.48561e-22 2.22475e-21 1.94449e-20 1.42038e-19 6.20617e-19 9.85444e-19 2.35170e-18 9.29877e-18 
  1.00000   7.22049e-21 1.62292e-20 1.08574e-19 3.49731e-19 8.35411e-19 1.02668e-18 1.48356e-18 2.65026e-18 
 10.00000   5.23329e-20 7.00163e-20 1.68038e-19 2.36651e-19 2.96531e-19 3.18902e-19 3.40283e-19 3.47226e-19 
100.00000   1.36294e-20 1.76923e-20 2.01445e-20 2.10732e-20 2.13946e-20 2.14156e-20 2.14316e-20 2.14439e-20 

          5
          400.0
  0.00001   1.02842e-25 8.27125e-25 6.98921e-24 3.05023e-22 6.96723e-21 2.10669e-20 2.02018e-19 1.02289e-17 
  0.00010   8.78173e-25 6.05761e-24 4.13419e-23 8.28442e-22 1.03738e-20 2.75398e-20 2.15925e-19 1.02804e-17 
  0.00100   8.24637e-24 4.12997e-23 3.02384e-22 3.88397e-21 3.12581e-20 6.66177e-20 3.40035e-19 1.05878e-17 
  0.01000   7.83374e-23 3.20392e-22 2.53922e-21 2.45377e-20 1.55180e-19 2.91443e-19 1.15058e-18 1.16136e-17 
  0.10000   7.57326e-22 2.59828e-21 2.05729e-20 1.49725e-19 6.58947e-19 1.04873e-18 2.37231e-18 9.39767e-18 
  1.00000   7.24761e-21 1.81665e-20 1.10953e-19 3.55755e-19 8.12801e-19 1.04948e-18 1.51276e-18 2.71245e-18 
 10.00000   5.35768e-20 7.50033e-20 1.74796e-19 2.48686e-19 3.03850e-19 3.29785e-19 3.55305e-19 3.63941e-19 
100.00000   1.78312e-20 2.20351e-20 2.48432e-20 2.60640e-20 2.64490e-20 2.64814e-20 2.65006e-20 2.65153e-20 

          5
          600.0
  0.00001   2.05347e-25 1.90006e-24 3.48637e-23 2.54355e-21 3.75088e-20 9.94488e-20 6.37927e-19 1.36461e-17 
  0.00010   1.63475e-24 1.13895e-23 1.04422e-22 3.43638e-21 4.09804e-20 1.05398e-19 6.47414e-19 1.36488e-17 
  0.00100   1.34358e-23 7.89343e-23 4.98027e-22 7.67526e-21 6.35497e-20 1.41650e-19 7.24825e-19 1.35276e-17 
  0.01000   1.15093e-22 6.00804e-22 3.34817e-21 3.28780e-20 2.07079e-19 3.63774e-19 1.34479e-18 1.25678e-17 
  0.10000   9.41581e-22 4.57459e-21 2.34953e-20 1.69874e-19 7.02629e-19 1.11849e-18 2.36139e-18 7.66667e-18 
  1.00000   7.47282e-21 2.57901e-20 1.07571e-19 3.74205e-19 7.07942e-19 8.94451e-19 1.26998e-18 2.32856e-18 
 10.00000   5.08807e-20 8.47371e-20 1.70324e-19 2.60279e-19 2.86445e-19 3.00011e-19 3.35830e-19 3.49707e-19 
100.00000   3.33307e-20 3.50419e-20 3.89090e-20 4.09890e-20 4.16154e-20 4.16768e-20 4.17159e-20 4.17332e-20 

          6
          100.0
  0.00001   2.25297e-27 6.41998e-27 3.17632e-26 4.92869e-25 5.17589e-24 1.24497e-23 8.76652e-23 2.11908e-20 
  0.00010   2.22610e-26 6.32742e-26 3.01740e-25 4.17408e-24 3.73458e-23 7.79187e-23 3.95517e-22 3.05213e-20 
  0.00100   2.21491e-25 6.26391e-25 2.90575e-24 3.71978e-23 2.85075e-22 5.63228e-22 2.43047e-21 6.07258e-20 
  0.01000   2.19197e-24 6.18279e-24 2.80507e-23 3.23601e-22 2.18108e-21 4.23007e-21 1.61900e-20 1.74594e-19 
  0.10000   2.10121e-23 5.74363e-23 2.44544e-22 2.29608e-21 1.10576e-20 1.86409e-20 3.68237e-20 9.27098e-20 
  1.00000   1.91333e-22 4.78087e-22 1.54742e-21 5.44759e-21 9.85675e-21 1.13572e-20 1.28242e-20 1.41004e-20 
 10.00000   6.83386e-22 8.85023e-22 1.20706e-21 1.93855e-21 2.52029e-21 2.61847e-21 2.71571e-21 2.78415e-21 
100.00000   1.28748e-23 1.95244e-23 2.52826e-23 3.09874e-23 3.14797e-23 3.15107e-23 3.15441e-23 3.15696e-23 

          6
          150.0
  0.00001   1.18876e-26 3.16422e-26 1.64614e-25 2.96661e-24 3.86901e-23 9.46702e-23 7.84140e-22 3.76762e-19 
  0.00010   1.18148e-25 3.03470e-25 1.48115e-24 2.25516e-23 2.24137e-22 4.93233e-22 2.43597e-21 4.09817e-19 
  0.00100   1.17800e-24 2.95496e-24 1.38419e-23 1.84199e-22 1.56208e-21 3.15515e-21 1.25874e-20 5.25330e-19 
  0.01000   1.16914e-23 2.85327e-23 1.29950e-22 1.56317e-21 1.14335e-20 2.21926e-20 8.41740e-20 8.67003e-19 
  0.10000   1.13504e-22 2.63977e-22 1.07232e-21 1.11568e-20 5.54170e-20 9.02830e-20 1.89129e-19 4.58180e-19 
  1.00000   1.05876e-21 2.06133e-21 7.10563e-21 2.86589e-20 4.74757e-20 5.83987e-20 7.18475e-20 1.18341e-19 
 10.00000   3.75500e-21 6.06351e-21 8.25538e-21 1.50283e-20 1.83428e-20 1.95421e-20 2.08783e-20 2.19534e-20 
100.00000   1.92030e-22 3.72296e-22 4.75210e-22 5.53793e-22 5.60151e-22 5.60650e-22 5.61301e-22 5.61800e-22 

          6
          200.0
  0.00001   2.70686e-26 7.98545e-26 4.76037e-25 9.51309e-24 1.49384e-22 3.85740e-22 3.73549e-21 1.64234e-18 
  0.00010   2.67909e-25 7.30857e-25 3.94761e-24 6.49871e-23 7.02360e-22 1.55046e-21 7.69478e-21 1.68285e-18 
  0.00100   2.65828e-24 6.91100e-24 3.53793e-23 4.92519e-22 4.16829e-21 8.50705e-21 3.13640e-20 1.89188e-18 
  0.01000   2.63916e-23 6.59844e-23 3.21597e-22 3.98990e-21 2.80694e-20 5.59544e-20 2.12389e-19 2.47081e-18 
  0.10000   2.59443e-22 6.05445e-22 2.54658e-21 2.85168e-20 1.48392e-19 2.33767e-19 5.05768e-19 1.37731e-18 
  1.00000   2.43013e-21 4.64254e-21 1.72107e-20 8.02536e-20 1.33537e-19 1.65656e-19 2.26492e-19 4.85818e-19 
 10.00000   9.82604e-21 1.80872e-20 2.61126e-20 5.03903e-20 6.01746e-20 6.34121e-20 6.71751e-20 6.98717e-20 
100.00000   1.02492e-21 2.05600e-21 2.53788e-21 2.84328e-21 2.87841e-21 2.88095e-21 2.88427e-21 2.88681e-21 

          6
          250.0
  0.00001   4.27035e-26 1.42188e-25 9.90797e-25 2.19258e-23 4.30279e-22 1.22181e-21 1.22363e-20 3.52959e-18 
  0.00010   4.11767e-25 1.25907e-24 7.61939e-24 1.30371e-22 1.59578e-21 3.45962e-21 1.80135e-20 3.55622e-18 
  0.00100   4.04315e-24 1.16328e-23 6.56396e-23 9.35755e-22 7.86017e-21 1.58314e-20 5.64936e-20 3.79436e-18 
  0.01000   3.98654e-23 1.10639e-22 5.81876e-22 7.15281e-21 4.67286e-20 9.55104e-20 3.56417e-19 4.77150e-18 
  0.10000   3.94145e-22 1.00982e-21 4.48387e-21 4.99570e-20 2.58243e-19 4.12456e-19 9.15094e-19 2.93243e-18 
  1.00000   3.67384e-21 7.64117e-21 2.87717e-20 1.49116e-19 2.65013e-19 3.24144e-19 4.77071e-19 1.10724e-18 
 10.00000   1.76157e-20 3.25593e-20 5.20746e-20 1.00743e-19 1.26444e-19 1.32586e-19 1.38965e-19 1.41778e-19 
100.00000   3.02668e-21 5.41964e-21 6.65942e-21 7.29058e-21 7.38544e-21 7.39150e-21 7.39941e-21 7.40547e-21 

          6
          300.0
  0.00001   6.21481e-26 2.06531e-25 1.64642e-24 4.32499e-23 1.07592e-21 3.37677e-21 3.09007e-20 5.34686e-18 
  0.00010   5.82091e-25 1.80613e-24 1.20738e-23 2.09282e-22 2.95089e-21 6.61819e-21 3.75784e-20 5.36688e-18 
  0.00100   5.67880e-24 1.65416e-23 1.00843e-22 1.42533e-21 1.25974e-20 2.47242e-20 9.15947e-20 5.61880e-18 
  0.01000   5.51962e-23 1.56048e-22 8.81604e-22 1.03845e-20 6.61894e-20 1.31508e-19 4.83339e-19 6.93733e-18 
  0.10000   5.42400e-22 1.41981e-21 6.62733e-21 7.05084e-20 3.43859e-19 5.70825e-19 1.35161e-18 4.59697e-18 
  1.00000   5.11499e-21 1.03649e-20 3.91927e-20 2.16134e-19 3.84815e-19 4.85049e-19 7.50970e-19 1.76614e-18 
 10.00000   2.53939e-20 4.49316e-20 7.82016e-20 1.47651e-19 1.96585e-19 2.12998e-19 2.27902e-19 2.33592e-19 
100.00000   6.14698e-21 9.84096e-21 1.21780e-20 1.31239e-20 1.32856e-20 1.32959e-20 1.33091e-20 1.33192e-20 

          6
          350.0
  0.00001   7.68920e-26 2.90226e-25 2.41580e-24 8.44491e-23 2.44306e-21 8.06350e-21 6.80246e-20 6.81121e-18 
  0.00010   7.48603e-25 2.36309e-24 1.68808e-23 3.10176e-22 4.82378e-21 1.17743e-20 7.54378e-20 6.81992e-18 
  0.00100   7.32331e-24 2.11806e-23 1.35255e-22 1.89408e-21 1.77727e-20 3.55600e-20 1.39625e-19 6.97434e-18 
  0.01000   7.08371e-23 1.98001e-22 1.16845e-21 1.34134e-20 8.66280e-20 1.66518e-19 5.84889e-19 8.47660e-18 
  0.10000   6.75641e-22 1.78742e-21 8.90011e-21 8.69342e-20 4.14589e-19 6.76026e-19 1.68705e-18 5.93122e-18 
  1.00000   6.27343e-21 1.32277e-20 5.01159e-20 2.67670e-19 4.73149e-19 6.12354e-19 1.05140e-18 2.32832e-18 
 10.00000   3.20229e-20 5.39606e-20 9.98613e-20 1.83132e-19 2.60857e-19 2.86430e-19 3.09834e-19 3.19048e-19 
100.00000   9.91230e-21 1.46946e-20 1.81114e-20 1.94288e-20 1.96481e-20 1.96639e-20 1.96826e-20 1.96969e-20 

          6
          400.0
  0.00001   9.05630e-26 3.90135e-25 3.39377e-24 1.58225e-22 4.63733e-21 1.51708e-20 1.23276e-19 7.96727e-18 
  0.00010   8.43240e-25 3.05153e-24 2.20327e-23 4.60848e-22 7.41061e-21 1.95758e-20 1.33142e-19 7.99145e-18 
  0.00100   8.04307e-24 2.58232e-23 1.67043e-22 2.36582e-21 2.31755e-20 4.76053e-20 2.15169e-19 8.17476e-18 
  0.01000   7.81847e-23 2.35197e-22 1.39418e-21 1.60432e-20 1.07220e-19 2.02561e-19 7.03332e-19 9.34412e-18 
  0.10000   7.65119e-22 2.08585e-21 1.09794e-20 1.01674e-19 4.69639e-19 7.55910e-19 1.88900e-18 6.74564e-18 
  1.00000   7.13244e-21 1.54311e-20 5.91797e-20 2.96146e-19 5.52717e-19 6.92447e-19 1.24335e-18 2.70566e-18 
 10.00000   3.66573e-20 5.95534e-20 1.15890e-19 2.03922e-19 3.06392e-19 3.40706e-19 3.72556e-19 3.85393e-19 
100.00000   1.36536e-20 1.92685e-20 2.34595e-20 2.52049e-20 2.55024e-20 2.55168e-20 2.55352e-20 2.55493e-20 

          6
          600.0
  0.00001   1.34938e-25 1.03672e-24 1.48050e-23 1.36209e-21 2.74220e-20 8.02711e-20 6.46858e-19 1.02612e-17 
  0.00010   1.23933e-24 6.84946e-24 5.82713e-23 2.01886e-21 3.08363e-20 8.56835e-20 6.54778e-19 1.02628e-17 
  0.00100   1.15410e-23 5.05383e-23 3.16199e-22 5.30068e-21 5.07274e-20 1.22403e-19 7.30283e-19 1.02905e-17 
  0.01000   1.06526e-22 4.14581e-22 2.18987e-21 2.65784e-20 1.72057e-19 3.19054e-19 1.23172e-18 1.04897e-17 
  0.10000   9.84181e-22 3.30107e-21 1.62480e-20 1.44477e-19 6.22271e-19 9.46798e-19 2.14093e-18 7.63456e-18 
  1.00000   8.16801e-21 2.06251e-20 8.61234e-20 3.17872e-19 6.48781e-19 8.17278e-19 1.51827e-18 3.19339e-18 
 10.00000   4.64956e-20 6.80889e-20 1.50530e-19 2.53380e-19 3.88082e-19 4.51265e-19 5.12790e-19 5.39607e-19 
100.00000   2.80889e-20 3.52951e-20 4.07342e-20 4.44847e-20 4.50725e-20 4.51583e-20 4.52167e-20 4.52505e-20 

          7
          100.0
  0.00001   6.00117e-28 1.84732e-27 7.74735e-27 9.11890e-26 1.01369e-24 2.40038e-24 2.03571e-23 3.54243e-21 
  0.00010   5.99671e-27 1.81895e-26 7.47706e-26 7.95814e-25 7.54387e-24 1.70033e-23 8.77820e-23 5.28722e-21 
  0.00100   6.00941e-26 1.79828e-25 7.26461e-25 7.39864e-24 5.97081e-23 1.23223e-22 5.00835e-22 1.27891e-20 
  0.01000   6.02548e-25 1.77803e-24 7.04921e-24 6.56045e-23 4.53895e-22 8.99435e-22 3.36106e-21 3.83639e-20 
  0.10000   5.96303e-24 1.67171e-23 6.09407e-23 4.51667e-22 2.42680e-21 4.11915e-21 9.15524e-21 2.55580e-20 
  1.00000   4.81814e-23 1.29670e-22 3.71252e-22 1.20809e-21 2.57184e-21 2.96087e-21 4.01853e-21 4.55369e-21 
 10.00000   1.57803e-22 2.05225e-22 3.03010e-22 7.31988e-22 8.98455e-22 9.34924e-22 9.83025e-22 1.04815e-21 
100.00000   2.54349e-24 3.07962e-24 5.03386e-24 1.06947e-23 1.15916e-23 1.17431e-23 1.19229e-23 1.20942e-23 

          7
          150.0
  0.00001   2.67211e-27 1.09028e-26 4.44881e-26 7.13102e-25 7.68467e-24 1.99883e-23 2.57602e-22 7.33755e-20 
  0.00010   2.66649e-26 1.04768e-25 4.12706e-25 5.54182e-24 4.76728e-23 1.04128e-22 6.42540e-22 8.04489e-20 
  0.00100   2.65392e-25 1.02067e-24 3.91480e-24 4.70218e-23 3.48498e-22 6.80244e-22 2.94483e-21 1.08157e-19 
  0.01000   2.64680e-24 9.98585e-24 3.75155e-23 4.05032e-22 2.62473e-21 4.81396e-21 1.81705e-20 1.84551e-19 
  0.10000   2.59635e-23 9.43510e-23 3.29122e-22 2.72762e-21 1.31440e-20 2.02905e-20 4.05638e-20 1.23327e-19 
  1.00000   2.31614e-22 7.01839e-22 2.02971e-21 6.00121e-21 1.21906e-20 1.37383e-20 1.95506e-20 2.32197e-20 
 10.00000   9.22702e-22 1.15573e-21 2.11916e-21 3.95966e-21 4.94423e-21 5.21405e-21 5.64646e-21 6.30955e-21 
100.00000   3.69261e-23 6.71516e-23 1.18018e-22 1.73435e-22 1.78300e-22 1.79072e-22 1.80000e-22 1.80824e-22 

          7
          200.0
  0.00001   5.89057e-27 2.99918e-26 1.50135e-25 2.96086e-24 3.30783e-23 8.94924e-23 1.36094e-21 4.20542e-19 
  0.00010   5.81246e-26 2.86562e-25 1.29770e-24 1.99392e-23 1.60132e-22 3.44052e-22 2.33822e-21 4.26183e-19 
  0.00100   5.75638e-25 2.76514e-24 1.20143e-23 1.52892e-22 1.04317e-21 2.01470e-21 8.70711e-21 4.51853e-19 
  0.01000   5.71171e-24 2.68835e-23 1.12456e-22 1.27720e-21 7.70852e-21 1.37401e-20 5.13163e-20 5.48405e-19 
  0.10000   5.51276e-23 2.54891e-22 9.93960e-22 8.69143e-21 3.87147e-20 5.65803e-20 1.11326e-19 3.43734e-19 
  1.00000   5.29639e-22 1.87686e-21 6.13970e-21 1.79603e-20 3.29578e-20 3.82637e-20 5.17168e-20 8.67650e-20 
 10.00000   2.61513e-21 3.94211e-21 7.34082e-21 1.25432e-20 1.61136e-20 1.70871e-20 1.84069e-20 1.99274e-20 
100.00000   2.57605e-22 5.43832e-22 9.23046e-22 1.08056e-21 1.09173e-21 1.09275e-21 1.09409e-21 1.09511e-21 

          7
          250.0
  0.00001   1.06814e-26 5.61504e-26 3.74352e-25 8.53762e-24 1.14216e-22 3.40489e-22 4.47068e-21 1.13035e-18 
  0.00010   1.02711e-25 5.31693e-25 3.00998e-24 4.85271e-23 4.17702e-22 9.06793e-22 6.19002e-21 1.13538e-18 
  0.00100   1.01104e-24 5.09929e-24 2.66543e-23 3.41825e-22 2.27746e-21 4.39058e-21 1.83498e-20 1.15725e-18 
  0.01000   9.95790e-24 4.95669e-23 2.43393e-22 2.69504e-21 1.55991e-20 2.81123e-20 1.02164e-19 1.28086e-18 
  0.10000   9.43288e-23 4.69698e-22 2.07963e-21 1.83236e-20 8.34331e-20 1.24234e-19 2.50440e-19 7.45789e-19 
  1.00000   9.04513e-22 3.58169e-21 1.25169e-20 4.05766e-20 7.21885e-20 8.58966e-20 1.19702e-19 2.74419e-19 
 10.00000   5.39021e-21 1.02793e-20 1.65895e-20 3.13458e-20 4.25650e-20 4.55569e-20 4.85962e-20 4.99999e-20 
100.00000   1.12523e-21 2.14358e-21 3.31425e-21 3.69688e-21 3.74601e-21 3.74954e-21 3.75415e-21 3.75768e-21 

          7
          300.0
  0.00001   1.81905e-26 8.84695e-26 7.19474e-25 1.97823e-23 3.37578e-22 1.22435e-21 1.17582e-20 2.07673e-18 
  0.00010   1.69314e-25 8.02725e-25 5.46358e-24 9.22661e-23 9.43769e-22 2.10614e-21 1.40250e-20 2.07958e-18 
  0.00100   1.60944e-24 7.59904e-24 4.50252e-23 6.07771e-22 4.19176e-21 7.70459e-21 3.22257e-20 2.10441e-18 
  0.01000   1.56423e-23 7.36319e-23 4.05100e-22 4.38375e-21 2.53221e-20 4.49789e-20 1.63369e-19 2.21366e-18 
  0.10000   1.45928e-22 6.97254e-22 3.27370e-21 2.89537e-20 1.44224e-19 2.17562e-19 4.37545e-19 1.36644e-18 
  1.00000   1.36388e-21 5.47967e-21 1.89663e-20 6.99725e-20 1.37349e-19 1.59610e-19 2.68252e-19 5.90229e-19 
 10.00000   9.03613e-21 1.86499e-20 2.96463e-20 5.88551e-20 8.64960e-20 9.46649e-20 1.03283e-19 1.07158e-19 
100.00000   3.10172e-21 5.17968e-21 7.43593e-21 8.35570e-21 8.50184e-21 8.51174e-21 8.52286e-21 8.53138e-21 

          7
          350.0
  0.00001   2.88526e-26 1.29748e-25 1.19299e-24 4.11254e-23 8.95874e-22 3.32879e-21 2.73361e-20 3.05717e-18 
  0.00010   2.66193e-25 1.10601e-24 8.27216e-24 1.53107e-22 1.79105e-21 4.53955e-21 2.94931e-20 3.05896e-18 
  0.00100   2.22638e-24 1.01363e-23 6.43394e-23 9.21754e-22 7.01814e-21 1.29095e-20 4.95035e-20 3.09644e-18 
  0.01000   2.13933e-23 9.57126e-23 5.70051e-22 6.32851e-21 3.57323e-20 6.22358e-20 2.24717e-19 3.25182e-18 
  0.10000   1.96301e-22 8.97482e-22 4.53883e-21 3.78158e-20 2.04938e-19 3.14188e-19 6.32438e-19 2.18999e-18 
  1.00000   1.81019e-21 7.28542e-21 2.48462e-20 1.04150e-19 2.22124e-19 2.62161e-19 4.51816e-19 9.59035e-19 
 10.00000   1.30081e-20 2.53357e-20 4.34820e-20 9.03030e-20 1.38273e-19 1.52557e-19 1.68719e-19 1.76246e-19 
100.00000   6.18879e-21 9.35498e-21 1.27828e-20 1.45847e-20 1.48507e-20 1.48807e-20 1.49011e-20 1.49167e-20 

          7
          400.0
  0.00001   3.79263e-26 1.85607e-25 1.81801e-24 7.96732e-23 1.89428e-21 6.90009e-21 5.28114e-20 3.91091e-18 
  0.00010   3.55343e-25 1.47044e-24 1.16377e-23 2.39096e-22 3.13486e-21 8.52134e-21 5.51429e-20 3.91743e-18 
  0.00100   3.12726e-24 1.26858e-23 8.49392e-23 1.24363e-21 1.05134e-20 2.06099e-20 7.87042e-20 4.00694e-18 
  0.01000   2.78778e-23 1.17480e-22 7.06631e-22 8.39320e-21 4.65847e-20 8.00248e-20 2.75079e-19 4.30418e-18 
  0.10000   2.44787e-22 1.06972e-21 5.84056e-21 4.61527e-20 2.49683e-19 3.91018e-19 8.37087e-19 2.90161e-18 
  1.00000   2.20582e-21 8.54606e-21 2.93926e-20 1.35679e-19 3.06236e-19 3.57865e-19 6.18862e-19 1.28798e-18 
 10.00000   1.64556e-20 3.05157e-20 5.60493e-20 1.19606e-19 1.84183e-19 2.04379e-19 2.28929e-19 2.40793e-19 
100.00000   9.81375e-21 1.36727e-20 1.81897e-20 2.11270e-20 2.15011e-20 2.15507e-20 2.15803e-20 2.16026e-20 

          7
          600.0
  0.00001   8.14107e-26 4.91746e-25 7.33992e-24 8.19335e-22 1.69395e-20 5.00504e-20 3.33525e-19 6.75812e-18 
  0.00010   7.32940e-25 3.58689e-24 3.36542e-23 1.27732e-21 1.89860e-20 5.30048e-20 3.37701e-19 6.75907e-18 
  0.00100   6.62175e-24 2.84002e-23 1.93027e-22 3.47891e-21 3.17547e-20 7.14256e-20 3.72647e-19 6.82308e-18 
  0.01000   5.97118e-23 2.29325e-22 1.39274e-21 1.58676e-20 9.85970e-20 1.85210e-19 5.89781e-19 7.37075e-18 
  0.10000   5.09794e-22 1.79763e-21 1.04192e-20 8.17385e-20 3.64899e-19 5.56063e-19 1.32091e-18 5.38504e-18 
  1.00000   3.46014e-21 1.32428e-20 4.65195e-20 2.33499e-19 5.26131e-19 6.56197e-19 1.06557e-18 2.09633e-18 
 10.00000   2.51167e-20 4.60388e-20 8.86817e-20 2.32627e-19 2.98413e-19 3.34396e-19 3.92170e-19 4.24117e-19 
100.00000   2.64607e-20 2.94825e-20 3.78825e-20 4.59009e-20 4.69820e-20 4.70505e-20 4.70965e-20 4.71303e-20 

          8
          100.0
  0.00001   4.80457e-29 3.77421e-28 1.55450e-27 2.44182e-26 2.73220e-25 6.07406e-25 3.97097e-24 1.30441e-21 
  0.00010   4.78904e-28 3.74112e-27 1.49674e-26 2.11353e-25 1.95791e-24 3.88752e-24 1.74627e-23 2.02713e-21 
  0.00100   4.78733e-27 3.70520e-26 1.44823e-25 1.90170e-24 1.50139e-23 2.79772e-23 1.07892e-22 4.15958e-21 
  0.01000   4.71883e-26 3.63361e-25 1.39993e-24 1.64453e-23 1.15037e-22 2.11028e-22 7.92403e-22 1.07789e-20 
  0.10000   4.59965e-25 3.33548e-24 1.19184e-23 1.18049e-22 6.70569e-22 1.13014e-21 2.50356e-21 9.95929e-21 
  1.00000   4.25697e-24 2.44854e-23 7.96095e-23 3.70004e-22 9.21118e-22 1.25149e-21 1.88994e-21 2.29434e-21 
 10.00000   2.32117e-23 5.16643e-23 8.90292e-23 2.02733e-22 2.21326e-22 2.23208e-22 2.24717e-22 2.25480e-22 
100.00000   7.08935e-25 9.43918e-25 1.36500e-24 2.07354e-24 2.22458e-24 2.26234e-24 2.36183e-24 2.44221e-24 

          8
          150.0
  0.00001   4.18554e-28 1.77087e-27 8.83210e-27 1.77781e-25 2.23364e-24 5.42141e-24 5.84046e-23 1.94808e-20 
  0.00010   4.10099e-27 1.72543e-26 8.14916e-26 1.37848e-24 1.36505e-23 2.75962e-23 1.62654e-22 2.26299e-20 
  0.00100   4.10008e-26 1.69723e-25 7.70920e-25 1.17676e-23 9.54745e-23 1.81029e-22 7.38212e-22 3.09982e-20 
  0.01000   4.01610e-25 1.67021e-24 7.37768e-24 1.02584e-22 6.62808e-22 1.24283e-21 4.25016e-21 5.86130e-20 
  0.10000   3.93133e-24 1.59387e-23 6.14710e-23 7.38891e-22 3.54141e-21 5.98708e-21 1.28946e-20 3.81483e-20 
  1.00000   3.73313e-23 1.33061e-22 3.93707e-22 1.99177e-21 4.45105e-21 5.20150e-21 6.53409e-21 8.85688e-21 
 10.00000   2.28797e-22 3.54824e-22 6.12938e-22 9.11966e-22 1.12109e-21 1.14854e-21 1.17242e-21 1.17953e-21 
100.00000   1.35194e-23 1.80459e-23 2.15141e-23 3.03150e-23 3.20079e-23 3.23796e-23 3.33924e-23 3.41624e-23 

          8
          200.0
  0.00001   1.38574e-27 4.18622e-27 2.79352e-26 7.44668e-25 1.02315e-23 2.62502e-23 4.18720e-22 9.91325e-20 
  0.00010   1.35370e-26 3.93619e-26 2.42055e-25 5.00832e-24 4.82578e-23 1.01719e-22 7.52295e-22 1.02929e-19 
  0.00100   1.34411e-25 3.81087e-25 2.19378e-24 3.93952e-23 3.03368e-22 5.97242e-22 2.57753e-21 1.16457e-19 
  0.01000   1.32013e-24 3.73063e-24 2.01604e-23 3.37842e-22 2.03114e-21 3.85284e-21 1.35139e-20 1.73336e-19 
  0.10000   1.27228e-23 3.58191e-23 1.64728e-22 2.49944e-21 1.04269e-20 1.68362e-20 3.77381e-20 1.01476e-19 
  1.00000   1.22104e-22 3.08428e-22 1.01283e-21 6.44343e-21 1.30381e-20 1.45746e-20 1.66482e-20 2.25185e-20 
 10.00000   6.77276e-22 1.05044e-21 2.02211e-21 2.97921e-21 3.66964e-21 3.76112e-21 3.94311e-21 4.07063e-21 
100.00000   8.13246e-23 1.14272e-22 1.75689e-22 2.42102e-22 2.48559e-22 2.49606e-22 2.52359e-22 2.54298e-22 

          8
          250.0
  0.00001   2.94180e-27 8.80680e-27 7.34216e-26 2.32501e-24 3.64980e-23 1.00772e-22 1.72877e-21 3.15117e-19 
  0.00010   2.83773e-26 7.87650e-26 5.68315e-25 1.36071e-23 1.28513e-22 2.78770e-22 2.28109e-21 3.16447e-19 
  0.00100   2.79830e-25 7.28567e-25 4.86215e-24 9.70620e-23 6.92144e-22 1.38748e-21 6.29839e-21 3.27470e-19 
  0.01000   2.76239e-24 6.97368e-24 4.26462e-23 7.75381e-22 4.52745e-21 8.67999e-21 3.32463e-20 3.91449e-19 
  0.10000   2.65058e-23 6.56585e-23 3.46384e-22 5.79757e-21 2.40517e-20 3.69624e-20 8.15702e-20 2.31296e-19 
  1.00000   2.52102e-22 5.64065e-22 2.12333e-21 1.47297e-20 2.89240e-20 3.31125e-20 3.88893e-20 5.63628e-20 
 10.00000   1.33344e-21 2.39210e-21 4.59283e-21 8.78048e-21 1.00068e-20 1.05230e-20 1.16986e-20 1.25216e-20 
100.00000   3.46198e-22 4.50968e-22 8.68972e-22 1.18428e-21 1.20450e-21 1.20623e-21 1.20806e-21 1.20947e-21 

          8
          300.0
  0.00001   5.25222e-27 1.81969e-26 1.79383e-25 5.99643e-24 1.10592e-22 3.46589e-22 4.53434e-21 7.32418e-19 
  0.00010   4.90013e-26 1.55102e-25 1.18740e-24 3.04260e-23 3.04290e-22 6.64049e-22 5.31507e-21 7.33432e-19 
  0.00100   4.79787e-25 1.33373e-24 9.43439e-24 1.98845e-22 1.35700e-21 2.66180e-21 1.26463e-20 7.36662e-19 
  0.01000   4.72073e-24 1.23071e-23 8.06218e-23 1.43534e-21 8.25252e-21 1.59297e-20 6.36125e-20 7.68577e-19 
  0.10000   4.59776e-23 1.13232e-22 6.54782e-22 1.03393e-20 4.65695e-20 7.25006e-20 1.51109e-19 4.72090e-19 
  1.00000   4.27510e-22 9.85620e-22 3.99226e-21 2.70396e-20 5.71552e-20 6.43226e-20 7.95211e-20 1.46637e-19 
 10.00000   2.55458e-21 4.76679e-21 8.86636e-21 2.08569e-20 2.28733e-20 2.55096e-20 3.08993e-20 3.40174e-20 
100.00000   1.18402e-21 1.36048e-21 2.64815e-21 3.51423e-21 3.61414e-21 3.62327e-21 3.63052e-21 3.63589e-21 

          8
          350.0
  0.00001   8.77336e-27 3.18382e-26 4.00807e-25 1.45343e-23 3.09015e-22 1.00214e-21 9.36249e-21 1.34044e-18 
  0.00010   8.34842e-26 2.68881e-25 2.40655e-24 5.59252e-23 6.45101e-22 1.48419e-21 1.04659e-20 1.34032e-18 
  0.00100   7.92138e-25 2.22730e-24 1.68454e-23 3.44761e-22 2.45823e-21 4.61223e-21 2.10744e-20 1.34791e-18 
  0.01000   7.65109e-24 2.00328e-23 1.42050e-22 2.36540e-21 1.33829e-20 2.47078e-20 1.02882e-19 1.33148e-18 
  0.10000   7.25341e-23 1.79640e-22 1.11485e-21 1.63770e-20 7.60617e-20 1.20950e-19 2.40000e-19 7.81448e-19 
  1.00000   6.59731e-22 1.45274e-21 7.08077e-21 4.65507e-20 9.07469e-20 1.08810e-19 1.55252e-19 2.98954e-19 
 10.00000   4.70999e-21 8.27746e-21 1.53750e-20 3.88781e-20 4.46873e-20 4.82563e-20 6.09418e-20 6.86917e-20 
100.00000   3.01815e-21 3.16099e-21 5.73087e-21 7.48606e-21 7.75560e-21 7.78509e-21 7.80427e-21 7.81643e-21 

          8
          400.0
  0.00001   1.32329e-26 5.14298e-26 7.75737e-25 3.24094e-23 6.98304e-22 2.33433e-21 1.84623e-20 2.03921e-18 
  0.00010   1.24154e-25 4.23043e-25 4.29715e-24 9.80298e-23 1.16328e-21 3.02294e-21 1.97933e-20 2.03889e-18 
  0.00100   1.19083e-24 3.50320e-24 2.74916e-23 5.20688e-22 3.88806e-21 7.15052e-21 3.31624e-20 2.03652e-18 
  0.01000   1.15261e-23 3.00703e-23 2.16201e-22 3.43276e-21 1.95997e-20 3.41410e-20 1.42214e-19 2.02816e-18 
  0.10000   1.09303e-22 2.58389e-22 1.70901e-21 2.21633e-20 1.07986e-19 1.72493e-19 3.59165e-19 1.26208e-18 
  1.00000   9.23515e-22 1.97332e-21 1.06624e-20 6.87523e-20 1.34430e-19 1.64379e-19 2.55982e-19 4.70843e-19 
 10.00000   6.72679e-21 1.21516e-20 2.32484e-20 5.90804e-20 7.01417e-20 7.30822e-20 9.55592e-20 1.10027e-19 
100.00000   5.55216e-21 5.98072e-21 9.60365e-21 1.24317e-20 1.29807e-20 1.30351e-20 1.30723e-20 1.30927e-20 

          8
          600.0
  0.00001   4.03878e-26 2.35648e-25 3.89362e-24 4.80164e-22 8.20631e-21 2.00775e-20 1.18490e-19 5.20965e-18 
  0.00010   3.79639e-25 1.53696e-24 2.03634e-23 7.34200e-22 8.87867e-21 2.11302e-20 1.20245e-19 5.20141e-18 
  0.00100   3.61755e-24 1.24581e-23 1.19078e-22 1.92549e-21 1.41312e-20 2.97544e-20 1.41614e-19 5.14571e-18 
  0.01000   3.50571e-23 1.07825e-22 7.20648e-22 8.77995e-21 5.22673e-20 8.56404e-20 3.32810e-19 4.66840e-18 
  0.10000   3.31420e-22 8.67367e-22 4.66161e-21 4.62310e-20 2.16363e-19 3.42819e-19 8.23085e-19 3.77713e-18 
  1.00000   2.58918e-21 5.05940e-21 2.71402e-20 1.50613e-19 3.14767e-19 4.19569e-19 6.97554e-19 1.42427e-18 
 10.00000   1.49632e-20 2.53901e-20 5.82753e-20 1.47705e-19 1.82444e-19 1.86896e-19 2.34812e-19 2.90938e-19 
100.00000   2.12491e-20 2.21087e-20 2.69630e-20 3.65182e-20 3.91105e-20 3.93648e-20 3.95574e-20 3.96146e-20 

          9
          100.0
  0.00001   2.60240e-29 6.38732e-29 2.56583e-28 4.92379e-27 6.77465e-26 1.41009e-25 7.57034e-25 3.70579e-22 
  0.00010   2.57284e-28 6.32222e-28 2.45329e-27 4.36486e-26 4.92470e-25 1.00522e-24 4.06287e-24 5.77361e-22 
  0.00100   2.56672e-27 6.26871e-27 2.37033e-26 3.98065e-25 3.88777e-24 7.95719e-24 3.08828e-23 1.30685e-21 
  0.01000   2.55455e-26 6.21419e-26 2.30054e-25 3.54854e-24 3.29602e-23 6.85757e-23 2.53076e-22 3.06477e-21 
  0.10000   2.53917e-25 5.98199e-25 2.01033e-24 3.07161e-23 1.95974e-22 3.00396e-22 6.98235e-22 2.11068e-21 
  1.00000   2.30963e-24 5.40569e-24 1.59341e-23 8.47659e-23 2.06054e-22 2.38449e-22 3.65805e-22 4.40955e-22 
 10.00000   8.74335e-24 1.22294e-23 1.69776e-23 3.80685e-23 5.05704e-23 5.20933e-23 5.32950e-23 5.39188e-23 
100.00000   1.54237e-25 1.88074e-25 2.87276e-25 4.96064e-25 6.33555e-25 6.70041e-25 7.14671e-25 7.63403e-25 

          9
          150.0
  0.00001   2.67971e-28 5.65356e-28 2.43273e-27 5.31466e-26 8.12557e-25 1.93961e-24 1.68358e-23 8.17235e-21 
  0.00010   2.64232e-27 5.49691e-27 2.23535e-26 4.33018e-25 5.01481e-24 1.06971e-23 4.71239e-23 9.22680e-21 
  0.00100   2.63883e-26 5.36814e-26 2.10886e-25 3.59382e-24 3.46537e-23 6.82534e-23 2.48657e-22 1.27949e-20 
  0.01000   2.62950e-25 5.27186e-25 2.00111e-24 2.94139e-23 2.53264e-22 5.15653e-22 1.81296e-21 2.33878e-20 
  0.10000   2.58198e-24 4.99530e-24 1.67146e-23 2.16213e-22 1.56814e-21 2.49141e-21 5.06637e-21 1.26038e-20 
  1.00000   2.41880e-23 4.17808e-23 1.14908e-22 7.48177e-22 1.39460e-21 1.56082e-21 2.14368e-21 2.67462e-21 
 10.00000   7.88280e-23 1.42737e-22 1.79765e-22 2.68594e-22 3.14184e-22 3.22104e-22 3.28089e-22 3.30122e-22 
100.00000   3.33246e-24 4.52256e-24 5.90330e-24 6.99718e-24 8.68489e-24 9.34976e-24 1.01775e-23 1.11027e-23 

          9
          200.0
  0.00001   8.46386e-28 2.07402e-27 9.75322e-27 2.36929e-25 3.95794e-24 1.18178e-23 1.68486e-22 3.82466e-20 
  0.00010   8.34552e-27 1.93044e-26 8.47221e-26 1.64390e-24 1.97284e-23 4.47903e-23 2.78525e-22 3.93208e-20 
  0.00100   8.30494e-26 1.83312e-25 7.69610e-25 1.29036e-23 1.17183e-22 2.30548e-22 9.51177e-22 4.42532e-20 
  0.01000   8.26232e-25 1.76787e-24 7.21037e-24 1.03279e-22 7.69774e-22 1.47700e-21 5.48276e-21 6.27851e-20 
  0.10000   8.10566e-24 1.65957e-23 5.94782e-23 6.85310e-22 4.47156e-21 7.03743e-21 1.42060e-20 3.30561e-20 
  1.00000   7.64520e-23 1.27447e-22 3.67398e-22 2.09731e-21 4.12599e-21 4.69638e-21 5.97758e-21 9.05468e-21 
 10.00000   2.25559e-22 4.60606e-22 6.33467e-22 8.92124e-22 1.05472e-21 1.08479e-21 1.10655e-21 1.11366e-21 
100.00000   1.82777e-23 2.71492e-23 3.92421e-23 4.18314e-23 5.14172e-23 5.52789e-23 6.01295e-23 6.55819e-23 

          9
          250.0
  0.00001   1.72304e-27 5.60856e-27 2.92967e-26 7.94579e-25 1.59579e-23 5.65194e-23 1.02186e-21 1.03733e-19 
  0.00010   1.70933e-26 5.09411e-26 2.35011e-25 4.58294e-24 5.60880e-23 1.40242e-22 1.27670e-21 1.04098e-19 
  0.00100   1.68184e-25 4.73177e-25 2.05909e-24 3.33277e-23 2.84368e-22 5.77570e-22 2.91469e-21 1.07571e-19 
  0.01000   1.66395e-24 4.49616e-24 1.91278e-23 2.63898e-22 1.73828e-21 3.25045e-21 1.28117e-20 1.19307e-19 
  0.10000   1.60968e-23 4.13979e-23 1.58720e-22 1.75254e-21 8.92168e-21 1.35458e-20 2.82682e-20 6.54656e-20 
  1.00000   1.45289e-22 2.99186e-22 9.52637e-22 3.92461e-21 8.33449e-21 9.83013e-21 1.26417e-20 2.35866e-20 
 10.00000   4.85239e-22 9.27274e-22 1.46851e-21 2.21018e-21 2.78042e-21 2.87727e-21 2.94631e-21 2.97122e-21 
100.00000   6.37419e-23 1.02336e-22 1.58929e-22 1.85386e-22 2.31967e-22 2.47040e-22 2.66128e-22 2.87551e-22 

          9
          300.0
  0.00001   3.24427e-27 1.25960e-26 7.77066e-26 2.36658e-24 6.21379e-23 2.31215e-22 4.01953e-21 2.33603e-19 
  0.00010   3.22532e-26 1.16307e-25 5.62877e-25 1.16348e-23 1.39305e-22 3.95466e-22 4.57037e-21 2.33295e-19 
  0.00100   3.13217e-25 1.07381e-24 4.78636e-24 7.33541e-23 5.99112e-22 1.25565e-21 7.64466e-21 2.32901e-19 
  0.01000   3.07453e-24 1.01172e-23 4.35522e-23 5.40190e-22 3.33957e-21 6.52944e-21 2.68560e-20 2.23183e-19 
  0.10000   2.88015e-23 8.98779e-23 3.55474e-22 3.66960e-21 1.61976e-20 2.46107e-20 5.06211e-20 1.25718e-19 
  1.00000   2.42564e-22 6.32419e-22 2.10209e-21 7.05399e-21 1.42136e-20 1.69015e-20 2.32376e-20 4.29687e-20 
 10.00000   9.66721e-22 1.66951e-21 2.95305e-21 4.56466e-21 5.42940e-21 5.61954e-21 5.78736e-21 5.87117e-21 
100.00000   1.88236e-22 3.33456e-22 5.02286e-22 6.66269e-22 8.36520e-22 8.84818e-22 9.46308e-22 1.01501e-21 

          9
          350.0
  0.00001   6.33379e-27 2.53244e-26 1.90590e-25 6.24129e-24 1.89251e-22 7.47974e-22 1.08990e-20 4.59676e-19 
  0.00010   5.99932e-26 2.29456e-25 1.24544e-24 2.50989e-23 3.21695e-22 9.65311e-22 1.18605e-20 4.60131e-19 
  0.00100   5.86634e-25 2.07568e-24 9.90343e-24 1.44053e-22 1.11895e-21 2.43527e-21 1.73841e-20 4.53838e-19 
  0.01000   5.72348e-24 1.89216e-23 8.61107e-23 9.89009e-22 5.79944e-21 1.15347e-20 4.78377e-20 4.25501e-19 
  0.10000   5.51329e-23 1.65894e-22 6.78826e-22 6.21251e-21 2.72009e-20 4.11934e-20 8.55037e-20 2.39130e-19 
  1.00000   4.48122e-22 1.20150e-21 3.80313e-21 1.30620e-20 2.31399e-20 2.70654e-20 4.64480e-20 6.61998e-20 
 10.00000   1.82221e-21 3.13402e-21 5.49323e-21 8.80557e-21 9.48810e-21 9.79388e-21 1.02857e-20 1.06822e-20 
100.00000   5.04452e-22 9.51158e-22 1.30060e-21 1.77170e-21 2.22268e-21 2.34299e-21 2.49684e-21 2.66872e-21 

          9
          400.0
  0.00001   1.10325e-26 4.52060e-26 3.97928e-25 1.56844e-23 4.47805e-22 1.79138e-21 2.28195e-20 7.57398e-19 
  0.00010   1.05513e-25 3.96634e-25 2.39875e-24 4.92848e-23 6.56688e-22 2.13415e-21 2.38667e-20 7.57604e-19 
  0.00100   1.03430e-24 3.49529e-24 1.70749e-23 2.43967e-22 1.95724e-21 4.31199e-21 3.07292e-20 7.53304e-19 
  0.01000   1.01874e-23 3.18520e-23 1.40286e-22 1.58984e-21 9.28797e-21 1.79847e-20 7.89140e-20 7.12149e-19 
  0.10000   9.90625e-23 2.82354e-22 1.09843e-21 9.71839e-21 4.40797e-20 6.51677e-20 1.36376e-19 4.39666e-19 
  1.00000   8.27599e-22 2.03907e-21 6.08404e-21 2.21854e-20 4.18012e-20 5.17683e-20 7.47674e-20 1.25056e-19 
 10.00000   3.02003e-21 6.10836e-21 9.25592e-21 1.40037e-20 1.73073e-20 1.81654e-20 1.96273e-20 2.05789e-20 
100.00000   1.12312e-21 2.13696e-21 2.66310e-21 3.53404e-21 4.41599e-21 4.64640e-21 4.94260e-21 5.27319e-21 

          9
          600.0
  0.00001   4.69790e-26 2.02606e-25 2.78379e-24 3.08568e-22 5.77673e-21 1.71838e-20 1.64324e-19 2.82354e-18 
  0.00010   4.47613e-25 1.75990e-24 1.42915e-23 4.66973e-22 6.13044e-21 1.79739e-20 1.65889e-19 2.81991e-18 
  0.00100   4.30704e-24 1.54084e-23 8.45443e-23 1.25494e-21 9.19368e-21 2.41575e-20 1.80751e-19 2.79040e-18 
  0.01000   4.16625e-23 1.35796e-22 5.54650e-22 5.85835e-21 3.45635e-20 6.38509e-20 2.77402e-19 2.60319e-18 
  0.10000   3.85738e-22 1.14255e-21 3.88319e-21 3.21332e-20 1.37054e-19 2.10680e-19 4.36608e-19 2.02014e-18 
  1.00000   3.22992e-21 8.05020e-21 1.86545e-20 7.46449e-20 1.61321e-19 2.10460e-19 3.34421e-19 6.86586e-19 
 10.00000   1.22847e-20 2.39145e-20 3.17908e-20 5.70333e-20 7.80456e-20 8.23710e-20 8.71736e-20 9.14974e-20 
100.00000   8.06866e-21 1.33194e-20 1.43129e-20 1.65538e-20 2.02820e-20 2.12434e-20 2.25107e-20 2.39555e-20 

         10
          100.0
  0.00001   9.68785e-30 1.96783e-29 7.42216e-29 8.46845e-28 8.39755e-27 2.07040e-26 1.53466e-25 5.76482e-23 
  0.00010   9.60861e-29 1.92004e-28 7.25940e-28 7.60769e-27 5.76209e-26 1.20048e-25 5.50480e-25 7.67791e-23 
  0.00100   9.49819e-28 1.90070e-27 7.14831e-27 6.98086e-26 4.15755e-25 8.20721e-25 3.58186e-24 1.45308e-22 
  0.01000   9.46874e-27 1.87833e-26 6.94041e-26 5.94166e-25 3.24945e-24 6.25274e-24 2.62768e-23 3.00833e-22 
  0.10000   9.12499e-26 1.65658e-25 6.05846e-25 4.54199e-24 1.90243e-23 3.01520e-23 7.35483e-23 3.72932e-22 
  1.00000   7.30188e-25 1.35133e-24 3.70311e-24 1.01413e-23 2.77440e-23 3.90002e-23 5.83592e-23 7.63484e-23 
 10.00000   1.75694e-24 2.47744e-24 4.57675e-24 6.79242e-24 7.33556e-24 7.39024e-24 7.43559e-24 7.45599e-24 
100.00000   3.76163e-26 4.98823e-26 7.43231e-26 1.10894e-25 1.20749e-25 1.24428e-25 1.30114e-25 1.34344e-25 

         10
          150.0
  0.00001   8.98541e-29 2.11720e-28 8.86776e-28 1.12891e-26 1.40959e-25 3.55640e-25 3.28072e-24 1.71360e-21 
  0.00010   8.91993e-28 2.04480e-27 8.34042e-27 8.95492e-26 8.11326e-25 1.71135e-24 8.07251e-24 1.87109e-21 
  0.00100   8.83210e-27 2.01182e-26 8.02995e-26 7.66224e-25 5.26560e-24 1.00937e-23 3.91122e-23 2.40222e-21 
  0.01000   8.80837e-26 1.97878e-25 7.67856e-25 6.36271e-24 3.82769e-23 7.10677e-23 2.74041e-22 3.78942e-21 
  0.10000   8.64714e-25 1.75040e-24 6.62143e-24 4.93635e-23 2.34519e-22 3.79146e-22 8.57906e-22 3.71466e-21 
  1.00000   7.81210e-24 1.47994e-23 4.44293e-23 1.20850e-22 2.89768e-22 3.76953e-22 5.39450e-22 7.95843e-22 
 10.00000   2.40669e-23 3.55600e-23 5.42013e-23 8.30893e-23 9.16699e-23 9.24790e-23 9.32079e-23 9.34920e-23 
100.00000   1.07493e-24 1.59998e-24 2.19945e-24 2.63120e-24 2.73236e-24 2.76676e-24 2.84992e-24 2.94379e-24 

         10
          200.0
  0.00001   2.99680e-28 8.42874e-28 4.06822e-27 6.39570e-26 9.94805e-25 2.67215e-24 3.01883e-23 9.82386e-21 
  0.00010   2.97452e-27 7.87616e-27 3.51397e-26 4.33031e-25 4.38912e-24 9.69554e-24 5.10261e-23 1.03747e-20 
  0.00100   2.92918e-26 7.64044e-26 3.23714e-25 3.31496e-24 2.57716e-23 4.81172e-23 1.84840e-22 1.23546e-20 
  0.01000   2.91658e-25 7.44503e-25 3.02633e-24 2.65681e-23 1.71010e-22 3.08486e-22 1.10176e-21 1.84221e-20 
  0.10000   2.88314e-24 6.64379e-24 2.55317e-23 1.94088e-22 1.02591e-21 1.73880e-21 4.02784e-21 1.59204e-20 
  1.00000   2.67160e-23 5.52133e-23 1.72836e-22 6.30677e-22 1.27404e-21 1.60643e-21 2.12926e-21 3.02242e-21 
 10.00000   9.32989e-23 1.64997e-22 2.56883e-22 3.57802e-22 3.88165e-22 3.91987e-22 3.95738e-22 3.97121e-22 
100.00000   7.84395e-24 1.35082e-23 1.68666e-23 1.79282e-23 1.80864e-23 1.81024e-23 1.82743e-23 1.85544e-23 

         10
          250.0
  0.00001   6.75475e-28 2.17591e-27 1.25792e-26 2.62116e-25 4.75197e-24 1.35833e-23 1.86110e-22 2.87628e-20 
  0.00010   6.66540e-27 1.97763e-26 9.84477e-26 1.43354e-24 1.51036e-23 3.63102e-23 2.31641e-22 2.96468e-20 
  0.00100   6.51807e-26 1.87345e-25 8.59836e-25 9.74685e-24 7.82444e-23 1.46956e-22 6.07429e-22 3.45336e-20 
  0.01000   6.44897e-25 1.80152e-24 7.74363e-24 7.43309e-23 4.74675e-22 8.36721e-22 2.94234e-21 5.14893e-20 
  0.10000   6.28717e-24 1.61060e-23 6.34343e-23 4.99315e-22 2.61481e-21 4.43655e-21 1.10132e-20 4.06418e-20 
  1.00000   5.41669e-23 1.23866e-22 4.03565e-22 1.90770e-21 3.45181e-21 4.24371e-21 5.75544e-21 7.71527e-21 
 10.00000   1.99711e-22 4.19163e-22 7.72118e-22 9.66326e-22 1.02558e-21 1.04671e-21 1.06358e-21 1.06980e-21 
100.00000   2.78640e-23 5.28462e-23 6.60145e-23 7.21645e-23 7.29932e-23 7.30634e-23 7.31550e-23 7.32253e-23 

         10
          300.0
  0.00001   1.25192e-27 4.53824e-27 3.27188e-26 9.18163e-25 1.81203e-23 5.27633e-23 7.72335e-22 6.39241e-20 
  0.00010   1.22190e-26 4.10962e-26 2.33219e-25 3.81697e-24 4.16753e-23 1.07404e-22 8.56078e-22 6.46348e-20 
  0.00100   1.18919e-25 3.78457e-25 1.93773e-24 2.32270e-23 1.81364e-22 3.51454e-22 1.56795e-21 7.15609e-20 
  0.01000   1.16042e-24 3.58834e-24 1.66976e-23 1.66096e-22 1.02670e-21 1.77372e-21 6.62055e-21 1.01278e-19 
  0.10000   1.09990e-23 3.17861e-23 1.32658e-22 1.08133e-21 5.15180e-21 8.23907e-21 2.16835e-20 7.21610e-20 
  1.00000   9.03406e-23 2.22979e-22 7.64535e-22 3.88000e-21 7.09797e-21 7.93166e-21 1.17504e-20 1.64732e-20 
 10.00000   3.40149e-22 8.22411e-22 1.61304e-21 2.03777e-21 2.17768e-21 2.27829e-21 2.35414e-21 2.38702e-21 
100.00000   6.91067e-23 1.39123e-22 1.89376e-22 2.06214e-22 2.08553e-22 2.08764e-22 2.09039e-22 2.09250e-22 

         10
          350.0
  0.00001   2.13064e-27 8.96996e-27 7.82735e-26 2.72061e-24 6.34734e-23 2.04693e-22 2.35760e-21 1.35160e-19 
  0.00010   2.05385e-26 7.77900e-26 4.80053e-25 9.22599e-24 1.12703e-22 2.85042e-22 2.48413e-21 1.35689e-19 
  0.00100   1.93991e-25 7.02009e-25 3.79215e-24 4.82938e-23 3.69298e-22 7.37947e-22 3.46808e-21 1.41966e-19 
  0.01000   1.85335e-24 6.58526e-24 3.28620e-23 3.27826e-22 1.86111e-21 3.34206e-21 1.35275e-20 1.70969e-19 
  0.10000   1.69324e-23 5.75667e-23 2.49087e-22 2.06989e-21 9.46191e-21 1.47266e-20 3.67279e-20 1.28874e-19 
  1.00000   1.49543e-22 4.05422e-22 1.23341e-21 6.43717e-21 1.28555e-20 1.47211e-20 1.96852e-20 2.79392e-20 
 10.00000   5.70397e-22 1.45061e-21 2.73768e-21 3.66166e-21 3.99955e-21 4.29661e-21 4.57948e-21 4.74060e-21 
100.00000   1.48622e-22 3.03254e-22 4.79046e-22 5.07723e-22 5.10485e-22 5.10970e-22 5.11601e-22 5.12086e-22 

         10
          400.0
  0.00001   3.67503e-27 1.60920e-26 1.57927e-25 7.01385e-24 1.83815e-22 5.83515e-22 6.09493e-21 2.66486e-19 
  0.00010   3.52764e-26 1.40353e-25 9.27552e-25 1.94759e-23 2.65993e-22 6.98847e-22 6.33279e-21 2.67047e-19 
  0.00100   3.39546e-25 1.22924e-24 6.57625e-24 9.34240e-23 7.10206e-22 1.43719e-21 7.87413e-21 2.73588e-19 
  0.01000   3.27304e-24 1.12625e-23 5.50057e-23 5.84283e-22 3.11409e-21 5.65184e-21 2.40594e-20 2.98502e-19 
  0.10000   2.76537e-23 9.94849e-23 4.20254e-22 3.50597e-21 1.59073e-20 2.54790e-20 5.68426e-20 2.01024e-19 
  1.00000   2.16746e-22 6.81337e-22 2.08917e-21 9.77690e-21 2.07919e-20 2.35268e-20 3.01953e-20 4.20157e-20 
 10.00000   1.00253e-21 2.01850e-21 4.23052e-21 5.95316e-21 6.94549e-21 7.29995e-21 8.22665e-21 8.69528e-21 
100.00000   3.08196e-22 5.95367e-22 1.06443e-21 1.09608e-21 1.10034e-21 1.10109e-21 1.10208e-21 1.10283e-21 

         10
          600.0
  0.00001   2.05910e-26 9.62750e-26 1.18780e-24 1.47696e-22 3.19629e-21 8.19689e-21 8.46693e-20 1.38504e-18 
  0.00010   1.91227e-25 7.67219e-25 6.30192e-24 2.25993e-22 3.37805e-21 8.38744e-21 8.49135e-20 1.38371e-18 
  0.00100   1.82165e-24 6.52577e-24 3.89084e-23 6.20256e-22 4.75083e-21 1.03461e-20 8.82893e-20 1.37171e-18 
  0.01000   1.70974e-23 5.75061e-23 2.65723e-22 3.03614e-21 1.60137e-20 3.01154e-20 1.23537e-19 1.28431e-18 
  0.10000   1.57289e-22 4.85400e-22 1.93008e-21 1.57421e-20 6.50675e-20 1.01616e-19 2.27563e-19 6.95547e-19 
  1.00000   1.18718e-21 3.20361e-21 9.77611e-21 3.65190e-20 7.22867e-20 8.72899e-20 1.38093e-19 2.79421e-19 
 10.00000   5.27151e-21 9.79269e-21 1.56886e-20 2.64610e-20 3.78831e-20 4.28315e-20 4.80622e-20 5.28640e-20 
100.00000   3.07554e-21 4.39832e-21 8.10403e-21 8.43416e-21 8.63901e-21 8.68088e-21 8.71708e-21 8.73314e-21 

         11
          100.0
  0.00001   4.56185e-31 3.16937e-30 2.40813e-29 3.84571e-28 3.44154e-27 8.21633e-27 6.53029e-26 1.99449e-23 
  0.00010   4.55160e-30 3.10294e-29 2.32912e-28 3.48228e-27 2.49085e-26 5.56898e-26 2.84772e-25 2.89941e-23 
  0.00100   4.55972e-29 3.09885e-28 2.27200e-27 3.17397e-26 1.96092e-25 4.13503e-25 1.71702e-24 6.19071e-23 
  0.01000   4.51307e-28 3.03874e-27 2.17852e-26 2.80637e-25 1.61876e-24 3.12770e-24 1.18349e-23 1.29103e-22 
  0.10000   4.42946e-27 2.56128e-26 1.87163e-25 2.07234e-24 9.17471e-24 1.35749e-23 3.19288e-23 1.03071e-22 
  1.00000   3.71920e-26 1.77336e-25 1.05346e-24 5.15606e-24 1.15903e-23 1.31111e-23 2.10344e-23 3.01459e-23 
 10.00000   1.62241e-25 3.07277e-25 1.88481e-24 2.97239e-24 3.44677e-24 3.48987e-24 3.53100e-24 3.54976e-24 
100.00000   4.57132e-27 5.96015e-27 2.80913e-26 4.22174e-26 4.31434e-26 4.32257e-26 4.33331e-26 4.34153e-26 

         11
          150.0
  0.00001   1.28194e-29 6.46201e-29 3.55628e-28 6.17770e-27 6.33722e-26 1.66390e-25 2.54590e-24 8.88808e-22 
  0.00010   1.26556e-28 6.31000e-28 3.37037e-27 5.24627e-26 4.13114e-25 9.42487e-25 6.51556e-24 9.47896e-22 
  0.00100   1.25521e-27 6.27449e-27 3.26476e-26 4.63313e-25 2.95715e-24 6.04966e-24 2.75995e-23 1.24985e-21 
  0.01000   1.23957e-26 6.17657e-26 3.13977e-25 3.99562e-24 2.29665e-23 4.38235e-23 1.67857e-22 1.76185e-21 
  0.10000   1.20929e-25 5.59470e-25 2.71319e-24 2.97227e-23 1.24497e-22 1.85679e-22 3.78955e-22 9.36054e-22 
  1.00000   9.32359e-25 4.04630e-24 1.56542e-23 5.67466e-23 1.05905e-22 1.17878e-22 1.52431e-22 1.96918e-22 
 10.00000   4.10089e-24 7.72707e-24 1.95346e-23 2.72715e-23 3.02505e-23 3.16479e-23 3.28442e-23 3.30724e-23 
100.00000   1.99726e-25 3.31320e-25 6.66025e-25 8.00430e-25 8.63636e-25 8.96686e-25 9.39369e-25 9.69371e-25 

         11
          200.0
  0.00001   8.39500e-29 3.64798e-28 1.72428e-27 3.31323e-26 3.93581e-25 1.15853e-24 2.42361e-23 6.07683e-21 
  0.00010   8.08066e-28 3.49459e-27 1.53918e-26 2.55987e-25 2.15520e-24 4.85508e-24 4.19564e-23 6.16725e-21 
  0.00100   7.86644e-27 3.40915e-26 1.45701e-25 2.12747e-24 1.37648e-23 2.66302e-23 1.40056e-22 6.73681e-21 
  0.01000   7.71004e-26 3.33889e-25 1.38935e-24 1.74611e-23 1.01347e-22 1.89813e-22 7.84127e-22 7.82491e-21 
  0.10000   7.36054e-25 3.08453e-24 1.18208e-23 1.31987e-22 5.54401e-22 8.26156e-22 1.60871e-21 3.91748e-21 
  1.00000   5.39262e-24 2.35436e-23 7.08565e-23 2.35378e-22 4.23566e-22 4.76017e-22 5.80260e-22 7.78895e-22 
 10.00000   2.15052e-23 4.80511e-23 8.51425e-23 1.11216e-22 1.24709e-22 1.32420e-22 1.39000e-22 1.41037e-22 
100.00000   1.76858e-24 3.57218e-24 5.18338e-24 5.94090e-24 6.35104e-24 6.53631e-24 6.77065e-24 6.93405e-24 

         11
          250.0
  0.00001   2.72796e-28 1.09750e-27 5.39531e-27 1.18588e-25 1.65399e-24 5.83713e-24 1.17520e-22 1.91142e-20 
  0.00010   2.57881e-27 1.02812e-26 4.43109e-26 7.64370e-25 7.07056e-24 1.62625e-23 1.59756e-22 1.91727e-20 
  0.00100   2.48219e-26 9.82416e-26 4.01219e-25 5.81733e-24 3.85165e-23 7.20679e-23 4.16390e-22 1.96490e-20 
  0.01000   2.42672e-25 9.47069e-25 3.75352e-24 4.50169e-23 2.60569e-22 4.85177e-22 2.14440e-21 2.03659e-20 
  0.10000   2.27742e-24 8.57540e-24 3.09059e-23 3.32373e-22 1.46886e-21 2.16023e-21 4.09937e-21 1.00160e-20 
  1.00000   1.57087e-23 6.60270e-23 1.83684e-22 6.10854e-22 1.05758e-21 1.21348e-21 1.62061e-21 2.57333e-21 
 10.00000   6.13806e-23 1.34681e-22 2.44254e-22 3.13594e-22 3.75667e-22 4.00286e-22 4.22097e-22 4.32429e-22 
100.00000   7.73511e-24 1.49460e-23 2.10724e-23 2.64721e-23 2.73107e-23 2.73696e-23 2.74198e-23 2.74583e-23 

         11
          300.0
  0.00001   5.91421e-28 2.38044e-27 1.36683e-26 3.64818e-25 5.92831e-24 2.59801e-23 4.50212e-22 4.12657e-20 
  0.00010   5.59472e-27 2.20255e-26 1.02895e-25 1.79018e-24 1.90059e-23 4.81017e-23 5.30500e-22 4.13157e-20 
  0.00100   5.37608e-26 2.07626e-25 8.71993e-25 1.21770e-23 8.71024e-23 1.66646e-22 9.87498e-22 4.18023e-20 
  0.01000   5.25911e-25 1.96809e-24 7.98769e-24 9.04454e-23 5.16340e-22 9.58509e-22 4.13005e-21 4.11431e-20 
  0.10000   4.84974e-24 1.79033e-23 6.45077e-23 6.21137e-22 2.88128e-21 4.32528e-21 8.23083e-21 1.98800e-20 
  1.00000   2.89544e-23 1.31260e-22 3.77692e-22 1.22899e-21 2.01880e-21 2.46150e-21 3.47228e-21 6.19702e-21 
 10.00000   1.27455e-22 2.61330e-22 5.00503e-22 6.79699e-22 8.60464e-22 9.26610e-22 9.90018e-22 1.02127e-21 
100.00000   2.24010e-23 4.01988e-23 5.72630e-23 7.38660e-23 7.62761e-23 7.64594e-23 7.65991e-23 7.67061e-23 

         11
          350.0
  0.00001   1.13015e-27 4.40383e-27 3.04979e-26 1.04631e-24 1.98085e-23 8.97722e-23 1.54828e-21 7.17067e-20 
  0.00010   1.05503e-26 3.98813e-26 2.04310e-25 4.07408e-24 4.29464e-23 1.23670e-22 1.65677e-21 7.16714e-20 
  0.00100   9.94521e-26 3.67159e-25 1.59237e-24 2.26438e-23 1.76510e-22 3.66847e-22 2.52641e-21 7.19428e-20 
  0.01000   9.53599e-25 3.48464e-24 1.40135e-23 1.59846e-22 9.34070e-22 1.71258e-21 6.85885e-21 7.02730e-20 
  0.10000   8.45982e-24 3.13353e-23 1.15308e-22 1.03632e-21 4.62516e-21 7.11425e-21 1.43577e-20 3.68388e-20 
  1.00000   5.52488e-23 2.21818e-22 6.50042e-22 2.04022e-21 3.50873e-21 4.62181e-21 6.15384e-21 1.10110e-20 
 10.00000   2.18815e-22 4.47214e-22 8.61011e-22 1.20473e-21 1.52691e-21 1.65953e-21 1.79247e-21 1.85956e-21 
100.00000   5.06024e-23 9.68705e-23 1.23446e-22 1.56479e-22 1.61442e-22 1.61850e-22 1.62131e-22 1.62346e-22 

         11
          400.0
  0.00001   2.12847e-27 7.46490e-27 5.93064e-26 2.75968e-24 5.85361e-23 2.63305e-22 4.58215e-21 1.06815e-19 
  0.00010   2.02506e-26 6.64427e-26 3.76184e-25 8.42798e-24 9.49227e-23 3.11988e-22 4.73361e-21 1.06796e-19 
  0.00100   1.90750e-25 6.02694e-25 2.80053e-24 4.13054e-23 3.19978e-22 7.05626e-22 5.81592e-21 1.06731e-19 
  0.01000   1.78201e-24 5.59547e-24 2.33419e-23 2.71436e-22 1.59328e-21 2.97704e-21 1.17202e-20 1.03922e-19 
  0.10000   1.52056e-23 5.08810e-23 1.82801e-22 1.64599e-21 7.03421e-21 1.06542e-20 2.16200e-20 5.46356e-20 
  1.00000   1.07866e-22 3.53143e-22 1.02289e-21 3.10829e-21 5.58301e-21 7.10276e-21 9.50333e-21 1.59075e-20 
 10.00000   3.46555e-22 7.45360e-22 1.32728e-21 2.07109e-21 2.38872e-21 2.53973e-21 2.77296e-21 2.88023e-21 
100.00000   9.75176e-23 1.87698e-22 2.49774e-22 2.84367e-22 2.91395e-22 2.92069e-22 2.92538e-22 2.92898e-22 

         11
          600.0
  0.00001   1.21541e-26 3.69893e-26 4.24465e-25 6.42876e-23 1.44265e-21 5.55713e-21 5.90248e-20 4.42055e-19 
  0.00010   1.17189e-25 3.29713e-25 2.49738e-24 9.72247e-23 1.52628e-21 5.63487e-21 5.91596e-20 4.41571e-19 
  0.00100   1.12789e-24 3.00332e-24 1.60284e-23 2.79717e-22 2.38044e-21 6.66462e-21 6.11362e-20 4.37322e-19 
  0.01000   1.09086e-23 2.76031e-23 1.16223e-22 1.36744e-21 7.89964e-21 1.56415e-20 7.43404e-20 4.03557e-19 
  0.10000   1.02261e-22 2.40422e-22 8.38005e-22 7.47921e-21 2.78386e-20 4.20632e-20 8.99264e-20 2.25460e-19 
  1.00000   7.68308e-22 1.66977e-21 3.68131e-21 1.35747e-20 2.57529e-20 3.01614e-20 3.83737e-20 7.31306e-20 
 10.00000   2.09066e-21 3.99339e-21 5.59686e-21 7.83793e-21 1.16408e-20 1.25942e-20 1.73859e-20 2.41450e-20 
100.00000   9.07139e-22 1.29180e-21 2.11477e-21 3.17757e-21 3.51804e-21 3.56576e-21 3.60837e-21 3.62053e-21 

         12
          100.0
  0.00001   2.23604e-31 6.73533e-31 2.07881e-30 2.25639e-29 2.11820e-28 5.16272e-28 5.08280e-27 9.91471e-25 
  0.00010   2.22971e-30 6.67885e-30 2.03139e-29 2.04807e-28 1.46038e-27 3.16322e-27 1.55669e-26 1.42968e-24 
  0.00100   2.22834e-29 6.62125e-29 1.99524e-28 1.84142e-27 1.06870e-26 2.11693e-26 7.65065e-26 3.07305e-24 
  0.01000   2.22310e-28 6.55050e-28 1.95335e-27 1.57356e-26 8.29596e-26 1.49875e-25 5.03902e-25 7.79704e-24 
  0.10000   2.15725e-27 6.25069e-27 1.71618e-26 1.17114e-25 4.94859e-25 7.97626e-25 1.81095e-24 5.92972e-24 
  1.00000   1.96534e-26 4.81013e-26 1.16754e-25 3.91937e-25 6.74827e-25 7.93574e-25 9.47589e-25 1.43714e-24 
 10.00000   8.28729e-26 1.13800e-25 1.42111e-25 2.56972e-25 3.21008e-25 3.42175e-25 3.78660e-25 4.07718e-25 
100.00000   1.65028e-27 2.50854e-27 3.64598e-27 4.78843e-27 4.98316e-27 5.04128e-27 5.11375e-27 5.16243e-27 

         12
          150.0
  0.00001   3.48846e-30 1.42778e-29 5.49746e-29 6.75625e-28 7.74175e-27 2.09628e-26 3.26726e-25 9.92201e-23 
  0.00010   3.46048e-29 1.39533e-28 5.19343e-28 5.57014e-27 4.58504e-26 1.04984e-25 6.09469e-25 1.04553e-22 
  0.00100   3.44696e-28 1.37341e-27 4.97634e-27 4.75638e-26 3.11625e-25 5.81652e-25 2.28495e-24 1.33064e-22 
  0.01000   3.42833e-27 1.34961e-26 4.79874e-26 3.97899e-25 2.26778e-24 3.96634e-24 1.49244e-23 2.04851e-22 
  0.10000   3.32039e-26 1.26946e-25 4.16169e-25 2.99622e-24 1.33028e-23 2.07931e-23 4.20989e-23 1.19209e-22 
  1.00000   2.92581e-25 9.89586e-25 2.71653e-24 8.12403e-24 1.36259e-23 1.51079e-23 2.17534e-23 3.20326e-23 
 10.00000   1.43082e-24 2.38095e-24 3.56545e-24 5.52458e-24 6.07030e-24 6.22328e-24 6.55587e-24 6.88059e-24 
100.00000   9.46513e-26 1.17018e-25 1.63152e-25 1.86504e-25 1.90347e-25 1.91204e-25 1.92154e-25 1.92802e-25 

         12
          200.0
  0.00001   1.89038e-29 8.19562e-29 3.82673e-28 5.40361e-27 7.43257e-26 2.15823e-25 4.20613e-24 1.06543e-21 
  0.00010   1.85994e-28 7.88090e-28 3.43024e-27 3.93476e-26 3.62002e-25 8.29527e-25 6.01625e-24 1.07944e-21 
  0.00100   1.83245e-27 7.66996e-27 3.21297e-26 3.16201e-25 2.22855e-24 4.09814e-24 1.84736e-23 1.17772e-21 
  0.01000   1.81525e-26 7.49600e-26 3.07257e-25 2.56964e-24 1.55362e-23 2.74697e-23 1.13865e-22 1.51734e-21 
  0.10000   1.75221e-25 7.01074e-25 2.68628e-24 1.94506e-23 9.35904e-23 1.47889e-22 3.06891e-22 9.11358e-22 
  1.00000   1.51180e-24 5.76823e-24 1.73278e-23 5.24088e-23 9.34922e-23 1.04665e-22 1.66629e-22 2.33221e-22 
 10.00000   7.58321e-24 1.39442e-23 2.54013e-23 3.48938e-23 3.65646e-23 3.70812e-23 3.79223e-23 3.87069e-23 
100.00000   9.21238e-25 1.20928e-24 1.73755e-24 1.95908e-24 1.98683e-24 1.98897e-24 1.99099e-24 1.99253e-24 

         12
          250.0
  0.00001   6.25816e-29 2.79165e-28 1.40089e-27 2.55109e-26 3.99642e-25 1.20724e-24 2.24132e-23 4.53702e-21 
  0.00010   6.12877e-28 2.58327e-27 1.18711e-26 1.57824e-25 1.48308e-24 3.31794e-24 2.85933e-23 4.56967e-21 
  0.00100   5.99869e-27 2.45693e-26 1.08858e-25 1.14871e-24 7.87573e-24 1.47000e-23 7.30724e-23 4.82441e-21 
  0.01000   5.92582e-26 2.35640e-25 1.02535e-24 8.86929e-24 5.34527e-23 9.62496e-23 4.27425e-22 5.61183e-21 
  0.10000   5.72251e-25 2.12976e-24 9.03657e-24 6.69660e-23 3.30103e-22 5.23827e-22 1.15714e-21 3.64349e-21 
  1.00000   4.96182e-24 1.79826e-23 5.82252e-23 1.84999e-22 3.45782e-22 4.00637e-22 6.43690e-22 9.10675e-22 
 10.00000   2.58100e-23 4.32051e-23 8.98936e-23 1.23261e-22 1.37822e-22 1.41439e-22 1.44540e-22 1.45702e-22 
100.00000   3.62859e-24 6.11262e-24 9.19512e-24 1.04580e-23 1.06057e-23 1.06158e-23 1.06289e-23 1.06389e-23 

         12
          300.0
  0.00001   1.41410e-28 7.28798e-28 3.80774e-27 9.68528e-26 1.70339e-24 5.21881e-24 7.98230e-23 1.29878e-20 
  0.00010   1.39038e-27 6.38720e-27 2.98963e-26 4.80961e-25 4.55418e-24 1.01221e-23 9.32883e-23 1.30239e-20 
  0.00100   1.37075e-26 5.83005e-26 2.64736e-25 3.04738e-24 2.01084e-23 3.74804e-23 1.92583e-22 1.33748e-20 
  0.01000   1.35405e-25 5.39039e-25 2.41952e-24 2.19465e-23 1.27070e-22 2.27374e-22 1.04790e-21 1.41634e-20 
  0.10000   1.31836e-24 4.49138e-24 2.09801e-23 1.60186e-22 7.96347e-22 1.27103e-21 2.91695e-21 9.28111e-21 
  1.00000   1.15003e-23 3.65477e-23 1.36476e-22 4.49044e-22 8.71581e-22 1.01955e-21 1.60640e-21 2.38755e-21 
 10.00000   6.46304e-23 9.18194e-23 2.06284e-22 3.02586e-22 3.82341e-22 3.95018e-22 4.06369e-22 4.10782e-22 
100.00000   1.02577e-23 1.96425e-23 2.98306e-23 3.44477e-23 3.48708e-23 3.49052e-23 3.49500e-23 3.49844e-23 

         12
          350.0
  0.00001   2.51844e-28 1.46927e-27 9.32406e-27 3.21813e-25 6.84231e-24 2.06038e-23 2.45097e-22 2.68482e-20 
  0.00010   2.48989e-27 1.30874e-26 6.12671e-26 1.21355e-24 1.31005e-23 2.98539e-23 2.67662e-22 2.68621e-20 
  0.00100   2.45493e-26 1.12522e-25 5.04943e-25 6.74424e-24 4.45981e-23 8.48960e-23 4.37311e-22 2.73283e-20 
  0.01000   2.42390e-25 1.02363e-24 4.55695e-24 4.45683e-23 2.39495e-22 4.29764e-22 1.93710e-21 2.79378e-20 
  0.10000   2.35114e-24 8.23631e-24 3.84047e-23 3.01171e-22 1.51809e-21 2.36678e-21 5.56838e-21 1.96989e-20 
  1.00000   2.03007e-23 6.15793e-23 2.54908e-22 8.71917e-22 1.67000e-21 2.14846e-21 2.95912e-21 5.02551e-21 
 10.00000   1.14556e-22 1.61373e-22 3.87347e-22 6.10782e-22 7.82156e-22 8.12824e-22 8.40472e-22 8.51893e-22 
100.00000   2.36269e-23 4.64730e-23 7.05257e-23 8.23970e-23 8.34422e-23 8.35165e-23 8.36136e-23 8.36879e-23 

         12
          400.0
  0.00001   4.26878e-28 2.41742e-27 1.97456e-26 9.63301e-25 2.08960e-23 6.33330e-23 7.09538e-22 4.39368e-20 
  0.00010   4.21699e-27 2.19305e-26 1.20964e-25 2.74863e-24 3.26274e-23 7.98304e-23 7.42668e-22 4.39583e-20 
  0.00100   4.17158e-26 1.90852e-25 8.69632e-25 1.26862e-23 9.12514e-23 1.86599e-22 1.01258e-21 4.44243e-20 
  0.01000   4.07617e-25 1.71903e-24 7.35078e-24 7.86637e-23 4.31965e-22 7.54072e-22 2.99096e-21 4.53601e-20 
  0.10000   3.86494e-24 1.36558e-23 6.05827e-23 4.80952e-22 2.35467e-21 3.68156e-21 8.82980e-21 3.20994e-20 
  1.00000   3.17906e-23 9.15006e-23 3.90317e-22 1.41654e-21 2.91692e-21 3.51704e-21 4.87039e-21 8.20004e-21 
 10.00000   1.75795e-22 2.66946e-22 6.37881e-22 1.02500e-21 1.27790e-21 1.33473e-21 1.38689e-21 1.40934e-21 
100.00000   4.60671e-23 8.69798e-23 1.32388e-22 1.55168e-22 1.57202e-22 1.57343e-22 1.57526e-22 1.57667e-22 

         12
          600.0
  0.00001   2.25626e-27 1.16305e-26 1.56726e-25 3.22845e-23 6.29234e-22 2.00239e-21 1.62907e-20 1.51673e-19 
  0.00010   2.15967e-26 1.05216e-25 9.38912e-25 4.33047e-23 6.55302e-22 2.04693e-21 1.63361e-20 1.51591e-19 
  0.00100   2.10146e-25 9.52290e-25 5.88771e-24 1.06513e-22 9.50353e-22 2.48165e-21 1.68662e-20 1.51013e-19 
  0.01000   2.05963e-24 8.58968e-24 4.10083e-23 4.73981e-22 2.75188e-21 5.48838e-21 2.14663e-20 1.48470e-19 
  0.10000   1.93355e-23 7.13469e-23 2.75128e-22 2.41597e-21 9.04343e-21 1.37270e-20 3.01342e-20 9.66674e-20 
  1.00000   1.51236e-22 4.07845e-22 1.24390e-21 5.22996e-21 1.00456e-20 1.16354e-20 1.80084e-20 2.70535e-20 
 10.00000   6.39078e-22 1.12135e-21 2.53102e-21 3.63072e-21 4.26088e-21 4.58130e-21 4.90701e-21 5.01995e-21 
100.00000   3.41021e-22 4.94256e-22 8.36007e-22 8.82106e-22 9.03334e-22 9.22085e-22 9.74958e-22 1.00597e-21 

         13
          100.0
  0.00001   4.74386e-32 1.15546e-31 8.18503e-31 1.39321e-29 1.33079e-28 3.37766e-28 2.70175e-27 6.58338e-25 
  0.00010   4.75987e-31 1.14588e-30 7.71892e-30 1.26182e-28 9.91553e-28 2.15920e-27 1.21528e-26 9.48045e-25 
  0.00100   4.76669e-30 1.13749e-29 7.36815e-29 1.16559e-27 7.97961e-27 1.58441e-26 7.04099e-26 2.30392e-24 
  0.01000   4.75693e-29 1.12344e-28 6.93623e-28 1.04639e-26 6.63713e-26 1.21999e-25 4.97065e-25 6.45513e-24 
  0.10000   4.70575e-28 1.05380e-27 6.05819e-27 7.45438e-26 3.96941e-25 6.46345e-25 1.92733e-24 9.66316e-24 
  1.00000   4.37058e-27 8.54156e-27 3.18201e-26 2.68667e-25 5.91527e-25 9.85250e-25 1.76608e-24 2.43982e-24 
 10.00000   1.27625e-26 2.36186e-26 4.77929e-26 1.85635e-25 2.40715e-25 2.45218e-25 2.47695e-25 2.49067e-25 
100.00000   4.48595e-28 6.30872e-28 1.72745e-27 2.92072e-27 3.11415e-27 3.17063e-27 3.23817e-27 3.32135e-27 

         13
          150.0
  0.00001   1.51183e-30 3.85053e-30 2.47506e-29 3.87509e-28 4.00882e-27 1.03261e-26 2.18636e-25 4.54823e-23 
  0.00010   1.50922e-29 3.76317e-29 2.33317e-28 3.23561e-27 2.56335e-26 5.55592e-26 5.14661e-25 5.03383e-23 
  0.00100   1.50461e-28 3.69504e-28 2.23807e-27 2.80821e-26 1.82749e-25 3.68537e-25 2.10669e-24 7.29161e-23 
  0.01000   1.50003e-27 3.64475e-27 2.12962e-26 2.45640e-25 1.44493e-24 2.71159e-24 1.15474e-23 1.20062e-22 
  0.10000   1.48445e-26 3.46446e-26 1.89820e-25 1.79164e-24 8.25147e-24 1.32272e-23 3.06581e-23 1.36984e-22 
  1.00000   1.37997e-25 2.84617e-25 1.05697e-24 4.14052e-24 9.86127e-24 1.41291e-23 2.72293e-23 4.43796e-23 
 10.00000   3.79924e-25 8.08158e-25 1.17791e-24 3.27170e-24 4.83661e-24 4.98095e-24 5.06665e-24 5.09812e-24 
100.00000   2.84814e-26 3.84736e-26 7.74306e-26 1.22386e-25 1.25824e-25 1.26302e-25 1.26780e-25 1.27086e-25 

         13
          200.0
  0.00001   9.26258e-30 2.97581e-29 1.89522e-28 3.05385e-27 3.48747e-26 9.61534e-26 3.34889e-24 5.48728e-22 
  0.00010   9.15991e-29 2.79389e-28 1.72745e-27 2.30508e-26 1.82428e-25 3.93939e-25 5.50024e-24 5.60182e-22 
  0.00100   9.10892e-28 2.60442e-27 1.63698e-26 1.87890e-25 1.15219e-24 2.29577e-24 1.67901e-23 6.31524e-22 
  0.01000   9.02667e-27 2.51650e-26 1.56441e-25 1.57623e-24 8.75797e-24 1.67904e-23 7.56596e-23 7.73133e-22 
  0.10000   8.87382e-26 2.34524e-25 1.37161e-24 1.17678e-23 5.10500e-23 8.12166e-23 1.69114e-22 5.50005e-22 
  1.00000   7.54001e-25 1.90779e-24 8.14862e-24 2.36802e-23 4.90228e-23 5.87168e-23 9.48798e-23 1.60058e-22 
 10.00000   2.38576e-24 5.99711e-24 8.94843e-24 1.52802e-23 2.01221e-23 2.08404e-23 2.15141e-23 2.17278e-23 
100.00000   3.23868e-25 5.67375e-25 8.06412e-25 9.95853e-25 1.01099e-24 1.01257e-24 1.01422e-24 1.01549e-24 

         13
          250.0
  0.00001   3.12814e-29 1.19685e-28 7.83913e-28 1.44569e-26 1.87118e-25 5.93260e-25 2.08194e-23 2.58426e-21 
  0.00010   3.06584e-28 1.06506e-27 6.51844e-27 9.39626e-26 7.76248e-25 1.69961e-24 2.95703e-23 2.59885e-21 
  0.00100   3.03969e-27 9.30578e-27 5.94953e-26 7.12503e-25 4.25814e-24 8.17697e-24 7.10684e-23 2.72908e-21 
  0.01000   2.99715e-26 8.70364e-26 5.62160e-25 5.64081e-24 3.03669e-23 5.80849e-23 2.83261e-22 2.97763e-21 
  0.10000   2.92042e-25 7.85042e-25 4.82195e-24 4.19117e-23 1.83931e-22 2.91678e-22 6.18756e-22 1.67783e-21 
  1.00000   2.40417e-24 6.35322e-24 2.97055e-23 9.41819e-23 1.61189e-22 1.85364e-22 2.36254e-22 3.96306e-22 
 10.00000   8.60327e-24 2.00670e-23 3.70926e-23 5.02047e-23 6.18644e-23 6.44464e-23 6.77013e-23 6.87083e-23 
100.00000   1.72056e-24 3.57399e-24 4.58023e-24 4.93662e-24 4.99730e-24 5.00197e-24 5.00805e-24 5.01271e-24 

         13
          300.0
  0.00001   7.47179e-29 3.25905e-28 2.34468e-27 5.33827e-26 7.75044e-25 2.77228e-24 8.38779e-23 7.35308e-21 
  0.00010   7.28974e-28 2.79767e-27 1.71679e-26 2.79946e-25 2.50408e-24 5.66286e-24 1.06045e-22 7.36792e-21 
  0.00100   7.16920e-27 2.36361e-26 1.47909e-25 1.92115e-24 1.18172e-23 2.21275e-23 2.11796e-22 7.47472e-21 
  0.01000   7.05934e-26 2.14845e-25 1.35918e-24 1.43420e-23 7.57625e-23 1.44317e-22 7.70923e-22 7.47508e-21 
  0.10000   6.83221e-25 1.89172e-24 1.18333e-23 1.06073e-22 4.67391e-22 7.51386e-22 1.55371e-21 4.58580e-21 
  1.00000   6.31151e-24 1.54649e-23 7.70697e-23 2.51140e-22 4.22687e-22 5.07601e-22 5.88173e-22 1.05302e-21 
 10.00000   2.41182e-23 4.61143e-23 9.78112e-23 1.32608e-22 1.97892e-22 2.08860e-22 2.22479e-22 2.26722e-22 
100.00000   6.16773e-24 1.18544e-23 1.64680e-23 1.90626e-23 1.93642e-23 1.93868e-23 1.94163e-23 1.94389e-23 

         13
          350.0
  0.00001   1.55585e-28 6.80072e-28 5.90915e-27 1.71612e-25 2.85547e-24 1.03868e-23 2.79213e-22 1.62147e-20 
  0.00010   1.52158e-27 6.00558e-27 3.99264e-26 7.10959e-25 6.45714e-24 1.53655e-23 3.06375e-22 1.62157e-20 
  0.00100   1.47922e-26 5.14875e-26 3.15135e-25 4.21235e-24 2.70849e-23 5.01837e-23 4.91837e-22 1.62314e-20 
  0.01000   1.44285e-25 4.57516e-25 2.71180e-24 2.95029e-23 1.55163e-22 2.86820e-22 1.59725e-21 1.57490e-20 
  0.10000   1.37153e-24 3.87048e-24 2.25113e-23 2.11759e-22 9.68575e-22 1.56095e-21 3.20495e-21 9.48771e-21 
  1.00000   1.20079e-23 2.87710e-23 1.51347e-22 5.23800e-22 8.91981e-22 1.07975e-21 1.31098e-21 2.55726e-21 
 10.00000   5.48166e-23 9.50620e-23 2.10612e-22 2.96392e-22 4.41475e-22 4.76157e-22 5.12128e-22 5.24523e-22 
100.00000   1.65692e-23 2.94093e-23 4.34674e-23 5.11585e-23 5.20277e-23 5.20883e-23 5.21672e-23 5.22277e-23 

         13
          400.0
  0.00001   2.75418e-28 1.21211e-27 1.17646e-26 4.73952e-25 9.64715e-24 3.25584e-23 6.77787e-22 2.71140e-20 
  0.00010   2.70128e-27 1.08406e-26 8.07729e-26 1.60042e-24 1.57823e-23 3.90838e-23 7.19634e-22 2.71152e-20 
  0.00100   2.64132e-26 9.27519e-26 5.86164e-25 8.07303e-24 5.25100e-23 1.02328e-22 1.01644e-21 2.71600e-20 
  0.01000   2.58505e-25 8.23079e-25 4.83631e-24 5.20543e-23 2.67505e-22 4.91222e-22 2.60741e-21 2.73798e-20 
  0.10000   2.48453e-24 6.91768e-24 3.79259e-23 3.52418e-22 1.62405e-21 2.60605e-21 5.71087e-21 1.68514e-20 
  1.00000   2.16555e-23 5.09517e-23 2.40070e-22 9.32796e-22 1.62089e-21 1.90961e-21 2.38004e-21 4.61918e-21 
 10.00000   1.01902e-22 1.64300e-22 3.78991e-22 5.43615e-22 7.63214e-22 8.37243e-22 9.08666e-22 9.33630e-22 
100.00000   3.45718e-23 5.86996e-23 8.77196e-23 1.03244e-22 1.04997e-22 1.05119e-22 1.05279e-22 1.05402e-22 

         13
          600.0
  0.00001   1.56529e-27 6.39723e-27 7.67320e-26 1.39695e-23 3.12237e-22 1.06563e-21 8.40914e-21 1.09609e-19 
  0.00010   1.53360e-26 5.65477e-26 4.89512e-25 2.08781e-23 3.39809e-22 1.09423e-21 8.44502e-21 1.09617e-19 
  0.00100   1.50280e-25 5.19312e-25 3.37204e-24 5.71446e-23 5.11089e-22 1.33229e-21 8.78510e-21 1.09870e-19 
  0.01000   1.47740e-24 4.82375e-24 2.59585e-23 2.69903e-22 1.57580e-21 3.09069e-21 1.18641e-20 1.13154e-19 
  0.10000   1.41880e-23 4.12634e-23 1.93577e-22 1.43794e-21 5.61132e-21 8.67567e-21 2.30976e-20 7.32395e-20 
  1.00000   1.10137e-22 2.60806e-22 8.02185e-22 3.74867e-21 6.99195e-21 8.24172e-21 1.18506e-20 2.00817e-20 
 10.00000   4.86981e-22 6.67014e-22 1.68644e-21 2.49380e-21 2.89748e-21 2.97258e-21 3.25633e-21 3.38635e-21 
100.00000   2.17662e-22 3.74765e-22 4.88592e-22 5.56685e-22 5.65333e-22 5.65915e-22 5.66674e-22 5.67255e-22 

         14
          100.0
  0.00001   8.83451e-33 2.53585e-32 1.04485e-31 1.33159e-30 1.24945e-29 2.78126e-29 2.28017e-28 4.77008e-26 
  0.00010   8.83409e-32 2.51630e-31 1.01100e-30 1.19035e-29 8.84024e-29 1.86112e-28 9.74833e-28 7.70460e-26 
  0.00100   8.82511e-31 2.49980e-30 9.88289e-30 1.10155e-28 7.13786e-28 1.39537e-27 5.35812e-27 1.95589e-25 
  0.01000   8.79591e-30 2.47122e-29 9.65977e-29 1.01330e-27 5.75307e-27 1.04744e-26 4.13215e-26 5.80096e-25 
  0.10000   8.64295e-29 2.33635e-28 8.55593e-28 8.02464e-27 3.81883e-26 6.11133e-26 1.82661e-25 1.15625e-24 
  1.00000   7.28130e-28 1.72669e-27 5.61138e-27 3.33655e-26 8.78142e-26 1.19579e-25 1.92141e-25 2.99898e-25 
 10.00000   1.93500e-27 5.60932e-27 1.35566e-26 2.20955e-26 2.74892e-26 2.86539e-26 2.96353e-26 3.01680e-26 
100.00000   3.86120e-29 2.41699e-28 3.01393e-28 4.68287e-28 6.08697e-28 6.28339e-28 6.51712e-28 6.81025e-28 

         14
          150.0
  0.00001   3.12208e-31 7.23913e-31 3.15913e-30 5.17293e-29 6.21108e-28 1.64548e-27 2.63444e-26 7.28060e-24 
  0.00010   3.15359e-30 7.10950e-30 2.95316e-29 4.16014e-28 3.50311e-27 7.86661e-27 5.49816e-26 7.88760e-24 
  0.00100   3.12068e-29 6.99066e-29 2.83282e-28 3.54515e-27 2.42189e-26 4.82793e-26 2.10006e-25 1.09748e-23 
  0.01000   3.11413e-28 6.86063e-28 2.71650e-27 3.03407e-26 1.84528e-25 3.46473e-25 1.32287e-24 2.01336e-23 
  0.10000   3.09872e-27 6.52305e-27 2.37415e-26 2.29101e-25 1.15576e-24 1.83173e-24 4.66475e-24 1.89045e-23 
  1.00000   2.49932e-26 5.11930e-26 1.40024e-25 7.67041e-25 1.64975e-24 2.00051e-24 2.79752e-24 4.69304e-24 
 10.00000   1.06386e-25 1.54659e-25 2.52697e-25 4.46024e-25 5.35258e-25 5.64177e-25 5.91491e-25 6.01049e-25 
100.00000   5.74237e-27 1.01279e-26 1.40907e-26 2.04815e-26 2.52882e-26 2.60241e-26 2.70879e-26 2.87020e-26 

         14
          200.0
  0.00001   1.93894e-30 5.40116e-30 2.98503e-29 5.76592e-28 8.27468e-27 2.51758e-26 5.72514e-25 1.05993e-22 
  0.00010   1.93650e-29 5.09966e-29 2.64344e-28 4.13487e-27 3.66628e-26 8.53818e-26 8.09931e-25 1.07813e-22 
  0.00100   1.91499e-28 4.86605e-28 2.45714e-27 3.22803e-26 2.14610e-25 4.31432e-25 2.21948e-24 1.19138e-22 
  0.01000   1.90444e-27 4.71392e-27 2.32546e-26 2.57041e-25 1.55245e-24 2.97710e-24 1.20393e-23 1.67705e-22 
  0.10000   1.84953e-26 4.40320e-26 2.00173e-25 1.93218e-24 9.59746e-24 1.51353e-23 3.51245e-23 1.09518e-22 
  1.00000   1.45418e-25 3.42705e-25 1.21921e-24 5.75093e-24 1.09371e-23 1.24601e-23 1.59266e-23 2.37416e-23 
 10.00000   6.64294e-25 1.23197e-24 1.80779e-24 3.10410e-24 3.60055e-24 3.74177e-24 3.92666e-24 3.98961e-24 
100.00000   7.87635e-26 1.21947e-25 1.94247e-25 2.48317e-25 2.75591e-25 2.79623e-25 2.85792e-25 2.95108e-25 

         14
          250.0
  0.00001   6.39962e-30 2.24525e-29 1.52504e-28 3.45794e-27 5.91026e-26 2.02249e-25 4.84112e-24 5.34487e-22 
  0.00010   6.28149e-29 2.04320e-28 1.26048e-27 2.10653e-26 2.00546e-25 4.88308e-25 5.97933e-24 5.36830e-22 
  0.00100   6.21270e-28 1.88398e-27 1.12500e-26 1.51475e-25 9.86306e-25 2.00032e-24 1.26940e-23 5.58557e-22 
  0.01000   6.14573e-27 1.78439e-26 1.04638e-25 1.13435e-24 6.57172e-24 1.26698e-23 5.78758e-23 6.77186e-22 
  0.10000   5.83401e-26 1.60754e-25 8.77782e-25 8.52065e-24 4.04743e-23 6.39395e-23 1.43090e-22 4.02714e-22 
  1.00000   4.81817e-25 1.18451e-24 5.68448e-24 2.30550e-23 4.20282e-23 4.81288e-23 6.32177e-23 8.50124e-23 
 10.00000   2.18363e-24 4.99230e-24 7.91435e-24 1.32881e-23 1.52960e-23 1.60270e-23 1.71455e-23 1.76560e-23 
100.00000   4.77056e-25 7.99316e-25 1.27568e-24 1.59509e-24 1.65716e-24 1.66358e-24 1.66889e-24 1.67265e-24 

         14
          300.0
  0.00001   1.69666e-29 6.67375e-29 5.25135e-28 1.49811e-26 2.97097e-25 1.11545e-24 2.56986e-23 1.65408e-21 
  0.00010   1.66460e-28 6.06669e-28 4.03314e-27 7.21392e-26 7.56968e-25 1.96021e-24 2.90228e-23 1.65682e-21 
  0.00100   1.63617e-27 5.50468e-27 3.42115e-26 4.72666e-25 3.14299e-24 6.46755e-24 5.34147e-23 1.69786e-21 
  0.01000   1.61288e-26 5.08499e-26 3.08202e-25 3.35644e-24 1.88770e-23 3.60289e-23 1.81434e-22 1.86970e-21 
  0.10000   1.54714e-25 4.44240e-25 2.51999e-24 2.44891e-23 1.15285e-22 1.84641e-22 4.14102e-22 1.08740e-21 
  1.00000   1.32214e-24 3.13162e-24 1.60138e-23 6.34621e-23 1.15422e-22 1.35042e-22 1.96635e-22 3.02126e-22 
 10.00000   6.09923e-24 1.30477e-23 2.23758e-23 4.21455e-23 5.33146e-23 5.97043e-23 6.80462e-23 7.26248e-23 
100.00000   1.87825e-24 3.19738e-24 4.69783e-24 6.84809e-24 7.20731e-24 7.24212e-24 7.25962e-24 7.27263e-24 

         14
          350.0
  0.00001   3.69705e-29 1.54709e-28 1.43405e-27 5.49596e-26 1.22572e-24 4.49361e-24 1.02281e-22 3.88226e-21 
  0.00010   3.66461e-28 1.43629e-27 1.03539e-26 2.09646e-25 2.28376e-24 6.16541e-24 1.08956e-22 3.88407e-21 
  0.00100   3.62556e-27 1.31133e-26 8.11053e-26 1.16951e-24 7.97340e-24 1.68985e-23 1.62214e-22 3.93956e-21 
  0.01000   3.59056e-26 1.21272e-25 7.10238e-25 7.85951e-24 4.38688e-23 8.16929e-23 4.28651e-22 4.12289e-21 
  0.10000   3.48735e-25 1.04657e-24 5.72675e-24 5.51794e-23 2.63248e-22 4.14834e-22 9.27936e-22 2.43159e-21 
  1.00000   3.05677e-24 7.00073e-24 3.62214e-23 1.38574e-22 2.51785e-22 3.04027e-22 4.99949e-22 8.60663e-22 
 10.00000   1.56997e-23 2.70407e-23 4.73179e-23 1.00995e-22 1.40857e-22 1.62387e-22 1.91128e-22 2.07897e-22 
100.00000   5.38860e-24 9.21443e-24 1.30021e-23 2.05162e-23 2.17095e-23 2.18145e-23 2.18819e-23 2.19264e-23 

         14
          400.0
  0.00001   7.27741e-29 3.04658e-28 3.04999e-27 1.67302e-25 4.01291e-24 1.39968e-23 2.82660e-22 7.31941e-21 
  0.00010   7.15174e-28 2.85965e-27 2.15365e-26 5.10789e-25 5.99739e-24 1.67055e-23 2.94694e-22 7.33305e-21 
  0.00100   7.04171e-27 2.66159e-26 1.63558e-25 2.46910e-24 1.71871e-23 3.72604e-23 3.88842e-22 7.43527e-21 
  0.01000   6.94297e-26 2.44470e-25 1.35787e-24 1.53743e-23 8.50543e-23 1.59955e-22 8.40443e-22 7.57703e-21 
  0.10000   6.72924e-25 2.11283e-24 1.07129e-23 1.00140e-22 4.82897e-22 7.58106e-22 1.66793e-21 4.65617e-21 
  1.00000   5.83542e-24 1.33781e-23 6.60334e-23 2.53625e-22 4.69830e-22 5.73749e-22 1.00786e-21 1.72445e-21 
 10.00000   3.41476e-23 4.85420e-23 8.51147e-23 1.92909e-22 2.78449e-22 3.25449e-22 3.92451e-22 4.33815e-22 
100.00000   1.19128e-23 2.04557e-23 2.80642e-23 4.57069e-23 4.84208e-23 4.86588e-23 4.88395e-23 4.89466e-23 

         14
          600.0
  0.00001   4.56590e-28 1.97237e-27 2.23289e-26 4.14244e-24 1.18863e-22 3.54948e-22 3.21141e-21 4.19564e-20 
  0.00010   4.50151e-27 1.83957e-26 1.53517e-25 6.91219e-24 1.27406e-22 3.64106e-22 3.23159e-21 4.19763e-20 
  0.00100   4.41883e-26 1.70237e-25 1.13567e-24 2.13411e-23 1.95092e-22 4.63929e-22 3.40388e-21 4.17695e-20 
  0.01000   4.35827e-25 1.59390e-24 8.92687e-24 1.06542e-22 5.89357e-22 1.12030e-21 4.69687e-21 4.02378e-20 
  0.10000   4.16326e-24 1.43002e-23 6.55982e-23 5.27496e-22 2.23769e-21 3.48622e-21 7.92013e-21 2.83303e-20 
  1.00000   3.42472e-23 9.84282e-23 3.15184e-22 1.23216e-21 2.89700e-21 3.56236e-21 5.04754e-21 9.13636e-21 
 10.00000   1.66302e-22 2.70771e-22 5.02305e-22 1.08956e-21 1.45974e-21 1.59835e-21 2.02611e-21 2.33559e-21 
100.00000   9.20501e-23 1.51554e-22 2.13775e-22 3.21554e-22 3.43217e-22 3.45093e-22 3.46604e-22 3.47405e-22 

         15
          100.0
  0.00001   1.89210e-34 2.63180e-33 1.16755e-32 1.24298e-31 1.24529e-30 2.80538e-30 2.07667e-29 2.97965e-27 
  0.00010   1.86947e-33 2.61529e-32 1.14125e-31 1.13043e-30 9.08762e-30 1.92252e-29 9.72355e-29 5.20961e-27 
  0.00100   1.86027e-32 2.58581e-31 1.12401e-30 1.05556e-29 7.12284e-29 1.46178e-28 5.87995e-28 1.80560e-26 
  0.01000   1.84217e-31 2.58055e-30 1.10765e-29 9.80303e-29 5.64700e-28 1.15942e-27 4.48010e-27 7.18542e-26 
  0.10000   1.79156e-30 2.49373e-29 1.03898e-28 8.00913e-28 3.83760e-27 7.17909e-27 2.15354e-26 1.06167e-25 
  1.00000   1.62150e-29 2.19600e-28 7.30256e-28 3.92867e-27 9.41183e-27 1.09327e-26 1.55476e-26 2.65970e-26 
 10.00000   1.02697e-28 4.28414e-28 1.58457e-27 2.68732e-27 3.26370e-27 3.55656e-27 4.02302e-27 4.36110e-27 
100.00000   6.34533e-30 1.63471e-29 3.83652e-29 6.44635e-29 6.64780e-29 6.66118e-29 6.67863e-29 6.69201e-29 

         15
          150.0
  0.00001   1.87563e-32 9.43307e-32 5.43830e-31 7.40692e-30 8.39070e-29 2.18352e-28 2.33025e-27 6.14062e-25 
  0.00010   1.85127e-31 9.13198e-31 5.06444e-30 5.64893e-29 4.60629e-28 9.58940e-28 5.55592e-27 7.08210e-25 
  0.00100   1.83381e-30 8.85132e-30 4.85104e-29 4.61575e-28 3.00659e-27 5.61061e-27 2.57236e-26 1.20210e-24 
  0.01000   1.81506e-29 8.68703e-29 4.67185e-28 3.95332e-27 2.26660e-26 4.31448e-26 1.74867e-25 2.71324e-24 
  0.10000   1.71363e-28 8.18893e-28 4.25163e-27 3.20125e-26 1.46534e-25 2.51958e-25 6.51773e-25 2.40874e-24 
  1.00000   1.50554e-27 6.91476e-27 3.11517e-26 1.17955e-25 2.26070e-25 2.74539e-25 3.94334e-25 5.54158e-25 
 10.00000   8.47202e-27 2.05311e-26 4.32418e-26 1.00958e-25 1.70568e-25 1.97273e-25 2.45801e-25 2.86541e-25 
100.00000   8.88239e-28 1.29172e-27 1.88502e-27 6.65128e-27 7.59553e-27 7.70835e-27 7.85697e-27 7.96202e-27 

         15
          200.0
  0.00001   2.44455e-31 7.57939e-31 5.32128e-30 1.07758e-28 1.52152e-27 4.55653e-27 5.54885e-26 1.33070e-23 
  0.00010   2.41911e-30 7.13003e-30 4.74425e-29 6.71209e-28 5.87539e-27 1.23604e-26 8.95770e-26 1.35849e-23 
  0.00100   2.39607e-29 6.74380e-29 4.36883e-28 4.84822e-27 3.08231e-26 5.83121e-26 3.10455e-25 1.57588e-23 
  0.01000   2.37189e-28 6.47279e-28 4.08245e-27 3.74800e-26 2.20081e-25 4.10615e-25 1.71316e-24 2.40989e-23 
  0.10000   2.26207e-27 5.86150e-27 3.55706e-26 2.91057e-25 1.38538e-24 2.24882e-24 5.29271e-24 1.53791e-23 
  1.00000   1.94615e-26 4.70876e-26 2.61023e-25 9.26209e-25 1.58032e-24 1.85843e-24 2.45652e-24 3.18203e-24 
 10.00000   1.09160e-25 1.85254e-25 2.83110e-25 7.39007e-25 1.54200e-24 1.81897e-24 2.36638e-24 2.90486e-24 
100.00000   1.57608e-26 1.88930e-26 2.25674e-26 1.00314e-25 1.22432e-25 1.25366e-25 1.29457e-25 1.32427e-25 

         15
          250.0
  0.00001   1.14695e-30 3.68972e-30 2.85333e-29 8.74129e-28 1.62982e-26 5.26775e-26 6.58012e-25 9.03715e-23 
  0.00010   1.13555e-29 3.45877e-29 2.35059e-28 4.36188e-27 4.35861e-26 9.71068e-26 8.76414e-25 9.07978e-23 
  0.00100   1.12579e-28 3.24269e-28 2.07462e-27 2.83376e-26 1.83757e-25 3.72722e-25 2.21968e-24 9.47601e-23 
  0.01000   1.11302e-27 3.06201e-27 1.89048e-26 2.00478e-25 1.20148e-24 2.32566e-24 9.70531e-24 1.18904e-22 
  0.10000   1.07986e-26 2.69287e-26 1.57166e-25 1.46174e-24 7.35437e-24 1.17752e-23 2.62252e-23 6.77572e-23 
  1.00000   9.34375e-26 2.03943e-25 1.05755e-24 4.42018e-24 7.57374e-24 8.52107e-24 1.11986e-23 1.51425e-23 
 10.00000   5.69790e-25 8.21195e-25 1.25838e-24 3.22717e-24 6.61633e-24 7.66327e-24 9.83899e-24 1.24740e-23 
100.00000   1.11502e-25 1.40290e-25 1.83167e-25 6.40270e-25 7.92666e-25 8.13159e-25 8.42448e-25 8.63693e-25 

         15
          300.0
  0.00001   3.73215e-30 1.27146e-29 1.18217e-28 5.04003e-27 1.14222e-25 3.68081e-25 4.95829e-24 3.53889e-22 
  0.00010   3.68851e-29 1.22010e-28 8.57293e-28 1.97618e-26 2.23556e-25 5.40141e-25 5.61600e-24 3.54679e-22 
  0.00100   3.65426e-28 1.15998e-27 7.17302e-27 1.14319e-25 7.97299e-25 1.62246e-24 1.08644e-23 3.61746e-22 
  0.01000   3.60956e-27 1.08909e-26 6.38722e-26 7.65449e-25 4.60107e-24 9.00559e-24 3.90957e-23 4.09806e-22 
  0.10000   3.46892e-26 9.56838e-26 5.18291e-25 5.21938e-24 2.65075e-23 4.27160e-23 9.43937e-23 2.36051e-22 
  1.00000   2.95261e-25 6.77102e-25 3.11629e-24 1.49292e-23 2.71683e-23 3.14229e-23 4.81189e-23 6.54028e-23 
 10.00000   1.80132e-24 2.63212e-24 4.61814e-24 1.24640e-23 2.14139e-23 2.38292e-23 2.91107e-23 3.77934e-23 
100.00000   4.79383e-25 6.76701e-25 1.01582e-24 2.72493e-24 3.35452e-24 3.43437e-24 3.54296e-24 3.61646e-24 

         15
          350.0
  0.00001   9.79762e-30 3.26986e-29 3.87227e-28 2.16045e-26 5.44149e-25 1.80659e-24 2.45317e-23 9.44593e-22 
  0.00010   9.75880e-29 3.14367e-28 2.65406e-27 6.98487e-26 8.52408e-25 2.34522e-24 2.65045e-23 9.45395e-22 
  0.00100   9.72977e-28 3.00923e-27 1.99234e-26 3.52964e-25 2.65853e-24 5.51514e-24 4.11350e-23 9.55137e-22 
  0.01000   9.67013e-27 2.81901e-26 1.68273e-25 2.26093e-24 1.30718e-23 2.55397e-23 1.12004e-22 1.08931e-21 
  0.10000   9.42915e-26 2.58811e-25 1.41411e-24 1.43013e-23 7.28000e-23 1.18263e-22 2.55189e-22 7.12222e-22 
  1.00000   7.63658e-25 1.74576e-24 8.41120e-24 3.94414e-23 7.75419e-23 9.29774e-23 1.48817e-22 2.12513e-22 
 10.00000   4.30225e-24 6.75569e-24 1.34250e-23 3.78469e-23 5.64205e-23 6.03921e-23 7.00153e-23 9.31716e-23 
100.00000   1.55531e-24 2.33497e-24 3.83357e-24 8.72163e-24 1.06183e-23 1.08365e-23 1.11040e-23 1.12576e-23 

         15
          400.0
  0.00001   2.05826e-29 7.01475e-29 9.46157e-28 7.24119e-26 1.92552e-24 6.35193e-24 7.92975e-23 2.34681e-21 
  0.00010   2.03292e-28 6.72017e-28 6.53793e-27 1.90782e-25 2.55404e-24 7.37934e-24 8.25409e-23 2.34607e-21 
  0.00100   2.02122e-27 6.43711e-27 4.74039e-26 8.40300e-25 6.75464e-24 1.42404e-23 1.12171e-22 2.36134e-21 
  0.01000   2.00347e-26 6.04360e-26 3.87796e-25 5.22179e-24 3.04116e-23 5.67677e-23 2.63679e-22 2.45537e-21 
  0.10000   1.89816e-25 5.34974e-25 3.12518e-24 3.15248e-23 1.55255e-22 2.53128e-22 5.53311e-22 1.63151e-21 
  1.00000   1.57572e-24 3.84385e-24 1.86302e-23 8.60339e-23 1.70298e-22 2.13234e-22 3.46731e-22 4.91350e-22 
 10.00000   8.93101e-24 1.43395e-23 3.03116e-23 9.15502e-23 1.18985e-22 1.22584e-22 1.36103e-22 1.85624e-22 
100.00000   3.86949e-24 5.96978e-24 1.03024e-23 2.12009e-23 2.55002e-23 2.59415e-23 2.64076e-23 2.65986e-23 

         15
          600.0
  0.00001   1.65491e-28 6.24232e-28 9.28029e-27 1.76828e-24 5.38017e-23 1.57388e-22 1.58783e-21 2.09374e-20 
  0.00010   1.63330e-27 5.92791e-27 6.43969e-26 2.95683e-24 5.70767e-23 1.61718e-22 1.60052e-21 2.09141e-20 
  0.00100   1.60938e-26 5.51350e-26 4.64364e-25 9.36053e-24 8.88644e-23 2.04713e-22 1.71410e-21 2.06960e-20 
  0.01000   1.58434e-25 5.11513e-25 3.67867e-24 4.77796e-23 2.87077e-22 5.24994e-22 2.54635e-21 2.01533e-20 
  0.10000   1.50725e-24 4.47990e-24 2.70647e-23 2.60627e-22 1.13462e-21 1.76770e-21 4.15506e-21 1.42864e-20 
  1.00000   1.17104e-23 3.06344e-23 1.38663e-22 6.70671e-22 1.40766e-21 1.73745e-21 2.54178e-21 5.04817e-21 
 10.00000   5.52846e-23 1.18094e-22 2.43518e-22 6.83472e-22 8.70412e-22 9.17483e-22 9.65261e-22 1.03262e-21 
100.00000   4.34317e-23 6.55249e-23 1.20388e-22 1.97038e-22 2.25522e-22 2.26563e-22 2.27269e-22 2.27811e-22 

         16
          100.0
  0.00001   6.45046e-35 2.29215e-34 1.76471e-33 3.17899e-32 3.29811e-31 8.86949e-31 5.06436e-30 5.45784e-28 
  0.00010   6.42548e-34 2.23745e-33 1.64433e-32 2.64708e-31 2.10341e-30 4.48858e-30 1.77716e-29 1.02867e-27 
  0.00100   6.40176e-33 2.19074e-32 1.56237e-31 2.31692e-30 1.44643e-29 2.81855e-29 1.25891e-28 3.77198e-27 
  0.01000   6.36432e-32 2.12812e-31 1.46029e-30 2.03042e-29 1.22929e-28 2.31249e-28 9.94037e-28 1.90627e-26 
  0.10000   6.15728e-31 1.87903e-30 1.20472e-29 1.69140e-28 8.29687e-28 1.47940e-27 6.25784e-27 3.52408e-26 
  1.00000   5.19889e-30 1.45952e-29 9.83436e-29 1.01023e-27 2.28848e-27 3.42180e-27 7.49835e-27 1.23321e-26 
 10.00000   2.82662e-29 7.66193e-29 2.65532e-28 1.00522e-27 1.24394e-27 1.27268e-27 1.33182e-27 1.37624e-27 
100.00000   1.68241e-30 3.27613e-30 1.42839e-29 1.88973e-29 1.96737e-29 1.98182e-29 2.00458e-29 2.02191e-29 

         16
          150.0
  0.00001   5.33949e-33 1.74506e-32 1.57958e-31 2.75347e-30 3.61574e-29 1.04217e-28 1.04400e-27 1.27583e-25 
  0.00010   5.21068e-32 1.65398e-31 1.39153e-30 1.93326e-29 1.75656e-28 3.74369e-28 2.02339e-27 1.61181e-25 
  0.00100   5.10367e-31 1.59349e-30 1.22824e-29 1.52148e-28 9.98141e-28 1.97165e-27 8.31544e-27 3.30007e-25 
  0.01000   5.00580e-30 1.50614e-29 1.11212e-28 1.23158e-27 7.10042e-27 1.31116e-26 5.11605e-26 1.01928e-24 
  0.10000   4.66451e-29 1.29042e-28 8.41273e-28 9.01923e-27 4.62937e-26 8.42715e-26 2.68691e-25 1.46697e-24 
  1.00000   3.98215e-28 9.33393e-28 5.84604e-27 4.17015e-26 9.77347e-26 1.45030e-25 2.88080e-25 6.04918e-25 
 10.00000   2.73572e-27 5.16503e-27 1.45484e-26 4.57032e-26 6.25015e-26 6.48610e-26 6.73022e-26 6.80771e-26 
100.00000   3.84700e-28 4.38056e-28 1.24171e-27 1.75566e-27 1.78844e-27 1.79048e-27 1.79313e-27 1.79516e-27 

         16
          200.0
  0.00001   5.65090e-32 2.44559e-31 2.19416e-30 4.66620e-29 6.83266e-28 2.35937e-27 3.84824e-26 2.89464e-24 
  0.00010   5.45940e-31 2.23822e-30 1.79401e-29 2.57842e-28 2.39795e-27 5.77025e-27 5.08881e-26 3.09703e-24 
  0.00100   5.30440e-30 2.09956e-29 1.51456e-28 1.74524e-27 1.17275e-26 2.40923e-26 1.16560e-25 4.37495e-24 
  0.01000   5.16467e-29 1.94608e-28 1.35363e-27 1.33203e-26 7.40182e-26 1.35142e-25 5.12939e-25 9.07388e-24 
  0.10000   4.83262e-28 1.66587e-27 1.06448e-26 8.80328e-26 4.13856e-25 7.17581e-25 1.98317e-24 9.32014e-24 
  1.00000   3.88442e-27 1.10293e-26 6.50286e-26 3.18835e-25 6.86679e-25 9.47027e-25 1.63014e-24 3.34788e-24 
 10.00000   2.59231e-26 5.61912e-26 1.38106e-25 2.74511e-25 3.82775e-25 4.00597e-25 4.19694e-25 4.25911e-25 
100.00000   6.49824e-27 8.25591e-27 1.38005e-26 1.83090e-26 1.85484e-26 1.86556e-26 1.89271e-26 1.91294e-26 

         16
          250.0
  0.00001   3.20265e-31 1.65987e-30 1.38430e-29 4.32894e-28 7.40381e-27 2.98240e-26 5.88765e-25 2.36274e-23 
  0.00010   3.10923e-30 1.49874e-29 1.06406e-28 1.83783e-27 1.74441e-26 4.95703e-26 6.51628e-25 2.40807e-23 
  0.00100   3.03012e-29 1.37311e-28 8.78158e-28 1.06603e-26 7.09573e-26 1.54281e-25 9.93966e-25 2.76347e-23 
  0.01000   2.95113e-28 1.25863e-27 7.71659e-27 7.62104e-26 4.19918e-25 7.72282e-25 3.08796e-24 4.18416e-23 
  0.10000   2.78299e-27 1.09476e-26 6.29138e-26 4.84788e-25 2.05223e-24 3.30642e-24 8.56263e-24 3.36028e-23 
  1.00000   2.16607e-26 6.82661e-26 3.60264e-25 1.45051e-24 2.86285e-24 3.53396e-24 5.54197e-24 1.01048e-23 
 10.00000   1.14768e-25 2.92175e-25 6.53987e-25 9.77991e-25 1.26233e-24 1.32340e-24 1.39662e-24 1.42131e-24 
100.00000   4.34143e-26 6.75908e-26 8.24884e-26 9.83097e-26 9.95054e-26 1.00275e-25 1.02205e-25 1.03646e-25 

         16
          300.0
  0.00001   1.43751e-30 7.15536e-30 5.90302e-29 2.68664e-27 6.09138e-26 2.45804e-25 4.44291e-24 1.05071e-22 
  0.00010   1.40789e-29 6.60437e-29 4.45510e-28 8.94921e-27 9.59926e-26 3.03076e-25 4.59982e-24 1.05515e-22 
  0.00100   1.38030e-28 6.02662e-28 3.57432e-27 4.59239e-26 3.00849e-25 6.96845e-25 5.95428e-24 1.10751e-22 
  0.01000   1.34846e-27 5.47144e-27 3.03656e-26 2.97421e-25 1.62016e-24 3.09053e-24 1.32892e-23 1.27252e-22 
  0.10000   1.22997e-26 4.73643e-26 2.29330e-25 1.87518e-24 7.81085e-24 1.21373e-23 2.76809e-23 9.48942e-23 
  1.00000   9.55196e-26 2.90683e-25 1.22905e-24 4.67381e-24 9.22554e-24 1.04429e-23 1.55162e-23 2.82033e-23 
 10.00000   3.92261e-25 9.64757e-25 2.07904e-24 3.05814e-24 3.69192e-24 3.84923e-24 4.07834e-24 4.18290e-24 
100.00000   1.84879e-25 3.29838e-25 3.69800e-25 4.27960e-25 4.37344e-25 4.38312e-25 4.39141e-25 4.39730e-25 

         16
          350.0
  0.00001   4.62422e-30 2.21572e-29 1.83967e-28 1.27636e-26 3.36636e-25 1.31070e-24 2.04462e-23 3.11939e-22 
  0.00010   4.50236e-29 2.09749e-28 1.38989e-27 3.30320e-26 4.39471e-25 1.45367e-24 2.08152e-23 3.12729e-22 
  0.00100   4.42115e-28 1.94766e-27 1.08294e-26 1.48978e-25 1.09314e-24 2.58259e-24 2.40025e-23 3.18433e-22 
  0.01000   4.34081e-27 1.76587e-26 9.06294e-26 8.98088e-25 4.80817e-24 9.88456e-24 4.34050e-23 3.53039e-22 
  0.10000   3.91041e-26 1.48884e-25 6.66472e-25 5.36848e-24 2.20206e-23 3.53237e-23 8.19361e-23 2.39549e-22 
  1.00000   3.09455e-25 9.22833e-25 3.31610e-24 1.30366e-23 2.33087e-23 2.69563e-23 4.01011e-23 7.36273e-23 
 10.00000   1.18006e-24 2.56291e-24 5.38125e-24 7.41206e-24 1.20437e-23 1.23808e-23 1.28640e-23 1.35510e-23 
100.00000   5.89165e-25 9.89399e-25 1.29517e-24 1.68892e-24 1.75127e-24 1.75762e-24 1.76159e-24 1.76428e-24 

         16
          400.0
  0.00001   1.24587e-29 4.73771e-29 4.56342e-28 4.37605e-26 1.25506e-24 5.26611e-24 6.30877e-23 7.41612e-22 
  0.00010   1.21116e-28 4.45877e-28 3.38333e-27 9.51872e-26 1.45860e-24 5.60925e-24 6.37115e-23 7.42595e-22 
  0.00100   1.18349e-27 4.23223e-27 2.58966e-26 3.82640e-25 3.13468e-24 8.15108e-24 6.93461e-23 7.54232e-22 
  0.01000   1.16102e-26 4.00182e-26 2.14079e-25 2.23085e-24 1.19944e-23 2.44976e-23 1.07882e-22 8.04789e-22 
  0.10000   1.01257e-25 3.58234e-25 1.60492e-24 1.23684e-23 4.92117e-23 7.90599e-23 1.82174e-22 5.24878e-22 
  1.00000   7.57200e-25 2.35361e-24 7.29300e-24 2.91990e-23 5.36284e-23 6.25137e-23 8.77049e-23 1.60965e-22 
 10.00000   3.05764e-24 5.68248e-24 1.21235e-23 1.69800e-23 2.89169e-23 2.98727e-23 3.49120e-23 3.82422e-23 
100.00000   1.45906e-24 2.40520e-24 3.47959e-24 4.95654e-24 5.18971e-24 5.21115e-24 5.22536e-24 5.23483e-24 

         16
          600.0
  0.00001   1.40613e-28 4.68017e-28 5.10461e-27 1.17604e-24 4.13523e-23 1.56364e-22 1.01411e-21 8.33621e-21 
  0.00010   1.37243e-27 4.35383e-27 3.45799e-26 1.82817e-24 4.25966e-23 1.57923e-22 1.01493e-21 8.33555e-21 
  0.00100   1.35094e-26 4.12749e-26 2.61858e-25 5.10875e-24 5.74597e-23 1.79609e-22 1.03725e-21 8.33569e-21 
  0.01000   1.33234e-25 3.90393e-25 2.16066e-24 2.51839e-23 1.58016e-22 3.32674e-22 1.30522e-21 8.26281e-21 
  0.10000   1.23857e-24 3.49472e-24 1.66289e-23 1.33424e-22 5.00271e-22 7.64176e-22 1.72287e-21 5.19807e-21 
  1.00000   1.00337e-23 2.20598e-23 7.42323e-23 2.75608e-22 5.31940e-22 6.25134e-22 8.82920e-22 1.96731e-21 
 10.00000   4.34021e-23 5.76798e-23 9.77754e-23 2.41804e-22 3.56693e-22 3.89454e-22 4.45359e-22 5.25435e-22 
100.00000   1.73829e-23 2.78068e-23 5.00736e-23 8.59619e-23 9.21648e-23 9.26783e-23 9.30634e-23 9.33009e-23 

         17
          100.0
  0.00001   4.93214e-35 1.74333e-34 1.02396e-33 1.89241e-32 2.38534e-31 7.72566e-31 9.64146e-30 4.27025e-28 
  0.00010   4.87569e-34 1.70124e-33 9.56872e-33 1.41563e-31 1.29675e-30 2.98418e-30 1.77162e-29 5.83889e-28 
  0.00100   4.84972e-33 1.66988e-32 9.05570e-32 1.13997e-30 8.13491e-30 1.48618e-29 6.42571e-29 1.50322e-27 
  0.01000   4.78286e-32 1.62065e-31 8.45296e-31 8.92155e-30 5.13737e-29 9.49925e-29 3.40837e-28 4.73958e-27 
  0.10000   4.34038e-31 1.35364e-30 6.42824e-30 5.22809e-29 2.48737e-28 4.18585e-28 1.13921e-27 5.21039e-27 
  1.00000   2.38944e-30 7.47994e-30 3.21931e-29 1.78377e-28 4.75312e-28 5.96930e-28 8.25599e-28 1.05496e-27 
 10.00000   8.15336e-30 2.76914e-29 6.56993e-29 1.27799e-28 1.35798e-28 1.36809e-28 1.37841e-28 1.38630e-28 
100.00000   3.12113e-31 1.03260e-30 1.84102e-30 2.61888e-30 3.33244e-30 3.44383e-30 3.64105e-30 3.81708e-30 

         17
          150.0
  0.00001   2.39546e-33 1.31080e-32 8.92014e-32 2.12370e-30 2.93191e-29 1.05250e-28 1.85565e-27 6.59044e-26 
  0.00010   2.35926e-32 1.22366e-31 7.63689e-31 1.19693e-29 1.09177e-28 2.77447e-28 2.41911e-27 7.33215e-26 
  0.00100   2.33584e-31 1.16573e-30 6.83116e-30 8.28167e-29 5.61008e-28 1.16360e-27 5.77760e-27 1.24312e-25 
  0.01000   2.29783e-30 1.10393e-29 6.11295e-29 6.20530e-28 3.50644e-27 6.39519e-27 2.41041e-26 2.58196e-25 
  0.10000   2.11207e-29 8.97139e-29 4.50901e-28 3.71122e-27 1.56973e-26 2.36028e-26 5.64213e-26 2.43070e-25 
  1.00000   1.35229e-28 5.74094e-28 2.12327e-27 8.83029e-27 2.07289e-26 2.58816e-26 3.99261e-26 5.65066e-26 
 10.00000   6.91216e-28 1.88581e-27 3.71461e-27 6.98845e-27 7.50298e-27 7.61566e-27 7.75023e-27 7.79850e-27 
100.00000   8.68852e-29 1.18868e-28 2.23032e-28 2.74002e-28 3.40783e-28 3.51298e-28 3.69981e-28 3.86490e-28 

         17
          200.0
  0.00001   2.93817e-32 1.97944e-31 1.54133e-30 4.81327e-29 6.99840e-28 2.94166e-27 5.75822e-26 1.34212e-24 
  0.00010   2.84156e-31 1.81218e-30 1.21912e-29 2.04369e-28 1.87651e-27 5.22601e-27 6.56970e-26 1.38997e-24 
  0.00100   2.78502e-30 1.67658e-29 1.03151e-28 1.22103e-27 8.18093e-27 1.85379e-26 1.15197e-25 1.79395e-24 
  0.01000   2.71736e-29 1.54937e-28 8.95379e-28 8.84955e-27 4.89514e-26 9.14051e-26 3.46829e-25 3.15036e-24 
  0.10000   2.42107e-28 1.27251e-27 6.71164e-27 5.27114e-26 2.09269e-25 3.02611e-25 6.88203e-25 2.69787e-24 
  1.00000   1.59767e-27 8.65457e-27 3.03832e-26 1.15408e-25 2.37622e-25 2.90020e-25 4.24017e-25 8.46370e-25 
 10.00000   8.55190e-27 2.48659e-26 4.83880e-26 8.70725e-26 1.01741e-25 1.04890e-25 1.08495e-25 1.09519e-25 
100.00000   2.11844e-27 2.58384e-27 4.79776e-27 5.33613e-27 5.88862e-27 6.00000e-27 6.19712e-27 6.36341e-27 

         17
          250.0
  0.00001   2.23242e-31 1.28859e-30 1.09008e-29 4.52535e-28 7.45093e-27 3.59323e-26 7.00497e-25 1.06302e-23 
  0.00010   2.13162e-30 1.17772e-29 8.18166e-29 1.50921e-27 1.47645e-26 4.64752e-26 7.39768e-25 1.07237e-23 
  0.00100   2.07149e-29 1.07807e-28 6.59046e-28 7.88727e-27 5.44257e-26 1.27233e-25 1.01400e-24 1.16974e-23 
  0.01000   2.00991e-28 9.87314e-28 5.58124e-27 5.42978e-26 2.98561e-25 5.86666e-25 2.23533e-24 1.72381e-23 
  0.10000   1.72194e-27 8.25638e-27 4.31731e-26 3.19325e-25 1.20304e-24 1.75002e-24 3.89776e-24 1.27836e-23 
  1.00000   1.11511e-26 5.46720e-26 1.92212e-25 6.75497e-25 1.22809e-24 1.45591e-24 1.95936e-24 5.11396e-24 
 10.00000   5.25310e-26 1.46924e-25 2.82215e-25 4.68111e-25 5.80493e-25 6.07684e-25 6.37417e-25 6.46574e-25 
100.00000   1.82152e-26 2.39487e-26 3.92019e-26 4.33834e-26 4.40832e-26 4.44462e-26 4.50654e-26 4.55525e-26 

         17
          300.0
  0.00001   1.14394e-30 5.18782e-30 4.63433e-29 2.59083e-27 5.17330e-26 2.44529e-25 4.49234e-24 4.96196e-23 
  0.00010   1.09909e-29 4.71393e-29 3.38045e-28 7.11137e-27 7.73292e-26 2.78987e-25 4.62618e-24 4.97602e-23 
  0.00100   1.06471e-28 4.35968e-28 2.61339e-27 3.29200e-26 2.35127e-25 5.61308e-25 5.43090e-24 5.15593e-23 
  0.01000   1.03116e-27 4.03473e-27 2.14685e-26 2.11225e-25 1.18808e-24 2.39071e-24 9.31392e-24 5.97803e-23 
  0.10000   8.76815e-27 3.40610e-26 1.66354e-25 1.22614e-24 4.45984e-24 6.52499e-24 1.41454e-23 4.27157e-23 
  1.00000   5.75250e-26 2.14577e-25 7.48204e-25 2.36020e-24 4.09730e-24 4.82701e-24 6.87422e-24 1.60992e-23 
 10.00000   2.13577e-25 5.61826e-25 1.04457e-24 1.61586e-24 1.90525e-24 1.99624e-24 2.10484e-24 2.14458e-24 
100.00000   8.76576e-26 1.20580e-25 1.87604e-25 2.20430e-25 2.25754e-25 2.26217e-25 2.26551e-25 2.26808e-25 

         17
          350.0
  0.00001   3.97523e-30 1.55094e-29 1.39502e-28 1.12673e-26 2.62798e-25 1.19703e-24 1.84570e-23 1.56152e-22 
  0.00010   3.84722e-29 1.40195e-28 1.00098e-27 2.55920e-26 3.34195e-25 1.28077e-24 1.87487e-23 1.56426e-22 
  0.00100   3.74507e-28 1.29618e-27 7.58985e-27 1.04656e-25 7.79617e-25 1.94949e-24 2.06437e-23 1.59138e-22 
  0.01000   3.64274e-27 1.20020e-26 6.05706e-26 6.35415e-25 3.62549e-24 7.24223e-24 3.00114e-23 1.62881e-22 
  0.10000   3.27187e-26 1.01715e-25 4.63440e-25 3.63933e-24 1.25820e-23 1.81965e-23 3.80781e-23 1.16148e-22 
  1.00000   2.13251e-25 6.75813e-25 2.16593e-24 6.48041e-24 1.09535e-23 1.26989e-23 1.87270e-23 3.50017e-23 
 10.00000   6.94881e-25 1.62046e-24 3.28940e-24 4.16378e-24 4.59674e-24 4.68318e-24 4.93749e-24 5.04840e-24 
100.00000   2.93339e-25 4.18119e-25 6.52173e-25 8.38261e-25 8.68317e-25 8.71202e-25 8.72853e-25 8.74117e-25 

         17
          400.0
  0.00001   9.39688e-30 3.67975e-29 3.28752e-28 3.67974e-26 9.79610e-25 4.20311e-24 5.05947e-23 3.77568e-22 
  0.00010   8.98251e-29 3.29644e-28 2.28993e-27 7.15166e-26 1.12058e-24 4.39282e-24 5.10758e-23 3.77880e-22 
  0.00100   8.63419e-28 3.02578e-27 1.71326e-26 2.60415e-25 2.20919e-24 6.04899e-24 5.48319e-23 3.79973e-22 
  0.01000   8.36172e-27 2.81260e-26 1.36698e-25 1.50837e-24 8.92766e-24 1.80551e-23 7.53230e-23 3.76272e-22 
  0.10000   7.50598e-26 2.39407e-25 1.02923e-24 8.51858e-24 2.87692e-23 4.12641e-23 8.15568e-23 2.51119e-22 
  1.00000   5.33423e-25 1.59361e-24 4.72138e-24 1.45036e-23 2.55529e-23 2.99682e-23 4.07954e-23 6.76557e-23 
 10.00000   1.66154e-24 3.59632e-24 7.31166e-24 8.97856e-24 1.08117e-23 1.19208e-23 1.31659e-23 1.40495e-23 
100.00000   7.47696e-25 1.08052e-24 1.78982e-24 2.47756e-24 2.60436e-24 2.61785e-24 2.62859e-24 2.63400e-24 

         17
          600.0
  0.00001   7.16037e-29 3.55399e-28 3.49521e-27 7.50756e-25 3.36528e-23 1.19600e-22 7.51066e-22 3.74680e-21 
  0.00010   6.66288e-28 3.14031e-27 2.25738e-26 1.07339e-24 3.46748e-23 1.20923e-22 7.51556e-22 3.74563e-21 
  0.00100   6.28392e-27 2.85477e-26 1.62824e-25 2.97555e-24 4.57156e-23 1.35900e-22 7.59556e-22 3.73211e-21 
  0.01000   6.02273e-26 2.64234e-25 1.26574e-24 1.59016e-23 1.11315e-22 2.44967e-22 8.39442e-22 3.57788e-21 
  0.10000   5.60856e-25 2.32924e-24 9.59635e-24 8.32471e-23 2.79242e-22 4.12835e-22 7.77535e-22 2.24643e-21 
  1.00000   4.32085e-24 1.62559e-23 4.15983e-23 1.22123e-22 2.24287e-22 2.71719e-22 4.14139e-22 1.24972e-21 
 10.00000   1.54466e-23 3.32407e-23 5.64701e-23 8.18171e-23 1.88243e-22 2.31119e-22 2.62581e-22 2.96223e-22 
100.00000   9.43503e-24 1.38908e-23 2.64660e-23 4.71471e-23 5.29530e-23 5.36681e-23 5.42370e-23 5.44666e-23 

         18
          100.0
  0.00001   1.05086e-34 4.27514e-34 2.53947e-33 4.77894e-32 8.60795e-31 3.03529e-30 4.38145e-29 1.44372e-27 
  0.00010   1.04397e-33 4.18391e-33 2.35277e-32 3.71425e-31 3.70313e-30 9.06982e-30 6.80536e-29 1.59334e-27 
  0.00100   1.03741e-32 4.11659e-32 2.22710e-31 3.05864e-30 2.09198e-29 3.97509e-29 1.77052e-28 2.73759e-27 
  0.01000   1.03184e-31 4.01912e-31 2.04317e-30 2.26868e-29 1.20421e-28 2.09804e-28 6.30982e-28 5.31791e-27 
  0.10000   9.78946e-31 3.45235e-30 1.48558e-29 1.04976e-28 3.69243e-28 5.72299e-28 1.19203e-27 4.25860e-27 
  1.00000   7.90501e-30 1.73808e-29 5.69078e-29 1.75017e-28 3.19369e-28 4.72994e-28 9.54609e-28 1.38135e-27 
 10.00000   2.47675e-29 3.36029e-29 4.93025e-29 1.22928e-28 1.64303e-28 1.70197e-28 1.77080e-28 1.81265e-28 
100.00000   6.88707e-31 9.49605e-31 1.38518e-30 2.12058e-30 2.28854e-30 2.32571e-30 2.38131e-30 2.42623e-30 

         18
          150.0
  0.00001   6.70060e-33 2.54618e-32 1.44909e-31 3.80220e-30 7.78144e-29 2.88154e-28 4.73668e-27 8.76406e-26 
  0.00010   6.62651e-32 2.43149e-31 1.24370e-30 2.16158e-29 2.19185e-28 5.57254e-28 5.64771e-27 9.23813e-26 
  0.00100   6.56152e-31 2.33874e-30 1.14612e-29 1.48043e-28 9.57122e-28 1.89280e-27 1.12209e-26 1.42427e-25 
  0.01000   6.49839e-30 2.23949e-29 1.04194e-28 1.02400e-27 5.28567e-27 9.47259e-27 3.67269e-26 2.95385e-25 
  0.10000   6.11486e-29 1.86809e-28 7.37057e-28 5.46452e-27 2.11942e-26 3.25406e-26 6.92355e-26 1.86143e-25 
  1.00000   5.10428e-28 1.07522e-27 3.38667e-27 1.05588e-26 1.74994e-26 2.14955e-26 2.96921e-26 4.15528e-26 
 10.00000   1.83532e-27 2.52447e-27 3.54984e-27 6.21345e-27 9.64510e-27 1.03941e-26 1.14867e-26 1.21868e-26 
100.00000   1.21408e-28 1.56861e-28 1.98704e-28 3.00489e-28 3.26049e-28 3.28730e-28 3.31941e-28 3.33736e-28 

         18
          200.0
  0.00001   9.32900e-32 3.85752e-31 2.27470e-30 8.20512e-29 1.58094e-27 5.41336e-27 1.01503e-25 1.75179e-24 
  0.00010   9.21589e-31 3.60834e-30 1.83020e-29 3.44609e-28 3.32746e-27 8.39916e-27 1.14136e-25 1.81757e-24 
  0.00100   9.11809e-30 3.40272e-29 1.60111e-28 2.00646e-27 1.23106e-26 2.49992e-26 1.99294e-25 2.41923e-24 
  0.01000   9.01634e-29 3.19300e-28 1.43099e-27 1.32385e-26 7.06950e-26 1.29044e-25 6.19085e-25 4.36760e-24 
  0.10000   8.54476e-28 2.62226e-27 1.07634e-26 8.07139e-26 3.22049e-25 4.70551e-25 1.01335e-24 2.28805e-24 
  1.00000   7.06960e-27 1.62748e-26 5.34177e-26 1.65278e-25 2.53986e-25 2.81275e-25 3.24938e-25 5.16809e-25 
 10.00000   2.77493e-26 3.96380e-26 6.20324e-26 9.57241e-26 1.63758e-25 1.82595e-25 2.13949e-25 2.36840e-25 
100.00000   3.32195e-27 4.30835e-27 5.32527e-27 8.66187e-27 9.74014e-27 9.85116e-27 9.98826e-27 1.00637e-26 

         18
          250.0
  0.00001   5.33678e-31 2.49615e-30 1.54810e-29 7.32809e-28 1.37684e-26 4.73335e-26 9.53785e-25 1.60432e-23 
  0.00010   5.25454e-30 2.29453e-29 1.17945e-28 2.41945e-27 2.34196e-26 6.32686e-26 1.02647e-24 1.62708e-23 
  0.00100   5.18715e-29 2.12471e-28 9.62713e-28 1.24331e-26 7.64074e-26 1.65072e-25 1.52859e-24 1.82794e-23 
  0.01000   5.12650e-28 1.95116e-27 8.33770e-27 7.88332e-26 4.31753e-25 8.17274e-25 4.07475e-24 2.60682e-23 
  0.10000   4.86235e-27 1.58278e-26 6.68507e-26 4.99970e-25 1.94522e-24 2.84839e-24 6.02879e-24 1.38450e-23 
  1.00000   3.97742e-26 9.99754e-26 3.35216e-25 9.99780e-25 1.56430e-24 1.73449e-24 2.04370e-24 4.18258e-24 
 10.00000   1.72504e-25 2.39701e-25 4.20341e-25 6.68497e-25 1.05718e-24 1.18896e-24 1.42681e-24 1.61686e-24 
100.00000   2.96897e-26 3.93883e-26 5.07526e-26 7.35863e-26 8.31081e-26 8.40417e-26 8.51770e-26 8.58017e-26 

         18
          300.0
  0.00001   1.91247e-30 9.75277e-30 6.42114e-29 3.82671e-27 7.78523e-26 3.02729e-25 5.32489e-24 7.23844e-23 
  0.00010   1.86999e-29 8.81095e-29 4.63950e-28 1.05109e-26 1.11650e-25 3.55156e-25 5.54099e-24 7.28127e-23 
  0.00100   1.83394e-28 8.01601e-28 3.56093e-27 4.85034e-26 3.22446e-25 7.81044e-25 7.06281e-24 7.63305e-23 
  0.01000   1.80777e-27 7.22478e-27 2.97133e-26 2.97619e-25 1.60119e-24 3.25962e-24 1.49756e-23 9.19884e-23 
  0.10000   1.69305e-26 5.79800e-26 2.34543e-25 1.85139e-24 7.01154e-24 1.09481e-23 2.14589e-23 5.17599e-23 
  1.00000   1.40676e-25 3.73342e-25 1.22722e-24 3.52273e-24 5.77305e-24 6.47881e-24 7.67778e-24 1.78968e-23 
 10.00000   6.67406e-25 8.55725e-25 1.49629e-24 2.73960e-24 3.54470e-24 3.96345e-24 4.80824e-24 5.53706e-24 
100.00000   1.37859e-25 1.86066e-25 2.43471e-25 3.10431e-25 3.49590e-25 3.53290e-25 3.57683e-25 3.60079e-25 

         18
          350.0
  0.00001   5.37007e-30 2.66786e-29 1.92017e-28 1.46218e-26 3.16456e-25 1.35279e-24 1.98595e-23 2.37185e-22 
  0.00010   5.26266e-29 2.37724e-28 1.33698e-27 3.43496e-26 4.00470e-25 1.48522e-24 2.02421e-23 2.37291e-22 
  0.00100   5.15482e-28 2.15838e-27 9.87917e-27 1.40622e-25 1.06196e-24 2.68673e-24 2.33672e-23 2.35761e-22 
  0.01000   5.06451e-27 1.94845e-26 8.01001e-26 8.47018e-25 4.69499e-24 9.49777e-24 4.05414e-23 2.35195e-22 
  0.10000   4.72696e-26 1.59386e-25 6.23593e-25 4.83235e-24 1.89942e-23 2.94729e-23 5.58867e-23 1.45197e-22 
  1.00000   3.76873e-25 1.00081e-24 3.19604e-24 9.19723e-24 1.54666e-23 1.80071e-23 2.36203e-23 4.80517e-23 
 10.00000   1.84951e-24 2.38410e-24 3.80236e-24 7.63091e-24 8.36150e-24 9.13320e-24 1.11072e-23 1.28899e-23 
100.00000   4.42779e-25 5.91675e-25 7.73563e-25 8.84072e-25 9.88389e-25 9.97731e-25 1.00823e-24 1.01375e-24 

         18
          400.0
  0.00001   1.15024e-29 5.68395e-29 4.42205e-28 4.32278e-26 1.02700e-24 4.57597e-24 5.28339e-23 5.23879e-22 
  0.00010   1.11943e-28 5.06897e-28 3.05291e-27 8.81386e-26 1.20089e-24 4.83236e-24 5.33286e-23 5.23958e-22 
  0.00100   1.08473e-27 4.58161e-27 2.20206e-26 3.20256e-25 2.69856e-24 7.24173e-24 5.84957e-23 5.25510e-22 
  0.01000   1.05744e-26 4.14714e-26 1.72824e-25 1.86961e-24 1.08239e-23 2.16340e-23 8.71637e-23 5.05910e-22 
  0.10000   9.71473e-26 3.44059e-25 1.33539e-24 1.04276e-23 3.95708e-23 5.99564e-23 1.13679e-22 3.25373e-22 
  1.00000   8.04206e-25 2.04632e-24 6.53980e-24 1.83154e-23 3.37219e-23 3.90727e-23 5.05953e-23 9.34494e-23 
 10.00000   3.84710e-24 4.96579e-24 7.59195e-24 1.60720e-23 1.77114e-23 1.83778e-23 2.01149e-23 2.30786e-23 
100.00000   1.07329e-24 1.40165e-24 1.83516e-24 2.05605e-24 2.14493e-24 2.16248e-24 2.17990e-24 2.18748e-24 

         18
          600.0
  0.00001   8.06387e-29 3.84795e-28 3.74066e-27 6.74723e-25 2.70754e-23 1.20304e-22 6.60777e-22 3.94389e-21 
  0.00010   7.71513e-28 3.43347e-27 2.42543e-26 1.03365e-24 2.81074e-23 1.21708e-22 6.61968e-22 3.94114e-21 
  0.00100   7.43213e-27 3.12120e-26 1.73706e-25 2.90958e-24 4.02536e-23 1.36577e-22 6.76168e-22 3.91413e-21 
  0.01000   7.16538e-26 2.91123e-25 1.35230e-24 1.55371e-23 1.12439e-22 2.34651e-22 7.71713e-22 3.66909e-21 
  0.10000   6.82159e-25 2.52790e-24 1.06374e-23 8.23926e-23 2.83452e-22 4.05692e-22 7.81184e-22 2.44926e-21 
  1.00000   5.53002e-24 1.62270e-23 4.54498e-23 1.25287e-22 2.53131e-22 2.98773e-22 4.02735e-22 7.00637e-22 
 10.00000   2.35697e-23 3.24890e-23 5.36700e-23 9.76113e-23 1.38441e-22 1.60015e-22 1.88148e-22 1.99014e-22 
100.00000   1.08454e-23 1.36976e-23 1.91572e-23 2.39157e-23 2.49519e-23 2.50542e-23 2.51370e-23 2.51769e-23 

         19
          100.0
  0.00001   1.06360e-33 4.81941e-33 3.13236e-32 5.34308e-31 8.34807e-30 4.76211e-29 1.02300e-27 1.44761e-26 
  0.00010   1.05593e-32 4.68749e-32 2.92009e-31 4.07921e-30 3.69398e-29 1.05358e-28 1.32150e-27 1.60490e-26 
  0.00100   1.04988e-31 4.59206e-31 2.77031e-30 3.35986e-29 2.24116e-28 4.32296e-28 2.42344e-27 1.89284e-26 
  0.01000   1.04099e-30 4.43621e-30 2.53742e-29 2.50306e-28 1.14414e-27 1.83482e-27 5.30754e-27 2.00906e-26 
  0.10000   9.57013e-30 3.49031e-29 1.66920e-28 8.26671e-28 1.78001e-27 2.24252e-27 3.67842e-27 1.67628e-26 
  1.00000   6.87091e-29 1.47201e-28 3.85097e-28 9.07623e-28 1.60423e-27 2.17312e-27 3.72111e-27 6.06388e-27 
 10.00000   1.12889e-28 1.42475e-28 3.04740e-28 1.16132e-27 1.26390e-27 1.30969e-27 1.37704e-27 1.43336e-27 
100.00000   2.53621e-30 4.23491e-30 1.62599e-29 2.66980e-29 2.91808e-29 2.95548e-29 2.99857e-29 3.03017e-29 

         19
          150.0
  0.00001   2.71831e-32 9.30461e-32 6.77069e-31 1.83439e-29 3.62250e-28 1.70357e-27 2.61166e-26 3.25872e-25 
  0.00010   2.68494e-31 8.68218e-31 5.51938e-30 9.65252e-29 1.04726e-27 2.86011e-27 2.89112e-26 3.33117e-25 
  0.00100   2.66332e-30 8.27605e-30 4.86409e-29 6.66625e-28 4.49519e-27 8.64924e-27 4.52971e-26 4.08768e-25 
  0.01000   2.63951e-29 7.84707e-29 4.26891e-28 4.44513e-27 2.07954e-26 3.68326e-26 1.20879e-25 8.62163e-25 
  0.10000   2.44680e-28 6.08210e-28 2.89401e-27 1.85153e-26 5.84497e-26 8.49403e-26 1.71470e-25 7.49234e-25 
  1.00000   1.88604e-27 3.25826e-27 1.06663e-26 3.36007e-26 6.64650e-26 8.28847e-26 1.23486e-25 2.25019e-25 
 10.00000   4.57326e-27 5.77463e-27 1.14668e-26 3.75489e-26 3.91475e-26 4.00319e-26 4.19035e-26 4.34894e-26 
100.00000   3.12622e-28 3.84147e-28 1.01409e-27 1.66894e-27 1.78696e-27 1.80262e-27 1.81945e-27 1.83033e-27 

         19
          200.0
  0.00001   2.88585e-31 9.37988e-31 8.07056e-30 2.80825e-28 5.40747e-27 1.89439e-26 2.40316e-25 4.37698e-24 
  0.00010   2.83574e-30 8.45673e-30 5.67499e-29 1.11737e-27 1.20492e-26 2.99746e-26 2.71837e-25 4.55302e-24 
  0.00100   2.79790e-29 7.87980e-29 4.59370e-28 6.54767e-27 4.29879e-26 8.31622e-26 4.56654e-25 6.32045e-24 
  0.01000   2.76677e-28 7.33618e-28 3.93370e-27 4.05529e-26 2.03917e-25 3.82339e-25 1.46254e-24 1.68095e-23 
  0.10000   2.52350e-27 5.72363e-27 2.80199e-26 2.20018e-25 9.23967e-25 1.47404e-24 3.64911e-24 1.36829e-23 
  1.00000   1.93656e-26 3.74766e-26 1.40514e-25 5.78943e-25 1.19133e-24 1.45824e-24 1.88901e-24 2.85839e-24 
 10.00000   6.33028e-26 1.02334e-25 1.83833e-25 4.41033e-25 4.76435e-25 4.85041e-25 4.98985e-25 5.09006e-25 
100.00000   9.37991e-27 1.01582e-26 1.67511e-26 2.69824e-26 2.90632e-26 2.93486e-26 2.96627e-26 2.98562e-26 

         19
          250.0
  0.00001   1.40975e-30 5.15240e-30 5.10759e-29 2.02900e-27 3.25703e-26 1.00237e-25 1.34209e-24 3.79908e-23 
  0.00010   1.36421e-29 4.57820e-29 3.19374e-28 6.59369e-27 6.25973e-26 1.51775e-25 1.51814e-24 3.94762e-23 
  0.00100   1.33334e-28 4.14040e-28 2.37216e-27 3.38187e-26 2.12279e-25 4.11206e-25 2.54238e-24 5.28358e-23 
  0.01000   1.30424e-27 3.77323e-27 1.96405e-26 2.03132e-25 1.04151e-24 1.94166e-24 8.07364e-24 1.09872e-22 
  0.10000   1.16366e-26 2.95763e-26 1.42741e-25 1.24141e-24 5.43506e-24 8.78727e-24 2.47784e-23 8.34109e-23 
  1.00000   8.68675e-26 2.06307e-25 7.57522e-25 3.70022e-24 7.20574e-24 8.86963e-24 1.22266e-23 1.54127e-23 
 10.00000   3.49329e-25 7.16449e-25 1.09182e-24 2.12984e-24 2.48610e-24 2.53969e-24 2.58058e-24 2.59379e-24 
100.00000   8.15494e-26 8.65355e-26 1.09422e-25 1.63718e-25 1.74261e-25 1.75560e-25 1.76872e-25 1.77617e-25 

         19
          300.0
  0.00001   4.34568e-30 1.80108e-29 1.93585e-28 9.10424e-27 1.26161e-25 3.83661e-25 4.99672e-24 1.85119e-22 
  0.00010   4.09223e-29 1.60439e-28 1.12929e-27 2.37751e-26 2.15935e-25 5.39863e-25 5.45473e-24 1.88768e-22 
  0.00100   3.96680e-28 1.40175e-27 7.71620e-27 1.08702e-25 6.96746e-25 1.34347e-24 8.37854e-24 2.23767e-22 
  0.01000   3.81714e-27 1.24856e-26 6.06226e-26 6.43989e-25 3.23060e-24 5.97329e-24 2.46692e-23 3.81559e-22 
  0.10000   3.45057e-26 9.88931e-26 4.38235e-25 3.89758e-24 1.67817e-23 2.77660e-23 8.41618e-23 2.69050e-22 
  1.00000   2.52053e-25 6.55283e-25 2.39517e-24 1.28340e-23 2.36271e-23 2.73294e-23 4.40838e-23 5.86123e-23 
 10.00000   1.10913e-24 2.71232e-24 3.64776e-24 6.37268e-24 8.06074e-24 8.29550e-24 8.51625e-24 8.59851e-24 
100.00000   3.49174e-25 3.65138e-25 4.38700e-25 6.09061e-25 6.35230e-25 6.37561e-25 6.39203e-25 6.39833e-25 

         19
          350.0
  0.00001   1.04523e-29 4.35772e-29 5.20984e-28 3.13955e-26 4.41145e-25 1.31971e-24 1.54998e-23 5.43887e-22 
  0.00010   9.71758e-29 3.89392e-28 2.92094e-27 6.66295e-26 6.47042e-25 1.58491e-24 1.62646e-23 5.49553e-22 
  0.00100   9.50024e-28 3.47559e-27 1.84134e-26 2.67955e-25 1.74942e-24 3.39225e-24 2.24031e-23 6.05924e-22 
  0.01000   9.19447e-27 3.08060e-26 1.42602e-25 1.49153e-24 7.28690e-24 1.34683e-23 5.39511e-23 8.85439e-22 
  0.10000   8.36865e-26 2.44707e-25 1.00249e-24 8.51731e-24 3.62004e-23 6.42395e-23 1.88366e-22 6.68512e-22 
  1.00000   5.86684e-25 1.50376e-24 5.29069e-24 2.95966e-23 6.03862e-23 7.22380e-23 1.04485e-22 1.52949e-22 
 10.00000   2.52717e-24 6.75645e-24 9.43269e-24 1.43796e-23 1.89464e-23 1.97273e-23 2.04696e-23 2.07568e-23 
100.00000   9.98397e-25 1.03485e-24 1.24904e-24 1.65001e-24 1.68744e-24 1.68946e-24 1.69090e-24 1.69200e-24 

         19
          400.0
  0.00001   2.03812e-29 8.54150e-29 1.06155e-27 8.72807e-26 1.29940e-24 3.48440e-24 3.69417e-23 1.13766e-21 
  0.00010   1.96698e-28 7.43884e-28 5.78558e-27 1.61955e-25 1.61339e-24 3.86809e-24 3.79017e-23 1.14461e-21 
  0.00100   1.93067e-27 6.62928e-27 3.57268e-26 5.61509e-25 3.61102e-24 7.09267e-24 4.81285e-23 1.21873e-21 
  0.01000   1.88164e-26 5.92124e-26 2.70366e-25 2.82872e-24 1.36833e-23 2.52084e-23 1.00188e-22 1.60076e-21 
  0.10000   1.73527e-25 4.80013e-25 1.85253e-24 1.52936e-23 6.15030e-23 1.11576e-22 3.16074e-22 1.25729e-21 
  1.00000   1.20817e-24 2.76566e-24 8.96843e-24 5.05350e-23 1.15220e-22 1.40187e-22 1.86620e-22 2.92650e-22 
 10.00000   4.62040e-24 1.24416e-23 1.83462e-23 2.56772e-23 3.46419e-23 3.64281e-23 3.81467e-23 3.88320e-23 
100.00000   2.12728e-24 2.21098e-24 2.68043e-24 3.44282e-24 3.49081e-24 3.49572e-24 3.49856e-24 3.50074e-24 

         19
          600.0
  0.00001   1.20685e-28 5.12092e-28 6.21456e-27 1.35569e-24 2.41786e-23 6.89121e-23 4.50148e-22 6.05595e-21 
  0.00010   1.16173e-27 4.15421e-27 3.26213e-26 1.83951e-24 2.50115e-23 6.98266e-23 4.50837e-22 6.05918e-21 
  0.00100   1.11790e-26 3.66406e-26 2.02425e-25 4.16659e-24 3.40610e-23 8.58264e-23 4.71144e-22 6.13132e-21 
  0.01000   1.06966e-25 3.37860e-25 1.49336e-24 1.71386e-23 9.15672e-23 1.65026e-22 5.93797e-22 6.28105e-21 
  0.10000   1.00726e-24 2.94299e-24 1.00882e-23 7.85872e-23 2.64551e-22 3.99149e-22 9.54796e-22 4.97006e-21 
  1.00000   7.82046e-24 1.66257e-23 3.99582e-23 1.66954e-22 4.53079e-22 5.84611e-22 7.90773e-22 1.21358e-21 
 10.00000   2.69535e-23 4.95783e-23 7.90221e-23 1.08883e-22 1.46044e-22 1.57927e-22 1.69609e-22 1.74524e-22 
100.00000   1.43879e-23 1.57325e-23 1.88775e-23 2.28014e-23 2.30686e-23 2.30946e-23 2.31137e-23 2.31283e-23 

         20
          100.0
  0.00001   1.75880e-32 9.29865e-32 5.37452e-31 1.05873e-29 1.63942e-28 7.50436e-28 1.27258e-26 1.97098e-25 
  0.00010   1.74689e-31 9.13611e-31 4.95326e-30 7.47579e-29 7.17964e-28 1.87696e-27 1.64495e-26 2.16308e-25 
  0.00100   1.73581e-30 9.00495e-30 4.67048e-29 5.99710e-28 3.96000e-27 8.04137e-27 3.38079e-26 3.82290e-25 
  0.01000   1.71644e-29 8.76274e-29 4.24045e-28 4.26372e-27 1.90392e-26 3.17749e-26 9.03579e-26 6.84861e-25 
  0.10000   1.52710e-28 7.10116e-28 2.50087e-27 1.52929e-26 5.12434e-26 7.48027e-26 1.44833e-25 3.95250e-25 
  1.00000   7.43803e-28 2.21747e-27 8.70971e-27 2.25133e-26 4.69464e-26 5.75752e-26 7.55865e-26 1.02335e-25 
 10.00000   1.28683e-27 2.03667e-27 1.01916e-26 1.42210e-26 1.54838e-26 1.69799e-26 1.90755e-26 2.13174e-26 
100.00000   3.40586e-29 4.49479e-29 1.97810e-28 2.73870e-28 3.93243e-28 4.22066e-28 4.57043e-28 4.95317e-28 

         20
          150.0
  0.00001   1.86996e-31 1.13836e-30 6.96017e-30 1.79222e-28 3.39901e-27 1.23860e-26 1.54577e-25 3.56632e-24 
  0.00010   1.83726e-30 1.06112e-29 5.58396e-29 9.71615e-28 9.99956e-27 2.43264e-26 1.94338e-25 3.85795e-24 
  0.00100   1.81458e-29 1.01153e-28 4.98139e-28 6.62259e-27 4.35648e-26 8.33592e-26 4.04907e-25 6.15950e-24 
  0.01000   1.78674e-28 9.59236e-28 4.39777e-27 4.48637e-26 2.28123e-25 4.00158e-25 1.31504e-24 1.38541e-23 
  0.10000   1.62708e-27 6.58494e-27 2.97625e-26 2.13492e-25 9.02052e-25 1.36318e-24 3.01727e-24 1.22822e-23 
  1.00000   1.01928e-26 3.09615e-26 1.42806e-25 4.61470e-25 1.11800e-24 1.39365e-24 2.02050e-24 3.56491e-24 
 10.00000   3.96995e-26 5.09301e-26 2.58561e-25 3.44449e-25 4.28382e-25 4.56597e-25 4.93911e-25 5.20907e-25 
100.00000   2.17363e-27 2.84805e-27 9.96137e-27 1.29059e-26 1.50682e-26 1.54844e-26 1.59821e-26 1.65095e-26 

         20
          200.0
  0.00001   1.24450e-30 7.37852e-30 5.31555e-29 1.65741e-27 3.05945e-26 9.45905e-26 1.13854e-24 3.50004e-23 
  0.00010   1.21819e-29 6.70054e-29 3.71953e-28 6.84250e-27 7.20466e-26 1.75720e-25 1.38095e-24 3.74988e-23 
  0.00100   1.19691e-28 6.18566e-28 2.99624e-27 4.08038e-26 2.74090e-25 5.30238e-25 2.73564e-24 5.44270e-23 
  0.01000   1.17195e-27 5.72972e-27 2.55994e-26 2.75913e-25 1.49510e-24 2.62229e-24 9.68785e-24 1.15107e-22 
  0.10000   1.08794e-26 4.02828e-26 1.92012e-25 1.50132e-24 7.18109e-24 1.11496e-23 2.59329e-23 1.30858e-22 
  1.00000   8.38243e-26 2.40423e-25 1.04542e-24 4.05437e-24 1.04075e-23 1.35210e-23 2.03641e-23 3.92638e-23 
 10.00000   4.57150e-25 5.84593e-25 2.18650e-24 3.20325e-24 4.22279e-24 4.46856e-24 4.77793e-24 4.87433e-24 
100.00000   3.68892e-26 5.43103e-26 1.35566e-25 1.71140e-25 1.78020e-25 1.78633e-25 1.79246e-25 1.79723e-25 

         20
          250.0
  0.00001   4.74584e-30 2.53140e-29 2.28919e-28 8.68955e-27 1.50920e-25 4.71555e-25 5.49578e-24 1.74772e-22 
  0.00010   4.65742e-29 2.28169e-28 1.42005e-27 2.68961e-26 2.97376e-25 7.78279e-25 6.04764e-24 1.80948e-22 
  0.00100   4.56581e-28 2.05995e-27 1.01707e-26 1.40568e-25 1.00808e-24 2.06149e-24 1.00463e-23 2.28340e-22 
  0.01000   4.45791e-27 1.86455e-26 8.33862e-26 9.34724e-25 5.00015e-24 8.54770e-24 3.19872e-23 3.95104e-22 
  0.10000   4.14886e-26 1.49609e-25 6.25448e-25 4.92949e-24 2.44912e-23 3.92116e-23 9.21779e-23 4.97396e-22 
  1.00000   3.38971e-25 9.25654e-25 3.32328e-24 1.45552e-23 3.83814e-23 5.26994e-23 7.95146e-23 1.49515e-22 
 10.00000   1.91627e-24 2.59325e-24 7.40763e-24 1.22791e-23 1.58011e-23 1.70951e-23 1.87513e-23 1.93036e-23 
100.00000   2.13006e-25 3.17918e-25 6.67545e-25 8.59793e-25 8.98659e-25 9.02349e-25 9.04710e-25 9.06520e-25 

         20
          300.0
  0.00001   1.21865e-29 6.26063e-29 7.10298e-28 3.55863e-26 6.04785e-25 1.90299e-24 1.70331e-23 5.17261e-22 
  0.00010   1.19712e-28 5.53849e-28 3.92586e-27 8.27254e-26 9.56182e-25 2.59651e-24 1.78546e-23 5.25336e-22 
  0.00100   1.17339e-27 4.94081e-27 2.56561e-26 3.60712e-25 2.76038e-24 5.85615e-24 2.63754e-23 5.97668e-22 
  0.01000   1.14515e-26 4.36622e-26 2.00735e-25 2.22366e-24 1.18120e-23 1.99843e-23 7.01961e-23 9.23410e-22 
  0.10000   1.05943e-25 3.67046e-25 1.45210e-24 1.09498e-23 5.47458e-23 8.89849e-23 2.14666e-22 1.15471e-21 
  1.00000   8.23309e-25 2.32739e-24 6.98131e-24 3.37676e-23 8.79297e-23 1.24405e-22 1.88680e-22 3.45851e-22 
 10.00000   4.73486e-24 6.83521e-24 1.69891e-23 2.84796e-23 3.70064e-23 4.07754e-23 4.57791e-23 4.75686e-23 
100.00000   7.18483e-25 1.01928e-24 1.95800e-24 2.55141e-24 2.65984e-24 2.67190e-24 2.67907e-24 2.68499e-24 

         20
          350.0
  0.00001   2.65237e-29 1.28284e-28 1.80796e-27 1.30113e-25 2.05774e-24 6.20954e-24 4.37530e-23 1.09030e-21 
  0.00010   2.59229e-28 1.10420e-27 9.00936e-27 2.41990e-25 2.76172e-24 7.35566e-24 4.48721e-23 1.10082e-21 
  0.00100   2.53201e-27 9.87295e-27 5.52571e-26 8.09723e-25 6.24041e-24 1.36325e-23 5.85601e-23 1.17874e-21 
  0.01000   2.46269e-26 8.73273e-26 4.13190e-25 4.38967e-24 2.35720e-23 3.89837e-23 1.36059e-22 1.73976e-21 
  0.10000   2.28249e-25 7.30904e-25 2.89814e-24 1.95914e-23 9.82250e-23 1.57183e-22 3.85702e-22 2.02148e-21 
  1.00000   1.57102e-24 4.69132e-24 1.24276e-23 6.04157e-23 1.57012e-22 2.25002e-22 3.60025e-22 6.13572e-22 
 10.00000   8.79738e-24 1.33566e-23 2.94092e-23 5.10906e-23 6.87640e-23 7.55782e-23 8.65752e-23 9.07857e-23 
100.00000   1.76715e-24 2.33241e-24 4.29545e-24 5.72929e-24 5.87928e-24 5.90034e-24 5.92150e-24 5.94340e-24 

         20
          400.0
  0.00001   5.18982e-29 2.41249e-28 3.77313e-27 4.02729e-25 6.14795e-24 1.72818e-23 1.06850e-22 1.72873e-21 
  0.00010   4.93863e-28 2.00471e-27 1.79402e-26 6.41215e-25 7.15605e-24 1.85846e-23 1.08084e-22 1.73598e-21 
  0.00100   4.74737e-27 1.73096e-26 1.06160e-25 1.72175e-24 1.28581e-23 2.86124e-23 1.23531e-22 1.81781e-21 
  0.01000   4.57139e-26 1.53419e-25 7.59618e-25 7.93846e-24 4.19914e-23 7.31732e-23 2.36850e-22 2.68199e-21 
  0.10000   4.07612e-25 1.27353e-24 5.11916e-24 3.35410e-23 1.59166e-22 2.48062e-22 5.75261e-22 2.92175e-21 
  1.00000   2.68195e-24 7.68908e-24 2.11914e-23 8.84913e-23 2.35647e-22 3.42542e-22 5.51970e-22 9.44947e-22 
 10.00000   1.36093e-23 2.15100e-23 4.46461e-23 7.80693e-23 1.09684e-22 1.18039e-22 1.37685e-22 1.45654e-22 
100.00000   3.45606e-24 4.24659e-24 7.75863e-24 1.07130e-23 1.09153e-23 1.10587e-23 1.12252e-23 1.16034e-23 

         20
          600.0
  0.00001   3.46636e-28 1.63619e-27 3.28613e-26 8.49594e-24 1.36074e-22 3.11804e-22 1.39906e-21 9.38398e-21 
  0.00010   3.21576e-27 1.29229e-26 1.38344e-25 1.02375e-23 1.38633e-22 3.13730e-22 1.40034e-21 9.39118e-21 
  0.00100   3.00844e-26 1.07578e-25 7.70739e-25 1.86411e-23 1.63184e-22 3.36461e-22 1.42429e-21 9.49525e-21 
  0.01000   2.86519e-25 9.47365e-25 5.20438e-24 6.08026e-23 3.10794e-22 5.60784e-22 1.69959e-21 1.01051e-20 
  0.10000   2.61775e-24 7.76680e-24 3.38084e-23 2.10623e-22 7.23986e-22 1.02685e-21 2.18434e-21 7.39408e-21 
  1.00000   1.63785e-23 4.01862e-23 1.18528e-22 3.57893e-22 7.54727e-22 9.65469e-22 1.48599e-21 2.43106e-21 
 10.00000   5.01674e-23 8.26391e-23 1.66266e-22 3.00433e-22 3.95201e-22 4.12733e-22 4.69789e-22 5.07742e-22 
100.00000   1.96422e-23 2.40817e-23 4.48867e-23 7.39632e-23 8.14552e-23 8.40649e-23 8.72893e-23 9.12914e-23 

         21
          100.0
  0.00001   3.59416e-31 2.03703e-30 1.48197e-29 2.83171e-28 4.69917e-27 1.57521e-26 2.30947e-25 7.41791e-24 
  0.00010   3.52003e-30 1.93641e-29 1.34294e-28 1.88035e-27 1.91857e-26 4.60469e-26 3.33706e-25 8.38527e-24 
  0.00100   3.47107e-29 1.87855e-28 1.25352e-27 1.45464e-26 1.04134e-25 2.14486e-25 1.01077e-24 1.20303e-23 
  0.01000   3.36109e-28 1.76908e-27 1.12453e-26 1.07132e-25 5.78751e-25 1.11056e-24 3.51880e-24 2.25332e-23 
  0.10000   2.95183e-27 1.39720e-26 7.94505e-26 5.15994e-25 1.71820e-24 2.49784e-24 5.31596e-24 2.21730e-23 
  1.00000   1.96649e-26 6.73961e-26 2.66437e-25 7.26252e-25 2.18869e-24 2.62093e-24 4.56517e-24 6.66503e-24 
 10.00000   3.24802e-26 5.91621e-26 1.78109e-25 7.03468e-25 9.51255e-25 9.75786e-25 1.00535e-24 1.02537e-24 
100.00000   6.67376e-28 1.11552e-27 3.22302e-27 1.04595e-26 1.20309e-26 1.22001e-26 1.23904e-26 1.25223e-26 

         21
          150.0
  0.00001   2.95069e-30 2.06208e-29 1.68401e-28 4.00113e-27 6.51897e-26 2.41472e-25 3.55704e-24 8.22111e-23 
  0.00010   2.86091e-29 1.87202e-28 1.36256e-27 1.96961e-26 1.95056e-25 5.54042e-25 4.51677e-24 8.59360e-23 
  0.00100   2.74943e-28 1.74055e-27 1.17282e-26 1.29685e-25 9.54001e-25 2.07872e-24 1.05023e-23 1.28321e-22 
  0.01000   2.62613e-27 1.61304e-26 1.02552e-25 9.57727e-25 5.35664e-24 1.00639e-23 3.50810e-23 2.74216e-22 
  0.10000   2.32300e-26 1.29984e-25 7.60940e-25 5.25946e-24 1.98324e-23 2.98426e-23 6.14557e-23 3.32096e-22 
  1.00000   1.69739e-25 7.53564e-25 2.86832e-24 1.01394e-23 2.57598e-23 3.44434e-23 5.64640e-23 9.57974e-23 
 10.00000   4.83743e-25 9.50164e-25 2.50762e-24 9.21398e-24 1.15062e-23 1.17969e-23 1.20446e-23 1.21533e-23 
100.00000   2.24339e-26 3.71936e-26 9.27221e-26 2.27894e-25 2.36152e-25 2.36886e-25 2.37557e-25 2.38070e-25 

         21
          200.0
  0.00001   1.16074e-29 8.80535e-29 8.56973e-28 2.54089e-26 4.28681e-25 1.67225e-24 2.29426e-23 3.80782e-22 
  0.00010   1.05450e-28 7.51933e-28 5.93077e-27 9.43304e-26 9.72320e-25 3.10164e-24 2.61610e-23 3.94791e-22 
  0.00100   9.89314e-28 6.70157e-27 4.66268e-26 5.36410e-25 3.96015e-24 9.29791e-24 4.59185e-23 5.99120e-22 
  0.01000   9.38723e-27 6.10043e-26 3.90799e-25 3.78153e-24 2.05160e-23 3.71223e-23 1.27664e-22 1.22968e-21 
  0.10000   8.12530e-26 5.11387e-25 2.81450e-24 1.97885e-23 8.30937e-23 1.27110e-22 2.77953e-22 1.46931e-21 
  1.00000   6.39148e-25 3.02050e-24 1.03404e-23 4.91776e-23 1.06684e-22 1.46812e-22 2.40688e-22 3.94634e-22 
 10.00000   2.74075e-24 5.45986e-24 1.08507e-23 4.10458e-23 5.14801e-23 5.31720e-23 5.46880e-23 5.52648e-23 
100.00000   2.14914e-25 3.09956e-25 6.75605e-25 1.58765e-24 1.66570e-24 1.67377e-24 1.68256e-24 1.68718e-24 

         21
          250.0
  0.00001   3.12372e-29 2.45860e-28 2.96977e-27 1.13547e-25 2.11177e-24 7.87923e-24 8.37390e-23 1.29154e-21 
  0.00010   2.71801e-28 1.93767e-27 1.72648e-26 3.20914e-25 3.66357e-24 1.15206e-23 8.90936e-23 1.34580e-21 
  0.00100   2.49260e-27 1.64855e-26 1.22516e-25 1.55198e-24 1.13704e-23 2.75659e-23 1.27073e-22 1.86233e-21 
  0.01000   2.30984e-26 1.46282e-25 9.61246e-25 9.95139e-24 5.17387e-23 9.11317e-23 3.05006e-22 3.34151e-21 
  0.10000   1.88158e-25 1.25021e-24 6.54158e-24 4.90899e-23 2.13306e-22 3.20800e-22 7.62168e-22 3.36485e-21 
  1.00000   1.47380e-24 7.11256e-24 2.41332e-23 1.38055e-22 2.66484e-22 3.48844e-22 5.78177e-22 8.66327e-22 
 10.00000   8.12072e-24 1.73399e-23 2.69372e-23 1.06349e-22 1.36186e-22 1.40882e-22 1.45363e-22 1.46971e-22 
100.00000   9.91744e-25 1.27651e-24 2.55864e-24 6.23503e-24 6.96266e-24 7.05602e-24 7.17724e-24 7.25158e-24 

         21
          300.0
  0.00001   7.35527e-29 5.90733e-28 8.71582e-27 4.44613e-25 8.36103e-24 2.77112e-23 2.13596e-22 3.67049e-21 
  0.00010   6.60740e-28 4.28290e-27 4.28391e-26 9.62973e-25 1.17361e-23 3.31804e-23 2.20463e-22 3.73130e-21 
  0.00100   5.92494e-27 3.44234e-26 2.70144e-25 3.79852e-24 2.78744e-23 6.42749e-23 2.81298e-22 4.33145e-21 
  0.01000   5.27415e-26 2.95719e-25 1.95651e-24 2.17290e-23 1.10001e-22 1.87680e-22 6.50898e-22 6.79427e-21 
  0.10000   4.07092e-25 2.44456e-24 1.26679e-23 1.05403e-22 4.38936e-22 6.42864e-22 1.52549e-21 5.97496e-21 
  1.00000   2.88735e-24 1.34896e-23 4.89832e-23 2.92261e-22 5.52759e-22 6.89779e-22 1.00483e-21 1.42601e-21 
 10.00000   1.63235e-23 3.83146e-23 5.35296e-23 2.18728e-22 2.85613e-22 2.94378e-22 3.02860e-22 3.05914e-22 
100.00000   3.03661e-24 3.80945e-24 7.29693e-24 1.86916e-23 2.22894e-23 2.28401e-23 2.36640e-23 2.42410e-23 

         21
          350.0
  0.00001   1.57883e-28 1.27884e-27 2.29653e-26 1.52266e-24 2.65583e-23 8.12165e-23 5.13452e-22 8.32235e-21 
  0.00010   1.37767e-27 8.93058e-27 9.59923e-26 2.64975e-24 3.16088e-23 8.76947e-23 5.19505e-22 8.32293e-21 
  0.00100   1.22524e-26 6.80953e-26 5.42544e-25 8.47904e-24 6.21382e-23 1.35306e-22 5.99400e-22 8.58650e-21 
  0.01000   1.10605e-25 5.69938e-25 3.71707e-24 4.28736e-23 2.13768e-22 3.60089e-22 1.32270e-21 1.17674e-20 
  0.10000   8.67438e-25 4.49721e-24 2.31871e-23 2.00198e-22 8.08001e-22 1.21937e-21 2.61401e-21 9.26265e-21 
  1.00000   5.78176e-24 2.27741e-23 9.37247e-23 5.17362e-22 9.57111e-22 1.16171e-21 1.64168e-21 2.09005e-21 
 10.00000   3.05102e-23 6.97966e-23 1.04197e-22 3.98218e-22 5.32269e-22 5.42146e-22 5.51588e-22 5.55831e-22 
100.00000   7.24507e-24 9.83124e-24 1.82751e-23 4.71487e-23 5.80299e-23 5.97961e-23 6.25270e-23 6.45403e-23 

         21
          400.0
  0.00001   2.98870e-28 2.45235e-27 5.32253e-26 4.29995e-24 6.41467e-23 1.83308e-22 1.17236e-21 1.62541e-20 
  0.00010   2.66078e-27 1.68406e-26 1.94281e-25 6.26788e-24 7.07998e-23 1.91052e-22 1.18100e-21 1.62543e-20 
  0.00100   2.38119e-26 1.25448e-25 1.02547e-24 1.70642e-23 1.18995e-22 2.59673e-22 1.29774e-21 1.64143e-20 
  0.01000   2.08428e-25 1.02931e-24 6.55587e-24 7.65288e-23 3.82760e-22 6.45833e-22 2.49740e-21 1.90637e-20 
  0.10000   1.62609e-24 7.95372e-24 3.96700e-23 3.47089e-22 1.37633e-21 2.10225e-21 4.34439e-21 1.42620e-20 
  1.00000   1.09011e-23 3.60170e-23 1.62486e-22 8.05446e-22 1.57269e-21 1.89432e-21 2.42514e-21 3.18629e-21 
 10.00000   4.66859e-23 1.13218e-22 1.82948e-22 6.50401e-22 8.93987e-22 9.04655e-22 9.21109e-22 9.34468e-22 
100.00000   1.45063e-23 2.13874e-23 4.02353e-23 9.95055e-23 1.22479e-22 1.26281e-22 1.32262e-22 1.36782e-22 

         21
          600.0
  0.00001   2.00267e-27 1.63961e-26 6.04348e-25 7.80590e-23 1.05028e-21 2.57242e-21 1.39356e-20 7.81058e-20 
  0.00010   1.72264e-26 1.10057e-25 1.61041e-24 8.66595e-23 1.06156e-21 2.58954e-21 1.39554e-20 7.81144e-20 
  0.00100   1.50149e-25 8.41651e-25 7.15931e-24 1.39942e-22 1.21556e-21 2.83274e-21 1.42351e-20 7.80116e-20 
  0.01000   1.34646e-24 6.78544e-24 4.10608e-23 4.61413e-22 2.45755e-21 4.57176e-21 1.58596e-20 7.32052e-20 
  0.10000   1.15753e-23 4.95630e-23 2.24293e-22 1.92026e-21 6.53641e-21 9.32693e-21 1.80796e-20 4.57567e-20 
  1.00000   7.60200e-23 2.30474e-22 8.36861e-22 3.35702e-21 5.46521e-21 6.32183e-21 9.13197e-21 1.29493e-20 
 10.00000   2.47937e-22 5.32093e-22 1.04909e-21 2.57344e-21 3.56672e-21 3.91468e-21 4.36822e-21 4.62304e-21 
100.00000   1.14665e-22 2.02421e-22 3.76739e-22 7.44811e-22 8.60552e-22 8.78532e-22 9.08399e-22 9.32709e-22 

         22
          100.0
  0.00001   5.13460e-30 6.57419e-29 4.90390e-28 1.15645e-26 1.71700e-25 5.79458e-25 1.16323e-23 1.99452e-22 
  0.00010   5.01757e-29 5.99249e-28 4.37350e-27 7.06928e-26 5.91281e-25 1.37840e-24 1.59708e-23 2.15175e-22 
  0.00100   4.94512e-28 5.61786e-27 4.00485e-26 5.12083e-25 3.01121e-24 6.16095e-24 3.47821e-23 2.94144e-22 
  0.01000   4.82139e-27 5.10613e-26 3.51413e-25 3.63395e-24 1.59632e-23 2.88596e-23 8.26790e-23 3.52877e-22 
  0.10000   4.29998e-26 3.72661e-25 2.27228e-24 1.25469e-23 2.99980e-23 3.88516e-23 6.17888e-23 2.25452e-22 
  1.00000   3.35163e-25 1.56850e-24 6.25005e-24 1.41772e-23 1.83231e-23 2.34423e-23 4.97480e-23 9.40638e-23 
 10.00000   6.90867e-25 1.06237e-24 4.44071e-24 9.77438e-24 1.31202e-23 1.37143e-23 1.43999e-23 1.59768e-23 
100.00000   1.19381e-26 2.05792e-26 6.43967e-26 1.49579e-25 1.89148e-25 1.96624e-25 2.08228e-25 2.69762e-25 

         22
          150.0
  0.00001   2.46818e-29 3.10471e-28 2.31774e-27 8.43009e-26 1.71550e-24 7.00345e-24 9.21382e-23 1.07165e-21 
  0.00010   2.36180e-28 2.67129e-27 1.77200e-26 3.50049e-25 3.79373e-24 1.04579e-23 1.01404e-22 1.09451e-21 
  0.00100   2.29450e-27 2.41435e-26 1.51061e-25 2.10476e-24 1.44090e-23 3.08635e-23 1.51157e-22 1.35326e-21 
  0.01000   2.22483e-26 2.16907e-25 1.28538e-24 1.42309e-23 6.59587e-23 1.11398e-22 3.00492e-22 2.25494e-21 
  0.10000   1.98616e-25 1.59959e-24 8.37656e-24 4.45365e-23 1.47198e-22 2.18700e-22 4.37516e-22 1.45076e-21 
  1.00000   1.39060e-24 5.48275e-24 2.02947e-23 8.05871e-23 1.48560e-22 1.75535e-22 2.66081e-22 3.95905e-22 
 10.00000   3.52311e-24 6.53436e-24 2.84922e-23 5.82748e-23 7.43829e-23 7.72520e-23 8.12502e-23 8.43546e-23 
100.00000   1.76037e-25 3.02585e-25 1.23646e-24 2.70659e-24 3.55159e-24 3.70887e-24 3.91632e-24 4.86583e-24 

         22
          200.0
  0.00001   8.58184e-29 9.22901e-28 8.45862e-27 4.26235e-25 1.00243e-23 3.91933e-23 3.19301e-22 4.20262e-21 
  0.00010   7.83252e-28 7.63196e-27 5.39763e-26 1.27341e-24 1.66985e-23 4.82378e-23 3.34245e-22 4.26280e-21 
  0.00100   7.41606e-27 6.68930e-26 4.15505e-25 6.44039e-24 5.01697e-23 1.04436e-22 4.48964e-22 5.28728e-21 
  0.01000   7.06258e-26 5.95186e-25 3.40027e-24 4.02169e-23 1.93392e-22 3.23643e-22 9.26702e-22 9.83453e-21 
  0.10000   6.15645e-25 4.56216e-24 2.11323e-23 1.34288e-22 5.73351e-22 9.15606e-22 2.08692e-21 6.54989e-21 
  1.00000   4.21009e-24 1.65440e-23 5.71169e-23 3.39607e-22 7.54902e-22 8.82120e-22 1.19455e-21 1.55429e-21 
 10.00000   1.26723e-23 2.43084e-23 1.26038e-22 2.45090e-22 3.63928e-22 3.84235e-22 4.10011e-22 4.19648e-22 
100.00000   1.29388e-24 2.54778e-24 1.21152e-23 2.51082e-23 3.20489e-23 3.33101e-23 3.49368e-23 4.10945e-23 

         22
          250.0
  0.00001   2.57492e-28 2.24078e-27 2.63847e-26 1.67167e-24 3.89623e-23 1.28191e-22 8.04051e-22 1.43062e-20 
  0.00010   2.20465e-27 1.77389e-26 1.43156e-25 3.92381e-24 5.40385e-23 1.47471e-22 8.28107e-22 1.44895e-20 
  0.00100   2.00209e-26 1.50539e-25 9.81592e-25 1.68459e-23 1.34217e-22 2.61129e-22 1.09601e-21 1.72541e-20 
  0.01000   1.84405e-25 1.33366e-24 7.69214e-24 9.31789e-23 4.60512e-22 7.98462e-22 2.67624e-21 2.74908e-20 
  0.10000   1.55911e-24 1.06179e-23 4.47755e-23 3.68292e-22 1.66067e-21 2.65763e-21 6.02002e-21 2.00237e-20 
  1.00000   1.10581e-23 4.73506e-23 1.49959e-22 9.71227e-22 2.17819e-21 2.76237e-21 4.17963e-21 5.44587e-21 
 10.00000   4.24041e-23 7.21752e-23 3.75209e-22 7.17437e-22 1.32845e-21 1.43904e-21 1.56053e-21 1.61377e-21 
100.00000   6.85097e-24 1.42725e-23 6.01869e-23 1.14491e-22 1.36802e-22 1.40785e-22 1.45936e-22 1.64324e-22 

         22
          300.0
  0.00001   6.59318e-28 4.82985e-27 6.93015e-26 5.33334e-24 1.07880e-22 3.05950e-22 1.84510e-21 3.70718e-20 
  0.00010   5.32291e-27 3.57047e-26 3.30859e-25 1.04651e-23 1.31252e-22 3.36669e-22 1.87498e-21 3.76718e-20 
  0.00100   4.55740e-26 2.90224e-25 2.04870e-24 3.78821e-23 2.79987e-22 5.30096e-22 2.34311e-21 4.25252e-20 
  0.01000   4.01927e-25 2.55209e-24 1.54163e-23 1.83181e-22 9.46819e-22 1.67727e-21 6.61052e-21 5.90662e-20 
  0.10000   3.32090e-24 2.05433e-23 8.82004e-23 8.38135e-22 3.63132e-21 5.77825e-21 1.28896e-20 4.36924e-20 
  1.00000   2.35702e-23 1.06300e-22 3.33695e-22 2.05819e-21 4.59957e-21 6.24150e-21 9.79817e-21 1.24100e-20 
 10.00000   1.13602e-22 1.97093e-22 7.82740e-22 1.53219e-21 3.15712e-21 3.47634e-21 3.82306e-21 3.98767e-21 
100.00000   2.63236e-23 5.24524e-23 1.81341e-22 3.16493e-22 3.58900e-22 3.66481e-22 3.76598e-22 4.12944e-22 

         22
          350.0
  0.00001   1.43212e-27 9.95040e-27 1.58660e-25 1.40830e-23 2.29989e-22 6.03859e-22 4.15662e-21 7.61657e-20 
  0.00010   1.12217e-26 6.80286e-26 6.62824e-25 2.36524e-23 2.57560e-22 6.46508e-22 4.20741e-21 7.66919e-20 
  0.00100   9.02374e-26 5.22188e-25 3.83216e-24 7.13179e-23 4.95834e-22 9.76946e-22 5.01796e-21 8.26200e-20 
  0.01000   7.65162e-25 4.40275e-24 2.74319e-23 3.19032e-22 1.75212e-21 3.07321e-21 1.29724e-20 1.07723e-19 
  0.10000   6.42259e-24 3.57875e-23 1.61482e-22 1.54910e-21 6.47439e-21 1.00000e-20 2.25930e-20 7.43061e-20 
  1.00000   4.37109e-23 2.05007e-22 6.49428e-22 3.53181e-21 7.91181e-21 1.07987e-20 1.73762e-20 2.22866e-20 
 10.00000   2.25736e-22 4.48303e-22 1.25710e-21 2.58644e-21 5.74785e-21 6.40012e-21 7.11612e-21 7.48123e-21 
100.00000   7.34242e-23 1.38587e-22 4.01358e-22 6.48683e-22 7.05819e-22 7.16266e-22 7.30835e-22 7.87636e-22 

         22
          400.0
  0.00001   2.57568e-27 1.85556e-26 3.24751e-25 2.99762e-23 4.33646e-22 1.20537e-21 9.33052e-21 1.32240e-19 
  0.00010   2.05599e-26 1.16742e-25 1.19015e-24 4.42094e-23 4.71038e-22 1.27012e-21 9.43874e-21 1.32832e-19 
  0.00100   1.59607e-25 8.76471e-25 6.45970e-24 1.17164e-22 7.83163e-22 1.71762e-21 1.03929e-20 1.38711e-19 
  0.01000   1.34272e-24 7.22195e-24 4.37172e-23 5.11888e-22 2.78904e-21 4.98273e-21 2.09328e-20 1.63402e-19 
  0.10000   1.09723e-23 5.71429e-23 2.60376e-22 2.48469e-21 1.01461e-20 1.52351e-20 3.49974e-20 1.09996e-19 
  1.00000   7.13226e-23 3.40031e-22 1.06883e-21 5.51498e-21 1.24422e-20 1.59834e-20 2.52267e-20 3.46652e-20 
 10.00000   3.76640e-22 8.37394e-22 1.77902e-21 4.03701e-21 8.62873e-21 9.68173e-21 1.08578e-20 1.14962e-20 
100.00000   1.58437e-22 2.81116e-22 7.05946e-22 1.07221e-21 1.12884e-21 1.14013e-21 1.15634e-21 1.23160e-21 

         22
          600.0
  0.00001   1.18004e-26 8.98946e-26 2.55726e-24 2.33777e-22 3.70175e-21 1.08850e-20 6.53771e-20 4.48419e-19 
  0.00010   9.32952e-26 5.30740e-25 6.77443e-24 2.68861e-22 3.78782e-21 1.09995e-20 6.55101e-20 4.48509e-19 
  0.00100   7.78725e-25 3.58374e-24 2.88268e-23 4.91661e-22 4.60713e-21 1.21288e-20 6.67341e-20 4.49710e-19 
  0.01000   6.66996e-24 2.83544e-23 1.62010e-22 1.83706e-21 1.05418e-20 2.09885e-20 7.72482e-20 4.27948e-19 
  0.10000   5.36031e-23 2.04796e-22 9.82672e-22 8.17715e-21 3.05476e-20 4.39864e-20 9.29055e-20 2.95045e-19 
  1.00000   2.92825e-22 1.19445e-21 3.99982e-21 1.58158e-20 3.34222e-20 4.14507e-20 5.66151e-20 8.85515e-20 
 10.00000   1.49576e-21 3.18581e-21 5.61400e-21 1.16456e-20 2.07443e-20 2.36101e-20 2.70691e-20 2.92682e-20 
100.00000   1.08075e-21 1.57252e-21 2.69463e-21 3.36773e-21 3.44265e-21 3.45267e-21 3.46507e-21 3.47471e-21 

         23
          100.0
  0.00001   4.02037e-28 2.32566e-27 1.27973e-26 2.06154e-25 2.81337e-24 1.29837e-23 2.02416e-22 3.08182e-21 
  0.00010   3.97946e-27 2.27470e-26 1.17834e-25 1.45486e-24 1.44919e-23 4.09598e-23 2.89892e-22 3.72252e-21 
  0.00100   3.95555e-26 2.20732e-25 1.10239e-24 1.14678e-23 8.93100e-23 1.71312e-22 7.27078e-22 7.97161e-21 
  0.01000   3.87288e-25 2.07748e-24 1.00126e-23 8.75716e-23 4.63762e-22 7.52783e-22 2.42484e-21 1.98764e-20 
  0.10000   3.53727e-24 1.64305e-23 6.63094e-23 3.40915e-22 1.29703e-21 2.07638e-21 4.28196e-21 1.30416e-20 
  1.00000   1.92765e-23 5.65463e-23 2.51561e-22 7.15292e-22 1.41199e-21 1.71962e-21 2.48695e-21 3.34928e-21 
 10.00000   1.90644e-23 5.51150e-23 2.21293e-22 5.70198e-22 8.73368e-22 9.97531e-22 1.33756e-21 1.74930e-21 
100.00000   3.68625e-25 1.32587e-24 4.14375e-24 1.10123e-23 1.68549e-23 1.78859e-23 2.02449e-23 2.23916e-23 

         23
          150.0
  0.00001   1.28159e-27 7.08506e-27 4.00904e-26 8.41791e-25 1.43584e-23 6.93541e-23 9.45321e-22 2.33991e-20 
  0.00010   1.24257e-26 6.79422e-26 3.47321e-25 5.01876e-24 5.61245e-23 1.60289e-22 1.19332e-21 2.54728e-20 
  0.00100   1.20781e-25 6.48622e-25 3.16636e-24 3.67033e-23 2.88229e-22 5.60242e-22 2.62609e-21 4.00221e-20 
  0.01000   1.16369e-24 6.12413e-24 2.90537e-23 2.64743e-22 1.54412e-21 2.70702e-21 1.03481e-20 9.30560e-20 
  0.10000   1.06012e-23 5.09197e-23 2.07647e-22 1.32424e-21 6.00726e-21 1.00248e-20 2.26796e-20 7.11654e-20 
  1.00000   6.96214e-23 2.48927e-22 1.05436e-21 3.26809e-21 6.18908e-21 7.71468e-21 1.39895e-20 2.01417e-20 
 10.00000   1.02776e-22 3.42989e-22 1.25045e-21 2.68338e-21 3.16637e-21 3.33049e-21 4.22810e-21 5.69978e-21 
100.00000   6.22838e-24 2.19708e-23 5.25539e-23 9.76600e-23 1.25180e-22 1.30636e-22 1.44018e-22 1.57128e-22 

         23
          200.0
  0.00001   3.27431e-27 1.51323e-26 9.06178e-26 2.37780e-24 4.81229e-23 2.12558e-22 3.14475e-21 1.01044e-19 
  0.00010   3.12080e-26 1.39576e-25 7.19870e-25 1.22235e-23 1.37821e-22 3.94003e-22 3.73843e-21 1.03841e-19 
  0.00100   2.97619e-25 1.31459e-24 6.36414e-24 8.25762e-23 6.09694e-22 1.24366e-21 7.27368e-21 1.26338e-19 
  0.01000   2.85900e-24 1.24258e-23 5.77284e-23 5.60635e-22 3.46722e-21 6.58773e-21 2.64805e-20 2.18882e-19 
  0.10000   2.63380e-23 1.06684e-22 4.27726e-22 3.26931e-21 1.52958e-20 2.47725e-20 5.53581e-20 1.61896e-19 
  1.00000   1.86439e-22 6.74944e-22 2.40052e-21 7.62769e-21 1.40145e-20 1.77046e-20 3.29304e-20 4.96808e-20 
 10.00000   3.81887e-22 1.19162e-21 3.45052e-21 5.93177e-21 6.62419e-21 6.73769e-21 7.66220e-21 9.38996e-21 
100.00000   4.89917e-23 1.29828e-22 2.17127e-22 3.22319e-22 3.71905e-22 3.83866e-22 4.14127e-22 4.45252e-22 

         23
          250.0
  0.00001   6.51846e-27 2.62965e-26 1.68316e-25 5.30982e-24 1.21674e-22 4.87325e-22 8.84620e-21 2.47424e-19 
  0.00010   6.14066e-26 2.31214e-25 1.21155e-24 2.34109e-23 2.59594e-22 7.46230e-22 9.81424e-21 2.49782e-19 
  0.00100   5.78316e-25 2.12531e-24 1.02121e-23 1.43666e-22 1.00357e-21 2.15598e-21 1.61717e-20 2.67126e-19 
  0.01000   5.56676e-24 1.99558e-23 9.08135e-23 9.30987e-22 5.75275e-21 1.15690e-20 4.66866e-20 3.57174e-19 
  0.10000   5.20354e-23 1.70432e-22 6.73267e-22 5.70514e-21 2.65412e-20 4.22837e-20 9.23690e-20 2.60224e-19 
  1.00000   3.74426e-22 1.18168e-21 3.76309e-21 1.28016e-20 2.34193e-20 3.02158e-20 5.15580e-20 8.23935e-20 
 10.00000   9.45442e-22 2.62005e-21 6.27807e-21 9.36257e-21 1.10205e-20 1.12834e-20 1.19438e-20 1.29246e-20 
100.00000   1.87531e-22 3.80188e-22 5.17194e-22 6.78086e-22 7.39945e-22 7.58450e-22 8.05941e-22 8.56257e-22 

         23
          300.0
  0.00001   1.06295e-26 4.09587e-26 2.81437e-25 1.06047e-23 2.52261e-22 9.84588e-22 1.97204e-20 4.19158e-19 
  0.00010   9.89069e-26 3.44405e-25 1.84673e-24 3.89405e-23 4.35564e-22 1.28194e-21 2.08334e-20 4.20192e-19 
  0.00100   9.22541e-25 3.05119e-24 1.45621e-23 2.14263e-22 1.48739e-21 3.35456e-21 2.93876e-20 4.28640e-19 
  0.01000   8.82707e-24 2.83713e-23 1.26696e-22 1.35367e-21 8.04775e-21 1.67007e-20 6.89112e-20 4.82795e-19 
  0.10000   8.25569e-23 2.39469e-22 9.26485e-22 8.27580e-21 3.74344e-20 5.98612e-20 1.29308e-19 3.48728e-19 
  1.00000   6.33444e-22 1.66487e-21 4.91016e-21 1.86258e-20 3.28272e-20 4.21939e-20 6.80452e-20 1.11888e-19 
 10.00000   1.73859e-21 4.36026e-21 8.28817e-21 1.23342e-20 1.51561e-20 1.55266e-20 1.67011e-20 1.73567e-20 
100.00000   4.61172e-22 7.74841e-22 9.27075e-22 1.11872e-21 1.18253e-21 1.20659e-21 1.26875e-21 1.33612e-21 

         23
          350.0
  0.00001   1.54347e-26 5.86841e-26 4.44928e-25 1.99103e-23 4.45773e-22 1.95008e-21 3.49750e-20 5.56992e-19 
  0.00010   1.41106e-25 4.70374e-25 2.67691e-24 5.79835e-23 6.56808e-22 2.27541e-21 3.61624e-20 5.57108e-19 
  0.00100   1.31020e-24 4.10666e-24 1.97041e-23 2.86169e-22 2.06980e-21 5.03490e-21 4.51334e-20 5.57540e-19 
  0.01000   1.25399e-23 3.77817e-23 1.63777e-22 1.80314e-21 1.04392e-20 2.19728e-20 9.36239e-20 6.00042e-19 
  0.10000   1.18345e-22 3.20651e-22 1.17896e-21 1.06022e-20 4.81839e-20 7.51974e-20 1.60999e-19 4.16307e-19 
  1.00000   8.86834e-22 2.11034e-21 5.89373e-21 2.36382e-20 4.26874e-20 5.16552e-20 8.64693e-20 1.35623e-19 
 10.00000   2.66413e-21 5.95363e-21 1.00456e-20 1.46984e-20 1.87819e-20 1.93290e-20 2.09913e-20 2.20106e-20 
100.00000   8.70341e-22 1.28022e-21 1.40510e-21 1.59641e-21 1.65545e-21 1.68408e-21 1.75783e-21 1.83954e-21 

         23
          400.0
  0.00001   2.09064e-26 7.95703e-26 7.01477e-25 3.59872e-23 7.17541e-22 3.71567e-21 5.23273e-20 6.73614e-19 
  0.00010   1.85496e-25 6.08940e-25 3.68188e-24 8.37855e-23 9.53428e-22 4.03712e-21 5.33170e-20 6.73227e-19 
  0.00100   1.70156e-24 5.14107e-24 2.52529e-23 3.61616e-22 2.80355e-21 7.38590e-21 6.28727e-20 6.74566e-19 
  0.01000   1.60930e-23 4.65339e-23 2.02230e-22 2.20957e-21 1.30710e-20 2.63718e-20 1.15528e-19 6.94456e-19 
  0.10000   1.49199e-22 3.99632e-22 1.44534e-21 1.26005e-20 5.73213e-20 8.74333e-20 1.82417e-19 4.78344e-19 
  1.00000   1.15615e-21 2.56758e-21 7.03370e-21 2.75124e-20 4.96820e-20 6.29797e-20 1.00690e-19 1.52300e-19 
 10.00000   3.58442e-21 7.31993e-21 1.17904e-20 1.72336e-20 2.15746e-20 2.23191e-20 2.42502e-20 2.56313e-20 
100.00000   1.35516e-21 1.81010e-21 1.92182e-21 2.05062e-21 2.10137e-21 2.13395e-21 2.21711e-21 2.31088e-21 

         23
          600.0
  0.00001   4.41767e-26 1.76680e-25 3.01232e-24 2.71058e-22 4.69989e-21 2.36315e-20 1.51090e-19 9.68321e-19 
  0.00010   3.95347e-25 1.26664e-24 1.09872e-23 3.52048e-22 4.92185e-21 2.38620e-20 1.51278e-19 9.67218e-19 
  0.00100   3.61173e-24 9.99527e-24 5.66727e-23 8.50332e-22 7.24367e-21 2.69111e-20 1.54130e-19 9.58256e-19 
  0.01000   3.37336e-23 8.46975e-23 3.74389e-22 4.01395e-21 2.52335e-20 5.42066e-20 1.92972e-19 9.43476e-19 
  0.10000   3.02338e-22 6.94384e-22 2.55969e-21 2.03077e-20 7.84093e-20 1.19612e-19 2.40119e-19 6.17500e-19 
  1.00000   2.28582e-21 4.29743e-21 1.03652e-20 3.65112e-20 6.64493e-20 8.17988e-20 1.33017e-19 1.85054e-19 
 10.00000   7.16505e-21 1.10724e-20 1.55622e-20 2.46174e-20 2.82951e-20 2.91978e-20 3.12375e-20 3.38056e-20 
100.00000   3.63518e-21 3.73620e-21 3.88165e-21 4.12619e-21 4.24016e-21 4.25479e-21 4.26934e-21 4.27555e-21 

         24
          100.0
  0.00001   1.52250e-26 7.70053e-26 4.46712e-25 8.08298e-24 8.44796e-23 2.58101e-22 3.68988e-21 1.41441e-19 
  0.00010   1.48365e-25 7.43505e-25 4.10533e-24 6.36884e-23 4.93284e-22 1.10817e-21 8.63810e-21 1.87334e-19 
  0.00100   1.45114e-24 7.29588e-24 3.89732e-23 5.38103e-22 3.39759e-21 6.72524e-21 3.71488e-20 4.30143e-19 
  0.01000   1.39522e-23 7.06460e-23 3.55485e-22 4.36275e-21 2.50595e-20 4.67041e-20 1.74603e-19 1.02954e-18 
  0.10000   1.19823e-22 5.91728e-22 2.69998e-21 2.62815e-20 9.19802e-20 1.27482e-19 2.43103e-19 7.07142e-19 
  1.00000   7.12576e-22 4.09976e-21 1.14348e-20 3.30623e-20 8.45589e-20 1.02359e-19 1.45205e-19 1.83638e-19 
 10.00000   1.83716e-21 3.01014e-21 1.02552e-20 2.15423e-20 2.50300e-20 2.54434e-20 2.58241e-20 2.59685e-20 
100.00000   2.57578e-23 3.79177e-23 1.12959e-22 2.06961e-22 2.27741e-22 2.32098e-22 2.38302e-22 2.44528e-22 

         24
          150.0
  0.00001   3.50909e-26 1.46758e-25 8.43137e-25 1.74851e-23 2.15976e-22 7.19456e-22 1.63032e-20 6.26505e-19 
  0.00010   3.40638e-25 1.38226e-24 7.41723e-24 1.17874e-22 9.27392e-22 2.21037e-21 2.62563e-20 6.57972e-19 
  0.00100   3.31859e-24 1.33117e-23 6.81301e-23 8.91208e-22 5.39837e-21 1.13777e-20 8.07718e-20 9.16969e-19 
  0.01000   3.17981e-23 1.28768e-22 6.13871e-22 7.06248e-21 3.86788e-20 7.61286e-20 2.93567e-19 1.49979e-18 
  0.10000   2.74739e-22 1.10348e-21 4.72292e-21 4.22811e-20 1.42894e-19 1.96252e-19 3.38086e-19 8.31792e-19 
  1.00000   1.81772e-21 7.59818e-21 1.94849e-20 4.98272e-20 1.07511e-19 1.21239e-19 1.61939e-19 2.12658e-19 
 10.00000   5.30692e-21 8.62344e-21 1.86663e-20 2.91856e-20 3.65565e-20 3.75555e-20 3.84528e-20 3.87539e-20 
100.00000   1.73397e-22 1.95269e-22 4.14649e-22 5.99476e-22 6.38483e-22 6.45478e-22 6.55597e-22 6.63324e-22 

         24
          200.0
  0.00001   4.93033e-26 1.97903e-25 1.22338e-24 3.14840e-23 4.43955e-22 1.67301e-21 4.63506e-20 1.22190e-18 
  0.00010   4.72216e-25 1.81714e-24 1.01180e-23 1.70906e-22 1.37099e-21 3.60390e-21 5.89932e-20 1.23630e-18 
  0.00100   4.56661e-24 1.71805e-23 8.90360e-23 1.13164e-21 6.93491e-21 1.53475e-20 1.29488e-19 1.38961e-18 
  0.01000   4.41523e-23 1.64766e-22 7.81988e-22 8.72135e-21 4.74828e-20 9.45441e-20 3.69567e-19 1.78114e-18 
  0.10000   3.85254e-22 1.40275e-21 6.11907e-21 5.15470e-20 1.69188e-19 2.35680e-19 4.01128e-19 8.70888e-19 
  1.00000   2.81824e-21 9.47564e-21 2.48217e-20 6.26452e-20 1.15342e-19 1.28709e-19 1.56478e-19 2.07795e-19 
 10.00000   8.11647e-21 1.36461e-20 2.42353e-20 3.25606e-20 4.16077e-20 4.30600e-20 4.44216e-20 4.48585e-20 
100.00000   4.61149e-22 5.09348e-22 9.17283e-22 1.14630e-21 1.18884e-21 1.19426e-21 1.20291e-21 1.20920e-21 

         24
          250.0
  0.00001   5.81582e-26 2.37385e-25 1.62335e-24 5.41568e-23 8.73294e-22 3.71743e-21 9.68978e-20 1.66082e-18 
  0.00010   5.43968e-25 2.11684e-24 1.24449e-23 2.29176e-22 1.93810e-21 5.75918e-21 1.08384e-19 1.66443e-18 
  0.00100   5.18159e-24 1.96908e-23 1.04558e-22 1.32345e-21 8.37614e-21 1.93331e-20 1.79426e-19 1.73907e-18 
  0.01000   5.02299e-23 1.86406e-22 8.90299e-22 9.75014e-21 5.47838e-20 1.06565e-19 4.24782e-19 1.95029e-18 
  0.10000   4.44826e-22 1.55530e-21 7.00776e-21 5.78696e-20 1.81660e-19 2.53024e-19 4.40562e-19 8.88954e-19 
  1.00000   3.47062e-21 1.07322e-20 2.79443e-20 7.04703e-20 1.17563e-19 1.32383e-19 1.51245e-19 1.95280e-19 
 10.00000   1.00409e-20 1.73788e-20 2.78213e-20 3.51467e-20 4.34226e-20 4.51104e-20 4.68856e-20 4.74302e-20 
100.00000   8.35092e-22 9.42303e-22 1.61600e-21 1.80732e-21 1.85001e-21 1.85283e-21 1.85730e-21 1.86178e-21 

         24
          300.0
  0.00001   6.57161e-26 2.77135e-25 2.07361e-24 9.02246e-23 1.74628e-21 7.68723e-21 1.58425e-19 1.93364e-18 
  0.00010   6.00583e-25 2.36529e-24 1.46055e-23 2.98535e-22 2.84386e-21 9.58748e-21 1.66553e-19 1.93565e-18 
  0.00100   5.61814e-24 2.15533e-23 1.16931e-22 1.50723e-21 9.88542e-21 2.45725e-20 2.28883e-19 1.97612e-18 
  0.01000   5.36949e-23 2.01009e-22 9.67780e-22 1.04083e-20 6.01400e-20 1.16573e-19 4.69091e-19 2.04796e-18 
  0.10000   4.79854e-22 1.65592e-21 7.54815e-21 6.21432e-20 1.92102e-19 2.65093e-19 4.54400e-19 9.05384e-19 
  1.00000   3.73809e-21 1.13893e-20 3.01166e-20 7.40455e-20 1.18412e-19 1.30912e-19 1.51553e-19 1.85985e-19 
 10.00000   1.13554e-20 1.99291e-20 2.99917e-20 3.78770e-20 4.38532e-20 4.53821e-20 4.75176e-20 4.81421e-20 
100.00000   1.25231e-21 1.43426e-21 2.44645e-21 2.58178e-21 2.64527e-21 2.65194e-21 2.65638e-21 2.65941e-21 

         24
          350.0
  0.00001   7.20522e-26 3.29166e-25 2.70034e-24 1.47770e-22 3.32204e-21 1.46546e-20 2.19867e-19 2.08598e-18 
  0.00010   6.50457e-25 2.61628e-24 1.69531e-23 3.84791e-22 4.40490e-21 1.62971e-20 2.25323e-19 2.08423e-18 
  0.00100   6.03843e-24 2.30304e-23 1.26451e-22 1.68819e-21 1.21400e-20 3.21171e-20 2.75026e-19 2.08025e-18 
  0.01000   5.75208e-23 2.11879e-22 1.01361e-21 1.09450e-20 6.42302e-20 1.26185e-19 4.95778e-19 2.05116e-18 
  0.10000   5.10556e-22 1.73139e-21 7.77611e-21 6.44491e-20 1.99708e-19 2.75110e-19 4.58998e-19 9.25336e-19 
  1.00000   3.75036e-21 1.16694e-20 3.20421e-20 7.55067e-20 1.15231e-19 1.26917e-19 1.53675e-19 1.93878e-19 
 10.00000   1.22759e-20 2.13441e-20 3.22495e-20 4.09135e-20 4.44030e-20 4.48658e-20 4.71764e-20 4.78419e-20 
100.00000   1.68914e-21 1.94139e-21 3.21232e-21 3.58281e-21 3.63633e-21 3.64173e-21 3.64750e-21 3.65179e-21 

         24
          400.0
  0.00001   8.05444e-26 3.98623e-25 3.64724e-24 2.35555e-22 5.83833e-21 2.47967e-20 2.75780e-19 2.14221e-18 
  0.00010   7.09667e-25 2.97573e-24 2.01187e-23 4.92654e-22 6.98730e-21 2.62083e-20 2.80029e-19 2.14172e-18 
  0.00100   6.44834e-24 2.48197e-23 1.37509e-22 1.92701e-21 1.51780e-20 4.21330e-20 3.19264e-19 2.12282e-18 
  0.01000   6.06886e-23 2.23173e-22 1.06465e-21 1.15423e-20 6.79617e-20 1.35329e-19 5.10239e-19 2.02381e-18 
  0.10000   5.41784e-22 1.80582e-21 7.96707e-21 6.50322e-20 2.01177e-19 2.78068e-19 4.64022e-19 9.25513e-19 
  1.00000   3.86294e-21 1.16494e-20 3.30611e-20 7.76120e-20 1.14092e-19 1.24674e-19 1.54006e-19 1.94120e-19 
 10.00000   1.29035e-20 2.20229e-20 3.28625e-20 4.25779e-20 4.60080e-20 4.65195e-20 4.86274e-20 4.95592e-20 
100.00000   2.09932e-21 2.41746e-21 3.92261e-21 4.64880e-21 4.72333e-21 4.72674e-21 4.73092e-21 4.73410e-21 

         24
          600.0
  0.00001   1.31514e-25 6.99578e-25 1.42748e-23 1.32402e-21 3.33244e-20 1.01392e-19 4.63702e-19 2.13403e-18 
  0.00010   1.05194e-24 4.75324e-24 4.39952e-23 1.60300e-21 3.45582e-20 1.02395e-19 4.64426e-19 2.13054e-18 
  0.00100   8.93398e-24 3.54598e-23 2.08740e-22 3.48214e-21 4.27459e-20 1.11661e-19 4.76223e-19 2.09675e-18 
  0.01000   7.94711e-23 2.86582e-22 1.30441e-21 1.52167e-20 9.20639e-20 1.77042e-19 5.49107e-19 1.85240e-18 
  0.10000   6.84595e-22 2.18256e-21 8.97981e-21 6.49993e-20 2.02189e-19 2.74432e-19 4.62830e-19 8.66469e-19 
  1.00000   4.45983e-21 1.21941e-20 3.33307e-20 7.73577e-20 1.13840e-19 1.24822e-19 1.48397e-19 1.97739e-19 
 10.00000   1.42029e-20 2.35712e-20 3.24149e-20 4.35478e-20 5.53371e-20 6.01304e-20 6.42862e-20 6.53889e-20 
100.00000   3.74658e-21 4.28532e-21 6.47428e-21 9.20016e-21 9.65405e-21 9.70653e-21 9.75508e-21 9.77399e-21 

         25
          100.0
  0.00001   2.06368e-26 1.91563e-25 8.77273e-25 1.28447e-23 1.15781e-22 2.87511e-22 4.26381e-21 1.51025e-19 
  0.00010   2.04735e-25 1.88856e-24 8.50079e-24 1.15771e-22 9.24061e-22 1.97483e-21 1.29213e-20 2.93469e-19 
  0.00100   2.03684e-24 1.87149e-23 8.31023e-23 1.09205e-21 7.56942e-21 1.47681e-20 6.77285e-20 1.25640e-18 
  0.01000   2.02100e-23 1.84080e-22 7.98522e-22 9.53301e-21 5.87617e-20 1.10421e-19 4.23809e-19 3.25699e-18 
  0.10000   1.91817e-22 1.69009e-21 6.71677e-21 6.13489e-20 2.61006e-19 3.83286e-19 6.91100e-19 1.94374e-18 
  1.00000   1.38232e-21 1.11566e-20 3.84534e-20 1.01477e-19 1.68530e-19 1.96821e-19 2.60627e-19 3.27374e-19 
 10.00000   4.65464e-21 2.05246e-20 2.96996e-20 3.28111e-20 3.88569e-20 4.11936e-20 4.49662e-20 4.74329e-20 
100.00000   8.86454e-23 1.88299e-22 2.78107e-22 3.50905e-22 3.61761e-22 3.65911e-22 3.69266e-22 3.73262e-22 

         25
          150.0
  0.00001   1.58910e-26 1.46268e-25 6.63712e-25 1.12041e-23 1.12704e-22 3.28865e-22 8.37068e-21 3.30741e-19 
  0.00010   1.56654e-25 1.39805e-24 6.20905e-24 9.28221e-23 7.79734e-22 1.74434e-21 1.58963e-20 4.14901e-19 
  0.00100   1.55214e-24 1.36104e-23 5.94719e-23 8.34338e-22 6.03920e-21 1.15564e-20 6.00970e-20 1.06931e-18 
  0.01000   1.52986e-23 1.31702e-22 5.65737e-22 7.33167e-21 4.52727e-20 8.32833e-20 3.42332e-19 2.65426e-18 
  0.10000   1.43483e-22 1.21101e-21 4.74696e-21 4.86365e-20 2.05569e-19 3.07570e-19 5.96220e-19 1.49689e-18 
  1.00000   1.09532e-21 7.66028e-21 2.81684e-20 9.05724e-20 1.57796e-19 1.75405e-19 2.18085e-19 2.77588e-19 
 10.00000   3.35703e-21 1.92889e-20 3.02749e-20 3.64014e-20 4.17427e-20 4.30724e-20 4.88579e-20 5.32854e-20 
100.00000   1.51329e-22 3.49323e-22 5.99750e-22 7.20738e-22 7.37297e-22 7.41814e-22 7.46828e-22 7.55336e-22 

         25
          200.0
  0.00001   1.29131e-26 1.15970e-25 5.67236e-25 1.06624e-23 1.22134e-22 4.10601e-22 1.27911e-20 5.06465e-19 
  0.00010   1.26209e-25 1.09354e-24 4.98975e-24 7.91621e-23 6.89869e-22 1.65584e-21 1.86569e-20 5.40796e-19 
  0.00100   1.23577e-24 1.05064e-23 4.60827e-23 6.62604e-22 4.82727e-21 9.44920e-21 5.48255e-20 9.32457e-19 
  0.01000   1.21107e-23 1.01094e-22 4.32269e-22 5.68412e-21 3.55727e-20 6.45751e-20 2.73102e-19 2.18849e-18 
  0.10000   1.11960e-22 9.30219e-22 3.62186e-21 3.84325e-20 1.65610e-19 2.54164e-19 5.24680e-19 1.29686e-18 
  1.00000   9.24878e-22 5.81838e-21 2.08068e-20 8.11472e-20 1.47534e-19 1.62833e-19 1.94119e-19 2.36081e-19 
 10.00000   2.55882e-21 1.57216e-20 2.82313e-20 3.80672e-20 4.42212e-20 4.52341e-20 4.89886e-20 5.34054e-20 
100.00000   2.07487e-22 4.87388e-22 9.51870e-22 1.16306e-21 1.22478e-21 1.22824e-21 1.23322e-21 1.24131e-21 

         25
          250.0
  0.00001   1.13792e-26 9.51279e-26 5.27815e-25 1.12877e-23 1.49093e-22 5.55512e-22 1.68663e-20 5.85180e-19 
  0.00010   1.08835e-25 8.89862e-25 4.31696e-24 7.18868e-23 6.62479e-22 1.72619e-21 2.16389e-20 6.01033e-19 
  0.00100   1.05091e-24 8.46392e-24 3.79732e-23 5.53720e-22 4.00487e-21 8.09652e-21 5.13901e-20 8.37051e-19 
  0.01000   1.02172e-23 8.12802e-23 3.48185e-22 4.53577e-21 2.84014e-20 5.17343e-20 2.20709e-19 1.81861e-18 
  0.10000   9.13361e-23 7.50173e-22 2.88709e-21 3.07048e-20 1.37204e-19 2.15179e-19 4.59814e-19 1.20561e-18 
  1.00000   7.69281e-22 4.54171e-21 1.59268e-20 7.16746e-20 1.33077e-19 1.51719e-19 1.81386e-19 2.12533e-19 
 10.00000   2.10112e-21 1.27240e-20 2.52941e-20 3.76323e-20 4.67311e-20 4.82627e-20 4.95794e-20 5.23361e-20 
100.00000   2.56385e-22 6.03651e-22 1.27084e-21 1.66276e-21 1.82277e-21 1.82799e-21 1.83398e-21 1.84050e-21 

         25
          300.0
  0.00001   1.10147e-26 8.25069e-26 5.25105e-25 1.32623e-23 1.97916e-22 8.06883e-22 2.18916e-20 6.13499e-19 
  0.00010   1.00623e-25 7.52124e-25 3.98166e-24 6.86098e-23 6.78858e-22 1.94618e-21 2.59957e-20 6.24085e-19 
  0.00100   9.54787e-25 7.03263e-24 3.31727e-23 4.82935e-22 3.55540e-21 7.36852e-21 4.98550e-20 7.90649e-19 
  0.01000   9.16072e-24 6.66400e-23 2.94654e-22 3.77792e-21 2.31429e-20 4.27803e-20 1.83596e-19 1.54829e-18 
  0.10000   7.75506e-23 6.18342e-22 2.38877e-21 2.50015e-20 1.14615e-19 1.81391e-19 4.05542e-19 1.09203e-18 
  1.00000   6.23559e-22 3.56860e-21 1.28751e-20 6.36956e-20 1.19714e-19 1.38679e-19 1.68507e-19 2.03183e-19 
 10.00000   1.82528e-21 1.03945e-20 2.21808e-20 3.60205e-20 4.71746e-20 4.88296e-20 5.10380e-20 5.18606e-20 
100.00000   2.98443e-22 6.99606e-22 1.55000e-21 2.18904e-21 2.45666e-21 2.46710e-21 2.47863e-21 2.49681e-21 

         25
          350.0
  0.00001   1.17918e-26 7.60993e-26 5.66877e-25 1.70352e-23 2.77505e-22 1.19598e-21 2.83979e-20 6.45044e-19 
  0.00010   1.00177e-25 6.69993e-25 3.84865e-24 6.90155e-23 7.01907e-22 2.21288e-21 3.14643e-20 6.50841e-19 
  0.00100   9.05246e-25 6.07146e-24 3.02288e-23 4.30688e-22 3.32970e-21 7.15905e-21 4.98275e-20 7.74124e-19 
  0.01000   8.62442e-24 5.59576e-23 2.59480e-22 3.28117e-21 1.95661e-20 3.63024e-20 1.55769e-19 1.35025e-18 
  0.10000   7.23643e-23 5.07484e-22 2.06526e-21 2.06460e-20 9.64316e-20 1.53617e-19 3.50039e-19 1.00555e-18 
  1.00000   5.25897e-22 2.99061e-21 1.06892e-20 5.57450e-20 1.11096e-19 1.25880e-19 1.56373e-19 1.98669e-19 
 10.00000   1.65017e-21 8.61051e-21 1.94015e-20 3.40590e-20 4.62834e-20 4.79423e-20 5.12735e-20 5.22294e-20 
100.00000   3.34969e-22 7.78090e-22 1.78573e-21 2.69804e-21 3.07872e-21 3.10744e-21 3.13579e-21 3.17873e-21 

         25
          400.0
  0.00001   1.21441e-26 7.44908e-26 6.47583e-25 2.39279e-23 4.14207e-22 1.74602e-21 3.38812e-20 6.40867e-19 
  0.00010   1.06266e-25 6.22114e-25 3.98067e-24 7.61793e-23 7.86231e-22 2.57359e-21 3.59049e-20 6.49294e-19 
  0.00100   9.21478e-25 5.52253e-24 2.89144e-23 4.03427e-22 3.16524e-21 7.22543e-21 5.06014e-20 7.59811e-19 
  0.01000   8.52414e-24 4.96406e-23 2.39034e-22 2.93863e-21 1.74513e-20 3.19990e-20 1.34109e-19 1.20554e-18 
  0.10000   7.22024e-23 4.37037e-22 1.88971e-21 1.75486e-20 8.17183e-20 1.30692e-19 3.09867e-19 9.38014e-19 
  1.00000   4.87509e-22 2.62064e-21 9.10305e-21 4.95561e-20 1.01703e-19 1.18173e-19 1.45878e-19 1.90585e-19 
 10.00000   1.54720e-21 7.27494e-21 1.71125e-20 3.27754e-20 4.46390e-20 4.64380e-20 5.02357e-20 5.13508e-20 
100.00000   3.66379e-22 8.39365e-22 1.95095e-21 3.14628e-21 3.64646e-21 3.69236e-21 3.74902e-21 3.81746e-21 

         25
          600.0
  0.00001   1.29172e-26 8.84072e-26 1.25305e-24 1.00000e-22 1.76308e-21 6.03948e-21 5.03192e-20 6.28201e-19 
  0.00010   1.13191e-25 6.37319e-25 5.47435e-24 1.54871e-22 1.98060e-21 6.36594e-21 5.07917e-20 6.30913e-19 
  0.00100   1.01976e-24 4.88565e-24 3.04732e-23 4.46611e-22 3.52662e-21 9.29945e-21 5.61461e-20 6.63775e-19 
  0.01000   9.25337e-24 4.00748e-23 2.06091e-22 2.29261e-21 1.34067e-20 2.46082e-20 9.15142e-20 8.28199e-19 
  0.10000   7.86142e-23 3.24255e-22 1.45010e-21 1.19576e-20 4.66700e-20 7.39684e-20 1.92091e-19 6.91593e-19 
  1.00000   5.07957e-22 2.00599e-21 5.94989e-21 3.09159e-20 7.24399e-20 8.88145e-20 1.13646e-19 1.60251e-19 
 10.00000   1.41372e-21 4.37961e-21 1.11183e-20 2.76195e-20 3.62867e-20 3.77880e-20 4.22873e-20 4.37169e-20 
100.00000   4.83109e-22 1.01638e-21 2.33793e-21 4.46257e-21 5.48710e-21 5.61789e-21 5.81498e-21 6.01593e-21 

         26
          100.0
  0.00001   3.86166e-26 2.00694e-25 8.89324e-25 1.38691e-23 1.33795e-22 4.03141e-22 7.80633e-21 2.35943e-19 
  0.00010   3.83340e-25 1.99148e-24 8.68227e-24 1.24128e-22 9.73360e-22 2.21047e-21 1.80135e-20 3.52450e-19 
  0.00100   3.81004e-24 1.98000e-23 8.51014e-23 1.12443e-21 7.26540e-21 1.46189e-20 8.14635e-20 9.77818e-19 
  0.01000   3.78206e-23 1.95652e-22 8.09907e-22 9.64462e-21 5.49700e-20 1.05655e-19 4.02349e-19 2.35900e-18 
  0.10000   3.63563e-22 1.78401e-21 6.75121e-21 6.04904e-20 2.01636e-19 3.01503e-19 5.32338e-19 1.46916e-18 
  1.00000   2.82779e-21 1.22195e-20 3.21530e-20 7.36326e-20 1.42747e-19 1.84141e-19 2.47491e-19 3.92071e-19 
 10.00000   6.34452e-21 1.04509e-20 2.28258e-20 3.33183e-20 4.51062e-20 4.61270e-20 4.70815e-20 4.75290e-20 
100.00000   6.66348e-23 1.73979e-22 2.55895e-22 3.26599e-22 3.63107e-22 3.65635e-22 3.67771e-22 3.68872e-22 

         26
          150.0
  0.00001   5.38922e-26 2.05719e-25 9.64887e-25 1.73114e-23 1.93588e-22 7.56399e-22 2.50328e-20 7.48656e-19 
  0.00010   5.32181e-25 2.02118e-24 9.10246e-24 1.39652e-22 1.17082e-21 2.99227e-21 3.75112e-20 8.14926e-19 
  0.00100   5.28140e-24 1.99632e-23 8.71246e-23 1.20597e-21 7.98477e-21 1.67880e-20 1.01531e-19 1.29768e-18 
  0.01000   5.22721e-23 1.96588e-22 8.21562e-22 1.02069e-20 5.85480e-20 1.09953e-19 4.14318e-19 2.27359e-18 
  0.10000   4.95112e-22 1.80256e-21 6.60283e-21 6.24605e-20 2.07475e-19 2.99593e-19 5.24639e-19 1.30351e-18 
  1.00000   3.74934e-21 1.20664e-20 3.24158e-20 7.89625e-20 1.39260e-19 1.65150e-19 2.15296e-19 3.50630e-19 
 10.00000   9.68040e-21 1.61406e-20 2.68177e-20 3.91674e-20 4.90645e-20 5.08167e-20 5.25158e-20 5.34480e-20 
100.00000   2.50238e-22 4.55977e-22 5.94059e-22 6.91215e-22 7.48062e-22 7.52021e-22 7.55138e-22 7.56613e-22 

         26
          200.0
  0.00001   6.41155e-26 1.99148e-25 1.01779e-24 2.17191e-23 2.74423e-22 1.32755e-21 5.21608e-20 1.24153e-18 
  0.00010   6.28217e-25 1.93139e-24 9.27774e-24 1.53528e-22 1.29021e-21 3.65732e-21 6.45865e-20 1.28457e-18 
  0.00100   6.22120e-24 1.89441e-23 8.68376e-23 1.22002e-21 8.05420e-21 1.78734e-20 1.24591e-19 1.53435e-18 
  0.01000   6.14547e-23 1.85688e-22 8.08562e-22 1.01087e-20 5.79279e-20 1.08654e-19 4.09179e-19 2.13290e-18 
  0.10000   5.83126e-22 1.68400e-21 6.47538e-21 6.04511e-20 2.03997e-19 2.87450e-19 5.03196e-19 1.21542e-18 
  1.00000   4.43143e-21 1.11818e-20 2.93475e-20 8.30706e-20 1.38529e-19 1.58554e-19 1.97211e-19 3.00107e-19 
 10.00000   1.19643e-20 2.05766e-20 2.72771e-20 4.15952e-20 4.76703e-20 4.97918e-20 5.23136e-20 5.36443e-20 
100.00000   5.95262e-22 8.42287e-22 1.03175e-21 1.11985e-21 1.17191e-21 1.17646e-21 1.18044e-21 1.18219e-21 

         26
          250.0
  0.00001   6.63597e-26 1.96092e-25 1.07552e-24 2.76891e-23 4.14113e-22 2.30899e-21 8.47761e-20 1.51360e-18 
  0.00010   6.42909e-25 1.86553e-24 9.33808e-24 1.69073e-22 1.44016e-21 4.48244e-21 9.47945e-20 1.53535e-18 
  0.00100   6.31738e-24 1.81337e-23 8.51896e-23 1.21091e-21 7.90325e-21 1.85794e-20 1.50967e-19 1.63256e-18 
  0.01000   6.22774e-23 1.77109e-22 7.81160e-22 9.59565e-21 5.51861e-20 1.05647e-19 3.99532e-19 1.98447e-18 
  0.10000   5.95456e-22 1.59374e-21 6.27761e-21 5.76861e-20 1.94658e-19 2.73028e-19 4.81172e-19 1.15414e-18 
  1.00000   4.70875e-21 1.04834e-20 2.61200e-20 8.30682e-20 1.35679e-19 1.56203e-19 1.85210e-19 2.57307e-19 
 10.00000   1.38065e-20 2.17198e-20 2.72837e-20 4.13708e-20 4.58175e-20 4.73858e-20 5.04301e-20 5.20482e-20 
100.00000   1.08581e-21 1.27437e-21 1.49067e-21 1.60706e-21 1.64337e-21 1.64701e-21 1.65122e-21 1.65314e-21 

         26
          300.0
  0.00001   6.15338e-26 1.95527e-25 1.17544e-24 3.54938e-23 6.73907e-22 4.03523e-21 1.18638e-19 1.57311e-18 
  0.00010   5.88201e-25 1.80722e-24 9.46531e-24 1.86064e-22 1.68926e-21 5.86047e-21 1.25272e-19 1.57942e-18 
  0.00100   5.70291e-24 1.73137e-23 8.30863e-23 1.20684e-21 7.80388e-21 1.93832e-20 1.76091e-19 1.64058e-18 
  0.01000   5.58715e-23 1.68088e-22 7.50579e-22 8.94930e-21 5.18932e-20 1.00335e-19 3.82352e-19 1.83084e-18 
  0.10000   5.32383e-22 1.51625e-21 5.94653e-21 5.53539e-20 1.80189e-19 2.53601e-19 4.58421e-19 1.10474e-18 
  1.00000   4.39285e-21 9.84191e-21 2.39514e-20 7.92544e-20 1.33855e-19 1.51154e-19 1.75633e-19 2.27522e-19 
 10.00000   1.52010e-20 2.05724e-20 2.83672e-20 3.97763e-20 4.47892e-20 4.51556e-20 4.80318e-20 4.99237e-20 
100.00000   1.64093e-21 1.74958e-21 1.92243e-21 2.12078e-21 2.17856e-21 2.18433e-21 2.19129e-21 2.19371e-21 

         26
          350.0
  0.00001   5.92410e-26 1.98047e-25 1.32832e-24 4.57586e-23 1.13058e-21 6.86234e-21 1.48776e-19 1.56761e-18 
  0.00010   5.59169e-25 1.77085e-24 9.91027e-24 2.03435e-22 2.04565e-21 8.33813e-21 1.54013e-19 1.57209e-18 
  0.00100   5.37749e-24 1.65973e-23 8.22154e-23 1.20091e-21 7.85915e-21 2.06185e-20 1.95274e-19 1.58827e-18 
  0.01000   5.17207e-23 1.58351e-22 7.28336e-22 8.46079e-21 4.85211e-20 9.59884e-20 3.70923e-19 1.66111e-18 
  0.10000   4.88894e-22 1.41556e-21 5.62094e-21 5.15494e-20 1.65878e-19 2.32518e-19 4.29498e-19 1.06591e-18 
  1.00000   3.77815e-21 9.25932e-21 2.29964e-20 7.38917e-20 1.28779e-19 1.48231e-19 1.73682e-19 2.15622e-19 
 10.00000   1.57290e-20 1.97757e-20 2.75825e-20 3.76511e-20 4.29856e-20 4.33799e-20 4.54349e-20 4.77012e-20 
100.00000   2.10017e-21 2.22456e-21 2.33976e-21 2.62515e-21 2.68395e-21 2.69272e-21 2.70137e-21 2.70444e-21 

         26
          400.0
  0.00001   5.81523e-26 2.04758e-25 1.59276e-24 6.49255e-23 1.76958e-21 1.06883e-20 1.76558e-19 1.52713e-18 
  0.00010   5.45854e-25 1.78920e-24 1.06173e-23 2.23850e-22 2.59872e-21 1.19860e-20 1.80363e-19 1.52729e-18 
  0.00100   5.17644e-24 1.61433e-23 8.32475e-23 1.20053e-21 8.21249e-21 2.31515e-20 2.10226e-19 1.52221e-18 
  0.01000   4.96992e-23 1.50398e-22 7.11248e-22 8.10686e-21 4.54279e-20 9.19030e-20 3.54628e-19 1.51777e-18 
  0.10000   4.65006e-22 1.33775e-21 5.43157e-21 4.78111e-20 1.56543e-19 2.17606e-19 3.98694e-19 1.00579e-18 
  1.00000   3.39896e-21 8.70562e-21 2.18234e-20 6.93365e-20 1.20515e-19 1.39191e-19 1.73009e-19 2.08310e-19 
 10.00000   1.41676e-20 1.90971e-20 2.66450e-20 3.67268e-20 4.09850e-20 4.12117e-20 4.28133e-20 4.54945e-20 
100.00000   2.41875e-21 2.60913e-21 2.80233e-21 3.07440e-21 3.12182e-21 3.13276e-21 3.14198e-21 3.14566e-21 

         26
          600.0
  0.00001   5.71474e-26 2.44866e-25 3.91492e-24 3.39938e-22 6.84615e-21 3.38277e-20 2.45825e-19 1.22818e-18 
  0.00010   5.29891e-25 1.92289e-24 1.67139e-23 4.78921e-22 7.30469e-21 3.45400e-20 2.46744e-19 1.22611e-18 
  0.00100   4.97079e-24 1.61248e-23 9.66358e-23 1.35644e-21 1.17000e-20 4.10716e-20 2.53771e-19 1.21148e-18 
  0.01000   4.63377e-23 1.38378e-22 6.85827e-22 7.26109e-21 4.18052e-20 8.56860e-20 3.09865e-19 1.17252e-18 
  0.10000   4.19091e-22 1.14320e-21 4.98648e-21 3.72337e-20 1.21676e-19 1.70092e-19 3.03397e-19 7.80742e-19 
  1.00000   2.94468e-21 7.10276e-21 1.80065e-20 5.12149e-20 9.09262e-20 1.06172e-19 1.42516e-19 1.98299e-19 
 10.00000   1.02600e-20 1.57135e-20 2.26174e-20 3.24493e-20 3.46578e-20 3.53296e-20 3.65292e-20 3.77986e-20 
100.00000   3.18182e-21 3.91075e-21 4.27486e-21 4.47303e-21 4.53257e-21 4.57440e-21 4.62088e-21 4.64675e-21 

         27
          100.0
  0.00001   1.58701e-27 9.98513e-27 5.00008e-26 6.93119e-25 7.50767e-24 1.82481e-23 2.14544e-22 7.08136e-21 
  0.00010   1.57190e-26 9.89864e-26 4.83621e-25 6.21368e-24 5.63185e-23 1.23079e-22 6.96966e-22 1.25729e-20 
  0.00100   1.56320e-25 9.81432e-25 4.73420e-24 5.73812e-23 4.65605e-22 9.35397e-22 4.20386e-21 5.75365e-20 
  0.01000   1.55554e-24 9.71039e-24 4.55871e-23 5.16617e-22 3.63682e-21 6.88858e-21 2.58810e-20 2.25792e-19 
  0.10000   1.49782e-23 8.96420e-23 3.97775e-22 3.57298e-21 1.65354e-20 2.71909e-20 5.89705e-20 1.99773e-19 
  1.00000   1.33394e-22 6.71413e-22 2.13308e-21 7.08999e-21 1.91258e-20 2.37925e-20 4.32627e-20 5.74709e-20 
 10.00000   3.94897e-22 8.09333e-22 2.71721e-21 4.89840e-21 5.89538e-21 6.09521e-21 6.30712e-21 6.43167e-21 
100.00000   7.36522e-24 1.08897e-23 3.64268e-23 4.37445e-23 5.44871e-23 5.62537e-23 5.82175e-23 5.92181e-23 

         27
          150.0
  0.00001   3.80719e-27 2.07447e-26 9.52200e-26 1.58792e-24 1.84812e-23 6.72600e-23 1.46579e-21 4.31090e-20 
  0.00010   3.74609e-26 2.04016e-25 8.98403e-25 1.27629e-23 1.18888e-22 2.97273e-22 2.58806e-21 5.23337e-20 
  0.00100   3.70499e-25 2.01546e-24 8.63511e-24 1.10477e-22 8.69458e-22 1.73215e-21 8.65454e-21 1.22327e-19 
  0.01000   3.67195e-24 1.98641e-23 8.29082e-23 9.58441e-22 6.46088e-21 1.18223e-20 4.76570e-20 3.68919e-19 
  0.10000   3.51345e-23 1.87257e-22 7.14244e-22 6.57736e-21 3.01548e-20 4.82868e-20 9.37376e-20 3.07973e-19 
  1.00000   3.00699e-22 1.40048e-21 3.90562e-21 1.32983e-20 3.00625e-20 3.82241e-20 5.85662e-20 8.89483e-20 
 10.00000   1.10149e-21 2.50141e-21 5.03698e-21 8.25394e-21 1.08560e-20 1.11769e-20 1.15321e-20 1.16362e-20 
100.00000   4.67373e-23 7.08128e-23 1.55004e-22 1.84109e-22 2.16955e-22 2.22641e-22 2.28835e-22 2.31863e-22 

         27
          200.0
  0.00001   5.58050e-27 3.01652e-26 1.44251e-25 2.87408e-24 3.94050e-23 1.93636e-22 5.66422e-21 1.37403e-19 
  0.00010   5.40363e-26 2.91400e-25 1.29422e-24 2.03152e-23 1.91298e-22 5.81267e-22 7.22378e-21 1.46258e-19 
  0.00100   5.30543e-25 2.84883e-24 1.20612e-23 1.62630e-22 1.22483e-21 2.64409e-21 1.57243e-20 2.10629e-19 
  0.01000   5.18344e-24 2.79047e-23 1.13628e-22 1.35758e-21 8.65418e-21 1.59187e-20 6.57337e-20 4.56024e-19 
  0.10000   4.91545e-23 2.61405e-22 9.74027e-22 9.03339e-21 4.08753e-20 6.27706e-20 1.21425e-19 3.72018e-19 
  1.00000   4.24284e-22 1.90208e-21 5.31732e-21 1.83765e-20 3.83370e-20 4.86533e-20 6.50504e-20 9.95202e-20 
 10.00000   1.70682e-21 3.93754e-21 7.08463e-21 1.07747e-20 1.40059e-20 1.44571e-20 1.49560e-20 1.51098e-20 
100.00000   1.36678e-22 1.98290e-22 3.81912e-22 4.73924e-22 5.43140e-22 5.54896e-22 5.67522e-22 5.73489e-22 

         27
          250.0
  0.00001   7.95992e-27 3.85522e-26 2.10053e-25 5.04142e-24 8.53012e-23 4.98008e-22 1.43090e-20 2.83728e-19 
  0.00010   7.56917e-26 3.65553e-25 1.76481e-24 2.99255e-23 2.96787e-22 1.03791e-21 1.59274e-20 2.87771e-19 
  0.00100   7.35382e-25 3.52750e-24 1.57636e-23 2.17099e-22 1.62272e-21 3.83506e-21 2.69994e-20 3.25009e-19 
  0.01000   7.08941e-24 3.42359e-23 1.44042e-22 1.73623e-21 1.06508e-20 2.02010e-20 8.13480e-20 5.27917e-19 
  0.10000   6.57049e-23 3.16821e-22 1.21136e-21 1.11331e-20 4.94813e-20 7.39553e-20 1.49056e-19 4.15689e-19 
  1.00000   5.48364e-22 2.32857e-21 6.57606e-21 2.23940e-20 4.47286e-20 5.47160e-20 7.21069e-20 1.01634e-19 
 10.00000   2.23076e-21 5.02471e-21 8.90464e-21 1.33427e-20 1.65049e-20 1.69186e-20 1.73475e-20 1.77453e-20 
100.00000   2.91485e-22 3.94156e-22 7.31864e-22 9.23203e-22 1.02884e-21 1.04726e-21 1.06649e-21 1.07452e-21 

         27
          300.0
  0.00001   1.21037e-26 4.73862e-26 2.98523e-25 9.14725e-24 1.82681e-22 1.19408e-21 2.80845e-20 4.18639e-19 
  0.00010   1.13896e-25 4.41487e-25 2.34446e-24 4.30411e-23 4.72155e-22 1.73302e-21 2.91382e-20 4.20048e-19 
  0.00100   1.09400e-24 4.20255e-24 1.99406e-23 2.74533e-22 2.12411e-21 5.23419e-21 4.13965e-20 4.39423e-19 
  0.01000   1.05421e-23 4.02326e-23 1.77182e-22 2.06192e-21 1.25904e-20 2.48908e-20 9.85802e-20 5.97194e-19 
  0.10000   9.48861e-23 3.66519e-22 1.43716e-21 1.28859e-20 5.53620e-20 8.32374e-20 1.73713e-19 4.63812e-19 
  1.00000   6.98991e-22 2.75905e-21 7.68752e-21 2.63734e-20 4.97528e-20 5.89536e-20 7.92489e-20 1.03306e-19 
 10.00000   2.78484e-21 5.99546e-21 1.01610e-20 1.53651e-20 1.88353e-20 1.90295e-20 1.96774e-20 2.06444e-20 
100.00000   5.18792e-22 6.53377e-22 1.17830e-21 1.46408e-21 1.60591e-21 1.63071e-21 1.65587e-21 1.66438e-21 

         27
          350.0
  0.00001   1.58130e-26 5.87670e-26 4.16802e-25 1.63520e-23 4.00932e-22 2.40395e-21 4.57743e-20 5.30310e-19 
  0.00010   1.48177e-25 5.23064e-25 2.99595e-24 6.22959e-23 7.50365e-22 2.89238e-21 4.66725e-20 5.30597e-19 
  0.00100   1.41919e-24 4.83841e-24 2.41107e-23 3.41882e-22 2.70163e-21 6.76193e-21 5.89803e-20 5.40640e-19 
  0.01000   1.37332e-23 4.58446e-23 2.09768e-22 2.37313e-21 1.45359e-20 2.90035e-20 1.19094e-19 6.66284e-19 
  0.10000   1.25519e-22 4.19355e-22 1.67508e-21 1.44881e-20 5.93863e-20 9.07625e-20 1.93311e-19 5.04078e-19 
  1.00000   9.27953e-22 3.07845e-21 8.49753e-21 2.93578e-20 5.39570e-20 6.45731e-20 8.71287e-20 1.12746e-19 
 10.00000   3.54649e-21 6.84976e-21 1.13762e-20 1.68076e-20 2.03101e-20 2.06415e-20 2.36234e-20 2.49562e-20 
100.00000   8.07069e-22 9.68323e-22 1.67123e-21 2.03103e-21 2.20722e-21 2.23793e-21 2.26822e-21 2.27761e-21 

         27
          400.0
  0.00001   2.00404e-26 7.12378e-26 5.97499e-25 2.94176e-23 8.26069e-22 4.27436e-21 6.25805e-20 5.85556e-19 
  0.00010   1.86785e-25 6.10990e-25 3.82961e-24 8.71678e-23 1.18904e-21 4.69643e-21 6.35710e-20 5.87256e-19 
  0.00100   1.76593e-24 5.49519e-24 2.85849e-23 4.24736e-22 3.42449e-21 8.73937e-21 7.60421e-20 6.03389e-19 
  0.01000   1.67814e-23 5.10271e-23 2.39535e-22 2.69115e-21 1.65306e-20 3.28998e-20 1.36855e-19 7.06777e-19 
  0.10000   1.53997e-22 4.63602e-22 1.86851e-21 1.57014e-20 6.44422e-20 9.84682e-20 2.09809e-19 5.29949e-19 
  1.00000   1.08608e-21 3.37415e-21 9.29772e-21 3.15625e-20 5.87960e-20 6.94072e-20 9.11595e-20 1.26375e-19 
 10.00000   4.19135e-21 7.59711e-21 1.27130e-20 1.77310e-20 2.15730e-20 2.21897e-20 2.64662e-20 2.81918e-20 
100.00000   1.11512e-21 1.30816e-21 2.13721e-21 2.54604e-21 2.75385e-21 2.78941e-21 2.82459e-21 2.83478e-21 

         27
          600.0
  0.00001   3.35886e-26 1.26466e-25 2.07330e-24 2.52809e-22 5.89923e-21 2.11258e-20 1.40094e-19 8.16667e-19 
  0.00010   3.16766e-25 1.03444e-24 9.24564e-24 3.45267e-22 6.16335e-21 2.13357e-20 1.40613e-19 8.16312e-19 
  0.00100   3.01486e-24 8.61426e-24 5.24542e-23 8.73811e-22 8.57393e-21 2.41852e-20 1.45536e-19 8.17207e-19 
  0.01000   2.86915e-23 7.43829e-23 3.62232e-22 4.14987e-21 2.46887e-20 4.85471e-20 1.92089e-19 8.23046e-19 
  0.10000   2.58356e-22 6.15885e-22 2.59508e-21 1.94562e-20 7.25402e-20 1.08909e-19 2.34961e-19 5.95854e-19 
  1.00000   1.85062e-21 4.04227e-21 1.09796e-20 3.54204e-20 7.17914e-20 8.30258e-20 1.04433e-19 1.59572e-19 
 10.00000   6.29325e-21 1.01765e-20 1.52395e-20 1.96531e-20 2.35930e-20 2.51664e-20 3.17035e-20 3.49754e-20 
100.00000   2.46075e-21 2.76414e-21 3.67323e-21 4.21588e-21 4.53320e-21 4.58439e-21 4.63570e-21 4.64743e-21 

         28
          100.0
  0.00001   3.09589e-29 3.43139e-28 1.42154e-27 2.05513e-26 2.07373e-25 5.31704e-25 5.29991e-24 4.94537e-22 
  0.00010   3.07871e-28 3.40871e-27 1.40204e-26 1.90609e-25 1.54626e-24 3.53509e-24 2.25259e-23 8.01701e-22 
  0.00100   3.06743e-27 3.39296e-26 1.38910e-25 1.77431e-24 1.23280e-23 2.69052e-23 1.36294e-22 2.65609e-21 
  0.01000   3.04784e-26 3.36324e-25 1.36750e-24 1.59749e-23 1.00350e-22 2.03899e-22 8.45577e-22 7.70553e-21 
  0.10000   2.96943e-25 3.09222e-24 1.21403e-23 1.12771e-22 5.12220e-22 8.36178e-22 2.14282e-21 8.90435e-21 
  1.00000   2.50871e-24 2.46094e-23 6.78782e-23 2.69319e-22 9.37608e-22 1.25842e-21 2.09729e-21 2.84872e-21 
 10.00000   1.36156e-23 3.15812e-23 9.08622e-23 3.34486e-22 3.77603e-22 4.16507e-22 5.81868e-22 8.69959e-22 
100.00000   3.12248e-25 9.29713e-25 1.95567e-24 6.62147e-24 8.46999e-24 8.91977e-24 9.84179e-24 1.06464e-23 

         28
          150.0
  0.00001   2.27634e-28 1.44488e-27 5.62095e-27 9.44254e-26 1.09630e-24 3.25360e-24 5.39038e-23 6.66160e-21 
  0.00010   2.22487e-27 1.41327e-26 5.32268e-26 8.28115e-25 7.55404e-24 1.69014e-23 1.21072e-22 7.86288e-21 
  0.00100   2.19517e-26 1.39296e-25 5.15116e-25 7.42255e-24 5.27600e-23 1.09249e-22 5.60043e-22 1.51297e-20 
  0.01000   2.16497e-25 1.37850e-24 5.03070e-24 6.44756e-23 3.94905e-22 7.93232e-22 3.35347e-21 3.26793e-20 
  0.10000   2.13024e-24 1.29338e-23 4.37994e-23 4.68846e-22 2.20761e-21 3.48342e-21 7.99646e-21 3.11710e-20 
  1.00000   1.81337e-23 1.06636e-22 2.75922e-22 1.10141e-21 3.25260e-21 4.43377e-21 7.14646e-21 1.06861e-20 
 10.00000   1.05892e-22 2.24696e-22 4.44115e-22 1.11961e-21 1.50200e-21 1.60784e-21 1.85822e-21 3.10349e-21 
100.00000   5.02164e-24 1.37551e-23 1.90159e-23 4.82435e-23 6.04691e-23 6.30649e-23 6.79424e-23 7.22870e-23 

         28
          200.0
  0.00001   6.07340e-28 2.70401e-27 1.23227e-26 2.33107e-25 3.24892e-24 1.10714e-23 2.48878e-22 2.51263e-20 
  0.00010   5.91066e-27 2.58348e-26 1.10039e-25 1.78002e-24 1.80780e-23 4.38960e-23 3.79746e-22 2.71180e-20 
  0.00100   5.81214e-26 2.50921e-25 1.02711e-24 1.52130e-23 1.13690e-22 2.27648e-22 1.20692e-21 3.80565e-20 
  0.01000   5.67886e-25 2.45007e-24 9.81191e-24 1.28487e-22 7.79305e-22 1.51800e-21 6.37525e-21 6.92570e-20 
  0.10000   5.51763e-24 2.30894e-23 8.51547e-23 9.26978e-22 4.37066e-21 7.08061e-21 1.61165e-20 6.38327e-20 
  1.00000   4.74277e-23 1.81272e-22 5.34835e-22 2.45172e-21 6.63385e-21 8.62201e-21 1.33436e-20 2.13906e-20 
 10.00000   2.72791e-22 5.71732e-22 9.75068e-22 2.10236e-21 2.96248e-21 3.17976e-21 3.32201e-21 5.18504e-21 
100.00000   2.32685e-23 5.21644e-23 7.02651e-23 1.36227e-22 1.69393e-22 1.76051e-22 1.88118e-22 2.00249e-22 

         28
          250.0
  0.00001   1.07587e-27 4.14539e-27 2.25953e-26 5.16307e-25 8.71095e-24 3.35207e-23 8.07883e-22 5.29853e-20 
  0.00010   1.03685e-26 3.85190e-26 1.82091e-25 3.07802e-24 3.40907e-23 9.24501e-23 1.00750e-21 5.48696e-20 
  0.00100   1.01383e-25 3.68268e-25 1.60461e-24 2.36504e-23 1.85882e-22 3.81969e-22 2.13483e-21 6.61565e-20 
  0.01000   9.85115e-25 3.53823e-24 1.47985e-23 1.94033e-22 1.17756e-21 2.22359e-21 9.17350e-21 1.05425e-19 
  0.10000   9.37489e-24 3.26681e-23 1.27486e-22 1.35736e-21 6.25737e-21 1.01769e-20 2.38748e-20 9.43380e-20 
  1.00000   8.12012e-23 2.36294e-22 7.70033e-22 3.84940e-21 9.93832e-21 1.23765e-20 1.80925e-20 3.16567e-20 
 10.00000   4.50610e-22 9.09466e-22 1.46868e-21 3.13455e-21 4.20681e-21 4.63422e-21 4.94432e-21 6.66881e-21 
100.00000   5.84884e-23 1.13501e-22 1.55846e-22 2.59267e-22 3.22737e-22 3.35315e-22 3.58079e-22 3.84402e-22 

         28
          300.0
  0.00001   1.56440e-27 5.94459e-27 4.07226e-26 1.23124e-24 2.37225e-23 1.01782e-22 2.14818e-21 8.24196e-20 
  0.00010   1.47409e-26 5.30676e-26 2.84751e-25 5.26872e-24 6.32743e-23 1.81043e-22 2.31655e-21 8.30590e-20 
  0.00100   1.42194e-25 4.96723e-25 2.30666e-24 3.33820e-23 2.73249e-22 6.13878e-22 3.62067e-21 9.36087e-20 
  0.01000   1.38196e-24 4.72132e-24 2.03319e-23 2.59062e-22 1.59048e-21 2.96462e-21 1.21043e-20 1.36732e-19 
  0.10000   1.29568e-23 4.24170e-23 1.69677e-22 1.75109e-21 7.94028e-21 1.25036e-20 2.99327e-20 1.20023e-19 
  1.00000   1.13591e-22 2.95342e-22 9.97279e-22 5.02159e-21 1.21303e-20 1.55528e-20 2.11668e-20 4.16052e-20 
 10.00000   6.05516e-22 1.16387e-21 1.90333e-21 3.94456e-21 5.23118e-21 5.77236e-21 6.30868e-21 7.71504e-21 
100.00000   1.07866e-22 1.91105e-22 2.62515e-22 4.09149e-22 5.10099e-22 5.30324e-22 5.67473e-22 6.15198e-22 

         28
          350.0
  0.00001   2.03660e-27 8.53840e-27 7.08150e-26 3.08638e-24 6.03787e-23 2.67227e-22 4.59638e-21 1.09840e-19 
  0.00010   1.95897e-26 7.02655e-26 4.54850e-25 9.55596e-24 1.19380e-22 3.53616e-22 4.78220e-21 1.10579e-19 
  0.00100   1.89312e-25 6.26267e-25 3.37353e-24 4.81057e-23 3.88709e-22 9.23416e-22 6.20408e-21 1.20584e-19 
  0.01000   1.83440e-24 5.85768e-24 2.78643e-23 3.31878e-22 2.02737e-21 3.82547e-21 1.51829e-20 1.59531e-19 
  0.10000   1.71873e-23 5.14418e-23 2.18312e-22 2.14501e-21 9.45099e-21 1.46083e-20 3.48856e-20 1.41029e-19 
  1.00000   1.44821e-22 3.59138e-22 1.20946e-21 5.97328e-21 1.38047e-20 1.72946e-20 2.46044e-20 4.85233e-20 
 10.00000   7.34681e-22 1.36556e-21 2.25433e-21 4.55519e-21 6.32376e-21 6.67642e-21 7.43170e-21 8.52659e-21 
100.00000   1.67610e-22 2.80811e-22 3.82990e-22 5.83678e-22 7.25509e-22 7.54702e-22 8.09495e-22 8.84983e-22 

         28
          400.0
  0.00001   2.67513e-27 1.21721e-26 1.15457e-25 7.27717e-24 1.42890e-22 5.81505e-22 7.98167e-21 1.44204e-19 
  0.00010   2.58667e-26 9.78502e-26 6.84705e-25 1.75331e-23 2.11798e-22 6.72439e-22 8.14091e-21 1.44804e-19 
  0.00100   2.49712e-25 8.17176e-25 4.75439e-24 7.04013e-23 5.54661e-22 1.31074e-21 9.53005e-21 1.49883e-19 
  0.01000   2.38929e-24 7.22390e-24 3.71459e-23 4.21333e-22 2.52965e-21 4.89611e-21 1.98866e-20 1.79028e-19 
  0.10000   2.21519e-23 6.12855e-23 2.73279e-22 2.56895e-21 1.11509e-20 1.66880e-20 4.04695e-20 1.53242e-19 
  1.00000   1.79679e-22 4.13514e-22 1.49394e-21 6.62349e-21 1.49662e-20 1.83037e-20 2.73781e-20 5.28767e-20 
 10.00000   8.44673e-22 1.58352e-21 2.58823e-21 5.00957e-21 7.12702e-21 7.49790e-21 8.33129e-21 9.21414e-21 
100.00000   2.32397e-22 3.79167e-22 5.06207e-22 7.73371e-22 9.51953e-22 9.90229e-22 1.06385e-21 1.16956e-21 

         28
          600.0
  0.00001   6.06917e-27 3.11829e-26 5.46578e-25 1.06806e-22 1.46598e-21 4.31793e-21 3.20941e-20 2.58885e-19 
  0.00010   5.84824e-26 2.53184e-25 2.36067e-24 1.35315e-22 1.52131e-21 4.36950e-21 3.22492e-20 2.59022e-19 
  0.00100   5.64543e-25 2.12549e-24 1.36889e-23 2.78942e-22 2.05211e-21 5.02707e-21 3.36972e-20 2.58615e-19 
  0.01000   5.45481e-24 1.84880e-23 9.17662e-23 1.00186e-21 5.56798e-21 1.03370e-20 4.38965e-20 2.53428e-19 
  0.10000   5.03020e-23 1.41635e-22 5.73252e-22 4.71977e-21 1.78106e-20 2.69674e-20 6.07795e-20 1.79270e-19 
  1.00000   3.73037e-22 7.17600e-22 2.53960e-21 1.00976e-20 1.91045e-20 2.23317e-20 3.12742e-20 5.79890e-20 
 10.00000   1.45321e-21 2.42395e-21 4.03106e-21 6.59633e-21 9.23115e-21 9.84046e-21 1.09496e-20 1.15901e-20 
100.00000   5.74916e-22 8.97783e-22 1.06261e-21 1.66932e-21 1.93398e-21 2.00566e-21 2.15805e-21 2.38999e-21 

         29
          100.0
  0.00001   1.75383e-30 9.85043e-30 5.59688e-29 7.18017e-28 5.58689e-27 1.48237e-26 2.20553e-25 1.10754e-23 
  0.00010   1.74343e-29 9.77550e-29 5.51316e-28 6.77698e-27 4.52456e-26 1.07253e-25 7.39531e-25 2.00191e-23 
  0.00100   1.73364e-28 9.71494e-28 5.45235e-27 6.44925e-26 3.60324e-25 7.69259e-25 4.22834e-24 7.06723e-23 
  0.01000   1.72651e-27 9.63468e-27 5.36213e-26 5.80286e-25 2.96850e-24 6.18143e-24 2.62890e-23 2.50297e-22 
  0.10000   1.68574e-26 8.95926e-26 4.81104e-25 4.44969e-24 1.68558e-23 2.64330e-23 6.01194e-23 1.86734e-22 
  1.00000   1.37354e-25 6.45706e-25 3.03544e-24 1.07060e-23 1.95349e-23 2.27342e-23 3.21554e-23 5.52534e-23 
 10.00000   5.13643e-25 1.14257e-24 2.80739e-24 7.01347e-24 1.21254e-23 1.43485e-23 1.85250e-23 2.26504e-23 
100.00000   1.03463e-26 2.70808e-26 9.46425e-26 1.92140e-25 2.77074e-25 2.91279e-25 3.06657e-25 3.16505e-25 

         29
          150.0
  0.00001   1.21822e-29 6.50341e-29 3.75360e-28 5.38911e-27 4.87754e-26 1.69302e-25 4.13620e-24 2.93079e-22 
  0.00010   1.19047e-28 6.33418e-28 3.54799e-27 4.61172e-26 3.48635e-25 8.78219e-25 8.86787e-24 3.41271e-22 
  0.00100   1.16871e-27 6.22341e-27 3.41245e-26 4.18859e-25 2.63511e-24 5.17757e-24 3.38912e-23 6.29359e-22 
  0.01000   1.15147e-26 6.11592e-26 3.27025e-25 3.70193e-24 2.01859e-23 3.67531e-23 1.81422e-22 1.53939e-21 
  0.10000   1.08482e-25 5.64697e-25 2.88235e-24 2.76326e-23 1.11994e-22 1.66279e-22 3.55960e-22 1.31557e-21 
  1.00000   8.82105e-25 4.13867e-24 1.74595e-23 6.09115e-23 1.29125e-22 1.62289e-22 2.52455e-22 5.37844e-22 
 10.00000   3.91978e-24 9.58140e-24 2.50082e-23 5.03697e-23 8.69558e-23 9.74453e-23 1.13709e-22 1.49916e-22 
100.00000   2.40352e-25 6.84917e-25 2.17523e-24 2.96391e-24 3.96866e-24 4.21371e-24 4.47775e-24 4.65002e-24 

         29
          200.0
  0.00001   4.95787e-29 2.21374e-28 1.29220e-27 2.31757e-26 2.63265e-25 1.11021e-24 2.70190e-23 1.97287e-21 
  0.00010   4.69235e-28 2.07173e-27 1.13239e-26 1.67126e-25 1.43725e-24 3.87605e-24 4.38602e-23 2.08526e-21 
  0.00100   4.52840e-27 1.99608e-26 1.04888e-25 1.36995e-24 9.41157e-24 1.81643e-23 1.19222e-22 2.73715e-21 
  0.01000   4.40889e-26 1.94395e-25 9.75742e-25 1.14816e-23 6.76408e-23 1.17047e-22 5.76828e-22 5.40010e-21 
  0.10000   4.01811e-25 1.77329e-24 8.35656e-24 8.40192e-23 3.71464e-22 5.65618e-22 1.24186e-21 5.40607e-21 
  1.00000   3.04255e-24 1.32620e-23 4.92435e-23 2.04181e-22 4.92363e-22 6.58562e-22 1.12287e-21 2.53971e-21 
 10.00000   1.44240e-23 3.89533e-23 1.00701e-22 1.89490e-22 3.02931e-22 3.34716e-22 3.75693e-22 4.55359e-22 
100.00000   1.99900e-24 5.24559e-24 1.32527e-23 1.63141e-23 1.84189e-23 1.95015e-23 2.06921e-23 2.14602e-23 

         29
          250.0
  0.00001   1.38129e-28 5.23625e-28 3.20142e-27 7.56488e-26 1.13581e-24 5.34567e-24 9.98503e-23 5.67375e-21 
  0.00010   1.30134e-27 4.76110e-27 2.53314e-26 4.37212e-25 4.30303e-24 1.24758e-23 1.31075e-22 5.83431e-21 
  0.00100   1.24982e-26 4.49922e-26 2.22323e-25 3.12613e-24 2.22108e-23 4.47227e-23 2.69797e-22 6.71916e-21 
  0.01000   1.21300e-25 4.33244e-25 2.02083e-24 2.38968e-23 1.44022e-22 2.52582e-22 1.15982e-21 1.23389e-20 
  0.10000   1.10235e-24 3.88143e-24 1.62648e-23 1.67282e-22 7.73493e-22 1.24207e-21 2.86321e-21 1.31332e-20 
  1.00000   7.61129e-24 2.86363e-23 9.44325e-23 4.69363e-22 1.19254e-21 1.58276e-21 2.78046e-21 6.04803e-21 
 10.00000   3.52125e-23 9.50581e-23 2.27161e-22 4.40299e-22 6.59748e-22 7.66005e-22 9.07937e-22 9.98826e-22 
100.00000   7.75752e-24 1.79232e-23 3.77201e-23 4.75863e-23 4.82368e-23 5.00459e-23 5.20943e-23 5.39311e-23 

         29
          300.0
  0.00001   2.56758e-28 9.73828e-28 6.87323e-27 2.15250e-25 4.14534e-24 2.03786e-23 2.67578e-22 1.07971e-20 
  0.00010   2.51415e-27 8.83713e-27 4.87279e-26 9.65885e-25 1.09130e-23 3.30097e-23 3.04996e-22 1.09835e-20 
  0.00100   2.44768e-26 8.21185e-26 3.96815e-25 6.00138e-24 4.37410e-23 9.10424e-23 5.09714e-22 1.19326e-20 
  0.01000   2.39197e-25 7.76346e-25 3.53611e-24 4.11595e-23 2.39734e-22 4.14964e-22 1.86865e-21 2.15856e-20 
  0.10000   2.24109e-24 6.83476e-24 2.59237e-23 2.65069e-22 1.26405e-21 2.09901e-21 4.91069e-21 2.31051e-20 
  1.00000   1.46097e-23 4.80025e-23 1.47658e-22 8.04115e-22 2.10142e-21 2.71682e-21 4.81446e-21 1.01495e-20 
 10.00000   6.65534e-23 1.63384e-22 3.60636e-22 7.50343e-22 1.07566e-21 1.30558e-21 1.61073e-21 1.79734e-21 
100.00000   1.91281e-23 3.98373e-23 7.32548e-23 9.49022e-23 9.60529e-23 9.63037e-23 9.67731e-23 9.96404e-23 

         29
          350.0
  0.00001   3.95974e-28 1.57148e-27 1.33873e-26 5.87921e-25 1.28400e-23 6.21210e-23 5.98887e-22 1.64303e-20 
  0.00010   3.87384e-27 1.39110e-26 8.66517e-26 1.93109e-24 2.39630e-23 7.66356e-23 6.31578e-22 1.65723e-20 
  0.00100   3.79739e-26 1.25571e-25 6.51210e-25 1.01974e-23 7.62550e-23 1.67390e-22 8.95405e-22 1.76613e-20 
  0.01000   3.70449e-25 1.17121e-24 5.55685e-24 6.42248e-23 3.53078e-22 6.08249e-22 2.65952e-21 3.16779e-20 
  0.10000   3.50937e-24 1.04286e-23 3.86284e-23 3.67783e-22 1.76325e-21 2.94716e-21 7.16928e-21 3.44558e-20 
  1.00000   2.29764e-23 6.93061e-23 2.03779e-22 1.14800e-21 3.09809e-21 3.93191e-21 6.80055e-21 1.40809e-20 
 10.00000   1.05223e-22 2.33951e-22 4.92730e-22 1.10291e-21 1.53602e-21 1.87727e-21 2.35320e-21 2.66298e-21 
100.00000   3.61953e-23 6.94478e-23 1.16278e-22 1.52447e-22 1.55313e-22 1.55582e-22 1.56041e-22 1.56439e-22 

         29
          400.0
  0.00001   5.71466e-28 2.17623e-27 2.30861e-26 1.47770e-24 3.32047e-23 1.44787e-22 1.14542e-21 2.34956e-20 
  0.00010   5.59954e-27 1.98057e-26 1.42029e-25 3.73215e-24 4.68522e-23 1.60059e-22 1.18079e-21 2.36427e-20 
  0.00100   5.44695e-26 1.78739e-25 9.83784e-25 1.58953e-23 1.25804e-22 2.86062e-22 1.48563e-21 2.47823e-20 
  0.01000   5.24873e-25 1.63290e-24 7.93249e-24 9.28127e-23 4.92808e-22 8.54437e-22 3.44889e-21 4.06474e-20 
  0.10000   4.89568e-24 1.41384e-23 5.45067e-23 4.76048e-22 2.23530e-21 3.64771e-21 9.36984e-21 4.40780e-20 
  1.00000   3.39246e-23 9.32297e-23 2.57351e-22 1.46067e-21 3.99871e-21 5.12657e-21 8.43735e-21 1.71813e-20 
 10.00000   1.45726e-22 3.02861e-22 6.20186e-22 1.41662e-21 1.93157e-21 2.36896e-21 3.00483e-21 3.44843e-21 
100.00000   5.67761e-23 1.02077e-22 1.61008e-22 2.11909e-22 2.17339e-22 2.17826e-22 2.18515e-22 2.19081e-22 

         29
          600.0
  0.00001   1.69139e-27 6.05298e-27 1.12052e-25 2.64764e-23 3.99182e-22 1.23342e-21 6.32925e-21 5.28206e-20 
  0.00010   1.65180e-26 5.35579e-26 5.75824e-25 3.39280e-23 4.12060e-22 1.24222e-21 6.35214e-21 5.28840e-20 
  0.00100   1.60191e-25 4.81564e-25 3.43571e-24 7.16696e-23 5.67550e-22 1.38714e-21 6.64896e-21 5.51678e-20 
  0.01000   1.54012e-24 4.34959e-24 2.39174e-23 2.75086e-22 1.41268e-21 2.56014e-21 8.98967e-21 7.18650e-20 
  0.10000   1.39669e-23 3.58201e-23 1.47092e-22 1.12038e-21 4.25601e-21 6.40040e-21 1.67363e-20 7.18347e-20 
  1.00000   9.75094e-23 2.09056e-22 5.54645e-22 2.56840e-21 6.35023e-21 8.18337e-21 1.34519e-20 2.39986e-20 
 10.00000   3.41600e-22 5.88607e-22 1.14244e-21 2.39245e-21 3.21238e-21 3.73972e-21 4.85498e-21 5.88365e-21 
100.00000   1.69869e-22 2.73342e-22 3.69712e-22 4.83708e-22 4.98156e-22 5.00168e-22 5.04788e-22 5.25967e-22 

         30
          100.0
  0.00001   7.20265e-33 1.02854e-31 6.99534e-31 9.45548e-30 9.40320e-29 2.29647e-28 2.42917e-27 1.02502e-25 
  0.00010   7.09650e-32 1.00726e-30 6.79352e-30 8.31021e-29 7.01772e-28 1.45769e-27 8.97495e-27 2.05996e-25 
  0.00100   7.02027e-31 9.95791e-30 6.64699e-29 7.48892e-28 5.92067e-27 1.12444e-26 4.91138e-26 1.04966e-24 
  0.01000   6.94151e-30 9.77369e-29 6.41819e-28 6.91788e-27 4.81229e-26 8.46287e-26 3.45655e-25 4.55551e-24 
  0.10000   6.66275e-29 9.27348e-28 5.83527e-27 5.10990e-26 2.94369e-25 4.97710e-25 1.19335e-24 5.22804e-24 
  1.00000   5.88874e-28 6.35628e-27 3.83439e-26 1.75949e-25 5.11310e-25 6.50190e-25 8.80416e-25 1.16203e-24 
 10.00000   1.86362e-27 7.54974e-27 6.62441e-26 1.48598e-25 1.73811e-25 1.87177e-25 2.03478e-25 3.11096e-25 
100.00000   5.50742e-29 1.49880e-28 1.26149e-27 5.23131e-27 5.96327e-27 6.01380e-27 6.20193e-27 8.50665e-27 

         30
          150.0
  0.00001   1.84221e-31 1.68542e-30 9.95538e-30 1.85513e-28 2.29329e-27 7.64909e-27 1.37948e-25 5.21272e-24 
  0.00010   1.78150e-30 1.58173e-29 8.99169e-29 1.35863e-27 1.24335e-26 3.04841e-26 2.66578e-25 6.38045e-24 
  0.00100   1.73570e-29 1.51723e-28 8.46414e-28 1.13198e-26 8.33559e-26 1.67038e-25 8.65222e-25 1.61990e-23 
  0.01000   1.69769e-28 1.45395e-27 7.98645e-27 9.36556e-26 5.87002e-25 1.05181e-24 4.53770e-24 4.84659e-23 
  0.10000   1.58226e-27 1.29291e-26 6.55783e-26 6.65782e-25 3.34904e-24 5.37796e-24 1.22286e-23 5.59315e-23 
  1.00000   1.26762e-26 9.21797e-26 4.15675e-25 1.95089e-24 4.90080e-24 6.64793e-24 1.07011e-23 2.36790e-23 
 10.00000   2.91737e-26 1.63542e-25 6.58278e-25 2.02958e-24 3.23717e-24 3.79078e-24 4.98911e-24 6.24969e-24 
100.00000   2.02849e-27 9.85633e-27 3.65830e-26 2.49715e-25 2.86940e-25 2.90850e-25 2.93845e-25 2.98753e-25 

         30
          200.0
  0.00001   1.55773e-30 1.09019e-29 6.84971e-29 1.63134e-27 2.61169e-26 1.23407e-25 2.53503e-24 6.12957e-23 
  0.00010   1.49163e-29 9.98770e-29 5.59481e-28 9.28864e-27 9.66307e-26 2.95495e-25 3.26804e-24 6.48834e-23 
  0.00100   1.43920e-28 9.31148e-28 4.94061e-27 6.83061e-26 5.12098e-25 1.13654e-24 6.75464e-24 9.76495e-23 
  0.01000   1.38861e-27 8.72785e-27 4.51908e-26 5.23311e-25 3.04416e-24 5.57909e-24 2.46383e-23 2.23532e-22 
  0.10000   1.27658e-26 7.56801e-26 3.44633e-25 3.28432e-24 1.54444e-23 2.41811e-23 5.52919e-23 2.85224e-22 
  1.00000   8.93724e-26 5.00629e-25 1.95759e-24 8.89923e-24 2.28883e-23 3.18712e-23 6.04938e-23 1.88707e-22 
 10.00000   2.06793e-25 1.12775e-24 3.27340e-24 1.08225e-23 2.11918e-23 2.65486e-23 4.02041e-23 4.99720e-23 
100.00000   2.62049e-26 1.49593e-25 3.79317e-25 2.57503e-24 2.91776e-24 2.96262e-24 2.99581e-24 3.01704e-24 

         30
          250.0
  0.00001   7.23602e-30 4.30336e-29 3.07042e-28 9.87353e-27 1.95605e-25 1.12422e-24 1.96954e-23 2.92243e-22 
  0.00010   6.94727e-29 3.95408e-28 2.30252e-27 4.16690e-26 4.88865e-25 1.76300e-24 2.12482e-23 2.97567e-22 
  0.00100   6.71260e-28 3.63676e-27 1.91728e-26 2.58651e-25 2.03236e-24 5.07152e-24 3.18468e-23 3.46781e-22 
  0.01000   6.42256e-27 3.36167e-26 1.67924e-25 1.86658e-24 1.05763e-23 1.95530e-23 8.28086e-23 6.51264e-22 
  0.10000   5.88280e-26 2.93488e-25 1.24712e-24 9.96714e-24 4.57464e-23 7.22493e-23 1.69778e-22 9.42614e-22 
  1.00000   3.85138e-25 1.71264e-24 5.96546e-24 2.58688e-23 7.47325e-23 1.02198e-22 2.05470e-22 6.88234e-22 
 10.00000   9.60412e-25 4.16666e-24 1.18996e-23 3.43447e-23 6.89278e-23 8.95356e-23 1.45408e-22 1.86690e-22 
100.00000   1.98718e-25 9.40340e-25 1.99849e-24 1.04413e-23 1.16659e-23 1.18288e-23 1.19680e-23 1.20475e-23 

         30
          300.0
  0.00001   2.19557e-29 1.12890e-28 9.39589e-28 4.68406e-26 1.03706e-24 5.80168e-24 7.78611e-23 8.25933e-22 
  0.00010   2.12963e-28 1.05108e-27 6.67481e-27 1.44586e-25 1.84335e-24 7.14459e-24 8.01033e-23 8.35142e-22 
  0.00100   2.07604e-27 9.67686e-27 5.34891e-26 7.41802e-25 5.87547e-24 1.63373e-23 9.98514e-23 9.10817e-22 
  0.01000   1.98895e-26 8.86498e-26 4.47566e-25 4.90754e-24 2.80678e-23 5.31544e-23 2.00194e-22 1.40418e-21 
  0.10000   1.79635e-25 7.64775e-25 3.32531e-24 2.34856e-23 1.01186e-22 1.65943e-22 4.07799e-22 2.25463e-21 
  1.00000   1.22413e-24 4.29652e-24 1.33745e-23 5.81424e-23 1.74812e-22 2.41332e-22 4.78055e-22 1.55706e-21 
 10.00000   2.64856e-24 1.04557e-23 3.20146e-23 7.72570e-23 1.52271e-22 1.95146e-22 3.31230e-22 4.35027e-22 
100.00000   8.84387e-25 3.31815e-24 6.39091e-24 2.58691e-23 2.86265e-23 2.89813e-23 2.93277e-23 2.95075e-23 

         30
          350.0
  0.00001   5.36191e-29 2.32608e-28 2.30434e-27 1.76407e-25 3.95193e-24 2.06429e-23 2.06631e-22 1.87356e-21 
  0.00010   5.22721e-28 2.18105e-27 1.51157e-26 4.11373e-25 5.54717e-24 2.27492e-23 2.09179e-22 1.87823e-21 
  0.00100   5.08831e-27 2.02283e-26 1.13176e-25 1.72443e-24 1.40261e-23 3.99124e-23 2.35886e-22 1.93835e-21 
  0.01000   4.87001e-26 1.84924e-25 9.35730e-25 1.03510e-23 5.87575e-23 1.15447e-22 3.95360e-22 2.57270e-21 
  0.10000   4.25967e-25 1.57254e-24 6.95831e-24 4.76608e-23 1.80849e-22 3.07854e-22 7.70674e-22 4.20095e-21 
  1.00000   2.96130e-24 8.81265e-24 2.53469e-23 1.07227e-22 3.32430e-22 4.66658e-22 9.30180e-22 2.76897e-21 
 10.00000   6.06825e-24 2.15753e-23 6.17955e-23 1.43059e-22 2.94470e-22 3.30627e-22 5.78506e-22 7.74524e-22 
100.00000   2.63715e-24 8.19593e-24 1.56329e-23 4.83366e-23 5.34001e-23 5.39664e-23 5.45951e-23 5.49141e-23 

         30
          400.0
  0.00001   9.95021e-29 4.06907e-28 4.52717e-27 5.25055e-25 1.14330e-23 5.11785e-23 4.02488e-22 3.36521e-21 
  0.00010   9.68296e-28 3.80840e-27 2.89619e-26 9.90314e-25 1.38849e-23 5.42029e-23 4.06462e-22 3.37673e-21 
  0.00100   9.42766e-27 3.52040e-26 2.05706e-25 3.40840e-24 2.82567e-23 8.04606e-23 4.44081e-22 3.46889e-21 
  0.01000   9.04415e-26 3.22661e-25 1.62356e-24 1.83691e-23 1.02405e-22 2.02123e-22 6.49980e-22 4.00699e-21 
  0.10000   8.07876e-25 2.69892e-24 1.18136e-23 8.07666e-23 2.88055e-22 4.75966e-22 1.21005e-21 6.77951e-21 
  1.00000   5.46605e-24 1.48735e-23 4.19561e-23 1.71982e-22 5.31084e-22 7.45012e-22 1.46336e-21 4.29640e-21 
 10.00000   1.12483e-23 3.65606e-23 9.77542e-23 2.26222e-22 4.50527e-22 5.17804e-22 8.39895e-22 1.14234e-21 
100.00000   5.76692e-24 1.55433e-23 2.91808e-23 7.45001e-23 8.23715e-23 8.31003e-23 8.40145e-23 8.44806e-23 

         30
          600.0
  0.00001   4.38037e-28 1.70563e-27 2.79330e-26 1.03672e-23 1.78216e-22 5.00119e-22 2.22418e-21 1.30232e-20 
  0.00010   4.22745e-27 1.56649e-26 1.50466e-25 1.28940e-23 1.82559e-22 5.04666e-22 2.22802e-21 1.30252e-20 
  0.00100   4.08124e-26 1.43686e-25 9.58321e-25 2.47788e-23 2.22068e-22 5.44327e-22 2.25043e-21 1.29397e-20 
  0.01000   3.88662e-25 1.32100e-24 7.14218e-24 8.71193e-23 4.53333e-22 8.68989e-22 2.55194e-21 1.38267e-20 
  0.10000   3.57700e-24 1.12811e-23 4.59038e-23 3.09515e-22 1.00960e-21 1.50488e-21 3.53522e-21 1.90615e-20 
  1.00000   2.47710e-23 5.73651e-23 1.50951e-22 5.40684e-22 1.61639e-21 2.27098e-21 3.88553e-21 1.03176e-20 
 10.00000   5.21182e-23 1.34714e-22 2.78708e-22 6.57298e-22 1.13176e-21 1.36677e-21 1.84998e-21 2.64463e-21 
100.00000   3.71087e-23 7.21236e-23 1.23870e-22 2.05762e-22 2.28499e-22 2.29795e-22 2.31767e-22 2.32868e-22 

         31
          100.0
  0.00001   1.10624e-34 6.50936e-34 5.27617e-33 1.08282e-31 1.48151e-30 5.23200e-30 6.99585e-29 9.51354e-28 
  0.00010   1.08966e-33 6.22383e-33 4.66630e-32 7.88458e-31 7.61061e-30 1.85133e-29 1.17418e-28 1.41818e-27 
  0.00100   1.07378e-32 6.01969e-32 4.30534e-31 6.45756e-30 4.72707e-29 9.11765e-29 3.38189e-28 4.61460e-27 
  0.01000   1.05348e-31 5.74982e-31 3.89333e-30 4.99310e-29 2.61912e-28 4.66206e-28 1.49628e-27 2.09430e-26 
  0.10000   9.40012e-31 4.25882e-30 2.58476e-29 2.45218e-28 1.21194e-27 2.01304e-27 5.69824e-27 2.64333e-26 
  1.00000   5.10744e-30 1.33586e-29 1.18386e-28 7.56308e-28 2.60615e-27 3.53910e-27 5.37212e-27 8.77520e-27 
 10.00000   7.64926e-30 1.68993e-29 1.38433e-28 7.84179e-28 1.19283e-27 1.32120e-27 1.47127e-27 1.53082e-27 
100.00000   2.25675e-31 3.87857e-31 5.45888e-30 1.87075e-29 2.03883e-29 2.07867e-29 2.28929e-29 2.88099e-29 

         31
          150.0
  0.00001   1.50459e-33 1.23727e-32 1.44715e-31 4.75414e-30 7.34750e-29 2.45132e-28 3.21003e-27 6.35904e-26 
  0.00010   1.46005e-32 1.10495e-31 1.08983e-30 2.13387e-29 2.09310e-28 5.25161e-28 3.88336e-27 7.18740e-26 
  0.00100   1.41899e-31 1.01105e-30 8.99647e-30 1.31681e-28 9.53387e-28 1.88687e-27 7.64355e-27 1.21103e-25 
  0.01000   1.36721e-30 9.07760e-30 7.40860e-29 9.12569e-28 4.94996e-27 8.66127e-27 2.79786e-26 3.32760e-25 
  0.10000   1.12786e-29 6.25206e-29 4.89987e-28 4.53166e-27 2.04390e-26 3.22965e-26 8.07776e-26 3.64331e-25 
  1.00000   5.82395e-29 2.05963e-28 2.07186e-27 1.26398e-26 3.59832e-26 4.88619e-26 7.53891e-26 1.19396e-25 
 10.00000   1.07371e-28 2.13367e-28 2.80660e-27 1.39786e-26 2.16393e-26 2.31234e-26 2.45600e-26 2.57853e-26 
100.00000   6.98169e-30 1.28024e-29 2.73005e-28 6.38047e-28 1.09933e-27 1.16660e-27 1.28648e-27 1.42043e-27 

         31
          200.0
  0.00001   1.71367e-32 1.82503e-31 2.61020e-30 1.21156e-28 2.03916e-27 6.58953e-27 8.20290e-26 1.82540e-24 
  0.00010   1.65037e-31 1.58859e-30 1.74876e-29 3.76876e-28 3.85765e-27 9.86137e-27 8.79028e-26 1.84470e-24 
  0.00100   1.59116e-30 1.41416e-29 1.28846e-28 1.89175e-27 1.35296e-26 2.76962e-26 1.34874e-25 2.07659e-24 
  0.01000   1.50657e-29 1.23418e-28 1.00913e-27 1.20612e-26 6.39945e-26 1.12598e-25 3.70357e-25 3.01634e-24 
  0.10000   1.19211e-28 8.81297e-28 6.71796e-27 5.78785e-26 2.21332e-25 3.24008e-25 6.69752e-25 2.42616e-24 
  1.00000   6.07318e-28 2.91919e-27 2.65520e-26 1.19328e-25 2.56994e-25 3.38885e-25 5.23858e-25 9.48150e-25 
 10.00000   9.99878e-28 2.92467e-27 3.60904e-26 1.15126e-25 1.96424e-25 2.08803e-25 2.36031e-25 2.86414e-25 
100.00000   9.72034e-29 3.04132e-28 4.52996e-27 9.78677e-27 2.19654e-26 2.36883e-26 2.54110e-26 2.62447e-26 

         31
          250.0
  0.00001   1.36293e-31 1.66534e-30 2.46610e-29 1.53054e-27 2.85448e-26 9.38969e-26 1.06657e-24 1.76954e-23 
  0.00010   1.30818e-30 1.45732e-29 1.56180e-28 3.72771e-27 4.20867e-26 1.12327e-25 1.09450e-24 1.77049e-23 
  0.00100   1.25852e-29 1.29741e-28 1.06164e-27 1.60393e-26 1.17136e-25 2.49296e-25 1.39908e-24 1.80809e-23 
  0.01000   1.18975e-28 1.12915e-27 8.11283e-27 9.54481e-26 4.93846e-25 8.81207e-25 2.94876e-24 1.88566e-23 
  0.10000   9.42850e-28 8.40109e-27 5.38651e-26 4.38737e-25 1.55114e-24 2.19660e-24 4.22773e-24 1.24688e-23 
  1.00000   4.79827e-27 2.84598e-26 2.07730e-25 7.67316e-25 1.45447e-24 1.76576e-24 2.58150e-24 5.27349e-24 
 10.00000   6.68542e-27 3.30840e-26 2.87026e-25 6.36189e-25 1.14481e-24 1.23327e-24 1.55772e-24 2.30209e-24 
100.00000   8.68771e-28 4.59786e-27 4.06606e-26 9.15253e-26 2.05557e-25 2.19638e-25 2.31571e-25 2.35912e-25 

         31
          300.0
  0.00001   7.31568e-31 9.03162e-30 1.27742e-28 1.14386e-26 2.24687e-25 7.16568e-25 7.04278e-24 8.33223e-23 
  0.00010   6.97655e-30 7.92977e-29 7.95654e-28 2.23059e-26 2.74117e-25 7.70334e-25 7.13184e-24 8.34603e-23 
  0.00100   6.70928e-29 7.10749e-28 5.24417e-27 8.01090e-26 6.08866e-25 1.34677e-24 8.06423e-24 8.38378e-23 
  0.01000   6.45422e-28 6.16514e-27 3.85785e-26 4.44111e-25 2.33417e-24 4.16368e-24 1.38157e-23 7.99826e-23 
  0.10000   5.24633e-27 4.46772e-26 2.54737e-25 1.95192e-24 6.57412e-24 9.41308e-24 1.85682e-23 5.29742e-23 
  1.00000   2.58550e-26 1.81348e-25 9.15214e-25 3.31309e-24 6.00214e-24 6.83732e-24 9.97038e-24 2.11270e-23 
 10.00000   3.39206e-26 2.45890e-25 1.31631e-24 2.60021e-24 4.41823e-24 4.73921e-24 6.18200e-24 1.03644e-23 
100.00000   6.20835e-27 4.12619e-26 2.38554e-25 4.83723e-25 1.00836e-24 1.06546e-24 1.12933e-24 1.14677e-24 

         31
          350.0
  0.00001   2.90003e-30 3.16870e-29 4.32214e-28 5.63420e-26 1.13940e-24 3.52900e-24 2.87230e-23 2.59262e-22 
  0.00010   2.72960e-29 2.80034e-28 2.69839e-27 9.15994e-26 1.27233e-24 3.67254e-24 2.88672e-23 2.58355e-22 
  0.00100   2.61288e-28 2.52483e-27 1.78109e-26 2.78902e-25 2.28556e-24 5.20073e-24 3.09092e-23 2.55619e-22 
  0.01000   2.51747e-27 2.20395e-26 1.26617e-25 1.42377e-24 7.53626e-24 1.34497e-23 4.39080e-23 2.32254e-22 
  0.10000   2.06317e-26 1.61160e-25 8.26934e-25 5.93714e-24 1.94422e-23 2.81719e-23 5.57022e-23 1.54282e-22 
  1.00000   1.02018e-25 7.13534e-25 2.82837e-24 9.86634e-24 1.75788e-23 2.01593e-23 2.79083e-23 7.09314e-23 
 10.00000   1.46644e-25 1.08401e-24 4.14147e-24 7.56345e-24 1.20829e-23 1.32364e-23 1.67294e-23 3.03642e-23 
100.00000   3.40933e-26 2.15688e-25 9.27399e-25 1.63319e-24 3.14306e-24 3.34117e-24 3.55256e-24 3.60572e-24 

         31
          400.0
  0.00001   8.57007e-30 7.89250e-29 1.07607e-27 1.94532e-25 4.02108e-24 1.18271e-23 7.88523e-23 5.80460e-22 
  0.00010   8.02679e-29 6.97915e-28 6.58783e-27 2.78241e-25 4.27635e-24 1.20795e-23 7.92625e-23 5.80074e-22 
  0.00100   7.71395e-28 6.28155e-27 4.30822e-26 7.31587e-25 6.42225e-24 1.48731e-23 8.21238e-23 5.72428e-22 
  0.01000   7.37565e-27 5.54066e-26 3.04555e-25 3.41049e-24 1.80588e-23 3.25666e-23 1.01844e-22 5.02868e-22 
  0.10000   5.99997e-26 4.22959e-25 1.97067e-24 1.35547e-23 4.34602e-23 6.32207e-23 1.20768e-22 3.28087e-22 
  1.00000   3.04316e-25 1.91016e-24 6.47290e-24 2.14572e-23 3.77034e-23 4.34136e-23 5.89437e-23 1.59069e-22 
 10.00000   4.75737e-25 3.12947e-24 9.28076e-24 1.66446e-23 2.52675e-23 2.79845e-23 3.36514e-23 6.42722e-23 
100.00000   1.29870e-25 7.11361e-25 2.49732e-24 3.89794e-24 6.93930e-24 7.51611e-24 8.00040e-24 8.13995e-24 

         31
          600.0
  0.00001   1.25133e-28 7.15538e-28 1.10469e-26 4.88250e-24 9.65675e-23 2.26207e-22 9.08298e-22 3.74715e-21 
  0.00010   1.17537e-27 6.39517e-27 5.98994e-26 5.72969e-24 9.73950e-23 2.26651e-22 9.07996e-22 3.74415e-21 
  0.00100   1.12212e-26 5.76227e-26 3.68419e-25 9.77323e-24 1.07838e-22 2.34685e-22 9.08640e-22 3.69834e-21 
  0.01000   1.04399e-25 5.22661e-25 2.64797e-24 3.24990e-23 1.74470e-22 3.09983e-22 9.30941e-22 3.39141e-21 
  0.10000   9.19310e-25 4.32498e-24 1.75305e-23 1.04082e-22 3.14415e-22 4.49565e-22 8.31909e-22 2.03421e-21 
  1.00000   4.93927e-24 2.00791e-23 5.14602e-23 1.44732e-22 2.47049e-22 2.88392e-22 4.07662e-22 9.93183e-22 
 10.00000   1.05071e-23 3.59815e-23 6.59824e-23 1.09865e-22 1.61270e-22 1.73949e-22 2.01970e-22 3.57590e-22 
100.00000   3.84308e-24 1.26319e-23 2.59714e-23 3.12622e-23 4.63096e-23 5.12496e-23 5.50431e-23 5.62557e-23 

         32
          100.0
  0.00001   1.05497e-34 4.94634e-34 2.87311e-33 6.16454e-32 9.82632e-31 5.73668e-30 8.19542e-29 7.47919e-28 
  0.00010   1.01819e-33 4.80863e-33 2.63200e-32 4.20381e-31 3.88023e-30 1.21894e-29 1.06587e-28 8.68927e-28 
  0.00100   9.88437e-33 4.70871e-32 2.47054e-31 3.24311e-30 2.09092e-29 4.56349e-29 2.19232e-28 1.47359e-27 
  0.01000   9.35642e-32 4.55078e-31 2.23546e-30 2.30059e-29 1.02693e-28 1.85560e-28 5.83806e-28 3.06969e-27 
  0.10000   7.42762e-31 3.65004e-30 1.34234e-29 8.80265e-29 3.03214e-28 4.47412e-28 8.52518e-28 2.12714e-27 
  1.00000   5.01327e-30 1.62450e-29 4.24485e-29 1.35640e-28 2.64775e-28 3.19598e-28 4.23032e-28 6.16304e-28 
 10.00000   1.03120e-29 1.88496e-29 4.86758e-29 7.71370e-29 8.74295e-29 8.94838e-29 9.08899e-29 1.19288e-28 
100.00000   3.07200e-31 3.72390e-31 1.14253e-30 1.47842e-30 1.69361e-30 1.77695e-30 2.04036e-30 2.29001e-30 

         32
          150.0
  0.00001   1.18089e-33 5.19955e-33 3.51403e-32 1.56341e-30 3.63905e-29 1.84231e-28 1.81455e-27 1.31192e-26 
  0.00010   1.15153e-32 4.93407e-32 2.83888e-31 5.97934e-30 7.03048e-29 2.37090e-28 1.94051e-27 1.35319e-26 
  0.00100   1.12550e-31 4.72999e-31 2.42369e-30 3.37349e-29 2.31071e-28 5.13054e-28 2.71335e-27 1.64240e-26 
  0.01000   1.08374e-30 4.49696e-30 2.05796e-29 2.11076e-28 9.35926e-28 1.63589e-27 5.48082e-27 2.47841e-26 
  0.10000   9.14271e-30 3.50917e-29 1.21186e-28 7.90065e-28 2.48109e-27 3.64329e-27 6.65599e-27 1.52016e-26 
  1.00000   5.05408e-29 1.50848e-28 3.77003e-28 1.07414e-27 1.89213e-27 2.26794e-27 3.11705e-27 4.24850e-27 
 10.00000   1.20580e-28 1.99099e-28 4.84463e-28 6.47833e-28 6.99232e-28 7.18309e-28 7.35634e-28 1.03458e-27 
100.00000   7.74462e-30 8.89957e-30 2.59044e-29 3.02012e-29 3.39954e-29 3.51457e-29 3.95606e-29 4.48609e-29 

         32
          200.0
  0.00001   7.94157e-33 3.08221e-32 2.53941e-31 2.47383e-29 5.95226e-28 2.32540e-27 1.67013e-26 9.43873e-26 
  0.00010   7.81301e-32 2.89194e-31 1.87585e-30 5.45673e-29 7.45287e-28 2.48604e-27 1.69451e-26 9.45001e-26 
  0.00100   7.65520e-31 2.73483e-30 1.48876e-29 2.16917e-28 1.57547e-27 3.76998e-27 1.96190e-26 9.89978e-26 
  0.01000   7.46611e-30 2.55766e-29 1.17904e-28 1.17708e-27 5.43894e-27 9.56640e-27 2.99770e-26 1.03776e-25 
  0.10000   6.46419e-29 1.98001e-28 6.95875e-28 4.18492e-27 1.13374e-26 1.58348e-26 2.73130e-26 5.44572e-26 
  1.00000   3.68103e-28 8.52750e-28 1.93720e-27 4.72794e-27 7.44526e-27 8.55714e-27 1.09798e-26 1.38735e-26 
 10.00000   8.25277e-28 1.18459e-27 2.05768e-27 2.64505e-27 2.91035e-27 3.03150e-27 3.15328e-27 4.44015e-27 
100.00000   7.48052e-29 8.31370e-29 1.74490e-28 2.38752e-28 2.69799e-28 2.76811e-28 3.05183e-28 3.50071e-28 

         32
          250.0
  0.00001   3.82998e-32 1.31561e-31 1.25814e-30 2.47773e-28 4.91415e-27 1.60477e-26 9.02905e-26 4.07832e-25 
  0.00010   3.76316e-31 1.23053e-30 8.84248e-30 3.78066e-28 5.23545e-27 1.63845e-26 9.05898e-26 4.06863e-25 
  0.00100   3.67131e-30 1.15984e-29 6.78957e-29 1.08418e-27 8.13720e-27 2.06309e-26 9.59481e-26 4.01820e-25 
  0.01000   3.58184e-29 1.08418e-28 5.14822e-28 4.98385e-27 2.34664e-26 4.26977e-26 1.24580e-25 3.65801e-25 
  0.10000   3.08183e-28 8.46116e-28 3.00149e-27 1.67115e-26 4.22699e-26 5.68314e-26 9.65008e-26 1.84712e-25 
  1.00000   1.92084e-27 3.67137e-27 7.57337e-27 1.73865e-26 2.64619e-26 2.97538e-26 3.51427e-26 4.47223e-26 
 10.00000   4.08736e-27 5.55833e-27 7.23079e-27 8.95312e-27 1.05356e-26 1.12151e-26 1.18936e-26 1.53414e-26 
100.00000   4.63486e-28 4.96663e-28 7.83187e-28 1.24727e-27 1.42534e-27 1.46174e-27 1.60347e-27 1.85895e-27 

         32
          300.0
  0.00001   1.38065e-31 4.40084e-31 4.57333e-30 1.58395e-27 2.47722e-26 7.09350e-26 3.24278e-25 1.38074e-24 
  0.00010   1.35117e-30 4.09223e-30 3.09248e-29 2.04141e-27 2.54779e-26 7.16092e-26 3.24944e-25 1.38086e-24 
  0.00100   1.31651e-29 3.86220e-29 2.35905e-28 4.49906e-27 3.37693e-26 8.27769e-26 3.37466e-25 1.36982e-24 
  0.01000   1.28389e-28 3.66771e-28 1.79379e-27 1.73820e-26 7.94332e-26 1.45972e-25 4.40510e-25 1.35615e-24 
  0.10000   1.13980e-27 2.92088e-27 1.01835e-26 5.69826e-26 1.48639e-25 2.00081e-25 3.43830e-25 7.28911e-25 
  1.00000   6.78141e-27 1.25751e-26 2.49951e-26 6.27266e-26 9.76963e-26 1.11732e-25 1.31233e-25 1.78108e-25 
 10.00000   1.54965e-26 2.16501e-26 2.62333e-26 3.15637e-26 3.82235e-26 4.09730e-26 4.37634e-26 4.78546e-26 
100.00000   2.37059e-27 2.44240e-27 3.25753e-27 4.95687e-27 5.70252e-27 5.86511e-27 6.40219e-27 7.30485e-27 

         32
          350.0
  0.00001   3.80791e-31 1.19689e-30 1.31710e-29 6.78612e-27 9.23805e-26 2.33193e-25 9.45452e-25 4.19271e-24 
  0.00010   3.71656e-30 1.10322e-29 8.64497e-29 8.19816e-27 9.41624e-26 2.35566e-25 9.51493e-25 4.20638e-24 
  0.00100   3.62236e-29 1.03798e-28 6.55789e-28 1.53552e-26 1.13590e-25 2.63662e-25 9.95660e-25 4.15205e-24 
  0.01000   3.52093e-28 9.95888e-28 5.09858e-27 5.11050e-26 2.26174e-25 4.19334e-25 1.24226e-24 4.05219e-24 
  0.10000   3.26303e-27 8.05899e-27 2.83100e-26 1.60002e-25 4.44784e-25 6.25250e-25 1.05104e-24 2.47009e-24 
  1.00000   2.03386e-26 3.49877e-26 7.15991e-26 1.91300e-25 3.12363e-25 3.58166e-25 4.42232e-25 6.11214e-25 
 10.00000   4.63488e-26 6.08888e-26 8.17829e-26 1.07521e-25 1.18228e-25 1.21178e-25 1.25500e-25 1.35495e-25 
100.00000   9.01267e-27 9.68113e-27 1.24296e-26 1.64394e-26 1.94245e-26 2.02897e-26 2.21454e-26 2.41317e-26 

         32
          400.0
  0.00001   8.60029e-31 2.66925e-30 3.10346e-29 1.93730e-26 2.53268e-25 6.27935e-25 2.45948e-24 1.04079e-23 
  0.00010   8.34272e-30 2.45775e-29 1.98125e-28 2.28132e-26 2.57588e-25 6.31742e-25 2.46682e-24 1.04124e-23 
  0.00100   8.11800e-29 2.30569e-28 1.48715e-27 4.00088e-26 2.99515e-25 6.82055e-25 2.54220e-24 1.04746e-23 
  0.01000   7.91518e-28 2.22032e-27 1.16373e-26 1.22562e-25 5.54208e-25 1.01165e-24 2.98233e-24 9.72001e-24 
  0.10000   7.37293e-27 1.83868e-26 6.56311e-26 3.79231e-25 1.08529e-24 1.53403e-24 2.57883e-24 6.21831e-24 
  1.00000   4.61523e-26 8.26621e-26 1.75041e-25 4.57945e-25 7.98611e-25 9.20219e-25 1.09315e-24 1.76101e-24 
 10.00000   1.13435e-25 1.43013e-25 1.98985e-25 2.61764e-25 3.31603e-25 3.52417e-25 3.89044e-25 4.36967e-25 
100.00000   2.60507e-26 2.87267e-26 3.41076e-26 5.50640e-26 7.29559e-26 7.75845e-26 8.61150e-26 9.36889e-26 

         32
          600.0
  0.00001   6.88178e-30 2.46256e-29 3.56213e-28 2.42703e-25 3.89549e-24 1.01791e-23 3.89170e-23 1.45154e-22 
  0.00010   6.58768e-29 2.18295e-28 2.13609e-27 2.78030e-25 3.92137e-24 1.02047e-23 3.89446e-23 1.44941e-22 
  0.00100   6.37784e-28 2.03579e-27 1.51050e-26 4.46675e-25 4.29012e-24 1.05855e-23 3.91910e-23 1.42458e-22 
  0.01000   6.24357e-27 1.93053e-26 1.11068e-25 1.34875e-24 7.48905e-24 1.43411e-23 4.06807e-23 1.27540e-22 
  0.10000   5.86228e-26 1.60774e-25 6.86858e-25 4.65396e-24 1.41429e-23 1.98210e-23 3.57677e-23 8.95112e-23 
  1.00000   3.91632e-25 8.06218e-25 2.13156e-24 6.05988e-24 1.07978e-23 1.26224e-23 1.88641e-23 3.48893e-23 
 10.00000   1.01827e-24 1.61209e-24 2.38965e-24 4.71179e-24 7.03036e-24 7.88483e-24 9.22469e-24 1.07804e-23 
100.00000   3.32875e-25 5.16772e-25 7.04412e-25 1.77380e-24 2.37275e-24 2.52693e-24 2.79827e-24 3.01271e-24 

         33
          100.0
  0.00001   5.48120e-33 1.00139e-30 8.83704e-29 2.17618e-27 2.37855e-26 5.99541e-26 7.81148e-25 3.84526e-23 
  0.00010   5.27523e-32 8.27702e-30 7.88505e-28 1.35231e-26 1.01333e-25 2.14296e-25 1.52803e-24 4.44706e-23 
  0.00100   5.13081e-31 7.04563e-29 7.14735e-27 1.00772e-25 6.09575e-25 1.18799e-24 5.46741e-24 7.52497e-23 
  0.01000   4.92311e-30 5.70551e-28 6.23282e-26 7.39214e-25 3.72729e-24 6.66837e-24 2.11042e-23 1.28642e-22 
  0.10000   3.92079e-29 3.23927e-27 4.43589e-25 3.44934e-24 1.11377e-23 1.58666e-23 2.87525e-23 6.11341e-23 
  1.00000   1.50429e-28 9.55141e-27 1.72849e-24 5.41253e-24 8.11777e-24 8.91692e-24 1.14260e-23 1.51014e-23 
 10.00000   1.68771e-28 7.94141e-27 1.57219e-24 2.75134e-24 3.10804e-24 3.17755e-24 3.42069e-24 3.58074e-24 
100.00000   3.77825e-30 1.30718e-28 1.86018e-26 3.36073e-26 3.79711e-26 3.84282e-26 3.89380e-26 3.93282e-26 

         33
          150.0
  0.00001   5.42126e-32 6.43328e-30 1.21318e-28 4.19139e-27 5.91318e-26 1.75094e-25 2.44393e-24 6.38496e-23 
  0.00010   5.06890e-31 5.15404e-29 9.53817e-28 1.83147e-26 1.55779e-25 3.51723e-25 3.09720e-24 6.56497e-23 
  0.00100   4.80298e-30 4.30078e-28 8.05071e-27 1.12388e-25 7.03245e-25 1.38679e-24 6.95756e-24 8.28757e-23 
  0.01000   4.55655e-29 3.59777e-27 6.77949e-26 7.59621e-25 3.74588e-24 6.71859e-24 2.14493e-23 1.21974e-22 
  0.10000   3.70095e-28 2.13942e-26 4.79856e-25 3.31981e-24 1.08385e-23 1.54114e-23 2.76192e-23 5.71592e-23 
  1.00000   1.38698e-27 7.70230e-26 1.74283e-24 4.91075e-24 6.98248e-24 7.78982e-24 1.03917e-23 1.57410e-23 
 10.00000   1.49554e-27 7.47407e-26 1.81456e-24 2.93045e-24 3.13747e-24 3.57623e-24 4.35802e-24 4.73460e-24 
100.00000   7.16398e-29 2.45359e-27 4.31343e-26 6.68119e-26 8.57621e-26 8.76688e-26 8.92748e-26 9.02120e-26 

         33
          200.0
  0.00001   2.44360e-31 1.44660e-29 1.77744e-28 8.54716e-27 1.39849e-25 4.40638e-25 5.00913e-24 8.10449e-23 
  0.00010   2.22179e-30 1.15210e-28 1.16555e-27 2.56568e-26 2.45980e-25 5.98038e-25 5.37098e-24 8.20435e-23 
  0.00100   2.06400e-29 9.48663e-28 8.79877e-27 1.25587e-25 8.21727e-25 1.60291e-24 8.73111e-24 9.07770e-23 
  0.01000   1.91189e-28 7.95594e-27 7.01941e-26 7.67357e-25 3.78191e-24 6.71692e-24 2.17053e-23 1.16451e-22 
  0.10000   1.50487e-27 5.16142e-26 4.80204e-25 3.21496e-24 1.03841e-23 1.47220e-23 2.62351e-23 5.41033e-23 
  1.00000   6.00762e-27 2.21153e-25 1.71670e-24 4.59513e-24 6.37262e-24 7.14105e-24 9.41274e-24 1.69383e-23 
 10.00000   6.43261e-27 2.62535e-25 1.82322e-24 2.78676e-24 3.06071e-24 3.89888e-24 5.17408e-24 5.82598e-24 
100.00000   5.54356e-28 1.33099e-26 7.32326e-26 1.08057e-25 1.56675e-25 1.62206e-25 1.66131e-25 1.67980e-25 

         33
          250.0
  0.00001   7.93424e-31 2.07934e-29 2.84554e-28 1.84936e-26 3.01292e-25 9.41072e-25 7.96452e-24 9.29581e-23 
  0.00010   7.06473e-30 1.66797e-28 1.52411e-27 3.87405e-26 3.93606e-25 1.04774e-24 8.18035e-24 9.33408e-23 
  0.00100   6.52550e-29 1.36704e-27 1.00136e-26 1.46183e-25 9.74712e-25 1.92911e-24 1.07728e-23 9.76803e-23 
  0.01000   5.95247e-28 1.13161e-26 7.43678e-26 7.85678e-25 3.87189e-24 6.75643e-24 2.20414e-23 1.11607e-22 
  0.10000   4.53834e-27 7.77625e-26 4.73364e-25 3.15873e-24 9.99225e-24 1.41858e-23 2.51619e-23 5.10022e-23 
  1.00000   1.89353e-26 3.54024e-25 1.67412e-24 4.44057e-24 6.16142e-24 6.83436e-24 8.87557e-24 1.75810e-23 
 10.00000   2.27635e-26 5.38063e-25 1.80661e-24 2.58522e-24 3.05842e-24 4.16303e-24 5.71993e-24 6.63087e-24 
100.00000   2.86953e-27 3.72447e-26 1.08961e-25 1.57371e-25 2.46516e-25 2.57147e-25 2.64492e-25 2.67362e-25 

         33
          300.0
  0.00001   1.95553e-30 2.62250e-29 4.69972e-28 4.06364e-26 5.73420e-25 1.73222e-24 1.12065e-23 1.01021e-22 
  0.00010   1.72720e-29 2.14076e-28 2.08883e-27 6.32765e-26 6.30447e-25 1.80299e-24 1.13652e-23 1.01100e-22 
  0.00100   1.60042e-28 1.77920e-27 1.19949e-26 1.80700e-25 1.18424e-24 2.51219e-24 1.30550e-23 1.03347e-22 
  0.01000   1.46917e-27 1.47134e-26 8.27481e-26 8.30225e-25 4.03081e-24 6.90746e-24 2.24240e-23 1.07383e-22 
  0.10000   1.11482e-26 9.98884e-26 4.84874e-25 3.15456e-24 9.85139e-24 1.39923e-23 2.45355e-23 4.83869e-23 
  1.00000   4.68142e-26 4.27541e-25 1.61579e-24 4.34878e-24 6.13355e-24 6.69075e-24 8.76615e-24 1.76505e-23 
 10.00000   6.64397e-26 8.08010e-25 1.75948e-24 2.46894e-24 3.11398e-24 4.33651e-24 6.05716e-24 7.17555e-24 
100.00000   1.00991e-26 7.41408e-26 1.48539e-25 2.12322e-25 3.48833e-25 3.64892e-25 3.77268e-25 3.81447e-25 

         33
          350.0
  0.00001   3.79726e-30 3.15517e-29 7.59244e-28 8.43749e-26 1.00141e-24 2.79482e-24 1.45792e-23 1.09899e-22 
  0.00010   3.38475e-29 2.55861e-28 2.88428e-27 1.07771e-25 1.03612e-24 2.83895e-24 1.46717e-23 1.09808e-22 
  0.00100   3.11349e-28 2.15346e-27 1.49429e-26 2.36821e-25 1.49709e-24 3.42532e-24 1.56841e-23 1.09543e-22 
  0.01000   2.91051e-27 1.78467e-26 9.57149e-26 8.98622e-25 4.30860e-24 7.27295e-24 2.29264e-23 1.02997e-22 
  0.10000   2.22931e-26 1.24813e-25 5.18418e-25 3.19930e-24 9.84914e-24 1.40384e-23 2.41808e-23 4.66488e-23 
  1.00000   1.05662e-25 4.91869e-25 1.58340e-24 4.25570e-24 6.22363e-24 6.79302e-24 8.55014e-24 1.72367e-23 
 10.00000   1.44513e-25 8.95549e-25 1.74293e-24 2.51522e-24 3.17912e-24 4.41208e-24 6.24670e-24 7.50829e-24 
100.00000   2.65720e-26 1.21612e-25 1.92853e-25 2.75481e-25 4.59137e-25 4.79543e-25 4.98531e-25 5.03939e-25 

         33
          400.0
  0.00001   5.88930e-30 3.84402e-29 1.15926e-27 1.55683e-25 1.58656e-24 4.14765e-24 1.82609e-23 1.14416e-22 
  0.00010   5.32097e-29 3.03660e-28 3.83072e-27 1.80057e-25 1.61839e-24 4.18673e-24 1.83213e-23 1.14278e-22 
  0.00100   4.92292e-28 2.53982e-27 1.87033e-26 3.22765e-25 2.02336e-24 4.67856e-24 1.88533e-23 1.13007e-22 
  0.01000   4.62041e-27 2.14605e-26 1.13610e-25 1.03778e-24 4.76237e-24 8.04969e-24 2.40138e-23 1.02629e-22 
  0.10000   3.67641e-26 1.48269e-25 5.86620e-25 3.34545e-24 9.99571e-24 1.40765e-23 2.38147e-23 4.55257e-23 
  1.00000   1.80620e-25 5.78072e-25 1.58743e-24 4.22949e-24 6.33439e-24 6.97630e-24 8.69108e-24 1.65702e-23 
 10.00000   2.60087e-25 1.00631e-24 1.70599e-24 2.57929e-24 3.33207e-24 4.46286e-24 6.16852e-24 7.65478e-24 
100.00000   5.61169e-26 1.55205e-25 2.40198e-25 3.45895e-25 5.64479e-25 5.90880e-25 6.16775e-25 6.24386e-25 

         33
          600.0
  0.00001   1.59623e-29 8.38365e-29 4.44738e-27 8.07551e-25 6.54840e-24 1.38735e-23 4.16019e-23 1.37896e-22 
  0.00010   1.41705e-28 6.21780e-28 9.84100e-27 8.35350e-25 6.57070e-24 1.38951e-23 4.15960e-23 1.37606e-22 
  0.00100   1.27944e-27 4.88576e-27 3.93343e-26 1.02839e-24 6.77976e-24 1.40914e-23 4.15501e-23 1.35183e-22 
  0.01000   1.16865e-26 4.06880e-26 2.21353e-25 2.18237e-24 9.11472e-24 1.61422e-23 4.09490e-23 1.14623e-22 
  0.10000   9.77711e-26 2.91908e-25 1.09034e-24 5.30067e-24 1.37999e-23 1.78282e-23 2.81036e-23 4.85605e-23 
  1.00000   5.17997e-25 1.11119e-24 2.49008e-24 5.37925e-24 7.35618e-24 8.13037e-24 1.02755e-23 1.53735e-23 
 10.00000   1.07419e-24 1.78222e-24 2.31932e-24 3.29798e-24 4.52162e-24 5.10716e-24 6.31065e-24 7.52655e-24 
100.00000   3.98484e-25 4.53870e-25 5.51350e-25 8.51329e-25 1.08841e-24 1.12174e-24 1.17618e-24 1.27193e-24 

         34
          100.0
  0.00001   1.18776e-30 1.55474e-29 2.60610e-28 5.60026e-27 6.56942e-26 2.03864e-25 2.49214e-24 7.01133e-23 
  0.00010   1.15530e-29 1.43786e-28 2.20286e-27 3.88313e-26 3.46671e-25 7.93485e-25 4.59188e-24 1.03160e-22 
  0.00100   1.12602e-28 1.35425e-27 1.91271e-26 3.13895e-25 2.26439e-24 4.09639e-24 1.56016e-23 3.14930e-22 
  0.01000   1.06718e-27 1.23851e-26 1.59245e-25 2.40503e-24 1.37289e-23 2.33428e-23 7.30716e-23 1.08934e-21 
  0.10000   8.96933e-27 8.74489e-26 8.56464e-25 1.20013e-23 6.41443e-23 1.07464e-22 2.78660e-22 1.08591e-21 
  1.00000   4.34725e-26 2.59206e-25 1.98884e-24 4.34817e-23 1.23222e-22 1.48793e-22 2.34911e-22 4.06725e-22 
 10.00000   6.75148e-26 1.57673e-25 1.35280e-24 3.80896e-23 6.67151e-23 7.27387e-23 8.16609e-23 1.07176e-22 
100.00000   8.69538e-28 2.05550e-27 1.82094e-26 4.62050e-25 7.06469e-25 8.12623e-25 9.56836e-25 1.07376e-24 

         34
          150.0
  0.00001   4.33127e-30 5.01883e-29 6.70160e-28 1.68499e-26 2.33855e-25 8.63234e-25 1.10501e-23 3.26875e-22 
  0.00010   4.04539e-29 4.23881e-28 5.12512e-27 9.06581e-26 8.81441e-25 2.28984e-24 1.49124e-23 3.94235e-22 
  0.00100   3.82818e-28 3.77120e-27 4.18811e-26 6.38977e-25 4.66646e-24 8.94885e-24 3.49988e-23 8.49445e-22 
  0.01000   3.53168e-27 3.34420e-26 3.49243e-25 4.56269e-24 2.55714e-23 4.40163e-23 1.55768e-22 2.31240e-21 
  0.10000   2.89018e-26 2.33653e-25 2.03152e-24 2.41356e-23 1.32146e-22 2.19063e-22 5.55681e-22 1.95203e-21 
  1.00000   1.43329e-25 6.42854e-25 6.17960e-24 8.82514e-23 2.36465e-22 2.76775e-22 4.07643e-22 6.38065e-22 
 10.00000   2.36187e-25 5.53608e-25 5.78873e-24 9.03965e-23 1.17530e-22 1.27920e-22 1.41351e-22 1.57338e-22 
100.00000   5.93790e-27 1.56472e-26 1.99927e-25 1.89528e-24 2.40553e-24 2.56105e-24 2.84040e-24 3.10333e-24 

         34
          200.0
  0.00001   1.01426e-29 1.11901e-28 1.29124e-27 4.21156e-26 6.43478e-25 2.45944e-24 2.67394e-23 9.51830e-22 
  0.00010   9.22629e-29 8.69621e-28 8.68814e-27 1.73563e-25 1.73367e-24 4.57611e-24 3.14998e-23 1.03552e-21 
  0.00100   8.49307e-28 7.24188e-27 6.72337e-26 1.02485e-24 7.13396e-24 1.43325e-23 6.00464e-23 1.57831e-21 
  0.01000   7.69199e-27 6.17254e-26 5.53647e-25 6.67682e-24 3.63528e-23 6.13429e-23 2.41279e-22 3.24707e-21 
  0.10000   6.25981e-26 4.11583e-25 3.25396e-24 3.60593e-23 1.89627e-22 3.07629e-22 7.68945e-22 2.66294e-21 
  1.00000   2.99632e-25 1.08000e-24 1.33338e-23 1.20675e-22 3.20196e-22 3.76324e-22 5.34449e-22 7.70335e-22 
 10.00000   4.75081e-25 1.08378e-24 1.79420e-23 1.27613e-22 1.53080e-22 1.65768e-22 1.80904e-22 1.89605e-22 
100.00000   2.14717e-26 5.62669e-26 1.16273e-24 4.41716e-24 5.08301e-24 5.23400e-24 5.49704e-24 5.85113e-24 

         34
          250.0
  0.00001   1.94552e-29 2.04057e-28 2.33419e-27 9.83644e-26 1.58439e-24 5.67473e-24 5.04646e-23 1.92258e-21 
  0.00010   1.76139e-28 1.50967e-27 1.35596e-26 3.11889e-25 3.14549e-24 7.95627e-24 5.52483e-23 1.98074e-21 
  0.00100   1.59674e-27 1.18912e-26 9.56975e-26 1.50882e-24 1.00473e-23 2.01905e-23 9.15183e-23 2.40680e-21 
  0.01000   1.42223e-26 9.78064e-26 7.59140e-25 8.88370e-24 4.65346e-23 7.76967e-23 3.22981e-22 3.89511e-21 
  0.10000   1.13498e-25 6.27791e-25 4.36209e-24 4.71600e-23 2.36562e-22 3.71766e-22 9.37220e-22 3.20519e-21 
  1.00000   4.96963e-25 1.59760e-24 2.03031e-23 1.45397e-22 3.65673e-22 4.39336e-22 6.24726e-22 8.79756e-22 
 10.00000   7.77798e-25 1.70180e-24 3.75109e-23 1.46461e-22 1.81828e-22 1.92636e-22 2.05361e-22 2.21856e-22 
100.00000   5.81392e-26 1.26675e-25 3.49336e-24 8.03028e-24 9.09904e-24 9.27933e-24 9.41988e-24 9.69873e-24 

         34
          300.0
  0.00001   3.23824e-29 3.21227e-28 4.20944e-27 2.18886e-25 3.57110e-24 1.12381e-23 8.82325e-23 2.94873e-21 
  0.00010   2.94124e-28 2.32836e-27 2.12668e-26 5.38462e-25 5.47370e-24 1.34420e-23 9.33769e-23 2.97895e-21 
  0.00100   2.65902e-27 1.77391e-26 1.30206e-25 2.13851e-24 1.41723e-23 2.74920e-23 1.32016e-22 3.26085e-21 
  0.01000   2.33272e-26 1.42055e-25 9.70346e-25 1.13877e-23 5.64370e-23 9.67721e-23 4.03155e-22 4.44300e-21 
  0.10000   1.77749e-25 9.11397e-25 5.71016e-24 5.73895e-23 2.76404e-22 4.20624e-22 1.08026e-21 3.52851e-21 
  1.00000   7.57103e-25 2.31294e-24 2.58770e-23 1.67929e-22 3.93905e-22 4.74697e-22 6.74618e-22 9.99373e-22 
 10.00000   1.19162e-24 2.55361e-24 5.97619e-23 1.64412e-22 2.00074e-22 2.10553e-22 2.29037e-22 2.62765e-22 
100.00000   1.29549e-25 2.38997e-25 7.31331e-24 1.25604e-23 1.50325e-23 1.53948e-23 1.56993e-23 1.58559e-23 

         34
          350.0
  0.00001   4.77576e-29 4.61696e-28 7.28707e-27 4.68138e-25 7.24625e-24 2.06629e-23 1.49713e-22 3.92597e-21 
  0.00010   4.25628e-28 3.25378e-27 3.31666e-26 8.92315e-25 9.15677e-24 2.26398e-23 1.53782e-22 3.93848e-21 
  0.00100   3.81841e-27 2.45238e-26 1.82618e-25 2.99979e-24 1.99060e-23 3.85518e-23 1.92081e-22 4.10250e-21 
  0.01000   3.36067e-26 1.94120e-25 1.23652e-24 1.44897e-23 6.88117e-23 1.17004e-22 4.75651e-22 4.98826e-21 
  0.10000   2.53087e-25 1.31296e-24 7.22852e-24 6.79972e-23 3.09332e-22 4.72448e-22 1.17822e-21 3.75326e-21 
  1.00000   1.15092e-24 3.35219e-24 3.14918e-23 1.90975e-22 4.18806e-22 5.06805e-22 7.05028e-22 1.09380e-21 
 10.00000   1.83004e-24 3.26480e-24 7.76204e-23 1.74769e-22 2.12372e-22 2.26901e-22 2.65007e-22 2.97360e-22 
100.00000   2.59132e-25 5.61019e-25 1.21593e-23 1.83847e-23 2.22818e-23 2.27737e-23 2.32465e-23 2.34488e-23 

         34
          400.0
  0.00001   6.54996e-29 6.40533e-28 1.14698e-26 9.54139e-25 1.31787e-23 3.56003e-23 2.35685e-22 4.78982e-21 
  0.00010   5.75935e-28 4.47936e-27 4.83385e-26 1.47309e-24 1.51522e-23 3.73714e-23 2.38596e-22 4.79846e-21 
  0.00100   5.16460e-27 3.29814e-26 2.55542e-25 4.14900e-24 2.80448e-23 5.55297e-23 2.78683e-22 4.88267e-21 
  0.01000   4.60078e-26 2.59719e-25 1.59904e-24 1.82767e-23 8.66652e-23 1.47400e-22 5.87146e-22 5.42470e-21 
  0.10000   3.49004e-25 1.74748e-24 8.97956e-24 8.03662e-23 3.39976e-22 5.18170e-22 1.28121e-21 3.90374e-21 
  1.00000   1.53515e-24 4.66909e-24 3.67672e-23 2.10972e-22 4.41441e-22 5.33675e-22 7.27158e-22 1.16445e-21 
 10.00000   2.31408e-24 5.52591e-24 8.75179e-23 1.79752e-22 2.21537e-22 2.48772e-22 2.90855e-22 3.24121e-22 
100.00000   3.89066e-25 1.15456e-24 1.57233e-23 2.48076e-23 3.02230e-23 3.07146e-23 3.12895e-23 3.15638e-23 

         34
          600.0
  0.00001   2.06327e-28 1.60565e-27 4.80676e-26 7.67220e-24 1.00524e-22 2.17983e-22 1.08014e-21 7.45201e-21 
  0.00010   1.72969e-27 1.16100e-26 1.43316e-25 8.57185e-24 1.02120e-22 2.19656e-22 1.08187e-21 7.44414e-21 
  0.00100   1.47739e-26 8.96534e-26 6.77803e-25 1.41554e-23 1.17696e-22 2.36680e-22 1.10190e-21 7.41365e-21 
  0.01000   1.26746e-25 7.27048e-25 3.97263e-24 4.53301e-23 2.19919e-22 3.82822e-22 1.26708e-21 6.87074e-21 
  0.10000   9.35352e-25 5.17494e-24 2.22302e-23 1.58638e-22 5.09021e-22 7.30067e-22 1.54358e-21 4.15124e-21 
  1.00000   3.41834e-24 1.71810e-23 7.09330e-23 2.70176e-22 5.21421e-22 6.24711e-22 8.18573e-22 1.38056e-21 
 10.00000   5.09166e-24 2.31318e-23 1.27248e-22 2.12255e-22 2.70711e-22 3.05393e-22 3.63767e-22 4.48160e-22 
100.00000   1.71097e-24 8.18358e-24 3.20750e-23 5.51204e-23 6.57065e-23 6.71931e-23 6.84304e-23 6.91296e-23 

         35
          100.0
  0.00001   4.07951e-29 5.72835e-28 3.99318e-27 5.77152e-26 4.83545e-25 1.31740e-24 2.41965e-23 5.79632e-22 
  0.00010   3.99206e-28 5.59168e-27 3.81414e-26 5.09295e-25 3.52825e-24 7.81319e-24 6.28594e-23 9.83098e-22 
  0.00100   3.93011e-27 5.50305e-26 3.70740e-25 4.67644e-24 2.83163e-23 5.52774e-23 3.03005e-22 3.68216e-21 
  0.01000   3.85488e-26 5.35609e-25 3.54351e-24 4.04663e-23 2.15389e-22 3.88173e-22 1.58121e-21 1.24424e-20 
  0.10000   3.46329e-25 4.71792e-24 2.94759e-23 2.50623e-22 9.51490e-22 1.41477e-21 2.97749e-21 8.35754e-21 
  1.00000   2.51567e-24 2.47952e-23 1.40883e-22 4.87517e-22 8.26190e-22 9.62956e-22 1.33185e-21 2.04770e-21 
 10.00000   6.02910e-24 4.09638e-23 1.38905e-22 2.18181e-22 2.51591e-22 2.67794e-22 2.96396e-22 3.09668e-22 
100.00000   1.02417e-25 5.43368e-25 1.50691e-24 2.32557e-24 2.56255e-24 2.58726e-24 2.66411e-24 2.70185e-24 

         35
          150.0
  0.00001   1.14758e-28 8.24336e-28 5.08800e-27 8.95612e-26 9.67520e-25 3.69447e-24 1.13436e-22 2.06159e-21 
  0.00010   1.08908e-27 7.80743e-27 4.59145e-26 6.59149e-25 5.12052e-24 1.30185e-23 1.72491e-22 2.39007e-21 
  0.00100   1.05202e-26 7.53488e-26 4.30459e-25 5.46697e-24 3.40079e-23 7.10126e-23 4.70746e-22 4.55003e-21 
  0.01000   1.01807e-25 7.23616e-25 4.03466e-24 4.49450e-23 2.35330e-22 4.38696e-22 1.73977e-21 1.11499e-20 
  0.10000   9.13508e-25 6.34191e-24 3.29904e-23 2.62897e-22 9.26800e-22 1.36081e-21 2.81392e-21 7.29167e-21 
  1.00000   5.71392e-24 3.66233e-23 1.44887e-22 4.64087e-22 7.63248e-22 8.76661e-22 1.13697e-21 1.67871e-21 
 10.00000   1.66047e-23 6.39065e-23 1.63500e-22 2.28785e-22 2.56997e-22 2.64893e-22 3.00193e-22 3.17241e-22 
100.00000   6.65435e-25 1.71627e-24 3.58263e-24 4.69126e-24 5.02726e-24 5.07702e-24 5.21437e-24 5.29555e-24 

         35
          200.0
  0.00001   2.21029e-28 1.11436e-27 6.98449e-27 1.66696e-25 2.39646e-24 1.16819e-23 3.43365e-22 4.53734e-21 
  0.00010   2.07083e-27 1.01880e-26 5.76931e-26 9.41023e-25 8.09621e-24 2.42020e-23 4.06195e-22 4.70978e-21 
  0.00100   1.98383e-26 9.59300e-26 5.15608e-25 6.72806e-24 4.29224e-23 9.52941e-23 7.28207e-22 6.04393e-21 
  0.01000   1.90368e-25 9.09194e-25 4.68767e-24 5.16298e-23 2.69813e-22 5.18352e-22 2.03207e-21 1.04136e-20 
  0.10000   1.68722e-24 7.84071e-24 3.70256e-23 2.84416e-22 9.52771e-22 1.37347e-21 2.70665e-21 6.81207e-21 
  1.00000   1.02639e-23 4.63242e-23 1.55273e-22 4.55781e-22 7.52445e-22 8.59680e-22 1.05291e-21 1.44595e-21 
 10.00000   2.81900e-23 8.98030e-23 1.70391e-22 2.36550e-22 2.64899e-22 2.68697e-22 2.92898e-22 3.05727e-22 
100.00000   1.96725e-24 4.05850e-24 6.41910e-24 7.62347e-24 8.45972e-24 8.64397e-24 8.94145e-24 9.08284e-24 

         35
          250.0
  0.00001   3.24417e-28 1.54610e-27 1.05977e-26 3.67234e-25 6.89038e-24 3.59808e-23 7.23945e-22 7.20687e-21 
  0.00010   3.02856e-27 1.36489e-26 7.72437e-26 1.48860e-24 1.43990e-23 4.98800e-23 7.69560e-22 7.29797e-21 
  0.00100   2.86265e-26 1.24922e-25 6.44399e-25 8.78889e-24 5.76509e-23 1.34649e-22 1.07260e-21 7.97605e-21 
  0.01000   2.70951e-25 1.17014e-24 5.63283e-24 6.17188e-23 3.23358e-22 6.24359e-22 2.43435e-21 1.05252e-20 
  0.10000   2.37081e-24 9.87202e-24 4.25489e-23 3.20701e-22 1.03378e-21 1.46462e-21 2.76952e-21 6.62388e-21 
  1.00000   1.53302e-23 5.59196e-23 1.71978e-22 4.69651e-22 7.71497e-22 8.79292e-22 1.05497e-21 1.41289e-21 
 10.00000   3.59646e-23 1.16715e-22 1.79974e-22 2.49949e-22 2.85370e-22 2.92349e-22 3.14786e-22 3.39366e-22 
100.00000   3.56225e-24 8.09349e-24 1.03225e-23 1.23927e-23 1.40928e-23 1.44282e-23 1.48629e-23 1.64952e-23 

         35
          300.0
  0.00001   4.05000e-28 2.12267e-27 1.77674e-26 9.01578e-25 2.00543e-23 9.46770e-23 1.22789e-21 9.89405e-21 
  0.00010   3.73681e-27 1.81669e-26 1.10258e-25 2.52936e-24 2.86607e-23 1.07405e-22 1.25708e-21 9.90102e-21 
  0.00100   3.42684e-26 1.61228e-25 8.33533e-25 1.19579e-23 8.21650e-23 2.01610e-22 1.51949e-21 1.00885e-20 
  0.01000   3.15964e-25 1.48711e-24 6.95870e-24 7.54630e-23 3.94778e-22 7.47235e-22 2.84538e-21 1.14702e-20 
  0.10000   2.76556e-24 1.23153e-23 5.04357e-23 3.71474e-22 1.14665e-21 1.61097e-21 3.01185e-21 6.74500e-21 
  1.00000   1.77144e-23 6.85365e-23 1.90909e-22 5.02617e-22 8.18176e-22 9.31365e-22 1.11601e-21 1.64541e-21 
 10.00000   3.42461e-23 1.36519e-22 1.98199e-22 2.79991e-22 3.27142e-22 3.41006e-22 3.98442e-22 4.74114e-22 
100.00000   4.67285e-24 1.29880e-23 1.62409e-23 2.29723e-23 2.48231e-23 2.49718e-23 2.52014e-23 3.36314e-23 

         35
          350.0
  0.00001   5.08993e-28 2.83977e-27 3.24533e-26 2.27556e-24 5.16951e-23 2.07847e-22 1.87268e-21 1.26184e-20 
  0.00010   4.64812e-27 2.36938e-26 1.66616e-25 4.45858e-24 5.99626e-23 2.17286e-22 1.89511e-21 1.26167e-20 
  0.00100   4.20266e-26 2.04297e-25 1.11610e-24 1.68179e-23 1.25152e-22 3.17902e-22 2.10711e-21 1.27476e-20 
  0.01000   3.80402e-25 1.83295e-24 8.77200e-24 9.48136e-23 4.91975e-22 9.12807e-22 3.30198e-21 1.24288e-20 
  0.10000   3.29670e-24 1.50728e-23 6.15706e-23 4.31042e-22 1.29170e-21 1.80418e-21 3.25886e-21 7.26981e-21 
  1.00000   1.96788e-23 8.19391e-23 2.13022e-22 5.57717e-22 9.01195e-22 1.01947e-21 1.22365e-21 2.21504e-21 
 10.00000   3.44597e-23 1.56852e-22 2.24068e-22 3.33056e-22 4.09589e-22 4.41429e-22 5.68993e-22 6.85317e-22 
100.00000   6.28516e-24 1.83760e-23 2.48416e-23 4.29028e-23 4.50666e-23 4.56074e-23 4.61699e-23 6.34396e-23 

         35
          400.0
  0.00001   6.43079e-28 3.74480e-27 5.72145e-26 5.32588e-24 1.11917e-22 3.89727e-22 2.72584e-21 1.54541e-20 
  0.00010   5.91818e-27 3.07041e-26 2.55538e-25 8.13119e-24 1.20257e-22 3.98832e-22 2.74425e-21 1.54450e-20 
  0.00100   5.38163e-26 2.59628e-25 1.52702e-24 2.42159e-23 1.96186e-22 4.99875e-22 2.91587e-21 1.53898e-20 
  0.01000   4.86363e-25 2.27925e-24 1.12229e-23 1.21505e-22 6.33328e-22 1.15027e-21 3.90868e-21 1.40268e-20 
  0.10000   4.07751e-24 1.85762e-23 7.53413e-23 5.12600e-22 1.50495e-21 2.05974e-21 3.63888e-21 8.12372e-21 
  1.00000   2.30726e-23 9.44246e-23 2.46591e-22 6.36637e-22 1.00559e-21 1.15306e-21 1.55430e-21 2.84134e-21 
 10.00000   4.23765e-23 1.71391e-22 2.60105e-22 4.31787e-22 5.29557e-22 5.86733e-22 7.50331e-22 9.12274e-22 
100.00000   9.03137e-24 2.46437e-23 3.79110e-23 6.96267e-23 7.60264e-23 7.64496e-23 7.94335e-23 1.09072e-22 

         35
          600.0
  0.00001   1.41313e-27 9.97477e-27 3.53412e-25 6.53134e-23 8.88009e-22 2.01760e-21 7.70257e-21 3.18481e-20 
  0.00010   1.31865e-26 7.55638e-26 1.04518e-24 7.20959e-23 8.94464e-22 2.02350e-21 7.70777e-21 3.18328e-20 
  0.00100   1.22181e-25 5.99267e-25 4.69578e-24 1.08642e-22 9.77040e-22 2.10052e-21 7.70943e-21 3.15302e-20 
  0.01000   1.12910e-24 5.06893e-24 2.84246e-23 3.16458e-22 1.64914e-21 2.83697e-21 7.84003e-21 2.89917e-20 
  0.10000   9.70402e-24 3.89574e-23 1.61123e-22 1.00746e-21 2.76599e-21 3.73486e-21 6.58490e-21 1.80882e-20 
  1.00000   5.32400e-23 1.71311e-22 4.38577e-22 1.17907e-21 2.25921e-21 2.73682e-21 3.76649e-21 6.39038e-21 
 10.00000   1.05909e-22 2.38263e-22 4.88764e-22 1.02449e-21 1.54728e-21 1.71314e-21 2.06998e-21 2.28814e-21 
100.00000   3.67138e-23 6.25880e-23 1.28122e-22 3.11639e-22 3.86218e-22 4.07281e-22 4.44034e-22 5.35476e-22 

         36
          100.0
  0.00001   1.50564e-28 6.89039e-27 1.72352e-25 3.78645e-24 4.43118e-23 1.23040e-22 1.37242e-21 8.07906e-20 
  0.00010   1.46331e-27 6.34457e-26 1.56117e-24 2.88791e-23 2.38837e-22 5.29365e-22 3.08945e-21 1.08428e-19 
  0.00100   1.44078e-26 5.99656e-25 1.45662e-23 2.35143e-22 1.59554e-21 3.22311e-21 1.33371e-20 2.34492e-19 
  0.01000   1.40429e-25 5.52264e-24 1.30729e-22 1.84264e-21 1.10088e-20 1.97060e-20 6.29688e-20 6.15868e-19 
  0.10000   1.24005e-24 4.19808e-23 9.20245e-22 9.86742e-21 4.06884e-20 6.31650e-20 1.45561e-19 6.14995e-19 
  1.00000   7.39390e-24 1.78797e-22 3.07767e-21 2.49530e-20 6.48399e-20 7.81927e-20 1.11088e-19 1.79886e-19 
 10.00000   1.20774e-23 9.59623e-23 2.13333e-21 1.62157e-20 2.64272e-20 3.13916e-20 3.59477e-20 3.77640e-20 
100.00000   1.84427e-25 1.03363e-24 2.95273e-23 1.70240e-22 3.30193e-22 3.47609e-22 3.59234e-22 3.64565e-22 

         36
          150.0
  0.00001   8.10808e-28 2.35207e-26 2.96206e-25 7.46895e-24 1.04788e-22 3.65183e-22 5.52812e-21 1.97864e-19 
  0.00010   7.71293e-27 2.08452e-25 2.48799e-24 4.54783e-23 4.00981e-22 9.71265e-22 7.85861e-21 2.11796e-19 
  0.00100   7.36254e-26 1.91985e-24 2.21223e-23 3.23113e-22 2.19538e-21 4.43089e-21 2.06816e-20 3.21205e-19 
  0.01000   7.02433e-25 1.73709e-23 1.94690e-22 2.44779e-21 1.37095e-20 2.44881e-20 7.82376e-20 7.04277e-19 
  0.10000   6.05105e-24 1.28698e-22 1.35956e-21 1.22213e-20 4.62161e-20 7.29180e-20 1.64943e-19 6.41876e-19 
  1.00000   3.53701e-23 4.96160e-22 4.85964e-21 2.93266e-20 6.48885e-20 8.08960e-20 1.13482e-19 1.79437e-19 
 10.00000   6.77544e-23 3.43635e-22 5.61084e-21 2.01493e-20 2.99046e-20 3.78218e-20 4.44463e-20 4.70157e-20 
100.00000   2.11417e-24 8.37226e-24 1.54039e-22 4.07439e-22 7.83607e-22 8.21554e-22 8.48750e-22 8.60890e-22 

         36
          200.0
  0.00001   2.06693e-27 4.51913e-26 4.34483e-25 1.37173e-23 2.20277e-22 8.68495e-22 1.40386e-20 3.26221e-19 
  0.00010   1.90700e-26 3.90018e-25 3.33965e-24 6.47376e-23 5.96196e-22 1.65309e-21 1.62558e-20 3.31881e-19 
  0.00100   1.78431e-25 3.51294e-24 2.84456e-23 4.03464e-22 2.79587e-21 5.71867e-21 2.96834e-20 4.11542e-19 
  0.01000   1.67795e-24 3.16674e-23 2.44877e-22 2.91638e-21 1.57804e-20 2.80855e-20 8.96234e-20 7.45743e-19 
  0.10000   1.42765e-23 2.36936e-22 1.71047e-21 1.38266e-20 5.07910e-20 7.94355e-20 1.77323e-19 6.37994e-19 
  1.00000   8.05657e-23 8.59034e-22 5.84918e-21 3.15591e-20 6.37728e-20 7.94998e-20 1.12686e-19 1.83391e-19 
 10.00000   1.58339e-22 6.89111e-22 9.47720e-21 2.22492e-20 3.21041e-20 4.04794e-20 4.85408e-20 5.08637e-20 
100.00000   8.86388e-24 3.30209e-23 4.13872e-22 7.31199e-22 1.41737e-21 1.48295e-21 1.53847e-21 1.55942e-21 

         36
          250.0
  0.00001   4.05659e-27 6.52137e-26 6.07190e-25 2.44275e-23 4.35902e-22 1.79538e-21 2.57587e-20 4.57908e-19 
  0.00010   3.55790e-26 5.48027e-25 4.20429e-24 8.81561e-23 8.54477e-22 2.69139e-21 2.75700e-20 4.61707e-19 
  0.00100   3.26626e-25 4.83692e-24 3.37633e-23 4.81535e-22 3.39353e-21 7.23364e-21 4.03590e-20 5.06105e-19 
  0.01000   3.03397e-24 4.35452e-23 2.84696e-22 3.27222e-21 1.75752e-20 3.07409e-20 9.93105e-20 7.60469e-19 
  0.10000   2.55957e-23 3.37864e-22 2.01429e-21 1.50244e-20 5.45851e-20 8.31971e-20 1.86125e-19 6.30216e-19 
  1.00000   1.40765e-22 1.30553e-21 6.50144e-21 3.22312e-20 6.39176e-20 7.81058e-20 1.09699e-19 1.85027e-19 
 10.00000   2.75278e-22 1.17722e-21 1.15819e-20 2.29382e-20 3.39294e-20 4.05581e-20 4.96056e-20 5.22761e-20 
100.00000   2.35393e-23 9.66508e-23 7.49649e-22 1.09738e-21 2.17462e-21 2.27779e-21 2.37446e-21 2.40636e-21 

         36
          300.0
  0.00001   7.51395e-27 8.56582e-26 8.53598e-25 4.28700e-23 8.33029e-22 3.42294e-21 3.92028e-20 5.73050e-19 
  0.00010   6.16707e-26 6.84522e-25 5.21647e-24 1.18632e-22 1.27146e-21 4.20224e-21 4.06497e-20 5.77277e-19 
  0.00100   5.43379e-25 5.88989e-24 3.81749e-23 5.62368e-22 4.04254e-21 9.05924e-21 5.26894e-20 6.04606e-19 
  0.01000   4.95025e-24 5.22640e-23 3.12568e-22 3.58937e-21 1.93007e-20 3.29448e-20 1.09673e-19 7.86363e-19 
  0.10000   4.11898e-23 4.08779e-22 2.20279e-21 1.62112e-20 5.65875e-20 8.59594e-20 1.92277e-19 6.26343e-19 
  1.00000   2.25324e-22 1.77045e-21 7.15592e-21 3.26635e-20 6.45618e-20 7.84913e-20 1.08709e-19 1.79259e-19 
 10.00000   4.25299e-22 1.88633e-21 1.22347e-20 2.35341e-20 3.54344e-20 3.96461e-20 4.84267e-20 5.32518e-20 
100.00000   4.99974e-23 2.25457e-22 1.12151e-21 1.52599e-21 2.99260e-21 3.13868e-21 3.27494e-21 3.32245e-21 

         36
          350.0
  0.00001   1.32075e-26 1.15758e-25 1.20429e-24 7.28375e-23 1.51482e-21 5.84790e-21 5.48320e-20 6.54165e-19 
  0.00010   1.03584e-25 8.28322e-25 6.48167e-24 1.58521e-22 1.92818e-21 6.36704e-21 5.60494e-20 6.56128e-19 
  0.00100   8.50217e-25 6.81257e-24 4.33635e-23 6.47506e-22 4.89431e-21 1.13948e-20 6.66392e-20 6.87496e-19 
  0.01000   7.58232e-24 5.94733e-23 3.33924e-22 3.86256e-21 2.07004e-20 3.56353e-20 1.19117e-19 8.33839e-19 
  0.10000   6.21516e-23 4.68329e-22 2.34541e-21 1.72474e-20 5.83401e-20 8.77536e-20 1.98366e-19 6.20242e-19 
  1.00000   3.49336e-22 2.05559e-21 8.00675e-21 3.34599e-20 6.46731e-20 7.90344e-20 1.08380e-19 1.70961e-19 
 10.00000   6.31993e-22 2.97432e-21 1.29840e-20 2.45160e-20 3.59779e-20 3.96580e-20 4.62099e-20 5.35944e-20 
100.00000   9.42510e-23 4.30937e-22 1.46464e-21 2.05239e-21 3.81600e-21 4.00373e-21 4.17595e-21 4.23587e-21 

         36
          400.0
  0.00001   1.96902e-26 1.49820e-25 1.74279e-24 1.17186e-22 2.45325e-21 8.95281e-21 7.29242e-20 7.40027e-19 
  0.00010   1.56206e-25 1.02626e-24 8.04655e-24 2.10179e-22 2.85575e-21 9.37331e-21 7.38778e-20 7.40589e-19 
  0.00100   1.26356e-24 7.81036e-24 4.91121e-23 7.37310e-22 5.83865e-21 1.39803e-20 8.17993e-20 7.59788e-19 
  0.01000   1.09352e-23 6.59331e-23 3.59321e-22 4.10685e-21 2.19175e-20 3.80173e-20 1.27617e-19 8.46326e-19 
  0.10000   8.80825e-23 5.12805e-22 2.45297e-21 1.79922e-20 5.99022e-20 8.97054e-20 1.99189e-19 5.98739e-19 
  1.00000   4.90815e-22 2.28102e-21 8.71198e-21 3.38336e-20 6.58551e-20 7.96921e-20 1.07641e-19 1.68359e-19 
 10.00000   8.86237e-22 4.20977e-21 1.32808e-20 2.44677e-20 3.51949e-20 3.98862e-20 4.39067e-20 5.30005e-20 
100.00000   1.60751e-22 6.90515e-22 1.77468e-21 2.59666e-21 4.56198e-21 4.77807e-21 4.99426e-21 5.05138e-21 

         36
          600.0
  0.00001   4.40353e-26 2.81860e-25 7.34431e-24 5.63545e-22 8.77534e-21 2.59722e-20 1.37189e-19 9.04117e-19 
  0.00010   3.46623e-25 1.75909e-24 1.88499e-23 6.53054e-22 9.01418e-21 2.61929e-20 1.37526e-19 9.03947e-19 
  0.00100   2.90504e-24 1.24410e-23 7.96696e-23 1.31214e-21 1.15997e-20 2.87117e-20 1.40031e-19 8.97749e-19 
  0.01000   2.46762e-23 9.47868e-23 4.72035e-22 5.14493e-21 2.79112e-20 4.89353e-20 1.60336e-19 8.40231e-19 
  0.10000   1.93162e-22 6.88750e-22 2.90967e-21 2.05436e-20 6.52510e-20 9.63091e-20 2.03271e-19 5.77803e-19 
  1.00000   1.11027e-21 3.19200e-21 9.76160e-21 3.38714e-20 6.47659e-20 7.93839e-20 1.09492e-19 1.47177e-19 
 10.00000   2.48269e-21 6.84353e-21 1.42076e-20 2.43890e-20 3.08966e-20 3.24308e-20 3.99128e-20 4.74901e-20 
100.00000   7.25653e-22 2.09750e-21 2.97435e-21 4.70201e-21 6.84496e-21 7.18658e-21 7.45804e-21 7.54550e-21 

         37
          100.0
  0.00001   3.36318e-28 5.35822e-27 2.26106e-25 4.17882e-24 3.58955e-23 8.42720e-23 9.00980e-22 6.19934e-20 
  0.00010   3.26021e-27 4.80877e-26 2.10594e-24 3.35686e-23 2.18542e-22 4.70627e-22 2.94484e-21 9.54957e-20 
  0.00100   3.17697e-26 4.51136e-25 2.01372e-23 2.88760e-22 1.67275e-21 3.36041e-21 1.47279e-20 3.15196e-19 
  0.01000   3.08953e-25 4.21891e-24 1.89920e-22 2.41784e-21 1.30309e-20 2.41289e-20 7.97743e-20 1.07527e-18 
  0.10000   2.76569e-24 3.39796e-23 1.41930e-21 1.43857e-20 6.30950e-20 9.59054e-20 2.47763e-19 8.03127e-19 
  1.00000   1.99464e-23 1.21625e-22 5.90544e-21 4.44721e-20 8.68327e-20 1.04752e-19 1.44342e-19 2.58907e-19 
 10.00000   1.93608e-23 1.28553e-22 7.87996e-21 2.66088e-20 4.01980e-20 4.31032e-20 4.62521e-20 4.76760e-20 
100.00000   2.32978e-25 1.65411e-24 1.00245e-22 3.32267e-22 4.32719e-22 4.40628e-22 4.46372e-22 4.50774e-22 

         37
          150.0
  0.00001   7.35196e-28 1.66793e-26 2.78464e-25 5.99153e-24 6.68653e-23 1.80689e-22 3.20985e-21 1.70771e-19 
  0.00010   6.81130e-27 1.36933e-25 2.42980e-24 4.12303e-23 3.06130e-22 6.73103e-22 5.97285e-21 1.92262e-19 
  0.00100   6.52661e-26 1.21088e-24 2.24827e-23 3.24785e-22 1.92982e-21 3.87521e-21 1.97369e-20 3.59419e-19 
  0.01000   6.29309e-25 1.09829e-23 2.09771e-22 2.59592e-21 1.33603e-20 2.48775e-20 8.84959e-20 9.71544e-19 
  0.10000   5.59288e-24 8.49355e-23 1.65671e-21 1.47976e-20 6.11425e-20 9.43963e-20 2.30158e-19 7.49691e-19 
  1.00000   3.88123e-23 2.97649e-22 8.09156e-21 3.85735e-20 7.85144e-20 9.66968e-20 1.36843e-19 2.13129e-19 
 10.00000   5.38295e-23 3.00566e-22 1.03591e-20 2.91041e-20 3.62523e-20 3.77852e-20 4.05376e-20 4.20867e-20 
100.00000   1.37142e-24 1.12170e-23 3.23433e-22 6.34307e-22 7.44971e-22 7.55718e-22 7.65652e-22 7.99666e-22 

         37
          200.0
  0.00001   1.30924e-27 3.21358e-26 3.35963e-25 8.72171e-24 1.18153e-22 3.87876e-22 8.67235e-21 3.01393e-19 
  0.00010   1.16548e-26 2.53960e-25 2.70643e-24 4.97244e-23 4.18119e-22 9.75359e-22 1.15783e-20 3.13688e-19 
  0.00100   1.09571e-25 2.17867e-24 2.39566e-23 3.52768e-22 2.21258e-21 4.39068e-21 2.63073e-20 4.22318e-19 
  0.01000   1.03469e-24 1.95297e-23 2.17947e-22 2.70946e-21 1.38442e-20 2.53837e-20 9.75613e-20 8.90521e-19 
  0.10000   8.91418e-24 1.54092e-22 1.73669e-21 1.51462e-20 5.91705e-20 9.20926e-20 2.17465e-19 7.08136e-19 
  1.00000   5.74954e-23 5.66023e-22 8.62746e-21 3.52842e-20 7.09040e-20 8.78206e-20 1.29146e-19 1.99315e-19 
 10.00000   9.77752e-23 7.00643e-22 1.11598e-20 2.87983e-20 3.24294e-20 3.35865e-20 3.77271e-20 4.05988e-20 
100.00000   4.16265e-24 5.20692e-23 6.10197e-22 1.00053e-21 1.11108e-21 1.12719e-21 1.14413e-21 1.25231e-21 

         37
          250.0
  0.00001   2.35982e-27 4.71221e-26 4.17475e-25 1.30991e-23 2.04337e-22 8.21458e-22 1.75836e-20 4.12390e-19 
  0.00010   2.02226e-26 3.74034e-25 3.06643e-24 5.98598e-23 5.56051e-22 1.45215e-21 1.99853e-20 4.18166e-19 
  0.00100   1.85525e-25 3.17686e-24 2.57060e-23 3.77624e-22 2.49229e-21 5.00687e-21 3.39228e-20 4.84691e-19 
  0.01000   1.72254e-24 2.82340e-23 2.26971e-22 2.76217e-21 1.43046e-20 2.59123e-20 1.04849e-19 8.44116e-19 
  0.10000   1.44758e-23 2.28751e-22 1.78399e-21 1.51807e-20 5.77933e-20 8.86463e-20 2.10976e-19 6.59265e-19 
  1.00000   8.97528e-23 8.94100e-22 8.48147e-21 3.42734e-20 6.53885e-20 7.96274e-20 1.18040e-19 1.92711e-19 
 10.00000   1.54894e-22 1.56466e-21 1.31316e-20 2.67588e-20 2.98168e-20 3.12768e-20 3.81178e-20 4.29646e-20 
100.00000   9.81227e-24 1.68028e-22 9.69433e-22 1.42503e-21 1.57311e-21 1.59884e-21 1.62399e-21 1.81640e-21 

         37
          300.0
  0.00001   4.08909e-27 6.19130e-26 5.31346e-25 2.00260e-23 3.61522e-22 1.64461e-21 2.84151e-20 4.89957e-19 
  0.00010   3.36002e-26 4.93484e-25 3.49982e-24 7.23566e-23 7.47740e-22 2.22525e-21 2.98792e-20 4.92053e-19 
  0.00100   2.98068e-25 4.13861e-24 2.75372e-23 4.04814e-22 2.80983e-21 5.91635e-21 4.21228e-20 5.28455e-19 
  0.01000   2.75375e-24 3.60442e-23 2.35441e-22 2.78822e-21 1.45292e-20 2.67047e-20 1.10570e-19 8.11717e-19 
  0.10000   2.34089e-23 2.87829e-22 1.79698e-21 1.50359e-20 5.73352e-20 8.68209e-20 2.04393e-19 6.15761e-19 
  1.00000   1.41658e-22 1.22776e-21 8.47916e-21 3.34112e-20 6.33220e-20 7.51814e-20 1.08985e-19 1.78457e-19 
 10.00000   2.18195e-22 2.72584e-21 1.49631e-20 2.44297e-20 2.78378e-20 2.94750e-20 3.86802e-20 4.50536e-20 
100.00000   2.07091e-23 3.66872e-22 1.34298e-21 1.87842e-21 2.08707e-21 2.11986e-21 2.14920e-21 2.35922e-21 

         37
          350.0
  0.00001   6.76851e-27 7.63487e-26 6.86116e-25 3.05375e-23 6.38142e-22 2.95490e-21 4.06677e-20 5.46617e-19 
  0.00010   5.45790e-26 5.90905e-25 3.98495e-24 8.85120e-23 1.01630e-21 3.44051e-21 4.18024e-20 5.49631e-19 
  0.00100   4.64256e-25 4.89148e-24 2.93857e-23 4.32703e-22 3.21213e-21 7.20066e-21 5.23237e-20 5.64751e-19 
  0.01000   4.18743e-24 4.23898e-23 2.44875e-22 2.82485e-21 1.48461e-20 2.76840e-20 1.13268e-19 7.69348e-19 
  0.10000   3.56255e-23 3.42872e-22 1.81270e-21 1.47420e-20 5.60830e-20 8.67604e-20 2.00851e-19 5.84618e-19 
  1.00000   2.17212e-22 1.53307e-21 8.37117e-21 3.22467e-20 6.23118e-20 7.44890e-20 1.04096e-19 1.68101e-19 
 10.00000   3.09657e-22 3.84642e-21 1.52150e-20 2.29165e-20 2.64226e-20 2.80247e-20 3.77435e-20 4.54160e-20 
100.00000   4.36303e-23 5.71200e-22 1.59348e-21 2.30133e-21 2.55593e-21 2.58636e-21 2.62047e-21 2.84429e-21 

         37
          400.0
  0.00001   1.00679e-26 8.92989e-26 9.17144e-25 4.68990e-23 1.02561e-21 4.70848e-21 5.26894e-20 5.74718e-19 
  0.00010   8.10162e-26 6.68865e-25 4.66595e-24 1.09478e-22 1.40261e-21 5.14607e-21 5.38006e-20 5.76268e-19 
  0.00100   6.81731e-25 5.46548e-24 3.13450e-23 4.70037e-22 3.67568e-21 8.69395e-21 6.35775e-20 5.92262e-19 
  0.01000   5.97690e-24 4.72168e-23 2.52441e-22 2.88535e-21 1.54111e-20 2.91966e-20 1.17385e-19 7.34910e-19 
  0.10000   5.02081e-23 3.84286e-22 1.85198e-21 1.44566e-20 5.43045e-20 8.61051e-20 1.96646e-19 5.66759e-19 
  1.00000   2.94094e-22 1.86708e-21 8.10268e-21 3.15081e-20 6.07183e-20 7.31421e-20 1.01458e-19 1.59147e-19 
 10.00000   4.41479e-22 3.93847e-21 1.46972e-20 2.20880e-20 2.59114e-20 2.77433e-20 3.60707e-20 4.46701e-20 
100.00000   8.41380e-23 7.14042e-22 1.75707e-21 2.64520e-21 2.93826e-21 2.96266e-21 2.99121e-21 3.22942e-21 

         37
          600.0
  0.00001   2.44129e-26 1.44485e-25 2.85842e-24 2.35515e-22 4.04188e-21 1.52292e-20 1.01011e-19 6.22538e-19 
  0.00010   2.03343e-25 9.53813e-25 9.08011e-24 3.05714e-22 4.24078e-21 1.54078e-20 1.01363e-19 6.21953e-19 
  0.00100   1.64746e-24 7.09169e-24 4.43589e-23 7.20481e-22 6.27405e-21 1.77300e-20 1.04899e-19 6.21296e-19 
  0.01000   1.40966e-23 5.91528e-23 2.90029e-22 3.22855e-21 1.81613e-20 3.57844e-20 1.33129e-19 6.38550e-19 
  0.10000   1.17145e-22 4.73683e-22 1.96759e-21 1.44539e-20 5.06916e-20 8.04690e-20 1.78406e-19 4.82002e-19 
  1.00000   6.77924e-22 2.55460e-21 7.55974e-21 2.83540e-20 5.46740e-20 6.61107e-20 9.21438e-20 1.34659e-19 
 10.00000   1.39314e-21 4.97554e-21 1.26005e-20 1.92550e-20 2.41230e-20 2.82179e-20 3.20085e-20 3.86887e-20 
100.00000   4.93491e-22 1.30146e-21 2.82788e-21 3.94304e-21 4.01742e-21 4.03059e-21 4.06338e-21 4.16037e-21 

         38
          100.0
  0.00001   2.11422e-33 9.01356e-32 1.86156e-29 6.79557e-28 7.77347e-27 1.93944e-26 2.18038e-25 1.80247e-23 
  0.00010   2.08924e-32 8.44272e-31 1.64868e-28 4.33819e-27 3.42815e-26 7.02152e-26 4.30021e-25 2.05071e-23 
  0.00100   2.06947e-31 8.02436e-30 1.49059e-27 3.28014e-26 2.12642e-25 3.95299e-25 1.69220e-24 3.44199e-23 
  0.01000   2.03689e-30 7.34759e-29 1.27595e-26 2.47267e-25 1.34074e-24 2.27535e-24 7.02184e-24 6.34232e-23 
  0.10000   1.77977e-29 4.74057e-28 7.97405e-26 1.18773e-24 4.11472e-24 6.02339e-24 1.58177e-23 7.49134e-23 
  1.00000   8.71253e-29 1.27757e-27 2.09365e-25 2.41384e-24 7.58608e-24 1.01502e-23 2.09286e-23 4.98614e-23 
 10.00000   1.23323e-28 1.33396e-27 2.00809e-25 2.50051e-24 5.43363e-24 8.93533e-24 1.19032e-23 2.00126e-23 
100.00000   2.42670e-30 3.35544e-29 2.90023e-27 3.69713e-26 7.96093e-26 9.46573e-26 1.77013e-25 2.49147e-25 

         38
          150.0
  0.00001   1.55115e-32 5.78144e-31 5.37975e-29 2.53362e-27 3.58828e-26 9.18086e-26 1.03935e-24 5.17304e-23 
  0.00010   1.52644e-31 5.05786e-30 4.30902e-28 1.21582e-26 1.05088e-25 2.24721e-25 1.48733e-24 5.63550e-23 
  0.00100   1.50731e-30 4.55293e-29 3.66221e-27 7.84518e-26 5.21002e-25 9.71271e-25 4.26599e-24 8.43156e-23 
  0.01000   1.47390e-29 4.02032e-28 3.02850e-26 5.51206e-25 3.07118e-24 5.22669e-24 1.61492e-23 2.08704e-22 
  0.10000   1.25572e-28 2.57926e-27 1.88024e-25 2.65044e-24 1.11894e-23 1.81427e-23 4.98968e-23 2.97030e-22 
  1.00000   6.11294e-28 7.61298e-27 5.41394e-25 7.68049e-24 2.70964e-23 3.71802e-23 7.00186e-23 1.82876e-22 
 10.00000   1.08046e-27 8.18074e-27 5.69943e-25 1.05674e-23 2.18015e-23 3.66932e-23 4.66794e-23 6.09195e-23 
100.00000   5.95466e-29 4.78532e-28 1.69717e-26 3.43280e-25 6.50656e-25 7.75291e-25 1.14146e-24 1.45257e-24 

         38
          200.0
  0.00001   6.77424e-32 2.33437e-30 1.37038e-28 7.81275e-27 1.24757e-25 3.12310e-25 3.12790e-24 1.19489e-22 
  0.00010   6.67045e-31 1.92895e-29 9.68171e-28 2.83935e-26 2.68653e-25 5.87186e-25 3.89546e-24 1.28428e-22 
  0.00100   6.57231e-30 1.62970e-28 7.55285e-27 1.54345e-25 1.03904e-24 1.96961e-24 8.74147e-24 1.84596e-22 
  0.01000   6.39158e-29 1.37255e-27 6.11233e-26 1.01198e-24 5.65090e-24 9.70429e-24 3.08988e-23 4.67065e-22 
  0.10000   5.20255e-28 8.81756e-27 3.89952e-25 4.99019e-24 2.36821e-23 3.98248e-23 1.08337e-22 6.42861e-22 
  1.00000   2.37327e-27 2.95509e-26 1.34983e-24 1.69931e-23 5.76697e-23 7.83028e-23 1.32516e-22 3.64847e-22 
 10.00000   5.02768e-27 3.56542e-26 1.55286e-24 2.48289e-23 4.72890e-23 6.42605e-23 8.60886e-23 1.06981e-22 
100.00000   6.49344e-28 3.95939e-27 8.12480e-26 1.33448e-24 2.00535e-24 2.35375e-24 3.10151e-24 3.72749e-24 

         38
          250.0
  0.00001   2.25256e-31 6.77729e-30 3.10728e-28 2.08734e-26 3.48369e-25 8.62252e-25 7.49731e-24 2.65141e-22 
  0.00010   2.22630e-30 5.54433e-29 1.92037e-27 5.93288e-26 6.04178e-25 1.33585e-24 8.62974e-24 2.76806e-22 
  0.00100   2.19738e-29 4.54175e-28 1.36381e-26 2.70456e-25 1.85807e-24 3.58614e-24 1.59062e-23 3.68116e-22 
  0.01000   2.14054e-28 3.67577e-27 1.07151e-25 1.64669e-24 8.96652e-24 1.56429e-23 5.22998e-23 7.78333e-22 
  0.10000   1.69227e-27 2.33207e-26 7.04593e-25 8.30474e-24 4.02871e-23 6.65455e-23 1.79450e-22 9.96402e-22 
  1.00000   7.24660e-27 8.88808e-26 2.82696e-24 2.81037e-23 8.84963e-23 1.19954e-22 1.99333e-22 5.60150e-22 
 10.00000   1.79095e-26 1.31435e-25 3.87042e-24 4.10308e-23 7.67637e-23 8.66033e-23 1.16357e-22 1.58006e-22 
100.00000   4.30674e-27 2.11980e-26 2.98831e-25 3.08798e-24 4.09777e-24 4.80940e-24 6.03853e-24 7.09576e-24 

         38
          300.0
  0.00001   5.92023e-31 1.49878e-29 6.37752e-28 4.93557e-26 8.17716e-25 2.08090e-24 1.61741e-23 5.33154e-22 
  0.00010   5.87040e-30 1.27341e-28 3.49633e-27 1.15325e-25 1.22022e-24 2.75769e-24 1.74877e-23 5.41215e-22 
  0.00100   5.82552e-29 1.06385e-27 2.28655e-26 4.47386e-25 3.19359e-24 6.19443e-24 2.74765e-23 6.39982e-22 
  0.01000   5.72356e-28 8.48171e-27 1.70367e-25 2.50591e-24 1.32764e-23 2.35576e-23 8.22352e-23 1.16830e-21 
  0.10000   4.60014e-27 5.26423e-26 1.13721e-24 1.27411e-23 6.11578e-23 9.90515e-23 2.56552e-22 1.33019e-21 
  1.00000   1.96635e-26 2.12484e-25 4.87709e-24 4.17056e-23 1.16910e-22 1.58284e-22 2.63615e-22 7.15080e-22 
 10.00000   4.94590e-26 3.36525e-25 8.07031e-24 5.76729e-23 1.00939e-22 1.12161e-22 1.41614e-22 2.06052e-22 
100.00000   1.79540e-26 6.26006e-26 7.85152e-25 5.56047e-24 7.00658e-24 8.29649e-24 1.03625e-23 1.23381e-23 

         38
          350.0
  0.00001   1.30556e-30 2.86771e-29 1.18409e-27 1.07026e-25 1.69856e-24 4.30716e-24 3.20372e-23 9.51930e-22 
  0.00010   1.29172e-29 2.47499e-28 5.99317e-27 2.11333e-25 2.23188e-24 5.12692e-24 3.33476e-23 9.60735e-22 
  0.00100   1.27935e-28 2.09727e-27 3.62622e-26 7.09776e-25 5.15517e-24 9.96713e-24 4.54104e-23 1.02939e-21 
  0.01000   1.26053e-27 1.69447e-26 2.55491e-25 3.70239e-24 1.93354e-23 3.46398e-23 1.24627e-22 1.61445e-21 
  0.10000   1.04717e-26 1.06772e-25 1.67796e-24 1.86976e-23 8.63591e-23 1.39468e-22 3.38735e-22 1.64643e-21 
  1.00000   4.88978e-26 4.21185e-25 7.39157e-24 5.82108e-23 1.50627e-22 1.95872e-22 3.27384e-22 8.87637e-22 
 10.00000   1.12596e-25 6.60101e-25 1.34090e-23 7.36867e-23 1.28904e-22 1.43357e-22 1.70734e-22 2.49977e-22 
100.00000   5.38398e-26 1.29475e-25 1.60398e-24 8.89790e-24 1.12435e-23 1.36113e-23 1.75438e-23 2.18879e-23 

         38
          400.0
  0.00001   2.44215e-30 4.80611e-29 1.96334e-27 2.07780e-25 3.27804e-24 8.14347e-24 5.70412e-23 1.45402e-21 
  0.00010   2.41395e-29 4.13083e-28 9.36880e-27 3.58593e-25 3.95349e-24 9.06059e-24 5.84457e-23 1.45962e-21 
  0.00100   2.38629e-28 3.53199e-27 5.36488e-26 1.08261e-24 7.96731e-24 1.53975e-23 7.42127e-23 1.54339e-21 
  0.01000   2.34706e-27 2.94397e-26 3.68018e-25 5.29795e-24 2.75532e-23 4.97916e-23 1.83167e-22 2.12636e-21 
  0.10000   2.01058e-26 1.91752e-25 2.36372e-24 2.64569e-23 1.17859e-22 1.92016e-22 4.47346e-22 1.99039e-21 
  1.00000   9.95773e-26 7.46231e-25 1.05011e-23 7.56184e-23 1.92929e-22 2.53236e-22 4.04756e-22 1.01841e-21 
 10.00000   2.33834e-25 1.09559e-24 1.85856e-23 9.16516e-23 1.65412e-22 1.85219e-22 2.16927e-22 2.96037e-22 
100.00000   1.05755e-25 2.53259e-25 2.69048e-24 1.33567e-23 1.81666e-23 2.25690e-23 3.04320e-23 3.97148e-23 

         38
          600.0
  0.00001   1.29770e-29 1.98188e-28 8.02966e-27 1.34674e-24 2.30803e-23 6.19017e-23 3.63769e-22 4.78872e-21 
  0.00010   1.27205e-28 1.64742e-27 3.42972e-26 1.80505e-24 2.42080e-23 6.31893e-23 3.66229e-22 4.78629e-21 
  0.00100   1.24864e-27 1.38176e-26 1.77756e-25 3.97907e-24 3.41325e-23 7.72966e-23 3.96378e-22 4.85155e-21 
  0.01000   1.21691e-26 1.17180e-25 1.13796e-24 1.64918e-23 9.59640e-23 1.75732e-22 6.39379e-22 5.21991e-21 
  0.10000   1.08868e-25 8.75191e-25 7.05069e-24 7.72902e-23 3.29981e-22 5.13370e-22 1.14700e-21 4.22750e-21 
  1.00000   5.89708e-25 3.64772e-24 2.86553e-23 1.85471e-22 4.82065e-22 6.05122e-22 9.16277e-22 1.99441e-21 
 10.00000   1.34587e-24 6.06529e-24 4.45344e-23 1.96930e-22 3.74992e-22 4.89555e-22 6.98312e-22 9.48532e-22 
100.00000   5.65053e-25 2.02967e-24 1.02842e-23 4.98088e-23 1.07223e-22 1.40139e-22 1.98347e-22 2.62479e-22 

         39
          100.0
  0.00001   1.49250e-31 1.79448e-30 1.00987e-29 1.59533e-28 1.39613e-27 4.11610e-27 7.20340e-26 1.40679e-24 
  0.00010   1.44122e-30 1.74644e-29 9.58473e-29 1.35869e-27 9.71206e-27 2.17213e-26 1.90831e-25 2.41153e-24 
  0.00100   1.40411e-29 1.70911e-28 9.25128e-28 1.22005e-26 7.54355e-26 1.51267e-25 9.23480e-25 9.24025e-24 
  0.01000   1.35215e-28 1.65986e-27 8.79826e-27 1.05443e-25 5.80102e-25 1.10787e-24 4.91479e-24 3.31621e-23 
  0.10000   1.19539e-27 1.46104e-26 7.31176e-26 6.96122e-25 2.68146e-24 3.93368e-24 8.69040e-24 2.43944e-23 
  1.00000   8.09221e-27 9.27075e-26 3.95672e-25 1.37639e-24 2.55112e-24 2.99349e-24 3.81106e-24 6.21375e-24 
 10.00000   1.87468e-26 1.69435e-25 3.70554e-25 5.73307e-25 6.81317e-25 7.26512e-25 8.58717e-25 9.11810e-25 
100.00000   3.42864e-28 2.49481e-27 4.17277e-27 5.69881e-27 7.27761e-27 7.73658e-27 8.04545e-27 8.13459e-27 

         39
          150.0
  0.00001   4.28059e-31 2.64668e-30 1.49085e-29 3.04206e-28 3.59867e-27 1.47082e-26 3.55058e-25 5.73411e-24 
  0.00010   4.15360e-30 2.53296e-29 1.31803e-28 2.03610e-27 1.63606e-26 4.40536e-26 5.37119e-25 6.64960e-24 
  0.00100   4.05003e-29 2.44303e-28 1.20620e-27 1.59284e-26 1.01796e-25 2.17165e-25 1.48406e-24 1.30436e-23 
  0.01000   3.88301e-28 2.35148e-27 1.10697e-26 1.27650e-25 7.01618e-25 1.35978e-24 5.78432e-24 3.21591e-23 
  0.10000   3.41813e-27 2.05933e-26 8.68589e-26 7.91169e-25 2.91859e-24 4.38077e-24 9.44333e-24 2.42700e-23 
  1.00000   2.05580e-26 1.34655e-25 4.28144e-25 1.48250e-24 2.61160e-24 3.04473e-24 3.94124e-24 5.45738e-24 
 10.00000   5.64434e-26 2.72662e-25 4.89507e-25 6.68860e-25 7.54749e-25 7.83642e-25 9.06805e-25 1.00677e-24 
100.00000   2.11237e-27 8.15707e-27 1.13434e-26 1.39504e-26 1.65714e-26 1.70328e-26 1.74424e-26 1.76469e-26 

         39
          200.0
  0.00001   8.28813e-31 3.57556e-30 2.33128e-29 7.38588e-28 1.20904e-26 5.53150e-26 1.22414e-24 1.42911e-23 
  0.00010   8.11048e-30 3.40492e-29 1.89744e-28 3.42891e-27 3.16227e-26 9.96700e-26 1.41248e-24 1.49321e-23 
  0.00100   7.93794e-29 3.25231e-28 1.62459e-27 2.19414e-26 1.45171e-25 3.35272e-25 2.46818e-24 1.95292e-23 
  0.01000   7.63607e-28 3.09286e-27 1.43219e-26 1.60527e-25 8.79209e-25 1.70075e-24 6.91438e-24 3.30786e-23 
  0.10000   6.77799e-27 2.68639e-26 1.08811e-25 9.25725e-25 3.28051e-24 4.88931e-24 1.01722e-23 2.47236e-23 
  1.00000   3.99553e-26 1.73337e-25 4.82786e-25 1.58700e-24 2.73026e-24 3.17276e-24 4.20172e-24 5.71382e-24 
 10.00000   1.10748e-25 3.48099e-25 5.70313e-25 7.80306e-25 9.16353e-25 9.68637e-25 1.11726e-24 1.26039e-24 
100.00000   7.22790e-27 1.68155e-26 2.23967e-26 3.07490e-26 3.49836e-26 3.89020e-26 4.51549e-26 4.94188e-26 

         39
          250.0
  0.00001   1.18061e-30 4.72228e-30 3.91519e-29 2.12348e-27 4.39264e-26 1.86639e-25 2.99406e-24 2.59665e-23 
  0.00010   1.16196e-29 4.50738e-29 2.92906e-28 6.56387e-27 7.08387e-26 2.38884e-25 3.14182e-24 2.64115e-23 
  0.00100   1.14221e-28 4.29123e-28 2.31868e-27 3.28532e-26 2.25881e-25 5.59558e-25 4.12374e-24 2.92743e-23 
  0.01000   1.10672e-27 4.02638e-27 1.93770e-26 2.15112e-25 1.16544e-24 2.26842e-24 8.78421e-24 3.79657e-23 
  0.10000   9.82257e-27 3.42792e-26 1.43158e-25 1.15474e-24 3.93676e-24 5.73546e-24 1.13195e-23 2.66248e-23 
  1.00000   6.08203e-26 2.10068e-25 5.92081e-25 1.78279e-24 3.07800e-24 3.59160e-24 4.88463e-24 6.88428e-24 
 10.00000   1.52049e-25 4.21301e-25 6.54303e-25 1.01203e-24 1.27893e-24 1.38039e-24 1.61048e-24 1.85726e-24 
100.00000   1.54275e-26 2.89181e-26 4.14494e-26 6.79372e-26 8.02989e-26 9.80847e-26 1.29399e-25 1.53808e-25 

         39
          300.0
  0.00001   1.46516e-30 6.14598e-30 6.85212e-29 6.19724e-27 1.37507e-25 5.14224e-25 5.52914e-24 4.04705e-23 
  0.00010   1.45085e-29 5.87068e-29 4.73165e-28 1.35482e-26 1.70954e-25 5.63858e-25 5.60474e-24 4.05021e-23 
  0.00100   1.43636e-28 5.59259e-28 3.46185e-27 5.22303e-26 3.81026e-25 9.80968e-25 6.51156e-24 4.20707e-23 
  0.01000   1.40757e-27 5.18610e-27 2.70779e-26 2.99070e-25 1.59889e-24 3.17618e-24 1.14356e-23 4.78873e-23 
  0.10000   1.24742e-26 4.28333e-26 1.89864e-25 1.48551e-24 4.94204e-24 7.16517e-24 1.33818e-23 3.23537e-23 
  1.00000   8.09110e-26 2.42391e-25 7.42801e-25 2.17891e-24 3.85298e-24 4.61011e-24 6.51705e-24 9.54614e-24 
 10.00000   1.62246e-25 5.00209e-25 7.65322e-25 1.47879e-24 2.07157e-24 2.21232e-24 2.56249e-24 3.06032e-24 
100.00000   2.14854e-26 4.47114e-26 7.97384e-26 1.52567e-25 2.07563e-25 2.49906e-25 3.24653e-25 3.89927e-25 

         39
          350.0
  0.00001   1.82262e-30 8.13765e-30 1.15405e-28 1.64640e-26 3.60115e-25 1.17565e-24 8.83816e-24 5.81880e-23 
  0.00010   1.80887e-29 7.76418e-29 7.43304e-28 2.82387e-26 3.97250e-25 1.22318e-24 8.90042e-24 5.81058e-23 
  0.00100   1.79462e-28 7.39172e-28 5.24634e-27 8.52656e-26 6.82068e-25 1.72886e-24 9.72048e-24 5.84920e-23 
  0.01000   1.77294e-27 6.83837e-27 3.91944e-26 4.23674e-25 2.26532e-24 4.45194e-24 1.47100e-23 6.17889e-23 
  0.10000   1.59006e-26 5.45026e-26 2.59186e-25 1.93761e-24 6.36214e-24 9.08783e-24 1.68098e-23 4.48679e-23 
  1.00000   1.00927e-25 2.87580e-25 9.31698e-25 2.78614e-24 5.02667e-24 6.24290e-24 8.96502e-24 1.70011e-23 
 10.00000   1.93960e-25 5.70626e-25 9.73878e-25 2.11236e-24 3.58505e-24 3.89321e-24 4.40643e-24 4.83574e-24 
100.00000   3.11414e-26 6.72821e-26 1.33393e-25 3.54931e-25 4.57776e-25 5.26281e-25 6.66898e-25 8.00943e-25 

         39
          400.0
  0.00001   2.29015e-30 1.07429e-29 1.80319e-28 3.72766e-26 7.78420e-25 2.26052e-24 1.31433e-23 7.80851e-23 
  0.00010   2.27290e-29 1.02464e-28 1.10644e-27 5.51087e-26 8.18441e-25 2.31000e-24 1.32119e-23 7.78866e-23 
  0.00100   2.25536e-28 9.76583e-28 7.59824e-27 1.40146e-25 1.18867e-24 2.88827e-24 1.39248e-23 7.75753e-23 
  0.01000   2.23005e-27 9.08963e-27 5.56715e-26 6.09571e-25 3.22816e-24 6.18900e-24 1.88882e-23 8.18497e-23 
  0.10000   2.00400e-26 7.21616e-26 3.52983e-25 2.51737e-24 8.13639e-24 1.13662e-23 2.16182e-23 6.30889e-23 
  1.00000   1.27692e-25 3.53860e-25 1.17390e-24 3.65773e-24 6.88563e-24 8.60048e-24 1.27652e-23 2.61652e-23 
 10.00000   2.49303e-25 6.52209e-25 1.21912e-24 3.22176e-24 5.44680e-24 6.04719e-24 7.02452e-24 7.64970e-24 
100.00000   4.81099e-26 9.35350e-26 1.83844e-25 6.68045e-25 8.48954e-25 9.40330e-25 1.17155e-24 1.41074e-24 

         39
          600.0
  0.00001   5.15398e-30 2.97901e-29 7.51360e-28 3.19330e-25 6.27284e-24 1.44022e-23 4.97219e-23 2.54345e-22 
  0.00010   5.09957e-29 2.79238e-28 3.89262e-27 3.81835e-25 6.32799e-24 1.44555e-23 4.97619e-23 2.54008e-22 
  0.00100   5.04938e-28 2.61317e-27 2.40049e-26 6.65801e-25 6.98769e-24 1.51808e-23 4.99432e-23 2.52472e-22 
  0.01000   4.96137e-27 2.40374e-26 1.72212e-25 2.15087e-24 1.16546e-23 2.06638e-23 5.23475e-23 2.48397e-22 
  0.10000   4.51542e-26 1.99982e-25 1.08262e-24 7.01830e-24 2.17179e-23 2.94700e-23 5.74331e-23 1.93598e-22 
  1.00000   3.00549e-25 9.26042e-25 2.82469e-24 1.04908e-23 2.22875e-23 2.77459e-23 4.25529e-23 7.95249e-23 
 10.00000   7.60828e-25 1.28945e-24 3.07078e-24 1.08526e-23 1.78264e-23 2.17044e-23 2.70866e-23 3.52412e-23 
100.00000   2.58131e-25 3.40997e-25 8.75114e-25 3.80774e-24 5.45478e-24 5.53913e-24 6.75790e-24 8.34735e-24 

         40
          100.0
  0.00001   4.08681e-30 2.78061e-28 1.84630e-26 6.70700e-25 9.32047e-24 2.52064e-23 3.61048e-22 2.51666e-20 
  0.00010   3.86173e-29 2.13778e-27 1.28646e-25 3.15780e-24 2.78282e-23 6.20406e-23 4.89609e-22 2.68841e-20 
  0.00100   3.69699e-28 1.73240e-26 1.02155e-24 1.97151e-23 1.35913e-22 2.72399e-22 1.29256e-21 3.69705e-20 
  0.01000   3.44117e-27 1.43262e-25 8.54538e-24 1.46697e-22 8.41050e-22 1.54889e-21 5.10287e-21 7.26512e-20 
  0.10000   2.62377e-26 8.47046e-25 6.03346e-23 8.87568e-22 3.94990e-21 6.28089e-21 1.61267e-20 6.34330e-20 
  1.00000   7.38238e-26 2.06888e-24 2.14518e-22 3.01576e-21 6.30623e-21 7.65511e-21 1.10019e-20 1.83939e-20 
 10.00000   6.71684e-26 1.68935e-24 1.62466e-22 1.81109e-21 2.74402e-21 2.90823e-21 3.16660e-21 4.24203e-21 
100.00000   1.03895e-27 3.10752e-26 2.27445e-24 2.39882e-23 2.93364e-23 3.04115e-23 3.25273e-23 3.72477e-23 

         40
          150.0
  0.00001   1.93532e-29 1.01370e-27 3.43995e-26 1.80563e-24 3.08619e-23 8.70533e-23 1.21977e-21 4.76774e-20 
  0.00010   1.70921e-28 6.66281e-27 2.03322e-25 5.40580e-24 5.42522e-23 1.32105e-22 1.31739e-21 4.83141e-20 
  0.00100   1.54944e-27 4.76979e-26 1.45257e-24 2.64466e-23 1.85339e-22 3.76634e-22 2.10884e-21 5.32707e-20 
  0.01000   1.42924e-26 3.74198e-25 1.13057e-23 1.71775e-22 9.54319e-22 1.75836e-21 6.20846e-21 7.22182e-20 
  0.10000   1.14370e-25 2.23243e-24 8.33473e-23 9.85160e-22 4.12880e-21 6.61302e-21 1.64557e-20 5.94282e-20 
  1.00000   3.79244e-25 5.76804e-24 3.88762e-22 3.03955e-21 6.14969e-21 7.39484e-21 1.06199e-20 1.69258e-20 
 10.00000   3.61795e-25 4.73622e-24 5.40102e-22 2.09527e-21 3.17711e-21 3.43817e-21 3.86796e-21 4.27177e-21 
100.00000   1.22507e-26 1.78128e-25 1.42990e-23 4.89063e-23 6.99815e-23 7.39347e-23 7.82256e-23 8.18905e-23 

         40
          200.0
  0.00001   5.15721e-29 2.85854e-27 6.00380e-26 4.29180e-24 8.06744e-23 2.25094e-22 2.60742e-21 6.30203e-20 
  0.00010   4.16811e-28 1.63623e-26 2.92267e-25 8.87426e-24 1.03974e-22 2.62139e-22 2.65958e-21 6.33250e-20 
  0.00100   3.53989e-27 1.07665e-25 1.82158e-24 3.33056e-23 2.48210e-22 5.12734e-22 3.23035e-21 6.55086e-20 
  0.01000   3.18492e-26 7.84563e-25 1.29858e-23 1.89264e-22 1.04404e-21 1.91343e-21 7.22264e-21 7.35223e-20 
  0.10000   2.65400e-25 4.69751e-24 9.21258e-23 1.02721e-21 4.26679e-21 6.82807e-21 1.68669e-20 5.76422e-20 
  1.00000   1.11422e-24 1.37919e-23 4.56206e-22 2.93579e-21 6.14980e-21 7.44128e-21 1.05491e-20 1.64892e-20 
 10.00000   1.14347e-24 1.00569e-23 9.13220e-22 2.35557e-21 3.25455e-21 3.58258e-21 4.25841e-21 4.49645e-21 
100.00000   7.07562e-26 6.53674e-25 3.67767e-23 8.10048e-23 1.31457e-22 1.39982e-22 1.49190e-22 1.52516e-22 

         40
          250.0
  0.00001   1.11775e-28 6.16342e-27 1.06857e-25 9.29491e-24 1.69160e-22 4.50565e-22 4.30285e-21 7.03707e-20 
  0.00010   8.11605e-28 3.21768e-26 4.16297e-25 1.45876e-23 1.88991e-22 4.74896e-22 4.33930e-21 7.04586e-20 
  0.00100   6.38024e-27 2.03509e-25 2.24701e-24 4.18943e-23 3.30682e-22 7.00165e-22 4.70923e-21 7.12862e-20 
  0.01000   5.51083e-26 1.41969e-24 1.49965e-23 2.06127e-22 1.12263e-21 2.05826e-21 8.08432e-21 7.46247e-20 
  0.10000   4.57517e-25 8.37732e-24 1.02453e-22 1.03292e-21 4.34611e-21 6.97917e-21 1.71031e-20 5.67321e-20 
  1.00000   2.19332e-24 2.63148e-23 4.78018e-22 2.83231e-21 6.16694e-21 7.55037e-21 1.04937e-20 1.63767e-20 
 10.00000   2.74008e-24 1.91559e-23 9.99975e-22 2.45427e-21 3.18855e-21 3.61538e-21 4.42607e-21 4.84704e-21 
100.00000   2.50974e-25 1.96835e-24 5.76470e-23 1.20071e-22 2.12719e-22 2.25547e-22 2.39217e-22 2.44387e-22 

         40
          300.0
  0.00001   2.30315e-28 1.05094e-26 1.97935e-25 1.87055e-23 3.02007e-22 7.63699e-22 6.14591e-21 7.32257e-20 
  0.00010   1.48571e-27 5.13539e-26 5.93260e-25 2.42914e-23 3.14636e-22 7.80569e-22 6.17840e-21 7.32656e-20 
  0.00100   1.06605e-26 3.16004e-25 2.73369e-24 5.48748e-23 4.41745e-22 9.51094e-22 6.42872e-21 7.36664e-20 
  0.01000   8.69960e-26 2.24792e-24 1.70851e-23 2.27602e-22 1.21509e-21 2.22372e-21 8.97643e-21 7.32941e-20 
  0.10000   6.94113e-25 1.33400e-23 1.13121e-22 1.03614e-21 4.34543e-21 7.05722e-21 1.70928e-20 5.62782e-20 
  1.00000   3.42107e-24 4.13656e-23 5.05267e-22 2.78710e-21 6.07757e-21 7.56739e-21 1.04371e-20 1.62323e-20 
 10.00000   5.28057e-24 3.48552e-23 9.66306e-22 2.40119e-21 3.11684e-21 3.67573e-21 4.43767e-21 5.09244e-21 
100.00000   6.06712e-25 5.29077e-24 7.87647e-23 1.59739e-22 3.05787e-22 3.22893e-22 3.40442e-22 3.46845e-22 

         40
          350.0
  0.00001   4.50222e-28 1.76413e-26 3.70041e-25 3.47999e-23 4.78009e-22 1.14694e-21 7.94241e-21 7.70010e-20 
  0.00010   2.65417e-27 7.41566e-26 8.62770e-25 4.06872e-23 4.86843e-22 1.15969e-21 7.96227e-21 7.70593e-20 
  0.00100   1.77557e-26 4.17756e-25 3.35160e-24 7.28170e-23 5.95948e-22 1.29212e-21 8.12559e-21 7.65776e-20 
  0.01000   1.34634e-25 2.94435e-24 1.89275e-23 2.55644e-22 1.31402e-21 2.44012e-21 1.00158e-20 7.22721e-20 
  0.10000   1.02238e-24 1.95069e-23 1.25059e-22 1.06838e-21 4.29426e-21 7.03911e-21 1.68280e-20 5.52724e-20 
  1.00000   5.09784e-24 6.22725e-23 5.33938e-22 2.74340e-21 5.94694e-21 7.32621e-21 1.03459e-20 1.68141e-20 
 10.00000   8.59621e-24 6.14627e-23 9.74456e-22 2.34154e-21 3.11977e-21 3.72059e-21 4.40592e-21 5.20904e-21 
100.00000   1.18006e-24 1.20480e-23 1.10291e-22 1.94955e-22 4.01585e-22 4.25371e-22 4.45023e-22 4.51933e-22 

         40
          400.0
  0.00001   8.12530e-28 2.79523e-26 6.82778e-25 5.82215e-23 6.98233e-22 1.57135e-21 9.50609e-21 7.71621e-20 
  0.00010   4.41366e-27 1.04117e-25 1.26748e-24 6.44132e-23 7.06150e-22 1.58274e-21 9.53202e-21 7.71280e-20 
  0.00100   2.87631e-26 5.34375e-25 4.18984e-24 9.78929e-23 7.88986e-22 1.69400e-21 9.66552e-21 7.64991e-20 
  0.01000   2.06986e-25 3.54149e-24 2.14195e-23 2.87525e-22 1.44286e-21 2.69747e-21 1.10692e-20 7.17450e-20 
  0.10000   1.50018e-24 2.40194e-23 1.33532e-22 1.10271e-21 4.33881e-21 6.99727e-21 1.69560e-20 5.35491e-20 
  1.00000   7.48148e-24 8.93916e-23 5.61394e-22 2.70192e-21 5.84925e-21 7.08623e-21 9.97664e-21 1.71374e-20 
 10.00000   1.24079e-23 1.01369e-22 1.03180e-21 2.23849e-21 3.17835e-21 3.64925e-21 4.46388e-21 5.20191e-21 
100.00000   2.03318e-24 2.26049e-23 1.49657e-22 2.36320e-22 4.92380e-22 5.21474e-22 5.42347e-22 5.49789e-22 

         40
          600.0
  0.00001   4.76964e-27 1.21617e-25 4.78136e-24 2.48323e-22 1.95068e-21 3.77512e-21 1.49039e-20 6.88305e-20 
  0.00010   2.15548e-26 2.89506e-25 5.63001e-24 2.51753e-22 1.95392e-21 3.77703e-21 1.48980e-20 6.87854e-20 
  0.00100   1.31602e-25 1.14787e-24 1.02559e-23 2.80760e-22 1.98935e-21 3.82520e-21 1.49061e-20 6.84584e-20 
  0.01000   9.33270e-25 6.39444e-24 3.66545e-23 4.74236e-22 2.37371e-21 4.31286e-21 1.50267e-20 6.48405e-20 
  0.10000   6.42046e-24 4.16585e-23 1.79447e-22 1.31079e-21 4.53021e-21 7.13514e-21 1.65065e-20 4.78297e-20 
  1.00000   2.65542e-23 1.87192e-22 6.67021e-22 2.60188e-21 5.53272e-21 6.69114e-21 9.47885e-21 1.73280e-20 
 10.00000   4.24656e-23 3.61769e-22 1.18002e-21 2.00554e-21 3.10823e-21 3.52028e-21 4.22821e-21 5.26363e-21 
100.00000   1.28930e-23 1.08528e-22 2.89065e-22 3.98100e-22 7.75792e-22 8.35675e-22 8.71976e-22 8.83799e-22 

         41
          100.0
  0.00001   9.59895e-33 1.46885e-30 3.60665e-28 8.01729e-26 1.27840e-24 3.13840e-24 2.47541e-23 7.38676e-21 
  0.00010   9.30410e-32 1.23078e-29 2.62258e-27 5.43000e-25 6.06612e-24 1.28995e-23 6.98564e-23 8.47123e-21 
  0.00100   9.06235e-31 1.06113e-28 2.06812e-26 4.25843e-24 3.81478e-23 7.71469e-23 3.10719e-22 1.32016e-20 
  0.01000   8.86867e-30 9.50723e-28 1.77075e-25 3.64403e-23 2.86538e-22 5.52170e-22 1.97809e-21 3.16924e-20 
  0.10000   8.26000e-29 7.99391e-27 1.37232e-24 2.64083e-22 1.68804e-21 2.95365e-21 8.06435e-21 4.64380e-20 
  1.00000   6.43259e-28 4.51389e-26 6.12564e-24 1.04126e-21 4.53777e-21 6.41609e-21 1.07724e-20 1.93452e-20 
 10.00000   1.31471e-27 6.16081e-26 4.34053e-24 1.17463e-21 2.88424e-21 3.51420e-21 4.15301e-21 4.41449e-21 
100.00000   3.09470e-29 1.09212e-27 8.71164e-26 1.33694e-23 3.24544e-23 3.70657e-23 3.95208e-23 4.06247e-23 

         41
          150.0
  0.00001   1.31437e-31 1.21645e-29 1.76638e-27 1.87254e-25 3.91447e-24 1.11036e-23 1.04154e-22 1.99898e-20 
  0.00010   1.19671e-30 8.79320e-29 1.00212e-26 9.38801e-25 1.17862e-23 2.57623e-23 1.61498e-22 2.04930e-20 
  0.00100   1.11771e-29 6.92558e-28 7.06854e-26 6.32986e-24 5.64927e-23 1.06115e-22 4.72419e-22 2.37083e-20 
  0.01000   1.06265e-28 6.05638e-27 5.67325e-25 4.92848e-23 3.61922e-22 6.55402e-22 2.29946e-21 3.97546e-20 
  0.10000   9.63161e-28 5.08685e-26 3.98358e-24 3.42625e-22 2.03844e-21 3.45488e-21 8.96337e-21 4.77220e-20 
  1.00000   7.20941e-27 2.82298e-25 1.43689e-23 1.44850e-21 4.63940e-21 6.31457e-21 1.00444e-20 1.75988e-20 
 10.00000   1.57196e-26 4.35429e-25 9.69960e-24 2.10964e-21 3.17133e-21 3.48440e-21 3.76631e-21 3.95623e-21 
100.00000   8.93491e-28 1.63131e-26 3.78590e-25 4.83547e-23 6.31970e-23 6.67554e-23 6.99837e-23 7.22015e-23 

         41
          200.0
  0.00001   7.39858e-31 4.82074e-29 5.84277e-27 4.49291e-25 1.07537e-23 3.21467e-23 3.01332e-22 3.22215e-20 
  0.00010   6.32912e-30 2.92160e-28 2.81902e-26 1.51258e-24 2.07332e-23 4.89810e-23 3.44630e-22 3.24094e-20 
  0.00100   5.52612e-29 2.03398e-27 1.72621e-25 8.18962e-24 7.47364e-23 1.40566e-22 6.78319e-22 3.37975e-20 
  0.01000   4.96155e-28 1.63975e-26 1.28597e-24 5.72835e-23 4.07366e-22 7.13147e-22 2.56426e-21 4.48856e-20 
  0.10000   4.31408e-27 1.33616e-25 8.68052e-24 3.79435e-22 2.19665e-21 3.60631e-21 9.47728e-21 4.65166e-20 
  1.00000   3.09020e-26 7.37715e-25 2.76496e-23 1.55147e-21 4.66399e-21 6.15168e-21 9.34691e-21 1.62263e-20 
 10.00000   7.92388e-26 1.31920e-24 1.92390e-23 2.30183e-21 3.13845e-21 3.30848e-21 3.43541e-21 3.74308e-21 
100.00000   7.97010e-27 7.34265e-26 1.34922e-24 8.97652e-23 1.01838e-22 1.03692e-22 1.07371e-22 1.10986e-22 

         41
          250.0
  0.00001   2.39293e-30 1.53292e-28 1.39310e-26 1.11040e-24 2.69293e-23 7.60373e-23 6.44049e-22 4.14666e-20 
  0.00010   2.03172e-29 7.54954e-28 6.08856e-26 2.53323e-24 3.68484e-23 9.17772e-23 6.70167e-22 4.15039e-20 
  0.00100   1.72539e-28 4.57237e-27 3.30121e-25 1.04604e-23 9.62432e-23 1.89960e-22 9.53884e-22 4.21755e-20 
  0.01000   1.47481e-27 3.28657e-26 2.28549e-24 6.40783e-23 4.40545e-22 7.66209e-22 2.83055e-21 4.88298e-20 
  0.10000   1.20595e-26 2.49991e-25 1.53591e-23 4.06068e-22 2.24616e-21 3.58955e-21 9.65285e-21 4.54137e-20 
  1.00000   8.19756e-26 1.34679e-24 5.00630e-23 1.57207e-21 4.64805e-21 6.03674e-21 9.04313e-21 1.50863e-20 
 10.00000   2.42039e-25 2.61125e-24 4.04793e-23 2.20205e-21 2.99162e-21 3.21613e-21 3.33385e-21 3.71803e-21 
100.00000   3.38095e-26 1.84489e-25 4.52429e-24 1.26333e-22 1.49209e-22 1.51858e-22 1.55821e-22 1.64153e-22 

         41
          300.0
  0.00001   5.02073e-30 4.35831e-28 2.70343e-26 2.56811e-24 5.85374e-23 1.53838e-22 1.12264e-21 4.69580e-20 
  0.00010   4.48508e-29 1.74123e-27 1.03734e-25 4.43341e-24 6.74619e-23 1.66595e-22 1.14041e-21 4.69921e-20 
  0.00100   3.96600e-28 9.25690e-27 5.32462e-25 1.38344e-23 1.26786e-22 2.60119e-22 1.35070e-21 4.73650e-20 
  0.01000   3.37514e-27 6.01329e-26 3.47911e-24 7.16738e-23 4.74496e-22 8.31311e-22 3.10565e-21 5.13840e-20 
  0.10000   2.59895e-26 4.15222e-25 2.32023e-23 4.25143e-22 2.25302e-21 3.53648e-21 9.61193e-21 4.56759e-20 
  1.00000   1.65597e-25 2.10691e-24 8.62136e-23 1.56645e-21 4.54080e-21 5.93822e-21 9.07839e-21 1.46180e-20 
 10.00000   5.26883e-25 3.87230e-24 8.43799e-23 2.08465e-21 2.91977e-21 3.20589e-21 3.34748e-21 3.60382e-21 
100.00000   9.15851e-26 3.47036e-25 1.23100e-23 1.61483e-22 2.01570e-22 2.05011e-22 2.10300e-22 2.35120e-22 

         41
          350.0
  0.00001   8.72715e-30 1.06108e-27 5.29660e-26 5.40218e-24 1.08832e-22 2.68890e-22 1.74596e-21 4.99690e-20 
  0.00010   7.75137e-29 3.76150e-27 1.58953e-25 7.75864e-24 1.15932e-22 2.77733e-22 1.74952e-21 4.99258e-20 
  0.00100   6.84365e-28 1.73430e-26 7.56456e-25 1.86974e-23 1.73272e-22 3.67364e-22 1.92317e-21 5.01290e-20 
  0.01000   5.99752e-27 1.01829e-25 4.63440e-24 8.23761e-23 5.18920e-22 9.26503e-22 3.44464e-21 5.23709e-20 
  0.10000   4.70609e-26 6.39368e-25 3.15625e-23 4.42357e-22 2.25482e-21 3.49229e-21 9.73558e-21 4.53649e-20 
  1.00000   2.79172e-25 2.97202e-24 1.28886e-22 1.56799e-21 4.47418e-21 5.80875e-21 8.97955e-21 1.43970e-20 
 10.00000   9.17889e-25 5.20054e-24 1.47829e-22 2.07076e-21 2.83934e-21 3.08729e-21 3.27596e-21 3.50461e-21 
100.00000   1.87617e-25 5.62080e-25 2.62986e-23 2.13896e-22 2.49958e-22 2.55267e-22 2.64290e-22 3.25854e-22 

         41
          400.0
  0.00001   1.29030e-29 2.08595e-27 1.02495e-25 1.02023e-23 1.77197e-22 4.15330e-22 2.45984e-21 5.24060e-20 
  0.00010   1.15482e-28 7.08469e-27 2.45170e-25 1.30704e-23 1.83496e-22 4.22461e-22 2.46586e-21 5.23491e-20 
  0.00100   1.03131e-27 3.01645e-26 9.87802e-25 2.55673e-23 2.38432e-22 5.02534e-22 2.58853e-21 5.22260e-20 
  0.01000   8.98640e-27 1.64890e-25 5.75697e-24 9.60826e-23 5.88024e-22 1.05833e-21 3.85315e-21 5.30630e-20 
  0.10000   7.25332e-26 9.56045e-25 3.78362e-23 4.69298e-22 2.27653e-21 3.52730e-21 9.67245e-21 4.50478e-20 
  1.00000   4.16570e-25 4.00872e-24 1.67303e-22 1.57246e-21 4.34121e-21 5.63383e-21 8.80533e-21 1.44336e-20 
 10.00000   1.30636e-24 6.41000e-24 2.16127e-22 2.02000e-21 2.76777e-21 2.92402e-21 3.13423e-21 3.41060e-21 
100.00000   3.13642e-25 8.27276e-25 4.55121e-23 2.70522e-22 2.93989e-22 3.00758e-22 3.12338e-22 4.17792e-22 

         41
          600.0
  0.00001   4.09610e-29 1.18740e-26 7.91022e-25 6.39517e-23 6.61312e-22 1.38138e-21 6.26565e-21 5.56277e-20 
  0.00010   3.46781e-28 3.72864e-26 1.12033e-24 6.67904e-23 6.64293e-22 1.38556e-21 6.27456e-21 5.55764e-20 
  0.00100   3.01533e-27 1.41480e-25 2.62603e-24 8.38372e-23 6.96373e-22 1.42749e-21 6.30002e-21 5.54941e-20 
  0.01000   2.66449e-26 6.70893e-25 1.05738e-23 1.77255e-22 9.99335e-22 1.85346e-21 6.65805e-21 5.44068e-20 
  0.10000   2.21925e-25 3.36666e-24 6.18705e-23 6.31045e-22 2.44287e-21 4.01057e-21 9.80852e-21 4.07629e-20 
  1.00000   1.21396e-24 1.14481e-23 2.80580e-22 1.61631e-21 4.03000e-21 5.13141e-21 8.00673e-21 1.38022e-20 
 10.00000   3.27200e-24 1.42952e-23 5.40370e-22 1.86543e-21 2.52781e-21 2.69988e-21 2.98494e-21 3.44854e-21 
100.00000   1.09333e-24 3.14225e-24 1.67954e-22 4.31247e-22 4.97960e-22 5.08150e-22 5.61216e-22 7.68398e-22 

         42
          100.0
  0.00001   1.34055e-33 9.01646e-32 9.25154e-31 4.23427e-29 1.03862e-27 3.83597e-27 6.40858e-26 8.10192e-25 
  0.00010   1.29952e-32 8.38738e-31 7.73994e-30 1.78992e-28 1.98568e-27 5.91516e-27 7.34443e-26 8.41243e-25 
  0.00100   1.26579e-31 7.93056e-30 6.83609e-29 1.04115e-27 7.21084e-27 1.59905e-26 1.16400e-25 1.04407e-24 
  0.01000   1.23078e-30 7.50100e-29 6.15738e-28 7.18303e-27 3.76750e-26 7.14516e-26 2.81187e-25 1.48509e-24 
  0.10000   1.12278e-29 6.51880e-28 4.70640e-27 3.80872e-26 1.26956e-25 1.80208e-25 3.69506e-25 1.04826e-24 
  1.00000   8.09641e-29 3.92512e-27 2.08008e-26 6.28524e-26 1.06345e-25 1.25868e-25 1.73740e-25 2.89151e-25 
 10.00000   1.91823e-28 6.30983e-27 2.00216e-26 2.87128e-26 3.42914e-26 3.59437e-26 4.05080e-26 4.55749e-26 
100.00000   6.80479e-30 1.06059e-28 2.70852e-28 3.50179e-28 4.28992e-28 4.99067e-28 6.10132e-28 6.36676e-28 

         42
          150.0
  0.00001   1.65091e-32 2.22023e-31 2.74215e-30 2.58593e-28 7.55309e-27 2.60830e-26 2.37849e-25 1.59169e-24 
  0.00010   1.56274e-31 1.93202e-30 1.70667e-29 5.83706e-28 9.03164e-27 2.84399e-26 2.42157e-25 1.59796e-24 
  0.00100   1.49926e-30 1.72811e-29 1.27061e-28 2.15321e-27 1.76574e-26 4.40360e-26 2.76691e-25 1.65991e-24 
  0.01000   1.44191e-29 1.57564e-28 1.02550e-27 1.19257e-26 6.49298e-26 1.22325e-25 4.29810e-25 1.79380e-24 
  0.10000   1.30344e-28 1.31547e-27 7.43533e-27 5.48815e-26 1.67054e-25 2.36638e-25 4.61851e-25 1.20689e-24 
  1.00000   9.08019e-28 7.75779e-27 2.87918e-26 7.95428e-26 1.34624e-25 1.56690e-25 2.03648e-25 3.44085e-25 
 10.00000   2.31322e-27 1.48254e-26 2.98794e-26 4.07033e-26 4.78195e-26 5.17349e-26 5.89372e-26 6.76958e-26 
100.00000   1.55610e-28 4.60152e-28 8.82461e-28 1.15640e-27 1.31272e-27 1.39979e-27 1.59456e-27 1.66041e-27 

         42
          200.0
  0.00001   5.84403e-32 4.52762e-31 9.25125e-30 1.28424e-27 3.01213e-26 9.07032e-26 5.04146e-25 2.24569e-24 
  0.00010   5.50387e-31 3.77742e-30 4.02480e-29 1.84771e-27 3.11895e-26 9.20486e-26 5.05763e-25 2.24450e-24 
  0.00100   5.24939e-30 3.23757e-29 2.31612e-28 4.36453e-27 4.12875e-26 1.06951e-25 5.22558e-25 2.24319e-24 
  0.01000   5.01514e-29 2.84128e-28 1.61535e-27 1.87905e-26 1.03767e-25 1.94556e-25 6.23802e-25 2.17296e-24 
  0.10000   4.47057e-28 2.29538e-27 1.10163e-26 7.57141e-26 2.20039e-25 3.13406e-25 5.86460e-25 1.38521e-24 
  1.00000   2.94320e-27 1.29745e-26 3.81429e-26 1.01864e-25 1.69687e-25 1.93138e-25 2.41110e-25 4.39423e-25 
 10.00000   7.23339e-27 2.46774e-26 4.00389e-26 5.52698e-26 6.68968e-26 7.36515e-26 8.29159e-26 9.53462e-26 
100.00000   6.68323e-28 1.30355e-27 2.22361e-27 3.14899e-27 3.51188e-27 3.55265e-27 4.27815e-27 5.77053e-27 

         42
          250.0
  0.00001   1.14391e-31 8.51466e-31 3.18241e-29 4.90422e-27 7.95066e-26 2.06463e-25 8.46465e-25 3.09716e-24 
  0.00010   1.07130e-30 6.95074e-30 9.98630e-29 5.53227e-27 8.02613e-26 2.07208e-25 8.47039e-25 3.09529e-24 
  0.00100   1.01540e-29 5.81620e-29 4.36158e-28 9.08536e-27 8.91188e-26 2.17563e-25 8.53860e-25 3.08228e-24 
  0.01000   9.67052e-29 4.92673e-28 2.56229e-27 2.95371e-26 1.59849e-25 2.96393e-25 8.95463e-25 2.90860e-24 
  0.10000   8.37266e-28 3.85723e-27 1.62589e-26 1.04283e-25 3.01365e-25 4.26225e-25 7.86812e-25 1.89075e-24 
  1.00000   5.23231e-27 2.07263e-26 5.19014e-26 1.38872e-25 2.24105e-25 2.55402e-25 3.41834e-25 6.36542e-25 
 10.00000   1.20511e-26 3.44338e-26 5.56248e-26 8.35945e-26 1.07391e-25 1.16118e-25 1.27525e-25 1.60308e-25 
100.00000   1.39890e-27 2.91218e-27 4.68688e-27 8.74381e-27 9.76964e-27 9.95979e-27 1.34758e-26 2.27587e-26 

         42
          300.0
  0.00001   1.82282e-31 1.50313e-30 9.77359e-29 1.44017e-26 1.63809e-25 3.66151e-25 1.25663e-24 4.62827e-24 
  0.00010   1.67113e-30 1.18849e-29 2.38871e-28 1.48962e-26 1.64525e-25 3.66845e-25 1.25660e-24 4.62622e-24 
  0.00100   1.56620e-29 9.73308e-29 8.33044e-28 1.93516e-26 1.72337e-25 3.73028e-25 1.25506e-24 4.61060e-24 
  0.01000   1.49070e-28 7.97842e-28 4.12371e-27 4.72496e-26 2.44707e-25 4.37901e-25 1.25316e-24 4.48470e-24 
  0.10000   1.23578e-27 5.96352e-27 2.38946e-26 1.44658e-25 4.22770e-25 5.87811e-25 1.10617e-24 3.26958e-24 
  1.00000   7.27038e-27 2.96970e-26 7.18888e-26 2.00510e-25 3.28934e-25 3.89691e-25 6.14050e-25 1.15487e-24 
 10.00000   1.70074e-26 4.38837e-26 7.92644e-26 1.48890e-25 2.12664e-25 2.22641e-25 2.43464e-25 3.70836e-25 
100.00000   2.61684e-27 5.37007e-27 8.34620e-27 2.65162e-26 2.96256e-26 3.05581e-26 4.22687e-26 6.59555e-26 

         42
          350.0
  0.00001   2.79586e-31 2.58606e-30 2.59323e-28 3.46115e-26 2.98930e-25 5.79398e-25 1.77004e-24 7.51415e-24 
  0.00010   2.56243e-30 1.92262e-29 5.19795e-28 3.52582e-26 2.99374e-25 5.79613e-25 1.77053e-24 7.51725e-24 
  0.00100   2.41942e-29 1.53189e-28 1.53283e-27 4.07903e-26 3.06443e-25 5.82714e-25 1.76347e-24 7.49952e-24 
  0.01000   2.32639e-28 1.24856e-27 6.83124e-27 7.76938e-26 3.81445e-25 6.34561e-25 1.73401e-24 7.32318e-24 
  0.10000   1.98042e-27 9.10156e-27 3.53148e-26 2.07970e-25 5.87913e-25 8.38978e-25 1.55756e-24 5.70971e-24 
  1.00000   1.06516e-26 4.04955e-26 9.88471e-26 2.87007e-25 5.65281e-25 6.85209e-25 1.08703e-24 2.45502e-24 
 10.00000   2.41278e-26 5.74617e-26 1.04824e-25 2.79795e-25 4.26664e-25 4.46827e-25 4.93162e-25 7.80208e-25 
100.00000   4.70386e-27 9.55189e-27 1.63991e-26 6.55464e-26 7.04014e-26 7.31102e-26 9.64798e-26 1.42140e-25 

         42
          400.0
  0.00001   4.28113e-31 4.20739e-30 5.73548e-28 7.07541e-26 4.93364e-25 8.75452e-25 2.45865e-24 1.24651e-23 
  0.00010   3.91631e-30 2.98228e-29 9.92563e-28 7.17864e-26 4.93907e-25 8.76683e-25 2.46024e-24 1.24627e-23 
  0.00100   3.69946e-29 2.29270e-28 2.58319e-27 7.89185e-26 5.01181e-25 8.80227e-25 2.45066e-24 1.24294e-23 
  0.01000   3.53809e-28 1.83854e-27 1.07223e-26 1.26675e-25 5.83221e-25 9.35177e-25 2.39094e-24 1.19249e-23 
  0.10000   3.07402e-27 1.34877e-26 5.23480e-26 2.96894e-25 8.29757e-25 1.17138e-24 2.21706e-24 9.53155e-24 
  1.00000   1.63459e-26 5.50551e-26 1.38499e-25 4.24049e-25 9.13817e-25 1.12711e-24 1.84285e-24 4.17881e-24 
 10.00000   3.52230e-26 7.67760e-26 1.55390e-25 4.83194e-25 7.11873e-25 7.58838e-25 8.59115e-25 1.29743e-24 
100.00000   8.14990e-27 1.49710e-26 3.17252e-26 1.26497e-25 1.34443e-25 1.37584e-25 1.74430e-25 2.46998e-25 

         42
          600.0
  0.00001   1.65643e-30 1.88095e-29 4.39808e-27 4.45219e-25 2.49823e-24 3.88764e-24 9.33960e-24 4.52914e-23 
  0.00010   1.50522e-29 1.13476e-28 5.74339e-27 4.48406e-25 2.49844e-24 3.88894e-24 9.33390e-24 4.52616e-23 
  0.00100   1.39535e-28 7.84632e-28 1.15799e-26 4.68070e-25 2.50426e-24 3.88665e-24 9.32406e-24 4.50961e-23 
  0.01000   1.27808e-27 5.91113e-27 4.02540e-26 5.98043e-25 2.61019e-24 3.94008e-24 9.24629e-24 4.36697e-23 
  0.10000   1.12930e-26 4.44471e-26 1.88651e-25 1.11245e-24 3.05074e-24 4.25241e-24 8.66499e-24 3.59444e-23 
  1.00000   6.49949e-26 1.88488e-25 4.94984e-25 1.59474e-24 3.52689e-24 4.50034e-24 7.09056e-24 1.51804e-23 
 10.00000   1.40110e-25 2.60453e-25 6.51296e-25 1.87622e-24 2.63908e-24 2.86497e-24 3.24065e-24 4.05248e-24 
100.00000   5.34458e-26 8.33617e-26 2.29101e-25 5.98982e-25 6.93943e-25 7.01636e-25 7.41161e-25 9.63268e-25 

         43
          100.0
  0.00001   5.10405e-31 2.31078e-29 1.34706e-27 4.83754e-26 6.62366e-25 1.63791e-24 2.39500e-23 1.91546e-21 
  0.00010   4.61861e-30 1.47660e-28 9.43611e-27 2.06124e-25 1.74149e-24 3.75225e-24 3.32011e-23 2.00552e-21 
  0.00100   4.28989e-29 1.05934e-27 7.49865e-26 1.19685e-24 8.22198e-24 1.70110e-23 8.31042e-23 2.59204e-21 
  0.01000   3.97983e-28 8.15762e-27 6.31189e-25 8.36470e-24 5.41273e-23 1.00307e-22 3.45039e-22 4.36063e-21 
  0.10000   3.07771e-27 4.60950e-26 4.69238e-24 5.03192e-23 2.43596e-22 4.00402e-22 1.03996e-21 3.97839e-21 
  1.00000   1.20591e-26 8.92161e-26 1.96455e-23 1.57443e-22 3.80505e-22 4.82598e-22 7.49882e-22 1.24656e-21 
 10.00000   1.20562e-26 5.63394e-26 1.22162e-23 1.12497e-22 1.57233e-22 1.82211e-22 1.96758e-22 2.12849e-22 
100.00000   2.08705e-28 1.29569e-27 1.61602e-25 1.27351e-24 1.71637e-24 1.81963e-24 1.91329e-24 1.96934e-24 

         43
          150.0
  0.00001   1.69698e-30 9.74515e-29 2.86694e-27 1.52704e-25 2.29636e-24 6.01485e-24 8.52985e-23 3.20742e-21 
  0.00010   1.36620e-29 4.78748e-28 1.47355e-26 3.93955e-25 3.67090e-24 8.78607e-24 9.21165e-23 3.23985e-21 
  0.00100   1.17417e-28 2.80117e-27 1.02225e-25 1.67562e-24 1.17116e-23 2.48432e-23 1.39212e-22 3.47274e-21 
  0.01000   1.04308e-27 1.86259e-26 8.07550e-25 1.02996e-23 6.07225e-23 1.10428e-22 3.93161e-22 4.41382e-21 
  0.10000   8.10778e-27 9.63485e-26 6.25918e-24 5.62712e-23 2.49068e-22 3.99729e-22 1.04230e-21 3.70287e-21 
  1.00000   3.42306e-26 1.92506e-25 2.79931e-23 1.53284e-22 3.64995e-22 4.60153e-22 6.92020e-22 1.15695e-21 
 10.00000   3.58803e-26 1.42205e-25 3.06574e-23 1.31226e-22 1.69503e-22 1.82928e-22 1.93332e-22 2.31795e-22 
100.00000   1.30599e-27 6.34726e-27 7.98423e-25 2.87584e-24 3.56724e-24 3.69273e-24 3.82618e-24 3.93047e-24 

         43
          200.0
  0.00001   4.13290e-30 3.04315e-28 6.55439e-27 4.44499e-25 7.06360e-24 1.87897e-23 1.89433e-22 4.00821e-21 
  0.00010   2.80780e-29 1.28504e-27 2.38312e-26 7.75193e-25 8.52816e-24 2.15126e-23 1.92374e-22 4.01091e-21 
  0.00100   2.08556e-28 6.24153e-27 1.32401e-25 2.40229e-24 1.78844e-23 3.90185e-23 2.25398e-22 4.06026e-21 
  0.01000   1.67703e-27 3.59931e-26 9.51530e-25 1.25880e-23 6.98268e-23 1.25257e-22 4.50631e-22 4.41712e-21 
  0.10000   1.25595e-26 1.72131e-25 7.12855e-24 6.20268e-23 2.52748e-22 4.00190e-22 1.01450e-21 3.46631e-21 
  1.00000   4.98023e-26 4.28987e-25 3.09478e-23 1.52590e-22 3.54191e-22 4.44744e-22 6.51706e-22 1.10717e-21 
 10.00000   5.27975e-26 3.95280e-25 5.00508e-23 1.45700e-22 1.75157e-22 1.82882e-22 1.94375e-22 2.50472e-22 
100.00000   3.06505e-27 2.68191e-26 2.02028e-24 5.38619e-24 6.22204e-24 6.35388e-24 6.52135e-24 6.73917e-24 

         43
          250.0
  0.00001   1.00275e-29 7.52226e-28 1.60225e-26 1.18732e-24 1.84560e-23 4.67714e-23 3.24676e-22 4.45847e-21 
  0.00010   5.68448e-29 2.87853e-27 4.16047e-26 1.60207e-24 1.96471e-23 4.83947e-23 3.26321e-22 4.45481e-21 
  0.00100   3.63270e-28 1.23715e-26 1.78390e-25 3.64357e-24 2.91029e-23 6.38639e-23 3.47113e-22 4.44469e-21 
  0.01000   2.58500e-27 6.34943e-26 1.13472e-24 1.55116e-23 8.42218e-23 1.49120e-22 5.29338e-22 4.44785e-21 
  0.10000   1.81905e-26 2.83869e-25 8.03557e-24 6.85277e-23 2.64008e-22 4.14434e-22 9.99234e-22 3.27644e-21 
  1.00000   6.38077e-26 8.54792e-25 3.27593e-23 1.56445e-22 3.48188e-22 4.34639e-22 6.32582e-22 1.06721e-21 
 10.00000   7.08005e-26 9.57793e-25 5.92620e-23 1.56429e-22 1.84687e-22 1.92709e-22 2.09166e-22 2.69934e-22 
100.00000   5.66460e-27 9.25978e-26 3.48852e-24 9.00886e-24 9.99747e-24 1.04495e-23 1.11488e-23 1.16258e-23 

         43
          300.0
  0.00001   2.34539e-29 1.62744e-27 3.99698e-26 2.90047e-24 3.90090e-23 9.04814e-23 4.86450e-22 4.78204e-21 
  0.00010   1.13272e-28 5.44609e-27 7.58761e-26 3.38932e-24 3.97792e-23 9.13255e-23 4.87153e-22 4.77991e-21 
  0.00100   6.53848e-28 2.23852e-26 2.54083e-25 5.86193e-24 4.82503e-23 1.02608e-22 5.01410e-22 4.76939e-21 
  0.01000   4.20454e-27 1.06118e-25 1.39431e-24 1.95259e-23 1.05064e-22 1.83448e-22 6.32476e-22 4.55643e-21 
  0.10000   2.72853e-26 4.54208e-25 9.13933e-24 7.66434e-23 2.88695e-22 4.41605e-22 1.01217e-21 3.16321e-21 
  1.00000   8.64636e-26 1.42924e-24 3.50672e-23 1.64984e-22 3.51325e-22 4.34714e-22 6.29415e-22 1.05143e-21 
 10.00000   9.79709e-26 1.75797e-24 5.94568e-23 1.63279e-22 2.04150e-22 2.15343e-22 2.40415e-22 2.94342e-22 
100.00000   1.09921e-26 2.29251e-25 5.07450e-24 1.35153e-23 1.54069e-23 1.70768e-23 1.99937e-23 2.09713e-23 

         43
          350.0
  0.00001   5.04642e-29 3.33438e-27 9.50697e-26 6.34569e-24 6.96184e-23 1.47348e-22 6.59243e-22 4.99559e-21 
  0.00010   2.14309e-28 9.54569e-27 1.42895e-25 6.84514e-24 7.02793e-23 1.48027e-22 6.58668e-22 4.99285e-21 
  0.00100   1.12619e-27 3.71743e-26 3.74259e-25 9.68026e-24 7.71368e-23 1.56409e-22 6.66540e-22 4.97072e-21 
  0.01000   6.90130e-27 1.68509e-25 1.76855e-24 2.54160e-23 1.31915e-22 2.28756e-22 7.73135e-22 4.69711e-21 
  0.10000   4.29132e-26 7.23575e-25 1.06405e-23 8.63771e-23 3.23366e-22 4.80712e-22 1.07345e-21 3.16956e-21 
  1.00000   1.33894e-25 2.20042e-24 3.87404e-23 1.77294e-22 3.65482e-22 4.44604e-22 6.52977e-22 1.08618e-21 
 10.00000   1.47048e-25 2.76131e-24 6.08621e-23 1.69531e-22 2.32275e-22 2.55981e-22 2.94472e-22 3.46886e-22 
100.00000   2.41091e-26 4.66820e-25 6.97686e-24 1.88501e-23 2.37884e-23 2.66087e-23 3.25728e-23 3.46187e-23 

         43
          400.0
  0.00001   9.28971e-29 6.17907e-27 2.04450e-25 1.19436e-23 1.06865e-22 2.12281e-22 8.41368e-22 5.33482e-21 
  0.00010   3.71522e-28 1.56094e-26 2.68980e-25 1.24030e-23 1.07439e-22 2.12783e-22 8.41897e-22 5.33543e-21 
  0.00100   1.79391e-27 5.64206e-26 5.75981e-25 1.55694e-23 1.13321e-22 2.19090e-22 8.50518e-22 5.29291e-21 
  0.01000   1.08640e-26 2.55263e-25 2.31207e-24 3.32227e-23 1.66008e-22 2.83329e-22 9.39534e-22 4.90884e-21 
  0.10000   6.70123e-26 1.12068e-24 1.26435e-23 9.89412e-23 3.64870e-22 5.35381e-22 1.14736e-21 3.22764e-21 
  1.00000   2.11584e-25 3.16676e-24 4.31237e-23 1.92979e-22 3.94839e-22 4.77006e-22 7.12357e-22 1.15968e-21 
 10.00000   2.40686e-25 4.04197e-24 6.48458e-23 1.79529e-22 2.68691e-22 3.02352e-22 3.45985e-22 4.43615e-22 
100.00000   4.93288e-26 8.21856e-25 9.35438e-24 2.53989e-23 3.45493e-23 3.87429e-23 4.78291e-23 5.08907e-23 

         43
          600.0
  0.00001   5.24797e-28 3.85968e-26 1.96977e-24 6.44360e-23 3.36737e-22 5.85891e-22 1.67741e-21 6.59315e-21 
  0.00010   1.73434e-27 6.52196e-26 2.09272e-24 6.46519e-23 3.37206e-22 5.86033e-22 1.67729e-21 6.58720e-21 
  0.00100   7.75366e-27 1.81865e-25 2.88552e-24 6.72047e-23 3.41058e-22 5.88885e-22 1.67667e-21 6.54330e-21 
  0.01000   4.32187e-26 7.99100e-25 7.00783e-24 8.73904e-23 3.76970e-22 6.19427e-22 1.68213e-21 6.19891e-21 
  0.10000   2.72699e-25 4.10441e-24 2.57117e-23 1.70087e-22 5.62522e-22 7.88751e-22 1.52680e-21 4.07384e-21 
  1.00000   1.06491e-24 1.01333e-23 6.93044e-23 2.66922e-22 5.32286e-22 6.47710e-22 9.81024e-22 1.82936e-21 
 10.00000   1.31068e-24 1.20221e-23 9.82657e-23 2.52463e-22 4.22827e-22 4.85282e-22 6.67588e-22 9.18805e-22 
100.00000   4.11363e-25 4.12155e-24 2.52550e-23 7.00037e-23 9.90819e-23 1.10613e-22 1.31379e-22 1.39204e-22 

         44
          100.0
  0.00001   2.88072e-29 7.64253e-28 2.30709e-26 1.04442e-24 1.87260e-23 5.42633e-23 6.27382e-22 3.23905e-20 
  0.00010   2.65181e-28 6.06492e-27 1.64080e-25 4.33206e-24 4.42534e-23 1.03467e-22 7.76686e-22 3.35851e-20 
  0.00100   2.49426e-27 5.17376e-26 1.29784e-24 2.55476e-23 1.79901e-22 3.53104e-22 1.46952e-21 3.98201e-20 
  0.01000   2.36832e-26 4.59263e-25 1.10107e-23 1.77566e-22 9.92619e-22 1.66979e-21 5.71932e-21 6.00611e-20 
  0.10000   2.06424e-25 3.48192e-24 7.42692e-23 9.53350e-22 3.85834e-21 6.00502e-21 1.33493e-20 4.51232e-20 
  1.00000   1.14090e-24 1.37810e-23 2.07421e-22 2.51807e-21 5.19982e-21 6.15767e-21 8.48984e-21 1.57330e-20 
 10.00000   1.13490e-24 1.18936e-23 1.34716e-22 1.56492e-21 2.34604e-21 2.57414e-21 3.11796e-21 3.42081e-21 
100.00000   1.49867e-26 1.16441e-25 1.99545e-24 1.73404e-23 2.39383e-23 2.68859e-23 2.93866e-23 3.01570e-23 

         44
          150.0
  0.00001   6.46110e-29 2.31252e-27 4.95772e-26 3.58178e-24 7.12501e-23 1.95725e-22 2.15986e-21 5.06481e-20 
  0.00010   5.54206e-28 1.55891e-26 2.87083e-25 8.91309e-24 1.02690e-22 2.48075e-22 2.23736e-21 5.09495e-20 
  0.00100   4.98707e-27 1.18878e-25 2.05360e-24 3.82066e-23 2.69234e-22 5.46610e-22 2.89426e-21 5.28046e-20 
  0.01000   4.61684e-26 9.95146e-25 1.66834e-23 2.24898e-22 1.15123e-21 1.99374e-21 6.73289e-21 6.04146e-20 
  0.10000   3.97989e-25 7.32225e-24 1.13206e-22 1.06200e-21 4.09458e-21 6.04793e-21 1.35644e-20 4.35142e-20 
  1.00000   2.36102e-24 2.64750e-23 3.78405e-22 2.49111e-21 4.97662e-21 5.90275e-21 8.18760e-21 1.40002e-20 
 10.00000   2.89729e-24 1.78353e-23 4.05239e-22 1.89979e-21 2.62529e-21 2.74880e-21 2.98007e-21 3.12665e-21 
100.00000   8.38841e-26 3.63782e-25 1.04403e-23 4.10172e-23 4.89912e-23 5.18455e-23 5.46506e-23 5.65997e-23 

         44
          200.0
  0.00001   1.11528e-28 5.15909e-27 9.85795e-26 9.84576e-24 1.86370e-22 4.65131e-22 4.41009e-21 5.88913e-20 
  0.00010   8.78578e-28 3.10189e-26 4.37259e-25 1.67021e-23 2.11960e-22 4.99582e-22 4.45539e-21 5.89012e-20 
  0.00100   7.36854e-27 2.17306e-25 2.66948e-24 5.26469e-23 3.87127e-22 7.90093e-22 4.95857e-21 5.91950e-20 
  0.01000   6.54756e-26 1.71251e-24 2.02537e-23 2.63574e-22 1.29878e-21 2.30905e-21 7.99870e-21 5.92880e-20 
  0.10000   5.56505e-25 1.22757e-23 1.37075e-22 1.15612e-21 4.19942e-21 6.05320e-21 1.35069e-20 4.26319e-20 
  1.00000   3.36490e-24 3.97306e-23 4.90893e-22 2.40902e-21 4.80038e-21 5.70476e-21 7.88777e-21 1.33531e-20 
 10.00000   4.35380e-24 2.33011e-23 6.79253e-22 1.99364e-21 2.60057e-21 2.69964e-21 2.89241e-21 3.04718e-21 
100.00000   2.17344e-25 1.02864e-24 2.68362e-23 7.08141e-23 8.07914e-23 8.30495e-23 8.84254e-23 9.21912e-23 

         44
          250.0
  0.00001   1.75602e-28 9.61037e-27 2.00522e-25 2.22939e-23 3.66002e-22 8.42598e-22 6.83469e-21 6.25178e-20 
  0.00010   1.27431e-27 5.16404e-26 6.54849e-25 2.95597e-23 3.83512e-22 8.63992e-22 6.85237e-21 6.24641e-20 
  0.00100   9.89925e-27 3.34393e-25 3.27648e-24 6.92496e-23 5.42447e-22 1.09780e-21 7.15764e-21 6.22435e-20 
  0.01000   8.30185e-26 2.51939e-24 2.24705e-23 2.93466e-22 1.45379e-21 2.60294e-21 9.44926e-21 5.91205e-20 
  0.10000   6.89684e-25 1.77320e-23 1.50217e-22 1.22941e-21 4.23983e-21 6.13805e-21 1.33831e-20 4.11210e-20 
  1.00000   4.07342e-24 5.27102e-23 5.55807e-22 2.36044e-21 4.67311e-21 5.55854e-21 7.59643e-21 1.30576e-20 
 10.00000   5.62986e-24 3.38823e-23 8.07569e-22 1.90999e-21 2.47211e-21 2.61048e-21 2.91878e-21 3.19788e-21 
100.00000   4.11097e-25 2.98763e-24 4.74760e-23 1.00334e-22 1.18586e-22 1.21574e-22 1.32115e-22 1.37414e-22 

         44
          300.0
  0.00001   2.53657e-28 1.65568e-26 4.08669e-25 4.32528e-23 5.92945e-22 1.27696e-21 8.96877e-21 6.38029e-20 
  0.00010   1.72444e-27 7.59899e-26 9.86864e-25 5.03444e-23 6.05916e-22 1.29328e-21 8.98242e-21 6.37639e-20 
  0.00100   1.25694e-26 4.45558e-25 4.05962e-24 9.05147e-23 7.40819e-22 1.47819e-21 9.16093e-21 6.31813e-20 
  0.01000   9.89242e-26 3.25265e-24 2.46602e-23 3.20178e-22 1.61105e-21 2.86652e-21 1.07357e-20 5.95017e-20 
  0.10000   7.91997e-25 2.29524e-23 1.58310e-22 1.26903e-21 4.25513e-21 6.20483e-21 1.34225e-20 3.91322e-20 
  1.00000   4.52481e-24 6.76510e-23 6.03608e-22 2.33173e-21 4.56828e-21 5.50901e-21 7.53879e-21 1.23714e-20 
 10.00000   6.83728e-24 5.62800e-23 8.55712e-22 1.81534e-21 2.36203e-21 2.58130e-21 2.92357e-21 3.31075e-21 
100.00000   6.56820e-25 7.89533e-24 7.02108e-23 1.30740e-22 1.61873e-22 1.65948e-22 1.78154e-22 1.84123e-22 

         44
          350.0
  0.00001   3.42516e-28 2.76387e-26 7.94116e-25 7.39838e-23 8.54665e-22 1.76784e-21 1.06652e-20 6.26226e-20 
  0.00010   2.22628e-27 1.08126e-25 1.48562e-24 8.07657e-23 8.63591e-22 1.77815e-21 1.06811e-20 6.25385e-20 
  0.00100   1.51682e-26 5.64203e-25 5.01264e-24 1.19381e-22 9.67597e-22 1.90614e-21 1.07701e-20 6.19351e-20 
  0.01000   1.14823e-25 3.79992e-24 2.71140e-23 3.48457e-22 1.77307e-21 3.12021e-21 1.17792e-20 5.82530e-20 
  0.10000   8.78686e-25 2.74220e-23 1.65678e-22 1.29736e-21 4.27958e-21 6.26068e-21 1.34361e-20 3.84662e-20 
  1.00000   4.93056e-24 9.07732e-23 6.30005e-22 2.29777e-21 4.44942e-21 5.36957e-21 7.51019e-21 1.16523e-20 
 10.00000   7.87640e-24 9.73730e-23 9.03448e-22 1.77422e-21 2.26447e-21 2.49073e-21 2.89034e-21 3.33962e-21 
100.00000   9.37198e-25 1.73584e-23 9.58436e-23 1.70242e-22 2.04616e-22 2.09205e-22 2.22717e-22 2.28955e-22 

         44
          400.0
  0.00001   4.58770e-28 4.46187e-26 1.41978e-24 1.12329e-22 1.13013e-21 2.24605e-21 1.17481e-20 6.13261e-20 
  0.00010   2.67683e-27 1.47919e-25 2.20947e-24 1.18620e-22 1.13766e-21 2.25489e-21 1.17501e-20 6.12509e-20 
  0.00100   1.76809e-26 7.10049e-25 6.14563e-24 1.56236e-22 1.22507e-21 2.35476e-21 1.18106e-20 6.08096e-20 
  0.01000   1.28369e-25 4.36067e-24 2.96513e-23 3.81558e-22 1.95081e-21 3.35282e-21 1.24483e-20 5.65377e-20 
  0.10000   9.77739e-25 3.04169e-23 1.72149e-22 1.32290e-21 4.25316e-21 6.26767e-21 1.33578e-20 3.76789e-20 
  1.00000   5.23600e-24 1.12686e-22 6.38429e-22 2.25387e-21 4.34967e-21 5.23936e-21 7.32824e-21 1.14416e-20 
 10.00000   8.64079e-24 1.53709e-22 9.35103e-22 1.74990e-21 2.18271e-21 2.38171e-21 2.81542e-21 3.30740e-21 
100.00000   1.23655e-24 3.13665e-23 1.19497e-22 2.10864e-22 2.42394e-22 2.47237e-22 2.61615e-22 2.69246e-22 

         44
          600.0
  0.00001   1.28403e-27 2.07078e-25 7.90091e-24 3.36034e-22 2.26233e-21 3.88529e-21 1.40625e-20 5.42502e-20 
  0.00010   4.93538e-27 4.08294e-25 8.78433e-24 3.38582e-22 2.26465e-21 3.88443e-21 1.40513e-20 5.41556e-20 
  0.00100   2.70256e-26 1.35560e-24 1.39638e-23 3.64759e-22 2.29863e-21 3.92366e-21 1.40281e-20 5.37667e-20 
  0.01000   1.76092e-25 6.84910e-24 4.18119e-23 5.46391e-22 2.63517e-21 4.30023e-21 1.39744e-20 5.06141e-20 
  0.10000   1.25435e-24 4.14989e-23 1.94871e-22 1.36566e-21 4.05616e-21 6.03092e-21 1.29612e-20 3.27163e-20 
  1.00000   6.28847e-24 1.82280e-22 6.56909e-22 2.15896e-21 4.04158e-21 4.79280e-21 6.76262e-21 1.05028e-20 
 10.00000   1.05935e-23 3.86460e-22 9.81342e-22 1.64189e-21 2.05135e-21 2.20385e-21 2.49000e-21 2.94010e-21 
100.00000   2.54751e-24 1.04625e-22 2.02467e-22 3.44450e-22 3.77183e-22 3.81180e-22 3.86973e-22 3.91431e-22 

         45
          100.0
  0.00001   2.12035e-32 2.92001e-31 6.30153e-30 3.14534e-28 5.18944e-27 1.74126e-26 1.47899e-25 5.77425e-24 
  0.00010   1.93607e-31 2.46853e-30 4.30262e-29 1.07334e-27 1.16569e-26 2.98019e-26 1.79313e-25 6.00839e-24 
  0.00100   1.76162e-30 2.16551e-29 3.21164e-28 5.34628e-27 4.14030e-26 8.62539e-26 3.27406e-25 8.11083e-24 
  0.01000   1.62101e-29 1.90229e-28 2.46255e-27 3.33849e-26 1.97173e-25 3.35032e-25 1.28111e-24 1.61608e-23 
  0.10000   1.16984e-28 1.31258e-27 1.26905e-26 1.70495e-25 8.93799e-25 1.47274e-24 3.92566e-24 1.88331e-23 
  1.00000   3.78652e-28 4.45320e-27 2.58993e-26 5.58035e-25 1.64970e-24 2.23134e-24 3.67965e-24 8.67413e-24 
 10.00000   3.90875e-28 4.03760e-27 2.61289e-26 5.19693e-25 8.13229e-25 1.06278e-24 2.25719e-24 2.92081e-24 
100.00000   7.92569e-30 7.30870e-29 4.67440e-28 7.14429e-27 9.39208e-27 1.76510e-26 2.84789e-26 3.17002e-26 

         45
          150.0
  0.00001   7.95309e-32 1.06809e-30 2.28477e-29 1.69042e-27 2.63483e-26 7.54904e-26 5.11169e-25 1.91270e-23 
  0.00010   7.03174e-31 7.55179e-30 1.22772e-28 3.50974e-27 3.77061e-26 9.29741e-26 5.36051e-25 1.92217e-23 
  0.00100   6.25399e-30 5.71854e-29 7.53157e-28 1.20511e-26 9.07971e-26 1.81590e-25 7.51715e-25 2.04596e-23 
  0.01000   5.59403e-29 4.46102e-28 5.18453e-27 6.37162e-26 3.53324e-25 6.20078e-25 2.32484e-24 2.63960e-23 
  0.10000   4.03582e-28 2.86458e-27 2.90251e-26 3.25973e-25 1.51020e-24 2.41706e-24 6.06338e-24 2.39548e-23 
  1.00000   1.41125e-27 8.88454e-27 8.73378e-26 9.61134e-25 2.32507e-24 2.94810e-24 4.55085e-24 1.05076e-23 
 10.00000   2.02535e-27 8.35074e-27 9.73798e-26 9.14473e-25 1.32055e-24 1.80373e-24 2.80823e-24 4.04333e-24 
100.00000   9.71204e-29 3.78389e-28 3.89871e-27 2.79124e-26 4.19954e-26 5.82794e-26 7.38007e-26 7.84708e-26 

         45
          200.0
  0.00001   1.86430e-31 3.21066e-30 7.46553e-29 6.37005e-27 8.62436e-26 2.12302e-25 1.42758e-24 3.51153e-23 
  0.00010   1.64000e-30 1.92234e-29 2.84325e-28 9.46954e-27 9.82327e-26 2.29115e-25 1.44584e-24 3.51242e-23 
  0.00100   1.44759e-29 1.26798e-28 1.43243e-27 2.37001e-26 1.73079e-25 3.46056e-25 1.72066e-24 3.52539e-23 
  0.01000   1.27674e-28 8.86995e-28 8.83013e-27 1.03936e-25 5.65688e-25 1.03373e-24 3.81898e-24 3.75693e-23 
  0.10000   9.43256e-28 5.38328e-27 5.16672e-26 5.17429e-25 2.24176e-24 3.48536e-24 8.28056e-24 2.98453e-23 
  1.00000   3.56330e-27 1.57211e-26 2.04693e-25 1.38263e-24 3.04799e-24 3.75943e-24 5.74827e-24 1.29176e-23 
 10.00000   5.35976e-27 1.68765e-26 2.53178e-25 1.36676e-24 2.05720e-24 2.50899e-24 3.20943e-24 4.56407e-24 
100.00000   4.44052e-28 1.46402e-27 1.78541e-26 7.15950e-26 1.11912e-25 1.23757e-25 1.44544e-25 1.67215e-25 

         45
          250.0
  0.00001   3.46836e-31 7.37441e-30 2.36587e-28 1.84813e-26 2.16481e-25 4.86832e-25 3.42025e-24 4.95154e-23 
  0.00010   3.00593e-30 4.18424e-29 6.14040e-28 2.25782e-26 2.26988e-25 5.03031e-25 3.44551e-24 4.94554e-23 
  0.00100   2.63980e-29 2.48315e-28 2.49576e-27 4.34045e-26 3.14293e-25 6.44752e-25 3.67958e-24 4.91002e-23 
  0.01000   2.31950e-28 1.60260e-27 1.36988e-26 1.57039e-25 8.48642e-25 1.58420e-24 5.87620e-24 4.89917e-23 
  0.10000   1.70974e-27 9.48094e-27 7.85839e-26 7.39677e-25 3.08227e-24 4.67306e-24 1.06494e-23 3.74342e-23 
  1.00000   6.80772e-27 2.69449e-26 3.39509e-25 1.79136e-24 3.81531e-24 4.73022e-24 7.32628e-24 1.57969e-23 
 10.00000   9.74770e-27 3.49038e-26 4.78077e-25 1.82357e-24 2.83149e-24 3.14996e-24 3.88292e-24 5.01152e-24 
100.00000   1.21433e-27 4.53164e-27 4.84215e-26 1.40996e-25 2.12383e-25 2.27942e-25 2.72990e-25 3.32825e-25 

         45
          300.0
  0.00001   5.97861e-31 1.28489e-29 6.79896e-28 4.44539e-26 4.74233e-25 1.01770e-24 6.45940e-24 6.29034e-23 
  0.00010   4.94616e-30 7.80153e-29 1.29132e-27 4.94757e-26 4.82595e-25 1.02989e-24 6.47647e-24 6.28079e-23 
  0.00100   4.32271e-29 4.38320e-28 4.16490e-27 7.66208e-26 5.75798e-25 1.17957e-24 6.64326e-24 6.23787e-23 
  0.01000   3.81565e-28 2.67893e-27 2.02881e-26 2.31965e-25 1.23218e-24 2.28873e-24 8.49037e-24 6.05259e-23 
  0.10000   2.78984e-27 1.56896e-26 1.11915e-25 9.91642e-25 3.95134e-24 6.01022e-24 1.32704e-23 4.68813e-23 
  1.00000   1.15043e-26 4.54065e-26 4.77808e-25 2.19992e-24 4.67917e-24 5.89629e-24 9.23133e-24 1.86863e-23 
 10.00000   1.70634e-26 6.40983e-26 6.94750e-25 2.23009e-24 3.31736e-24 3.85656e-24 4.98339e-24 5.94598e-24 
100.00000   3.02134e-27 1.01823e-26 9.53168e-26 2.35631e-25 3.83708e-25 4.21992e-25 5.06454e-25 5.71599e-25 

         45
          350.0
  0.00001   9.81207e-31 1.96154e-29 1.59113e-27 9.40883e-26 9.16520e-25 1.92543e-24 1.00214e-23 7.51442e-23 
  0.00010   7.77303e-30 1.19082e-28 2.49265e-27 1.00465e-25 9.23546e-25 1.93434e-24 1.00261e-23 7.50589e-23 
  0.00100   6.70987e-29 7.05362e-28 6.72139e-27 1.33906e-25 1.02630e-24 2.06650e-24 1.01808e-23 7.46659e-23 
  0.01000   5.90264e-28 4.20443e-27 2.90123e-26 3.37167e-25 1.75472e-24 3.25690e-24 1.16851e-23 7.31762e-23 
  0.10000   4.44931e-27 2.43462e-26 1.52256e-25 1.28336e-24 4.86970e-24 7.40471e-24 1.60014e-23 5.57067e-23 
  1.00000   1.81270e-26 7.51254e-26 6.00010e-25 2.63526e-24 5.59238e-24 7.14501e-24 1.12172e-23 2.13398e-23 
 10.00000   2.98526e-26 1.03738e-25 8.85264e-25 2.67012e-24 4.12484e-24 4.65781e-24 6.10328e-24 7.40415e-24 
100.00000   6.65123e-27 1.99288e-26 1.49816e-25 3.32003e-25 6.49700e-25 6.99169e-25 7.95854e-25 8.54797e-25 

         45
          400.0
  0.00001   1.53070e-30 2.75823e-29 3.04299e-27 1.75568e-25 1.58777e-24 3.14581e-24 1.37158e-23 8.85217e-23 
  0.00010   1.18259e-29 1.64549e-28 4.26863e-27 1.83261e-25 1.59541e-24 3.15647e-24 1.37227e-23 8.84318e-23 
  0.00100   9.90760e-29 9.76225e-28 1.01634e-26 2.24091e-25 1.68673e-24 3.27867e-24 1.38021e-23 8.80703e-23 
  0.01000   8.47032e-28 6.07056e-27 4.01478e-26 4.78649e-25 2.48453e-24 4.44219e-24 1.49952e-23 8.57498e-23 
  0.10000   6.60975e-27 3.56916e-26 2.00881e-25 1.60013e-24 5.82685e-24 8.78467e-24 1.86635e-23 6.38952e-23 
  1.00000   2.75124e-26 1.14537e-25 7.32318e-25 3.10916e-24 6.52769e-24 8.38288e-24 1.33895e-23 2.44283e-23 
 10.00000   4.84049e-26 1.54012e-25 1.05001e-24 2.97377e-24 5.01302e-24 5.69176e-24 7.15738e-24 8.99771e-24 
100.00000   1.24870e-26 3.44476e-26 2.12899e-25 5.50985e-25 9.45652e-25 1.00491e-24 1.10472e-24 1.15776e-24 

         45
          600.0
  0.00001   5.66780e-30 8.33475e-29 1.59951e-26 1.04758e-24 6.43791e-24 1.07125e-23 2.96733e-23 1.38179e-22 
  0.00010   4.10151e-29 4.16197e-28 1.87070e-26 1.05485e-24 6.44127e-24 1.07130e-23 2.96905e-23 1.38124e-22 
  0.00100   3.19660e-28 2.34281e-27 3.20809e-26 1.12763e-24 6.49117e-24 1.07680e-23 2.96920e-23 1.37391e-22 
  0.01000   2.57128e-27 1.50958e-26 1.06118e-25 1.54063e-24 7.02106e-24 1.13806e-23 2.99052e-23 1.31430e-22 
  0.10000   2.04975e-26 1.02456e-25 4.77157e-25 3.23832e-24 1.00158e-23 1.43866e-23 3.03318e-23 9.42752e-23 
  1.00000   1.01760e-25 3.98491e-25 1.35443e-24 5.11850e-24 1.08925e-23 1.35666e-23 2.00683e-23 4.02250e-23 
 10.00000   1.94649e-25 5.01032e-25 1.90483e-24 4.79734e-24 8.80846e-24 9.65247e-24 1.12921e-23 1.41632e-23 
100.00000   7.19816e-26 1.64977e-25 5.63949e-25 1.93745e-24 2.38450e-24 2.45007e-24 2.47783e-24 2.57663e-24 

         46
          100.0
  0.00001   6.09972e-30 5.85235e-29 1.17921e-27 4.27443e-26 7.65924e-25 2.68816e-24 3.13584e-23 1.11362e-21 
  0.00010   5.66954e-29 4.93541e-28 8.13658e-27 1.67554e-25 1.87582e-24 4.87706e-24 3.78828e-23 1.17239e-21 
  0.00100   5.29043e-28 4.33938e-27 6.27996e-26 9.98756e-25 7.76080e-24 1.55547e-23 6.94770e-23 1.55301e-21 
  0.01000   4.93690e-27 3.90089e-26 5.27346e-25 6.97256e-24 3.97010e-23 6.95918e-23 2.18103e-22 2.76220e-21 
  0.10000   4.21243e-26 2.89264e-25 3.54034e-24 3.68686e-23 1.54266e-22 2.39208e-22 6.39757e-22 3.00377e-21 
  1.00000   1.93663e-25 1.11335e-24 9.15457e-24 1.11274e-22 2.77602e-22 3.57122e-22 5.63424e-22 8.59812e-22 
 10.00000   1.71072e-25 1.21966e-24 5.10112e-24 8.92056e-23 1.31894e-22 1.53883e-22 1.77427e-22 2.32380e-22 
100.00000   3.01687e-27 1.89931e-26 5.57325e-26 1.00907e-24 1.42381e-24 1.50489e-24 1.63587e-24 2.28057e-24 

         46
          150.0
  0.00001   1.56891e-29 1.35288e-28 2.38632e-27 1.43048e-25 2.94203e-24 9.58466e-24 8.06362e-23 2.08372e-21 
  0.00010   1.40332e-28 9.50294e-28 1.30202e-26 3.39376e-25 4.32079e-24 1.18163e-23 8.37549e-23 2.10405e-21 
  0.00100   1.28246e-27 7.41433e-27 8.65189e-26 1.37487e-24 1.13657e-23 2.34501e-23 1.07903e-22 2.28098e-21 
  0.01000   1.18919e-26 6.24207e-26 6.62992e-25 8.09027e-24 4.50793e-23 7.66241e-23 2.34267e-22 2.96344e-21 
  0.10000   1.03397e-25 4.70140e-25 4.40906e-24 3.81755e-23 1.51536e-22 2.44904e-22 6.65274e-22 2.79644e-21 
  1.00000   5.70252e-25 1.96198e-24 1.31905e-23 1.12756e-22 2.53934e-22 3.24060e-22 5.33649e-22 9.07352e-22 
 10.00000   7.09911e-25 2.43381e-24 8.71130e-24 9.29535e-23 1.45293e-22 1.80323e-22 2.07256e-22 2.49698e-22 
100.00000   2.53741e-26 6.38558e-26 3.16577e-25 2.36404e-24 3.20529e-24 3.51084e-24 3.68339e-24 4.21990e-24 

         46
          200.0
  0.00001   2.56613e-29 2.73101e-28 4.96178e-27 4.05687e-25 7.80221e-24 2.21604e-23 1.35139e-22 2.71955e-21 
  0.00010   2.15481e-28 1.64174e-27 1.96749e-26 6.72627e-25 8.88494e-24 2.34955e-23 1.36413e-22 2.72724e-21 
  0.00100   1.87693e-27 1.12032e-26 1.09349e-25 1.92431e-24 1.61333e-23 3.38104e-23 1.51381e-22 2.78177e-21 
  0.01000   1.69414e-26 8.79588e-26 7.57945e-25 9.19800e-24 5.05020e-23 8.54495e-23 2.52628e-22 3.11307e-21 
  0.10000   1.46894e-25 6.47593e-25 4.88897e-24 3.96986e-23 1.51511e-22 2.51448e-22 6.77058e-22 2.63677e-21 
  1.00000   9.26702e-25 2.59305e-24 1.59062e-23 1.12005e-22 2.46875e-22 3.14599e-22 5.10428e-22 9.57953e-22 
 10.00000   1.52405e-24 3.02906e-24 1.64739e-23 9.39529e-23 1.47133e-22 1.80166e-22 2.29777e-22 2.79752e-22 
100.00000   8.05247e-26 1.40216e-25 1.17961e-24 4.20950e-24 5.50715e-24 6.13974e-24 6.68300e-24 6.91725e-24 

         46
          250.0
  0.00001   3.56765e-29 5.06903e-28 1.09653e-26 9.68417e-25 1.51420e-23 3.78024e-23 1.87094e-22 3.00416e-21 
  0.00010   2.78412e-28 2.62578e-27 3.05598e-26 1.26996e-24 1.57897e-23 3.85475e-23 1.87771e-22 3.00705e-21 
  0.00100   2.26210e-27 1.61346e-26 1.36976e-25 2.73015e-24 2.22173e-23 4.63071e-23 1.96405e-22 3.02146e-21 
  0.01000   1.94276e-26 1.17616e-25 8.52364e-25 1.04407e-23 5.55617e-23 9.48121e-23 2.77332e-22 3.16520e-21 
  0.10000   1.62837e-25 8.43278e-25 5.27773e-24 4.15839e-23 1.54037e-22 2.56146e-22 6.76735e-22 2.54956e-21 
  1.00000   1.05772e-24 3.16345e-24 1.71380e-23 1.08156e-22 2.48746e-22 3.18925e-22 5.06148e-22 9.67148e-22 
 10.00000   2.05126e-24 3.54189e-24 2.83287e-23 9.62484e-23 1.44509e-22 1.72394e-22 2.48000e-22 3.16795e-22 
100.00000   1.37497e-25 2.62971e-25 2.57030e-24 6.19332e-24 8.18614e-24 9.26860e-24 1.04119e-23 1.08228e-23 

         46
          300.0
  0.00001   4.84146e-29 9.14061e-28 2.47378e-26 1.98421e-24 2.40880e-23 5.38927e-23 2.37147e-22 3.15887e-21 
  0.00010   3.54879e-28 3.93248e-27 4.99945e-26 2.27836e-24 2.44839e-23 5.43316e-23 2.37542e-22 3.15916e-21 
  0.00100   2.70945e-27 2.24644e-26 1.74500e-25 3.88257e-24 2.95345e-23 6.00117e-23 2.44011e-22 3.15167e-21 
  0.01000   2.20211e-26 1.51358e-25 9.54699e-25 1.19911e-23 6.08387e-23 1.02641e-22 3.11508e-22 3.13803e-21 
  0.10000   1.76388e-25 1.04869e-24 5.64632e-24 4.37230e-23 1.57773e-22 2.57988e-22 6.75814e-22 2.52151e-21 
  1.00000   1.08515e-24 3.64121e-24 1.82809e-23 1.04376e-22 2.49972e-22 3.21832e-22 5.18193e-22 9.44164e-22 
 10.00000   2.07948e-24 4.06176e-24 3.53803e-23 1.00324e-22 1.39839e-22 1.69726e-22 2.59822e-22 3.42927e-22 
100.00000   1.83323e-25 4.20149e-25 3.78499e-24 8.20535e-24 1.11833e-23 1.30481e-23 1.47542e-23 1.53735e-23 

         46
          350.0
  0.00001   6.63143e-29 1.61106e-27 5.38389e-26 3.52811e-24 3.48902e-23 7.13196e-23 2.94989e-22 3.24074e-21 
  0.00010   4.52315e-28 5.83137e-27 8.48442e-26 3.79135e-24 3.51351e-23 7.15837e-23 2.95382e-22 3.24023e-21 
  0.00100   3.31603e-27 2.94294e-26 2.30607e-25 5.43333e-24 3.87091e-23 7.53404e-23 3.00156e-22 3.22515e-21 
  0.01000   2.56358e-26 1.89086e-25 1.08835e-24 1.38476e-23 6.68916e-23 1.10111e-22 3.54212e-22 3.11523e-21 
  0.10000   1.98413e-25 1.26082e-24 6.08994e-24 4.58930e-23 1.62941e-22 2.58529e-22 6.75634e-22 2.46447e-21 
  1.00000   1.11877e-24 4.17488e-24 1.95774e-23 1.03179e-22 2.50209e-22 3.21828e-22 5.22199e-22 9.10258e-22 
 10.00000   2.03074e-24 4.74073e-24 3.74857e-23 1.01689e-22 1.37225e-22 1.71559e-22 2.67447e-22 3.60748e-22 
100.00000   2.33583e-25 5.77046e-25 4.97377e-24 1.03337e-23 1.45328e-23 1.71269e-23 1.94279e-23 2.03081e-23 

         46
          400.0
  0.00001   9.19890e-29 2.69488e-27 1.04038e-25 5.60735e-24 4.68498e-23 8.90633e-23 3.57116e-22 3.26314e-21 
  0.00010   5.83737e-28 8.19756e-27 1.41843e-25 5.84777e-24 4.70359e-23 8.91961e-23 3.57344e-22 3.26433e-21 
  0.00100   4.07517e-27 3.75880e-26 3.15825e-25 7.45117e-24 4.98863e-23 9.20583e-23 3.60817e-22 3.25215e-21 
  0.01000   3.07964e-26 2.29284e-25 1.26929e-24 1.60785e-23 7.44360e-23 1.20791e-22 4.00450e-22 3.09736e-21 
  0.10000   2.30907e-25 1.47513e-24 6.57024e-24 4.82941e-23 1.70193e-22 2.64710e-22 6.80895e-22 2.44164e-21 
  1.00000   1.23047e-24 4.73049e-24 2.07491e-23 1.03904e-22 2.49734e-22 3.26129e-22 5.20300e-22 8.73088e-22 
 10.00000   2.03935e-24 5.33684e-24 3.93904e-23 9.84722e-23 1.37254e-22 1.71216e-22 2.71137e-22 3.70742e-22 
100.00000   2.89491e-25 7.73410e-25 6.70018e-24 1.23653e-23 1.78097e-23 2.10510e-23 2.40248e-23 2.51859e-23 

         46
          600.0
  0.00001   2.97336e-28 1.28479e-26 6.55448e-25 1.87711e-23 1.01016e-22 1.70617e-22 5.76898e-22 3.06936e-21 
  0.00010   1.38670e-27 2.42059e-26 7.05606e-25 1.88622e-23 1.01152e-22 1.70638e-22 5.76891e-22 3.06558e-21 
  0.00100   8.35842e-27 7.86419e-26 9.88170e-25 1.99218e-23 1.02110e-22 1.71773e-22 5.77937e-22 3.04841e-21 
  0.01000   5.90180e-26 4.07849e-25 2.44912e-24 2.81299e-23 1.15554e-22 1.87623e-22 5.86971e-22 2.91683e-21 
  0.10000   4.41693e-25 2.48223e-24 9.34310e-24 6.05625e-23 1.94430e-22 2.93393e-22 6.76465e-22 2.21027e-21 
  1.00000   1.86276e-24 7.86414e-24 2.68652e-23 1.06887e-22 2.47413e-22 3.12847e-22 5.07542e-22 7.92490e-22 
 10.00000   2.64769e-24 1.01096e-23 4.60819e-23 9.13033e-23 1.34455e-22 1.72361e-22 2.67459e-22 3.75748e-22 
100.00000   6.38161e-25 2.70983e-24 1.27639e-23 1.95127e-23 3.02666e-23 3.58328e-23 4.14721e-23 4.37479e-23 

         47
          100.0
  0.00001   9.53087e-32 7.53429e-30 3.21056e-28 1.50824e-26 2.67669e-25 8.87747e-25 9.46976e-24 5.26794e-22 
  0.00010   8.87618e-31 5.65574e-29 2.00890e-27 7.31902e-26 8.49240e-25 2.04415e-24 1.34292e-23 5.61921e-22 
  0.00100   8.40401e-30 4.56103e-28 1.47567e-26 4.91566e-25 4.12498e-24 8.22713e-24 3.60039e-23 7.69257e-22 
  0.01000   7.89559e-29 3.80447e-27 1.19239e-25 3.73477e-24 2.58943e-23 4.56410e-23 1.41241e-22 1.88598e-21 
  0.10000   5.87279e-28 2.66784e-26 8.50893e-25 2.07039e-23 1.02116e-22 1.72844e-22 4.77425e-22 2.56505e-21 
  1.00000   2.01772e-27 1.23469e-25 2.77002e-24 5.68406e-23 2.74139e-22 3.60807e-22 5.65067e-22 1.02276e-21 
 10.00000   2.60209e-27 1.19798e-25 2.29264e-24 6.19967e-23 1.58471e-22 1.91308e-22 2.27922e-22 2.36008e-22 
100.00000   5.38409e-29 1.63345e-27 2.56991e-26 7.83574e-25 1.85413e-24 2.04103e-24 2.22938e-24 2.34618e-24 

         47
          150.0
  0.00001   3.10074e-31 1.93392e-29 8.05267e-28 4.99518e-26 1.08581e-24 3.73753e-24 3.03584e-23 1.35339e-21 
  0.00010   2.73137e-30 1.32834e-28 4.31868e-27 1.46364e-25 1.93290e-24 5.38453e-24 3.30854e-23 1.36850e-21 
  0.00100   2.47910e-29 9.78617e-28 2.68988e-26 7.00959e-25 6.36479e-24 1.29744e-23 5.33311e-23 1.48974e-21 
  0.01000   2.27233e-28 7.49596e-27 1.99874e-25 4.67400e-24 3.13174e-23 5.29079e-23 1.60456e-22 2.23451e-21 
  0.10000   1.68794e-27 5.53447e-26 1.32776e-24 2.53408e-23 1.16881e-22 1.93475e-22 5.06648e-22 2.65812e-21 
  1.00000   7.58536e-27 2.52684e-25 3.51554e-24 7.75803e-23 2.68446e-22 3.44381e-22 5.26669e-22 9.68251e-22 
 10.00000   1.41299e-26 3.77020e-25 2.89924e-24 1.21767e-22 1.78975e-22 1.93972e-22 2.13715e-22 2.24296e-22 
100.00000   7.70194e-28 9.88630e-27 7.19043e-26 2.82224e-24 4.13074e-24 4.23272e-24 4.39185e-24 4.50186e-24 

         47
          200.0
  0.00001   7.87577e-31 4.41324e-29 1.60423e-27 1.47120e-25 3.15882e-24 9.81960e-24 5.85998e-23 2.03256e-21 
  0.00010   6.67947e-30 2.55078e-28 7.29359e-27 2.87148e-25 3.96307e-24 1.13264e-23 5.96941e-23 2.03624e-21 
  0.00100   5.79328e-29 1.66203e-27 4.24378e-26 9.87322e-25 8.76986e-24 1.93268e-23 7.29406e-23 2.07442e-21 
  0.01000   5.00494e-28 1.18939e-26 2.96677e-25 5.42252e-24 3.52972e-23 5.80831e-23 1.79836e-22 2.45100e-21 
  0.10000   3.80467e-27 8.69460e-26 1.84304e-24 2.74432e-23 1.29065e-22 2.03793e-22 5.19347e-22 2.66925e-21 
  1.00000   2.09046e-26 3.63785e-25 4.50036e-24 8.95492e-23 2.52795e-22 3.31532e-22 5.12488e-22 9.24174e-22 
 10.00000   4.26618e-26 5.82017e-25 3.44269e-24 1.36847e-22 1.79589e-22 1.89621e-22 2.05723e-22 2.18159e-22 
100.00000   4.44479e-27 2.60791e-26 1.56132e-25 5.29140e-24 6.83560e-24 6.98989e-24 7.16305e-24 7.28084e-24 

         47
          250.0
  0.00001   1.57997e-30 9.83917e-29 3.11178e-27 3.66681e-25 6.84145e-24 1.83495e-23 8.80666e-23 2.39203e-21 
  0.00010   1.32361e-29 4.48960e-28 1.08354e-26 5.51363e-25 7.41859e-24 1.94126e-23 8.86687e-23 2.39310e-21 
  0.00100   1.11195e-28 2.49343e-27 5.85451e-26 1.41834e-24 1.16788e-23 2.71559e-23 9.72882e-23 2.39422e-21 
  0.01000   9.04641e-28 1.67441e-26 3.94549e-25 6.26048e-24 3.82422e-23 6.38922e-23 1.96864e-22 2.64029e-21 
  0.10000   6.85990e-27 1.19812e-25 2.39508e-24 2.85895e-23 1.35791e-22 2.06526e-22 5.32038e-22 2.60271e-21 
  1.00000   4.14486e-26 4.71095e-25 5.75488e-24 9.63598e-23 2.46285e-22 3.23585e-22 5.10092e-22 8.62925e-22 
 10.00000   8.60042e-26 7.07770e-25 4.36167e-24 1.29568e-22 1.74573e-22 1.86227e-22 2.06577e-22 2.21782e-22 
100.00000   1.36832e-26 4.82422e-26 3.19101e-25 7.79799e-24 9.76741e-24 1.01035e-23 1.04468e-23 1.06592e-23 

         47
          300.0
  0.00001   2.53136e-30 2.05279e-28 6.56836e-27 7.89644e-25 1.18951e-23 2.82737e-23 1.20144e-22 2.59996e-21 
  0.00010   2.14364e-29 7.64837e-28 1.62226e-26 1.00645e-24 1.22920e-23 2.89647e-23 1.20753e-22 2.59973e-21 
  0.00100   1.79957e-28 3.62173e-27 7.29792e-26 2.00303e-24 1.58764e-23 3.55951e-23 1.28239e-22 2.59054e-21 
  0.01000   1.44359e-27 2.21592e-26 4.71523e-25 7.24918e-24 4.05304e-23 7.08005e-23 2.11068e-22 2.72612e-21 
  0.10000   1.06397e-26 1.51813e-25 2.95557e-24 2.95584e-23 1.38024e-22 2.08004e-22 5.44286e-22 2.50413e-21 
  1.00000   6.63235e-26 5.66834e-25 7.10336e-24 9.24289e-23 2.44973e-22 3.15113e-22 5.01774e-22 8.33342e-22 
 10.00000   1.40359e-25 7.86012e-25 5.91980e-24 1.21105e-22 1.67356e-22 1.82216e-22 2.03843e-22 2.25531e-22 
100.00000   2.89470e-26 7.42366e-26 6.55643e-25 1.03524e-23 1.28733e-23 1.33150e-23 1.36596e-23 1.38396e-23 

         47
          350.0
  0.00001   3.30481e-30 3.69554e-28 1.33840e-26 1.49121e-24 1.81253e-23 3.87747e-23 1.52542e-22 2.76299e-21 
  0.00010   2.85706e-29 1.22601e-27 2.57693e-26 1.72891e-24 1.83804e-23 3.92152e-23 1.53233e-22 2.76030e-21 
  0.00100   2.47443e-28 5.23639e-27 9.24437e-26 2.80647e-24 2.13944e-23 4.43071e-23 1.59547e-22 2.74017e-21 
  0.01000   2.03421e-27 2.90715e-26 5.34766e-25 8.31464e-24 4.31177e-23 7.72679e-23 2.31537e-22 2.75423e-21 
  0.10000   1.50142e-26 1.89559e-25 3.42368e-24 3.06968e-23 1.36728e-22 2.10187e-22 5.50142e-22 2.49167e-21 
  1.00000   9.39348e-26 6.69288e-25 8.44822e-24 9.01112e-23 2.43252e-22 3.16299e-22 4.90023e-22 8.21125e-22 
 10.00000   1.99665e-25 8.84075e-25 8.33762e-24 1.18440e-22 1.59546e-22 1.73802e-22 1.96780e-22 2.24977e-22 
100.00000   4.90186e-26 1.02268e-25 1.27345e-24 1.33509e-23 1.58216e-23 1.63277e-23 1.66216e-23 1.67741e-23 

         47
          400.0
  0.00001   4.18310e-30 5.64975e-28 2.51239e-26 2.48325e-24 2.49085e-23 4.94398e-23 1.87704e-22 2.85831e-21 
  0.00010   3.49879e-29 1.79283e-27 4.10469e-26 2.70694e-24 2.51242e-23 4.97809e-23 1.88220e-22 2.85620e-21 
  0.00100   3.03583e-28 7.22939e-27 1.19734e-25 3.87816e-24 2.77136e-23 5.38106e-23 1.93951e-22 2.83717e-21 
  0.01000   2.54009e-27 3.76454e-26 6.07713e-25 9.60317e-24 4.71881e-23 8.28694e-23 2.56067e-22 2.80679e-21 
  0.10000   1.91453e-26 2.32571e-25 3.69567e-24 3.22679e-23 1.38352e-22 2.11720e-22 5.48621e-22 2.42697e-21 
  1.00000   1.18862e-25 7.79382e-25 1.02963e-23 9.03123e-23 2.37867e-22 3.10645e-22 4.81562e-22 7.95549e-22 
 10.00000   2.52644e-25 9.75876e-25 1.15992e-23 1.19178e-22 1.52351e-22 1.65641e-22 1.87704e-22 2.18997e-22 
100.00000   7.08062e-26 1.30464e-25 2.16786e-24 1.65219e-23 1.84426e-23 1.88341e-23 1.91961e-23 1.93971e-23 

         47
          600.0
  0.00001   8.99289e-30 1.73363e-27 1.47846e-25 9.14888e-24 5.46455e-23 9.72823e-23 3.55078e-22 2.97382e-21 
  0.00010   6.54194e-29 4.84428e-27 1.80033e-25 9.24980e-24 5.47472e-23 9.73921e-23 3.55301e-22 2.97189e-21 
  0.00100   5.15024e-28 1.79627e-26 3.16817e-25 1.02749e-23 5.57497e-23 9.89483e-23 3.59874e-22 2.96287e-21 
  0.01000   4.24442e-27 8.67367e-26 1.01305e-24 1.61302e-23 6.72813e-23 1.17869e-22 3.93155e-22 2.82046e-21 
  0.10000   3.45242e-26 4.72861e-25 4.78281e-24 3.89676e-23 1.44351e-22 2.24143e-22 5.58105e-22 2.14381e-21 
  1.00000   1.96006e-25 1.21190e-24 1.72416e-23 9.41385e-23 2.26949e-22 2.78406e-22 4.18602e-22 7.50745e-22 
 10.00000   4.48184e-25 1.27464e-24 2.67060e-23 1.10939e-22 1.48032e-22 1.54741e-22 1.63486e-22 1.84256e-22 
100.00000   1.68205e-25 2.62707e-25 8.29338e-24 2.61686e-23 2.79798e-23 2.86447e-23 2.93436e-23 2.96444e-23 

         48
          100.0
  0.00001   2.09884e-34 1.69458e-33 1.67895e-32 9.15850e-31 4.75824e-29 1.83218e-28 1.30632e-27 1.38620e-26 
  0.00010   2.05421e-33 1.63011e-32 1.48153e-31 3.51671e-30 7.55478e-29 2.35833e-28 1.36079e-27 1.38503e-26 
  0.00100   2.01899e-32 1.58190e-31 1.35578e-30 2.06953e-29 1.94872e-28 4.29342e-28 1.72995e-27 1.43528e-26 
  0.01000   1.98690e-31 1.53545e-30 1.23590e-29 1.40102e-28 6.42560e-28 1.04520e-27 3.03542e-27 1.80788e-26 
  0.10000   1.82783e-30 1.27750e-29 7.84333e-29 4.71121e-28 1.44504e-27 2.23709e-27 4.59132e-27 2.06975e-26 
  1.00000   1.00935e-29 4.05473e-29 2.16292e-28 9.35102e-28 2.02417e-27 2.57790e-27 4.23521e-27 7.83395e-27 
 10.00000   1.12041e-29 3.83362e-29 1.87530e-28 7.14780e-28 1.07887e-27 1.27452e-27 1.56066e-27 2.55450e-27 
100.00000   2.41416e-31 7.96816e-31 4.56591e-30 1.75544e-29 2.63380e-29 2.74497e-29 3.07661e-29 4.80220e-29 

         48
          150.0
  0.00001   1.15521e-33 6.56536e-33 8.37519e-32 1.40949e-29 4.49135e-28 1.36692e-27 6.96855e-27 6.05618e-26 
  0.00010   1.13524e-32 6.18029e-32 6.11374e-31 2.78339e-29 4.91265e-28 1.42019e-27 7.01040e-27 6.04848e-26 
  0.00100   1.11503e-31 5.84949e-31 4.84968e-30 9.06003e-29 7.75637e-28 1.81918e-27 7.56618e-27 6.07051e-26 
  0.01000   1.09345e-30 5.54784e-30 4.00862e-29 4.14768e-28 2.03716e-27 3.65508e-27 1.10829e-26 6.74347e-26 
  0.10000   9.98779e-30 4.51451e-29 2.38143e-28 1.58973e-27 5.40378e-27 8.42460e-27 1.81682e-26 6.83351e-26 
  1.00000   5.28099e-29 1.69442e-28 7.69391e-28 3.50579e-27 7.16670e-27 9.02777e-27 1.36812e-26 2.33174e-26 
 10.00000   7.84414e-29 2.23052e-28 1.00380e-27 2.50151e-27 4.16654e-27 4.70059e-27 6.13866e-27 9.91205e-27 
100.00000   4.15488e-30 9.23541e-30 5.35576e-29 1.25885e-28 2.04729e-28 2.31572e-28 3.10018e-28 4.40884e-28 

         48
          200.0
  0.00001   4.13974e-33 1.96643e-32 3.62237e-31 1.20514e-28 1.98102e-27 5.38813e-27 2.62816e-26 1.84896e-25 
  0.00010   4.09268e-32 1.83688e-31 2.21582e-30 1.62276e-28 2.02657e-27 5.45300e-27 2.63125e-26 1.84930e-25 
  0.00100   4.04120e-31 1.72437e-30 1.52051e-29 3.31528e-28 2.55815e-27 6.19298e-27 2.71676e-26 1.85883e-25 
  0.01000   3.98290e-30 1.61265e-29 1.11128e-28 1.12113e-27 5.79395e-27 1.11031e-26 3.41405e-26 1.86131e-25 
  0.10000   3.57636e-29 1.27356e-28 6.37142e-28 4.40459e-27 1.54501e-26 2.35897e-26 5.11581e-26 1.68571e-25 
  1.00000   1.85561e-28 5.68539e-28 2.05538e-27 8.95594e-27 1.89423e-26 2.34897e-26 3.44272e-26 6.35488e-26 
 10.00000   3.40212e-28 8.63837e-28 2.79430e-27 6.68232e-27 1.22982e-26 1.37685e-26 1.93585e-26 3.01222e-26 
100.00000   3.15105e-29 5.55167e-29 2.48122e-28 5.58036e-28 1.12154e-27 1.34203e-27 1.93843e-27 2.38049e-27 

         48
          250.0
  0.00001   1.12559e-32 4.89412e-32 1.27679e-30 5.59147e-28 6.61805e-27 1.67883e-26 7.48949e-26 4.39903e-25 
  0.00010   1.11775e-31 4.53716e-31 6.78888e-30 6.40749e-28 6.68784e-27 1.68725e-26 7.48944e-26 4.40119e-25 
  0.00100   1.11028e-30 4.25165e-30 4.12293e-29 9.94186e-28 7.67749e-27 1.80989e-26 7.58300e-26 4.43680e-25 
  0.01000   1.10293e-29 3.96445e-29 2.69474e-28 2.81112e-27 1.47070e-26 2.79835e-26 8.47322e-26 4.34920e-25 
  0.10000   9.96836e-29 3.05123e-28 1.50953e-27 1.01239e-26 3.51635e-26 5.20921e-26 1.10907e-25 3.74644e-25 
  1.00000   5.38140e-28 1.43104e-27 4.51685e-27 1.84592e-26 4.12179e-26 5.14385e-26 7.85334e-26 1.71991e-25 
 10.00000   1.08095e-27 2.24943e-27 5.29207e-27 1.66087e-26 3.12324e-26 3.44819e-26 4.73976e-26 7.43598e-26 
100.00000   1.31280e-28 2.08576e-28 6.78870e-28 2.09416e-27 4.64256e-27 5.54702e-27 7.40049e-27 7.98330e-27 

         48
          300.0
  0.00001   2.37074e-32 1.07619e-31 3.66190e-30 1.79436e-27 1.94049e-26 4.36584e-26 1.63916e-25 9.33239e-25 
  0.00010   2.36120e-31 9.79540e-31 1.71435e-29 1.92934e-27 1.95427e-26 4.38176e-26 1.63841e-25 9.33045e-25 
  0.00100   2.35167e-30 9.09091e-30 9.43390e-29 2.58072e-27 2.11337e-26 4.54949e-26 1.63976e-25 9.29394e-25 
  0.01000   2.34342e-29 8.47166e-29 5.70946e-28 6.36425e-27 3.31090e-26 5.97145e-26 1.71187e-25 9.27839e-25 
  0.10000   2.19699e-28 6.52173e-28 3.10982e-27 2.01890e-26 6.78223e-26 9.70476e-26 2.02209e-25 7.45277e-25 
  1.00000   1.26381e-27 2.95629e-27 8.79681e-27 3.42542e-26 7.66718e-26 9.89610e-26 1.61592e-25 3.86493e-25 
 10.00000   2.61189e-27 4.63233e-27 9.25996e-27 3.58225e-26 6.42390e-26 6.98438e-26 8.88753e-26 1.46152e-25 
100.00000   3.86293e-28 6.00405e-28 1.48657e-27 6.15292e-27 1.22264e-26 1.44176e-26 1.83383e-26 1.88750e-26 

         48
          350.0
  0.00001   4.20460e-32 2.01906e-31 8.88769e-30 4.72928e-27 4.58022e-26 9.12219e-26 2.95144e-25 1.75136e-24 
  0.00010   4.17186e-31 1.82256e-30 3.60126e-29 4.90987e-27 4.59594e-26 9.13377e-26 2.95030e-25 1.74988e-24 
  0.00100   4.15098e-30 1.68350e-29 1.85294e-28 5.90944e-27 4.77323e-26 9.30137e-26 2.94972e-25 1.74118e-24 
  0.01000   4.13339e-29 1.55787e-28 1.05974e-27 1.28128e-26 6.38181e-26 1.08831e-25 2.96697e-25 1.68059e-24 
  0.10000   3.89635e-28 1.23961e-27 5.65587e-27 3.53548e-26 1.14628e-25 1.62792e-25 3.24725e-25 1.23494e-24 
  1.00000   2.41197e-27 5.31988e-27 1.52024e-26 5.76799e-26 1.30619e-25 1.64597e-25 2.78637e-25 6.87617e-25 
 10.00000   5.24205e-27 7.72955e-27 1.56037e-26 6.51243e-26 1.11123e-25 1.19746e-25 1.43576e-25 2.37975e-25 
100.00000   9.25491e-28 1.43963e-27 2.84654e-27 1.34059e-26 2.42413e-26 2.81877e-26 3.43696e-26 3.56389e-26 

         48
          400.0
  0.00001   6.55341e-32 3.35566e-31 1.84393e-29 1.04762e-26 8.59584e-26 1.58736e-25 4.69534e-25 2.67251e-24 
  0.00010   6.47999e-31 2.94386e-30 6.31158e-29 1.07250e-26 8.60781e-26 1.58748e-25 4.68949e-25 2.67119e-24 
  0.00100   6.41966e-30 2.68825e-29 3.02767e-28 1.21897e-26 8.81716e-26 1.60392e-25 4.67804e-25 2.65618e-24 
  0.01000   6.36184e-29 2.46967e-28 1.70298e-27 2.24582e-26 1.07400e-25 1.76585e-25 4.64782e-25 2.54857e-24 
  0.10000   5.99243e-28 2.02446e-27 9.09649e-27 5.52817e-26 1.74385e-25 2.47457e-25 4.74121e-25 1.89916e-24 
  1.00000   3.75225e-27 8.59660e-27 2.32898e-26 8.68630e-26 1.96332e-25 2.46531e-25 4.11477e-25 1.02013e-24 
 10.00000   8.72253e-27 1.16878e-26 2.59508e-26 1.01095e-25 1.65308e-25 1.80976e-25 2.11685e-25 3.35359e-25 
100.00000   1.86937e-27 2.49331e-27 5.41993e-27 2.32205e-26 3.91296e-26 4.48863e-26 5.33383e-26 5.63760e-26 

         48
          600.0
  0.00001   2.13324e-31 1.29141e-30 1.36331e-28 6.84763e-26 4.03399e-25 6.44413e-25 1.52590e-24 7.60994e-24 
  0.00010   2.09833e-30 1.00418e-29 2.67705e-28 6.91859e-26 4.03466e-25 6.44525e-25 1.52515e-24 7.60787e-24 
  0.00100   2.06605e-29 8.54073e-29 9.98888e-28 7.30234e-26 4.04946e-25 6.45070e-25 1.51886e-24 7.58777e-24 
  0.01000   2.02264e-28 7.67087e-28 5.45156e-27 9.73802e-26 4.28298e-25 6.63651e-25 1.48770e-24 7.33930e-24 
  0.10000   1.92512e-27 6.72095e-27 3.06780e-26 1.92547e-25 5.26160e-25 7.21269e-25 1.43787e-24 5.37919e-24 
  1.00000   1.25395e-26 3.18336e-26 7.80936e-26 2.54582e-25 5.58220e-25 7.07166e-25 1.15116e-24 2.51942e-24 
 10.00000   2.35326e-26 4.30701e-26 1.03021e-25 2.93673e-25 4.12606e-25 4.52742e-25 5.29637e-25 7.04659e-25 
100.00000   8.00975e-27 1.19354e-26 3.13813e-26 8.42148e-26 1.19438e-25 1.30932e-25 1.50607e-25 1.66550e-25 

         49
          100.0
  0.00001   4.36738e-32 8.50810e-31 4.12507e-29 3.08844e-27 6.14304e-26 1.69626e-25 1.15968e-24 8.23289e-23 
  0.00010   4.12767e-31 7.15252e-30 2.60238e-28 8.60747e-27 1.12103e-25 2.53607e-25 1.39981e-24 8.41704e-23 
  0.00100   3.98035e-30 6.26136e-29 1.75426e-27 4.05430e-26 3.45139e-25 6.80546e-25 2.65346e-24 9.50778e-23 
  0.01000   3.83957e-29 5.54087e-28 1.23712e-26 2.53611e-25 1.67202e-24 2.91656e-24 8.71778e-24 1.42183e-22 
  0.10000   3.35659e-28 4.15497e-27 6.79781e-26 1.39917e-24 6.73276e-24 1.08467e-23 2.86365e-23 1.68708e-22 
  1.00000   1.74979e-27 1.63572e-26 1.71221e-25 4.94477e-24 1.48922e-23 1.96368e-23 3.07217e-23 5.58441e-23 
 10.00000   1.69728e-27 1.60057e-26 1.09769e-25 4.62309e-24 7.32059e-24 8.25442e-24 1.02744e-23 1.11476e-23 
100.00000   3.19361e-29 2.61302e-28 1.54241e-27 5.75678e-26 8.09727e-26 9.15759e-26 1.02705e-25 1.08694e-25 

         49
          150.0
  0.00001   1.41583e-31 2.26009e-30 1.41052e-28 1.44403e-26 2.90555e-25 7.07741e-25 3.62726e-24 1.24709e-22 
  0.00010   1.32035e-30 1.60133e-29 5.96663e-28 2.35009e-26 3.54720e-25 7.81170e-25 3.75243e-24 1.24672e-22 
  0.00100   1.24921e-29 1.24485e-28 3.23501e-27 6.81142e-26 6.48064e-25 1.26471e-24 4.75266e-24 1.27491e-22 
  0.01000   1.18670e-28 1.01604e-27 2.03615e-26 3.37297e-25 2.08736e-24 3.55494e-24 1.03687e-23 1.47664e-22 
  0.10000   1.01804e-27 7.25110e-27 1.18879e-25 1.61417e-24 7.00711e-24 1.14052e-23 2.85727e-23 1.50088e-22 
  1.00000   5.27190e-27 3.29945e-26 2.70145e-25 5.04790e-24 1.39535e-23 1.83054e-23 2.85216e-23 5.11436e-23 
 10.00000   5.50854e-27 4.59024e-26 1.64745e-25 5.45912e-24 8.48415e-24 9.27882e-24 1.04940e-23 1.18177e-23 
100.00000   2.09996e-28 1.59637e-27 4.29539e-27 1.35440e-25 1.86114e-25 2.07624e-25 2.28838e-25 2.49259e-25 

         49
          200.0
  0.00001   2.25226e-31 6.16662e-30 4.73651e-28 5.05233e-26 8.51044e-25 1.82271e-24 7.48836e-24 1.53095e-22 
  0.00010   2.11594e-30 3.29667e-29 1.25133e-27 6.23715e-26 8.96534e-25 1.86342e-24 7.53785e-24 1.52868e-22 
  0.00100   1.99242e-29 2.09864e-28 5.17022e-27 1.21899e-25 1.19419e-24 2.27021e-24 8.11029e-24 1.53342e-22 
  0.01000   1.87708e-28 1.52176e-27 2.83615e-26 4.60504e-25 2.71424e-24 4.54975e-24 1.31477e-23 1.59407e-22 
  0.10000   1.61444e-27 1.00861e-26 1.66357e-25 1.90497e-24 7.77059e-24 1.25733e-23 3.03366e-23 1.37313e-22 
  1.00000   8.91687e-27 4.54623e-26 3.81941e-25 5.45087e-24 1.37823e-23 1.78883e-23 2.75886e-23 4.86400e-23 
 10.00000   1.16876e-26 6.84385e-26 2.33035e-25 6.19434e-24 9.32037e-24 1.01635e-23 1.10128e-23 1.29146e-23 
100.00000   7.23815e-28 3.90561e-27 1.12407e-26 2.41278e-25 3.51582e-25 3.96749e-25 4.50861e-25 5.22719e-25 

         49
          250.0
  0.00001   2.67592e-31 1.73846e-29 1.55757e-27 1.38814e-25 1.76572e-24 3.48216e-24 1.27027e-23 1.78900e-22 
  0.00010   2.53458e-30 6.95735e-29 2.74042e-27 1.51956e-25 1.79685e-24 3.51364e-24 1.27373e-23 1.78783e-22 
  0.00100   2.39840e-29 3.48708e-28 8.30625e-27 2.24465e-25 2.04977e-24 3.80110e-24 1.30925e-23 1.78298e-22 
  0.01000   2.26001e-28 2.19384e-27 3.84413e-26 6.34369e-25 3.57874e-24 5.97544e-24 1.74332e-23 1.75940e-22 
  0.10000   1.93690e-27 1.34502e-26 2.12870e-25 2.26263e-24 9.04225e-24 1.43668e-23 3.34389e-23 1.32855e-22 
  1.00000   1.14001e-26 5.68690e-26 5.07286e-25 6.07142e-24 1.44160e-23 1.84857e-23 2.77149e-23 4.75452e-23 
 10.00000   2.01620e-26 8.13814e-26 3.46461e-25 6.63636e-24 1.04230e-23 1.15427e-23 1.26050e-23 1.48421e-23 
100.00000   1.71229e-27 6.30510e-27 2.94514e-26 3.68676e-25 6.15343e-25 7.05799e-25 8.37467e-25 1.01816e-24 

         49
          300.0
  0.00001   3.08537e-31 4.35866e-29 4.44697e-27 3.17852e-25 3.02997e-24 5.62124e-24 1.96317e-23 2.03461e-22 
  0.00010   2.91052e-30 1.42927e-28 6.05027e-27 3.28065e-25 3.04971e-24 5.64371e-24 1.96659e-23 2.03344e-22 
  0.00100   2.76623e-29 5.80539e-28 1.36623e-26 4.04572e-25 3.24798e-24 5.86869e-24 2.00072e-23 2.01932e-22 
  0.01000   2.62042e-28 3.15769e-27 5.28168e-26 8.74204e-25 4.68725e-24 7.83888e-24 2.36000e-23 1.93393e-22 
  0.10000   2.18834e-27 1.78552e-26 2.66181e-25 2.69215e-24 1.06396e-23 1.68620e-23 3.73506e-23 1.36396e-22 
  1.00000   1.27019e-26 6.88827e-26 6.46046e-25 6.78796e-24 1.57285e-23 1.99765e-23 2.91218e-23 4.87031e-23 
 10.00000   2.94395e-26 9.31117e-26 5.73143e-25 6.79371e-24 1.18865e-23 1.36834e-23 1.53446e-23 1.76497e-23 
100.00000   3.17461e-27 9.21361e-27 7.13155e-26 5.28789e-25 1.01739e-24 1.18117e-24 1.44050e-24 1.75018e-24 

         49
          350.0
  0.00001   3.59141e-31 9.14871e-29 1.06703e-26 6.06068e-25 4.58058e-24 8.16717e-24 2.85649e-23 2.19116e-22 
  0.00010   3.40410e-30 2.61035e-28 1.25736e-26 6.13675e-25 4.59549e-24 8.18504e-24 2.86015e-23 2.18990e-22 
  0.00100   3.24564e-29 9.32001e-28 2.27068e-26 6.89422e-25 4.75670e-24 8.36903e-24 2.88282e-23 2.17397e-22 
  0.01000   3.08222e-28 4.47328e-27 7.43700e-26 1.19261e-24 6.07908e-24 1.02643e-23 3.16276e-23 2.06860e-22 
  0.10000   2.58361e-27 2.35369e-26 3.28705e-25 3.20807e-24 1.24330e-23 1.97555e-23 4.23739e-23 1.42259e-22 
  1.00000   1.38800e-26 8.30322e-26 8.36009e-25 7.64416e-24 1.73872e-23 2.20272e-23 3.21105e-23 5.33301e-23 
 10.00000   3.82825e-26 1.06023e-25 8.99926e-25 6.94788e-24 1.35464e-23 1.62336e-23 1.86844e-23 2.16902e-23 
100.00000   5.05480e-27 1.19173e-26 1.37965e-25 7.30453e-25 1.56779e-24 1.82216e-24 2.23862e-24 2.67304e-24 

         49
          400.0
  0.00001   4.18049e-31 1.68492e-28 2.15519e-26 9.94135e-25 6.30387e-24 1.11309e-23 3.76459e-23 2.36788e-22 
  0.00010   3.95108e-30 4.25391e-28 2.37886e-26 1.00098e-24 6.31648e-24 1.11449e-23 3.76378e-23 2.36612e-22 
  0.00100   3.75934e-29 1.38164e-27 3.71215e-26 1.07363e-24 6.45939e-24 1.13455e-23 3.78975e-23 2.35251e-22 
  0.01000   3.59851e-28 6.17939e-27 1.04645e-25 1.59058e-24 7.68811e-24 1.32263e-23 4.01873e-23 2.23893e-22 
  0.10000   3.09761e-27 3.07718e-26 4.16492e-25 3.78071e-24 1.45509e-23 2.27248e-23 4.72051e-23 1.51237e-22 
  1.00000   1.56829e-26 1.01185e-25 1.06487e-24 8.53103e-24 1.88245e-23 2.37307e-23 3.52024e-23 6.18052e-23 
 10.00000   4.37985e-26 1.13021e-25 1.26204e-24 7.51430e-24 1.53456e-23 1.83779e-23 2.20865e-23 2.63111e-23 
100.00000   7.18310e-27 1.54873e-26 2.25270e-25 9.74983e-25 2.21449e-24 2.55666e-24 3.12681e-24 3.66706e-24 

         49
          600.0
  0.00001   7.97203e-31 1.02335e-27 1.36406e-25 3.68446e-24 1.60131e-23 2.71783e-23 7.12087e-23 2.79229e-22 
  0.00010   7.17313e-30 1.71860e-27 1.38936e-25 3.68824e-24 1.59853e-23 2.71916e-23 7.11885e-23 2.78526e-22 
  0.00100   6.57508e-29 4.31038e-27 1.62212e-25 3.73183e-24 1.60966e-23 2.72814e-23 7.11949e-23 2.77766e-22 
  0.01000   6.15592e-28 1.59715e-26 3.06890e-25 4.19219e-24 1.71171e-23 2.83410e-23 7.08809e-23 2.65772e-22 
  0.10000   5.37251e-27 7.69819e-26 9.48474e-25 6.90537e-24 2.38708e-23 3.48011e-23 6.67521e-23 1.94311e-22 
  1.00000   2.75604e-26 1.98282e-25 2.31100e-24 1.23945e-23 2.55199e-23 3.19712e-23 4.73546e-23 1.09468e-22 
 10.00000   6.07848e-26 1.84454e-25 3.09036e-24 1.12673e-23 2.20553e-23 2.60434e-23 3.25922e-23 4.42004e-23 
100.00000   1.85526e-26 4.62349e-26 8.14352e-25 2.73615e-24 5.43489e-24 6.06086e-24 7.16245e-24 7.96682e-24 

         50
          100.0
  0.00001   7.19014e-30 1.04326e-28 1.80320e-27 1.24332e-25 2.65477e-24 8.74820e-24 8.34498e-23 1.15456e-21 
  0.00010   6.25104e-29 7.80990e-28 9.72147e-27 2.83876e-25 3.81858e-24 1.08422e-23 8.74468e-23 1.16767e-21 
  0.00100   5.58772e-28 6.41815e-27 6.71781e-26 1.16167e-24 9.36588e-24 2.10021e-23 1.08469e-22 1.27487e-21 
  0.01000   5.11233e-27 5.69463e-26 5.38139e-25 6.73052e-24 3.86360e-23 6.82215e-23 2.03385e-22 1.69131e-21 
  0.10000   4.21938e-26 4.53258e-25 3.66909e-24 3.07440e-23 1.16389e-22 1.73615e-22 3.77694e-22 1.52634e-21 
  1.00000   2.31641e-25 2.19431e-24 1.05599e-23 6.24398e-23 1.75569e-22 2.16704e-22 3.00031e-22 5.09931e-22 
 10.00000   2.06582e-25 2.08150e-24 6.51245e-24 4.53757e-23 7.68944e-23 8.53276e-23 1.13494e-22 1.27885e-22 
100.00000   3.58316e-27 2.59687e-26 7.83557e-26 5.39063e-25 7.72453e-25 9.13162e-25 1.08611e-24 1.16492e-24 

         50
          150.0
  0.00001   1.70781e-29 2.50378e-28 5.56815e-27 5.53808e-25 1.04820e-23 2.83991e-23 1.72837e-22 1.59790e-21 
  0.00010   1.34994e-28 1.50921e-27 1.91681e-26 7.94425e-25 1.13569e-23 2.94270e-23 1.73530e-22 1.59688e-21 
  0.00100   1.12843e-27 1.06672e-26 1.00500e-25 1.93840e-24 1.72093e-23 3.81382e-23 1.82464e-22 1.61331e-21 
  0.01000   9.89812e-27 8.60647e-26 6.87542e-25 8.46097e-24 4.71693e-23 8.45049e-23 2.44045e-22 1.71735e-21 
  0.10000   8.34150e-26 6.59627e-25 4.48858e-24 3.39720e-23 1.21854e-22 1.78171e-22 3.75386e-22 1.46389e-21 
  1.00000   4.20030e-25 3.00393e-24 1.38314e-23 6.34288e-23 1.69749e-22 2.10364e-22 2.86355e-22 4.69074e-22 
 10.00000   6.00603e-25 3.38459e-24 1.02070e-23 5.27833e-23 8.88273e-23 9.57483e-23 1.12448e-22 1.21831e-22 
100.00000   2.02261e-26 9.39629e-26 2.83409e-25 1.26167e-24 1.84163e-24 1.97776e-24 2.13278e-24 2.21713e-24 

         50
          200.0
  0.00001   2.89355e-29 5.32401e-28 1.58595e-26 1.56378e-24 2.37087e-23 5.38761e-23 2.43582e-22 1.79414e-21 
  0.00010   2.15167e-28 2.50948e-27 3.62269e-26 1.81441e-24 2.41090e-23 5.42933e-23 2.43687e-22 1.79288e-21 
  0.00100   1.69817e-27 1.52982e-26 1.40213e-25 3.08628e-24 2.85300e-23 5.92930e-23 2.46779e-22 1.78509e-21 
  0.01000   1.43166e-26 1.11808e-25 8.10778e-25 1.01545e-23 5.59869e-23 9.79118e-23 2.80134e-22 1.74828e-21 
  0.10000   1.20135e-25 8.15779e-25 4.95821e-24 3.63864e-23 1.24579e-22 1.78975e-22 3.77563e-22 1.39358e-21 
  1.00000   6.11470e-25 3.41914e-24 1.54851e-23 6.36991e-23 1.62422e-22 2.01825e-22 2.79702e-22 4.37652e-22 
 10.00000   1.13733e-24 4.19281e-24 1.47573e-23 5.73508e-23 9.12624e-23 9.65535e-23 1.05099e-22 1.23298e-22 
100.00000   5.79624e-26 1.98274e-25 7.37681e-25 2.24284e-24 3.19177e-24 3.33603e-24 3.49745e-24 3.58614e-24 

         50
          250.0
  0.00001   4.07022e-29 1.09576e-27 4.00423e-26 3.23330e-24 3.90407e-23 7.84836e-23 2.92540e-22 1.89092e-21 
  0.00010   2.88092e-28 3.90477e-27 6.65614e-26 3.44373e-24 3.92627e-23 7.87078e-23 2.92392e-22 1.89028e-21 
  0.00100   2.17442e-27 2.02692e-26 1.92350e-25 4.71722e-24 4.20154e-23 8.16429e-23 2.93211e-22 1.88090e-21 
  0.01000   1.78611e-26 1.35014e-25 9.35992e-25 1.19313e-23 6.48896e-23 1.09516e-22 3.08856e-22 1.80154e-21 
  0.10000   1.47670e-25 9.42183e-25 5.31749e-24 3.83915e-23 1.25686e-22 1.77768e-22 3.84402e-22 1.31513e-21 
  1.00000   8.04216e-25 3.66570e-24 1.61444e-23 6.47935e-23 1.56901e-22 1.94877e-22 2.72615e-22 4.14851e-22 
 10.00000   1.57805e-24 4.86902e-24 1.95050e-23 6.11788e-23 8.81762e-23 9.24688e-23 9.93091e-23 1.32698e-22 
100.00000   1.12458e-25 3.26065e-25 1.47487e-24 3.40345e-24 4.64867e-24 4.93568e-24 5.25055e-24 5.40220e-24 

         50
          300.0
  0.00001   5.29600e-29 2.25992e-27 8.80484e-26 5.49740e-24 5.35539e-23 9.96646e-23 3.22389e-22 1.92885e-21 
  0.00010   3.48392e-28 6.01674e-27 1.17505e-25 5.64519e-24 5.37085e-23 9.97726e-23 3.22369e-22 1.92720e-21 
  0.00100   2.53519e-27 2.57284e-26 2.63047e-25 6.80004e-24 5.55758e-23 1.01726e-22 3.22102e-22 1.91854e-21 
  0.01000   2.04352e-26 1.55860e-25 1.06365e-24 1.37696e-23 7.29213e-23 1.20205e-22 3.31611e-22 1.82979e-21 
  0.10000   1.67868e-25 1.03998e-24 5.59441e-24 3.99212e-23 1.26679e-22 1.77407e-22 3.86613e-22 1.26293e-21 
  1.00000   9.40308e-25 3.81726e-24 1.65931e-23 6.63699e-23 1.52643e-22 1.91613e-22 2.65861e-22 3.97514e-22 
 10.00000   1.86130e-24 5.33017e-24 2.19478e-23 6.39310e-23 8.35780e-23 8.85093e-23 9.64948e-23 1.37912e-22 
100.00000   1.79953e-25 4.72165e-25 2.34273e-24 4.62393e-24 6.36231e-24 6.81681e-24 7.21463e-24 7.42875e-24 

         50
          350.0
  0.00001   6.67269e-29 4.35398e-27 1.69120e-25 8.22278e-24 6.61050e-23 1.16684e-22 3.41346e-22 1.89880e-21 
  0.00010   4.03530e-28 9.26212e-27 1.97536e-25 8.31333e-24 6.62453e-23 1.16785e-22 3.41048e-22 1.89725e-21 
  0.00100   2.84047e-27 3.23687e-26 3.57099e-25 9.27478e-24 6.74142e-23 1.17892e-22 3.41588e-22 1.88764e-21 
  0.01000   2.18420e-26 1.77410e-25 1.20788e-24 1.56069e-23 7.97608e-23 1.29368e-22 3.46192e-22 1.79910e-21 
  0.10000   1.76668e-25 1.11287e-24 5.81931e-24 4.05479e-23 1.26066e-22 1.78669e-22 3.82092e-22 1.23895e-21 
  1.00000   1.02078e-24 4.02517e-24 1.70685e-23 6.64326e-23 1.48418e-22 1.85436e-22 2.59765e-22 3.81575e-22 
 10.00000   1.98826e-24 5.48581e-24 2.35419e-23 6.39908e-23 8.13027e-23 8.64761e-23 9.66111e-23 1.37689e-22 
100.00000   2.58038e-25 6.15766e-25 3.27696e-24 5.79936e-24 8.32697e-24 8.73480e-24 9.22512e-24 9.36582e-24 

         50
          400.0
  0.00001   8.18891e-29 7.53973e-27 2.82352e-25 1.11136e-23 7.55666e-23 1.28616e-22 3.52992e-22 1.84962e-21 
  0.00010   4.59872e-28 1.35734e-26 3.10476e-25 1.11884e-23 7.56802e-23 1.28641e-22 3.53001e-22 1.84813e-21 
  0.00100   3.03806e-27 4.04504e-26 4.77895e-25 1.19955e-23 7.64551e-23 1.29277e-22 3.52874e-22 1.83794e-21 
  0.01000   2.28139e-26 1.96784e-25 1.37221e-24 1.76801e-23 8.55906e-23 1.37017e-22 3.51630e-22 1.75079e-21 
  0.10000   1.80617e-25 1.17832e-24 6.02498e-24 4.11439e-23 1.24194e-22 1.77628e-22 3.78240e-22 1.22531e-21 
  1.00000   1.06480e-24 4.16369e-24 1.72825e-23 6.53661e-23 1.44289e-22 1.79873e-22 2.52059e-22 3.78272e-22 
 10.00000   2.12425e-24 5.54241e-24 2.51988e-23 6.29537e-23 7.99086e-23 8.45333e-23 9.84515e-23 1.34073e-22 
100.00000   3.27850e-25 7.48918e-25 4.22013e-24 6.89922e-24 1.02799e-23 1.05996e-23 1.10065e-23 1.11652e-23 

         50
          600.0
  0.00001   1.54754e-28 3.47202e-26 1.07589e-24 2.26113e-23 9.96460e-23 1.53053e-22 3.73477e-22 1.54022e-21 
  0.00010   6.80818e-28 4.24371e-26 1.09156e-24 2.26499e-23 9.96453e-23 1.53045e-22 3.73324e-22 1.53917e-21 
  0.00100   3.69410e-27 8.22347e-26 1.24488e-24 2.30091e-23 9.98793e-23 1.53236e-22 3.73104e-22 1.53129e-21 
  0.01000   2.51250e-26 2.83288e-25 2.19300e-24 2.62736e-23 1.01866e-22 1.54482e-22 3.69985e-22 1.46813e-21 
  0.10000   1.89299e-25 1.39855e-24 6.80929e-24 4.21768e-23 1.21121e-22 1.67373e-22 3.63317e-22 1.06625e-21 
  1.00000   1.13810e-24 4.44255e-24 1.80617e-23 6.18877e-23 1.32423e-22 1.62002e-22 2.28457e-22 3.56179e-22 
 10.00000   2.46728e-24 5.52139e-24 2.80994e-23 6.00621e-23 7.50102e-23 8.06776e-23 9.33688e-23 1.19541e-22 
100.00000   5.59453e-25 1.26873e-24 8.11944e-24 1.11725e-23 1.63848e-23 1.70573e-23 1.77410e-23 1.81696e-23 

         51
          100.0
  0.00001   1.08643e-33 4.16276e-32 1.59563e-30 1.31223e-28 1.96687e-27 5.45666e-27 6.48915e-26 2.02963e-24 
  0.00010   1.04792e-32 3.40966e-31 1.00122e-29 3.40925e-28 3.16185e-27 7.42440e-27 7.13626e-26 2.04930e-24 
  0.00100   1.01699e-31 2.82354e-30 7.37884e-29 1.41973e-27 9.29812e-27 1.83195e-26 1.08713e-25 2.24346e-24 
  0.01000   9.90645e-31 2.40700e-29 5.75849e-28 8.28355e-27 4.72061e-26 8.58368e-26 2.90821e-25 2.79439e-24 
  0.10000   8.87728e-30 1.55838e-28 3.82132e-27 4.89973e-26 1.93341e-25 2.93543e-25 6.37190e-25 2.35904e-24 
  1.00000   4.26872e-29 3.90156e-28 1.45869e-26 1.16668e-25 2.56866e-25 3.19523e-25 4.67832e-25 6.72356e-25 
 10.00000   5.50286e-29 2.49742e-28 1.44035e-26 8.12352e-26 1.16891e-25 1.31664e-25 1.51815e-25 1.64579e-25 
100.00000   1.22171e-30 5.30168e-30 1.78984e-28 9.03433e-28 1.17262e-27 1.29184e-27 1.35231e-27 1.40771e-27 

         51
          150.0
  0.00001   3.93882e-33 1.42868e-31 5.15563e-30 6.17463e-28 8.60358e-27 2.27816e-26 2.16796e-25 2.93820e-24 
  0.00010   3.78884e-32 1.13328e-30 2.38197e-29 9.45970e-28 9.82976e-27 2.44601e-26 2.19189e-25 2.93667e-24 
  0.00100   3.65186e-31 8.97108e-30 1.33991e-28 2.47490e-27 1.76207e-26 3.69704e-26 2.45635e-25 2.97520e-24 
  0.01000   3.52843e-30 6.91026e-29 8.89024e-28 1.16205e-26 6.11070e-26 1.12901e-25 4.09310e-25 3.14247e-24 
  0.10000   3.10919e-29 4.31633e-28 5.93702e-27 5.85442e-26 2.13917e-25 3.15484e-25 6.74628e-25 2.37057e-24 
  1.00000   1.38976e-28 1.32239e-27 2.49683e-26 1.25704e-25 2.61564e-25 3.18570e-25 4.53409e-25 7.31696e-25 
 10.00000   1.90864e-28 1.06442e-27 3.26411e-26 8.62095e-26 1.32476e-25 1.52752e-25 1.74997e-25 1.97046e-25 
100.00000   8.91248e-30 4.94483e-29 7.75886e-28 2.02757e-27 2.68140e-27 2.84998e-27 3.11315e-27 3.60885e-27 

         51
          200.0
  0.00001   1.04246e-32 3.45052e-31 1.64362e-29 2.06758e-27 2.61035e-26 6.24639e-26 4.26119e-25 3.42589e-24 
  0.00010   1.00042e-31 2.59265e-30 5.19744e-29 2.43712e-27 2.69325e-26 6.32896e-26 4.27491e-25 3.42374e-24 
  0.00100   9.63079e-31 1.99504e-29 2.20893e-28 4.43434e-27 3.49885e-26 7.37810e-26 4.42229e-25 3.41644e-24 
  0.01000   9.28137e-30 1.48005e-28 1.23686e-27 1.58534e-26 8.30590e-26 1.51590e-25 5.64869e-25 3.42107e-24 
  0.10000   8.00097e-29 9.17746e-28 7.79172e-27 6.93864e-26 2.39061e-25 3.53154e-25 7.37185e-25 2.42429e-24 
  1.00000   3.60903e-28 3.20286e-27 3.28210e-26 1.35391e-25 2.69567e-25 3.26926e-25 4.57830e-25 7.96890e-25 
 10.00000   4.97685e-28 3.23031e-27 4.62065e-26 9.34632e-26 1.41055e-25 1.61237e-25 1.86430e-25 2.32023e-25 
100.00000   4.00342e-29 2.40669e-28 1.92897e-27 3.58612e-27 4.74770e-27 4.98992e-27 6.26332e-27 7.90573e-27 

         51
          250.0
  0.00001   2.23957e-32 6.51404e-31 4.97020e-29 5.40343e-27 6.05395e-26 1.29156e-25 6.49397e-25 3.78443e-24 
  0.00010   2.13995e-31 4.52194e-30 1.08140e-28 5.74252e-27 6.11405e-26 1.29603e-25 6.50070e-25 3.78205e-24 
  0.00100   2.05229e-30 3.38386e-29 3.56555e-28 8.11020e-27 6.74808e-26 1.36692e-25 6.58374e-25 3.75828e-24 
  0.01000   1.97410e-29 2.51837e-28 1.69677e-27 2.16836e-26 1.16360e-25 2.06698e-25 7.41446e-25 3.65084e-24 
  0.10000   1.68420e-28 1.60804e-27 9.93914e-27 8.30994e-26 2.73995e-25 4.03291e-25 8.31578e-25 2.51141e-24 
  1.00000   7.84934e-28 5.96170e-27 3.94950e-26 1.46366e-25 2.81818e-25 3.42265e-25 4.83859e-25 8.43311e-25 
 10.00000   1.11002e-27 7.30185e-27 5.48095e-26 1.06021e-25 1.52787e-25 1.70937e-25 2.00357e-25 2.79483e-25 
100.00000   1.30969e-28 7.16061e-28 3.57781e-27 5.63951e-27 7.71892e-27 8.40070e-27 1.23091e-26 1.72189e-26 

         51
          300.0
  0.00001   4.02944e-32 1.05091e-30 1.27577e-28 1.16486e-26 1.13681e-25 2.22474e-25 8.80114e-25 4.13706e-24 
  0.00010   3.84068e-31 6.75344e-30 2.11216e-28 1.19387e-26 1.14081e-25 2.22495e-25 8.80202e-25 4.13309e-24 
  0.00100   3.65003e-30 4.87127e-29 5.60935e-28 1.44199e-26 1.18876e-25 2.28109e-25 8.83783e-25 4.11013e-24 
  0.01000   3.49019e-29 3.58822e-28 2.29596e-27 3.02328e-26 1.63430e-25 2.82831e-25 9.28138e-25 3.90902e-24 
  0.10000   3.01822e-28 2.36983e-27 1.24878e-26 9.92684e-26 3.20445e-25 4.58307e-25 9.51338e-25 2.65903e-24 
  1.00000   1.41697e-27 9.23418e-27 4.67778e-26 1.63349e-25 3.05648e-25 3.68408e-25 5.31684e-25 9.15763e-25 
 10.00000   2.16213e-27 1.29138e-26 6.49196e-26 1.19768e-25 1.74656e-25 1.91931e-25 2.32450e-25 3.50031e-25 
100.00000   3.31219e-28 1.57018e-27 5.72135e-27 8.57051e-27 1.26497e-26 1.47573e-26 2.35233e-26 3.88180e-26 

         51
          350.0
  0.00001   6.31948e-32 1.56328e-30 2.64357e-28 2.13822e-26 1.86878e-25 3.48120e-25 1.13277e-24 4.53086e-24 
  0.00010   6.03866e-31 9.39070e-30 3.70014e-28 2.16527e-26 1.87109e-25 3.48468e-25 1.13265e-24 4.53095e-24 
  0.00100   5.71518e-30 6.31033e-29 8.39013e-28 2.41362e-26 1.90887e-25 3.51801e-25 1.13083e-24 4.50507e-24 
  0.01000   5.42717e-29 4.59739e-28 3.09967e-27 4.19258e-26 2.26415e-25 3.87044e-25 1.14301e-24 4.28320e-24 
  0.10000   4.75815e-28 3.06395e-27 1.54114e-26 1.17932e-25 3.79058e-25 5.34949e-25 1.08887e-24 2.87772e-24 
  1.00000   2.27823e-27 1.31722e-26 5.50747e-26 1.86401e-25 3.49542e-25 4.17206e-25 6.02583e-25 1.08476e-24 
 10.00000   3.84198e-27 1.94447e-26 7.46665e-26 1.34805e-25 2.10035e-25 2.27307e-25 3.12131e-25 4.78269e-25 
100.00000   6.96054e-28 2.83326e-27 8.17442e-27 1.32413e-26 2.09225e-26 2.57063e-26 4.22371e-26 7.71808e-26 

         51
          400.0
  0.00001   8.61006e-32 2.16140e-30 4.52051e-28 3.39093e-26 2.68949e-25 4.84633e-25 1.38662e-24 5.00684e-24 
  0.00010   8.18147e-31 1.21413e-29 5.77020e-28 3.42065e-26 2.69284e-25 4.84887e-25 1.38591e-24 5.00220e-24 
  0.00100   7.80465e-30 7.74129e-29 1.16609e-27 3.68420e-26 2.72622e-25 4.87476e-25 1.38420e-24 4.97375e-24 
  0.01000   7.44028e-29 5.41695e-28 4.01665e-27 5.66023e-26 3.05623e-25 5.15778e-25 1.37244e-24 4.68076e-24 
  0.10000   6.51661e-28 3.74132e-27 1.89129e-26 1.40420e-25 4.45215e-25 6.32714e-25 1.26067e-24 3.20592e-24 
  1.00000   3.31143e-27 1.66337e-26 6.36736e-26 2.16864e-25 3.99959e-25 4.84293e-25 6.90841e-25 1.35700e-24 
 10.00000   5.88605e-27 2.60990e-26 8.39257e-26 1.56637e-25 2.57249e-25 2.89266e-25 4.27993e-25 6.38201e-25 
100.00000   1.20059e-27 4.36321e-27 1.07734e-26 2.07901e-26 3.33190e-26 4.16206e-26 6.81910e-26 1.31151e-25 

         51
          600.0
  0.00001   1.78761e-31 5.42584e-30 1.68023e-27 1.09398e-25 6.72099e-25 1.08878e-24 2.42660e-24 7.43553e-24 
  0.00010   1.64395e-30 2.46579e-29 1.83842e-27 1.09762e-25 6.72170e-25 1.08811e-24 2.42703e-24 7.43352e-24 
  0.00100   1.52003e-29 1.30448e-28 2.84637e-27 1.12919e-25 6.74882e-25 1.08980e-24 2.42234e-24 7.41299e-24 
  0.01000   1.40666e-28 8.15645e-28 8.01883e-27 1.36957e-25 7.00517e-25 1.10284e-24 2.39012e-24 7.17068e-24 
  0.10000   1.26505e-27 5.64796e-27 3.36213e-26 2.51552e-25 8.16456e-25 1.14974e-24 2.15286e-24 6.03248e-24 
  1.00000   7.93415e-27 2.67012e-26 1.02897e-25 3.72404e-25 7.34818e-25 9.24510e-25 1.52748e-24 3.30396e-24 
 10.00000   1.57173e-26 4.71279e-26 1.18708e-25 3.43431e-25 6.07869e-25 7.13701e-25 1.03990e-24 1.52566e-24 
100.00000   4.60201e-27 1.25407e-26 2.24232e-26 9.76930e-26 1.31264e-25 1.57619e-25 2.40566e-25 4.92864e-25 

         52
          100.0
  0.00001   2.36698e-31 5.20142e-30 9.37252e-29 6.25498e-27 1.17984e-25 3.86590e-25 3.74396e-24 6.27615e-23 
  0.00010   1.95320e-30 4.10766e-29 5.35404e-28 1.50621e-26 1.78316e-25 4.91768e-25 3.94915e-24 6.38453e-23 
  0.00100   1.69717e-29 3.47698e-28 3.69869e-27 6.18545e-26 4.61069e-25 1.01040e-24 5.14880e-24 7.16271e-23 
  0.01000   1.49214e-28 3.03321e-27 2.82297e-26 3.54018e-25 1.93586e-24 3.39329e-24 1.02768e-23 1.03472e-22 
  0.10000   1.12367e-27 2.34935e-26 1.82661e-25 1.65797e-24 6.35831e-24 9.60182e-24 2.18820e-23 1.03250e-22 
  1.00000   4.25230e-27 9.92593e-26 4.92750e-25 3.82454e-24 1.07230e-23 1.37803e-23 2.09050e-23 3.36989e-23 
 10.00000   3.20315e-27 9.57283e-26 2.68706e-25 3.11318e-24 5.58064e-24 6.28008e-24 8.09828e-24 9.33792e-24 
100.00000   4.38157e-29 1.07596e-27 3.22556e-27 3.95022e-26 6.21701e-26 7.17739e-26 8.95363e-26 9.67630e-26 

         52
          150.0
  0.00001   7.41936e-31 1.21354e-29 2.81133e-28 2.82059e-26 4.66305e-25 1.33309e-24 7.66091e-24 9.46505e-23 
  0.00010   5.72585e-30 8.12495e-29 1.02177e-27 4.13938e-26 5.12114e-25 1.38848e-24 7.70737e-24 9.49030e-23 
  0.00100   4.71004e-29 5.95624e-28 5.44731e-27 1.02742e-25 8.07460e-25 1.85171e-24 8.25879e-24 9.74209e-23 
  0.01000   4.01540e-28 4.78375e-27 3.72776e-26 4.43201e-25 2.32227e-24 4.07805e-24 1.19646e-23 1.12411e-22 
  0.10000   3.10393e-27 3.60894e-26 2.36084e-25 1.79885e-24 6.59999e-24 9.87558e-24 2.31942e-23 1.04300e-22 
  1.00000   1.02381e-26 1.57115e-25 6.18077e-25 4.03192e-24 1.05266e-23 1.36134e-23 1.99675e-23 3.18014e-23 
 10.00000   8.08863e-27 1.61365e-25 3.93874e-25 3.70285e-24 6.51649e-24 7.03902e-24 7.80009e-24 9.47017e-24 
100.00000   2.61263e-28 3.86959e-27 8.93284e-27 9.48993e-26 1.45315e-25 1.54795e-25 1.70480e-25 1.77692e-25 

         52
          200.0
  0.00001   1.47308e-30 2.65602e-29 8.20797e-28 8.14214e-26 1.05229e-24 2.64693e-24 1.09393e-23 1.14473e-22 
  0.00010   1.11193e-29 1.40477e-28 1.91760e-27 9.48095e-26 1.07251e-24 2.67335e-24 1.09581e-23 1.14478e-22 
  0.00100   8.74524e-29 8.74107e-28 7.56632e-27 1.63601e-25 1.29943e-24 2.95762e-24 1.11724e-23 1.14797e-22 
  0.01000   7.19684e-28 6.38011e-27 4.44961e-26 5.31733e-25 2.67636e-24 4.75944e-24 1.35459e-23 1.18119e-22 
  0.10000   5.59607e-27 4.63101e-26 2.69771e-25 1.88518e-24 6.65514e-24 9.96783e-24 2.40710e-23 1.02138e-22 
  1.00000   2.08453e-26 1.96998e-25 7.14040e-25 4.10316e-24 1.01452e-23 1.31276e-23 1.94036e-23 3.21170e-23 
 10.00000   1.69577e-26 2.13984e-25 5.18294e-25 4.04190e-24 6.46283e-24 6.96359e-24 7.81751e-24 1.03126e-23 
100.00000   1.06122e-27 8.53472e-27 2.36300e-26 1.66859e-25 2.54635e-25 2.66856e-25 2.80201e-25 2.89973e-25 

         52
          250.0
  0.00001   2.20897e-30 5.64859e-29 2.22304e-27 1.70954e-25 1.75073e-24 3.93956e-24 1.35103e-23 1.26106e-22 
  0.00010   1.64855e-29 2.29491e-28 3.66420e-27 1.82263e-25 1.76159e-24 3.95622e-24 1.35201e-23 1.26108e-22 
  0.00100   1.25048e-28 1.20451e-27 1.05696e-26 2.49780e-25 1.90385e-24 4.13173e-24 1.36175e-23 1.26215e-22 
  0.01000   9.87986e-28 7.88033e-27 5.16272e-26 6.22443e-25 3.03951e-24 5.42196e-24 1.50302e-23 1.23960e-22 
  0.10000   7.60721e-27 5.51281e-26 2.93390e-25 1.95783e-24 6.69479e-24 9.95175e-24 2.42612e-23 9.78714e-23 
  1.00000   3.41009e-26 2.26596e-25 7.87607e-25 4.07138e-24 9.89966e-24 1.26662e-23 1.90248e-23 3.22520e-23 
 10.00000   3.17248e-26 2.62524e-25 6.98126e-25 4.14008e-24 6.06120e-24 6.70156e-24 8.21639e-24 1.16305e-23 
100.00000   3.05895e-27 1.49916e-26 5.91126e-26 2.49192e-25 3.79514e-25 4.00453e-25 4.24882e-25 4.40982e-25 

         52
          300.0
  0.00001   2.86427e-30 1.13250e-28 5.28306e-27 2.95344e-25 2.48322e-24 5.07706e-24 1.54988e-23 1.32278e-22 
  0.00010   2.09661e-29 3.63332e-28 6.93831e-27 3.02979e-25 2.48901e-24 5.08228e-24 1.55036e-23 1.32242e-22 
  0.00100   1.56288e-28 1.61975e-27 1.50126e-26 3.62382e-25 2.57654e-24 5.18482e-24 1.55423e-23 1.31831e-22 
  0.01000   1.19791e-27 9.42835e-27 6.01415e-26 7.23275e-25 3.47240e-24 6.07854e-24 1.64727e-23 1.28144e-22 
  0.10000   9.17889e-27 6.35732e-26 3.14196e-25 2.03186e-24 6.84062e-24 9.90178e-24 2.42714e-23 9.50630e-23 
  1.00000   4.19137e-26 2.51916e-25 8.37969e-25 4.00388e-24 9.74361e-24 1.24092e-23 1.87262e-23 3.13457e-23 
 10.00000   5.23985e-26 2.88103e-25 9.88192e-25 4.03382e-24 5.74859e-24 6.60470e-24 8.52516e-24 1.25898e-23 
100.00000   6.39713e-27 2.29399e-26 1.12114e-25 3.39382e-25 5.17376e-25 5.52105e-25 5.84554e-25 5.99292e-25 

         52
          350.0
  0.00001   3.49441e-30 2.09164e-28 1.07044e-26 4.45981e-25 3.15455e-24 6.00905e-24 1.73631e-23 1.33514e-22 
  0.00010   2.50155e-29 5.41618e-28 1.24333e-26 4.51419e-25 3.15984e-24 6.01641e-24 1.73668e-23 1.33445e-22 
  0.00100   1.84761e-28 2.10861e-27 2.14660e-26 5.00489e-25 3.21820e-24 6.07792e-24 1.74168e-23 1.32828e-22 
  0.01000   1.38002e-27 1.12221e-26 7.02498e-26 8.33836e-25 3.86907e-24 6.67166e-24 1.78212e-23 1.27501e-22 
  0.10000   1.02363e-26 7.13722e-26 3.32178e-25 2.10611e-24 6.89329e-24 9.79671e-24 2.47077e-23 9.27793e-23 
  1.00000   4.71871e-26 2.75656e-25 8.84194e-25 4.07674e-24 9.55244e-24 1.22703e-23 1.80921e-23 3.05414e-23 
 10.00000   7.38848e-26 3.06521e-25 1.20534e-24 4.04147e-24 5.68946e-24 6.38052e-24 8.55496e-24 1.32434e-23 
100.00000   9.95094e-27 3.09629e-26 1.63995e-25 4.25706e-25 6.48394e-25 7.04890e-25 7.35134e-25 7.82591e-25 

         52
          400.0
  0.00001   4.21972e-30 3.48984e-28 1.84679e-26 6.09996e-25 3.71790e-24 6.75320e-24 1.88962e-23 1.29861e-22 
  0.00010   2.86284e-29 7.64188e-28 2.02594e-26 6.13746e-25 3.72118e-24 6.75566e-24 1.88871e-23 1.29811e-22 
  0.00100   2.06163e-28 2.63430e-27 3.02138e-26 6.56325e-25 3.76196e-24 6.79662e-24 1.89306e-23 1.29328e-22 
  0.01000   1.51795e-27 1.30495e-26 8.23322e-26 9.63783e-25 4.26137e-24 7.23389e-24 1.94892e-23 1.24256e-22 
  0.10000   1.10966e-26 7.85905e-26 3.52049e-25 2.18946e-24 6.98001e-24 9.74973e-24 2.53358e-23 9.11324e-23 
  1.00000   5.26476e-26 2.91174e-25 9.28356e-25 4.09881e-24 9.49744e-24 1.19775e-23 1.77520e-23 3.00948e-23 
 10.00000   8.66566e-26 3.19204e-25 1.37615e-24 3.95241e-24 5.59468e-24 6.24354e-24 8.41204e-24 1.35953e-23 
100.00000   1.31789e-26 3.94719e-26 2.18069e-25 5.19568e-25 7.72526e-25 8.29235e-25 8.74347e-25 9.72042e-25 

         52
          600.0
  0.00001   8.25250e-30 1.44422e-27 7.31518e-26 1.35944e-24 5.49565e-24 8.61214e-24 2.50273e-23 1.10716e-22 
  0.00010   4.39892e-29 2.15749e-27 7.42765e-26 1.36060e-24 5.49995e-24 8.61422e-24 2.50261e-23 1.10695e-22 
  0.00100   2.68696e-28 4.92667e-27 8.43976e-26 1.38041e-24 5.51159e-24 8.62104e-24 2.50121e-23 1.10240e-22 
  0.01000   1.91575e-27 1.95481e-26 1.44627e-25 1.56993e-24 5.64144e-24 8.72128e-24 2.50689e-23 1.06014e-22 
  0.10000   1.38620e-26 1.02976e-25 4.33897e-25 2.46662e-24 7.20125e-24 1.03803e-23 2.52766e-23 8.06002e-23 
  1.00000   6.83252e-26 3.38199e-25 1.04499e-24 4.07710e-24 9.09831e-24 1.11823e-23 1.60028e-23 2.84659e-23 
 10.00000   1.25383e-25 3.71145e-25 1.72495e-24 3.80611e-24 5.62872e-24 6.10360e-24 7.41883e-24 1.34774e-23 
100.00000   2.81534e-26 7.16356e-26 4.32850e-25 8.17143e-25 1.20715e-24 1.22596e-24 1.43392e-24 1.66900e-24 

         53
          100.0
  0.00001   4.31404e-35 1.06797e-33 2.15462e-32 2.44134e-30 8.94844e-29 2.72174e-28 2.38556e-27 4.51021e-26 
  0.00010   4.24981e-34 9.87210e-33 1.81275e-31 7.65124e-30 1.34283e-28 3.40867e-28 2.50602e-27 4.54238e-26 
  0.00100   4.18531e-33 9.30237e-32 1.60500e-30 3.74833e-29 3.15637e-28 6.20258e-28 3.17106e-27 4.73972e-26 
  0.01000   4.11906e-32 8.82796e-31 1.46441e-29 2.26973e-28 1.19458e-27 2.13600e-27 6.90218e-27 5.79613e-26 
  0.10000   3.90207e-31 7.68816e-30 1.05079e-28 1.02765e-27 3.85452e-27 5.82864e-27 1.31302e-26 4.13927e-26 
  1.00000   2.58874e-30 3.64654e-29 3.82539e-28 2.15139e-27 4.72105e-27 5.94036e-27 8.39609e-27 1.30066e-26 
 10.00000   3.68245e-30 3.55189e-29 3.42688e-28 1.64369e-27 2.15961e-27 2.28442e-27 2.47089e-27 2.68582e-27 
100.00000   8.22427e-32 4.68387e-31 6.15310e-30 3.16959e-29 4.14840e-29 4.27695e-29 4.42581e-29 4.58153e-29 

         53
          150.0
  0.00001   1.90212e-34 3.66174e-33 7.17286e-32 1.98158e-29 4.88253e-28 1.16506e-27 7.25415e-27 6.70365e-26 
  0.00010   1.87883e-33 3.37234e-32 4.50331e-31 3.34311e-29 5.22263e-28 1.19562e-27 7.28427e-27 6.69948e-26 
  0.00100   1.85399e-32 3.08705e-31 3.25295e-30 8.74370e-29 7.32707e-28 1.45961e-27 7.63292e-27 6.70647e-26 
  0.01000   1.82479e-31 2.80721e-30 2.64368e-29 3.63008e-28 1.77852e-27 3.18875e-27 1.08923e-26 6.90670e-26 
  0.10000   1.72354e-30 2.30777e-29 1.79354e-28 1.45890e-27 4.87771e-27 7.14735e-27 1.50870e-26 4.55474e-26 
  1.00000   9.97681e-30 9.52041e-29 6.38432e-28 2.54397e-27 5.40621e-27 6.57393e-27 9.21676e-27 1.36968e-26 
 10.00000   1.59703e-29 1.21814e-28 7.15912e-28 1.93525e-27 2.58165e-27 2.80773e-27 3.19663e-27 3.82794e-27 
100.00000   6.25320e-31 3.44514e-30 2.47423e-29 7.48602e-29 9.31412e-29 1.03808e-28 1.14954e-28 1.21248e-28 

         53
          200.0
  0.00001   5.13771e-34 7.22675e-33 2.37419e-31 1.04225e-28 1.43548e-27 2.95085e-27 1.39707e-26 8.09723e-26 
  0.00010   5.10148e-33 6.79146e-32 1.10731e-30 1.25576e-28 1.45066e-27 2.96567e-27 1.39902e-26 8.08694e-26 
  0.00100   5.06543e-32 6.31139e-31 6.39102e-30 2.03784e-28 1.61580e-27 3.13397e-27 1.41622e-26 8.04825e-26 
  0.01000   5.02263e-31 5.80191e-30 4.34925e-29 5.67299e-28 2.74852e-27 4.76309e-27 1.60543e-26 7.83149e-26 
  0.10000   4.81622e-30 4.70936e-29 2.65437e-28 1.94219e-27 6.08064e-27 8.73023e-27 1.75204e-26 5.05238e-26 
  1.00000   2.63651e-29 1.78089e-28 8.74747e-28 3.05359e-27 6.13663e-27 7.36374e-27 1.03007e-26 1.64720e-26 
 10.00000   4.42614e-29 2.66781e-28 1.03318e-27 2.27036e-27 3.20924e-27 3.49410e-27 4.12516e-27 5.55700e-27 
100.00000   2.70300e-30 1.35913e-29 5.68492e-29 1.36792e-28 1.75306e-28 2.12060e-28 2.47895e-28 3.04129e-28 

         53
          250.0
  0.00001   1.04830e-33 1.08915e-32 7.16419e-31 3.63848e-28 3.27723e-27 6.13695e-27 2.19107e-26 9.29910e-26 
  0.00010   1.04544e-32 1.03891e-31 2.62248e-30 3.83404e-28 3.28929e-27 6.14469e-27 2.19132e-26 9.28890e-26 
  0.00100   1.04339e-31 9.92783e-31 1.24479e-29 4.74717e-28 3.40431e-27 6.24858e-27 2.19457e-26 9.20525e-26 
  0.01000   1.04174e-30 9.45612e-30 7.17904e-29 9.33404e-28 4.51246e-27 7.48025e-27 2.24424e-26 8.74025e-26 
  0.10000   1.01903e-29 7.94681e-29 3.88545e-28 2.61089e-27 7.70427e-27 1.07531e-26 2.08942e-26 5.60324e-26 
  1.00000   5.63860e-29 2.92020e-28 1.15814e-27 3.78269e-27 7.10397e-27 8.55228e-27 1.19949e-26 2.10981e-26 
 10.00000   9.47174e-29 4.47855e-28 1.35873e-27 2.82499e-27 4.15085e-27 4.51109e-27 5.66105e-27 8.29791e-27 
100.00000   9.06072e-30 3.62143e-29 1.10229e-28 2.35192e-28 3.24870e-28 4.06911e-28 4.93347e-28 7.52162e-28 

         53
          300.0
  0.00001   1.74607e-33 1.56228e-32 1.83725e-30 9.43459e-28 6.58888e-27 1.12908e-26 3.12835e-26 1.08651e-25 
  0.00010   1.74535e-32 1.48132e-31 5.55050e-30 9.57789e-28 6.59820e-27 1.13004e-26 3.12907e-26 1.08515e-25 
  0.00100   1.74518e-31 1.42208e-30 2.24694e-29 1.05676e-27 6.68262e-27 1.13622e-26 3.12623e-26 1.07580e-25 
  0.01000   1.74458e-30 1.37365e-29 1.17028e-28 1.62580e-27 7.63124e-27 1.20851e-26 3.08354e-26 1.00065e-25 
  0.10000   1.72830e-29 1.21247e-28 5.77356e-28 3.69430e-27 1.01917e-26 1.37146e-26 2.55482e-26 6.58879e-26 
  1.00000   1.01615e-28 4.45449e-28 1.56475e-27 4.86131e-27 8.75098e-27 1.06248e-26 1.50706e-26 2.71928e-26 
 10.00000   1.72380e-28 6.42682e-28 1.80006e-27 3.69427e-27 5.49024e-27 6.21023e-27 8.68375e-27 1.29345e-26 
100.00000   2.33103e-29 7.46540e-29 2.03029e-28 4.15557e-28 6.25290e-28 7.72471e-28 9.76470e-28 1.72666e-27 

         53
          350.0
  0.00001   2.58917e-33 2.21355e-32 4.00560e-30 2.01536e-27 1.20014e-26 1.88953e-26 4.43874e-26 1.29258e-25 
  0.00010   2.58724e-32 2.05804e-31 1.04056e-29 2.02997e-27 1.20055e-26 1.88916e-26 4.43514e-26 1.29316e-25 
  0.00100   2.58488e-31 1.96436e-30 3.68122e-29 2.14290e-27 1.20591e-26 1.88970e-26 4.41634e-26 1.28273e-25 
  0.01000   2.58449e-30 1.89806e-29 1.77791e-28 2.85509e-27 1.26642e-26 1.89376e-26 4.24845e-26 1.19820e-25 
  0.10000   2.56007e-29 1.71480e-28 8.68808e-28 5.41890e-27 1.43183e-26 1.91760e-26 3.31573e-26 8.41908e-26 
  1.00000   1.68221e-28 6.44296e-28 2.15965e-27 6.51832e-27 1.14509e-26 1.37917e-26 2.00227e-26 4.02520e-26 
 10.00000   2.95662e-28 8.57127e-28 2.39204e-27 5.05714e-27 7.84945e-27 9.30585e-27 1.36598e-26 2.00656e-26 
100.00000   5.02478e-29 1.30809e-28 3.48768e-28 7.86972e-28 1.22921e-27 1.49171e-27 1.91844e-27 3.36439e-27 

         53
          400.0
  0.00001   3.41478e-33 3.04430e-32 7.50106e-30 3.55693e-27 1.91650e-26 2.88034e-26 6.12143e-26 1.69437e-25 
  0.00010   3.41030e-32 2.76462e-31 1.73357e-29 3.57459e-27 1.91621e-26 2.87708e-26 6.11881e-26 1.69373e-25 
  0.00100   3.40774e-31 2.58686e-30 5.48537e-29 3.72146e-27 1.91918e-26 2.87594e-26 6.09158e-26 1.68816e-25 
  0.01000   3.40679e-30 2.47494e-29 2.49712e-28 4.66211e-27 1.96850e-26 2.85139e-26 5.83981e-26 1.60943e-25 
  0.10000   3.37644e-29 2.23148e-28 1.22858e-27 7.87588e-27 2.07043e-26 2.72335e-26 4.49890e-26 1.20129e-25 
  1.00000   2.36736e-28 8.88614e-28 3.02464e-27 9.10169e-27 1.62220e-26 1.94255e-26 2.88785e-26 5.86257e-26 
 10.00000   4.64420e-28 1.12382e-27 3.25410e-27 7.69663e-27 1.19978e-26 1.43302e-26 2.14227e-26 2.93891e-26 
100.00000   9.29036e-29 2.05836e-28 5.47579e-28 1.44788e-27 2.29076e-27 2.74223e-27 3.51109e-27 5.56864e-27 

         53
          600.0
  0.00001   6.78350e-33 8.91195e-32 4.03692e-29 1.38494e-26 7.21471e-26 1.05533e-25 2.01928e-25 5.74358e-25 
  0.00010   6.73964e-32 6.71454e-31 7.17284e-29 1.38758e-26 7.21336e-26 1.05533e-25 2.01929e-25 5.74153e-25 
  0.00100   6.70509e-31 5.70323e-30 1.69055e-28 1.41683e-26 7.21600e-26 1.05394e-25 2.01333e-25 5.71883e-25 
  0.01000   6.67725e-30 5.11328e-29 6.42713e-28 1.64633e-26 7.26902e-26 1.04152e-25 1.96242e-25 5.50131e-25 
  0.10000   6.59987e-29 4.40276e-28 3.17628e-27 2.51637e-26 7.34268e-26 9.70595e-26 1.65356e-25 4.08040e-25 
  1.00000   5.10148e-28 2.11181e-27 8.76694e-27 3.14318e-26 6.21934e-26 7.65648e-26 1.14751e-25 1.97677e-25 
 10.00000   1.35830e-27 2.84817e-27 9.74055e-27 3.16085e-26 4.69829e-26 5.61827e-26 7.42055e-26 1.08484e-25 
100.00000   4.43313e-28 7.63243e-28 2.57230e-27 8.98031e-27 1.43784e-26 1.65152e-26 2.00076e-26 2.59225e-26 

         54
          100.0
  0.00001   5.29141e-32 4.49152e-30 1.02344e-28 7.95501e-27 1.34185e-25 4.20262e-25 3.26722e-24 5.12166e-23 
  0.00010   4.27049e-31 3.32475e-29 5.22391e-28 1.64635e-26 1.89524e-25 5.18468e-25 3.42116e-24 5.17572e-23 
  0.00100   3.51022e-30 2.55688e-28 3.33856e-27 5.92915e-26 4.62178e-25 9.63879e-25 4.61101e-24 5.67910e-23 
  0.01000   3.01300e-29 2.05926e-27 2.50023e-26 3.28106e-25 1.76562e-24 3.06161e-24 9.89384e-24 7.70492e-23 
  0.10000   2.05194e-28 1.45545e-26 1.62963e-25 1.47060e-24 5.54664e-24 8.44179e-24 1.81439e-23 7.00604e-23 
  1.00000   7.01394e-28 5.65254e-26 4.80334e-25 2.94444e-24 7.57251e-24 9.57852e-24 1.51344e-23 2.87954e-23 
 10.00000   9.24081e-28 4.33259e-26 3.86187e-25 1.93612e-24 4.11513e-24 4.78952e-24 6.22393e-24 8.15485e-24 
100.00000   1.91908e-29 6.21260e-28 4.58760e-27 2.11117e-26 4.39022e-26 4.82460e-26 6.34966e-26 7.22696e-26 

         54
          150.0
  0.00001   2.81981e-31 1.29978e-29 3.85078e-28 3.65808e-26 5.11860e-25 1.32569e-24 6.76389e-24 7.13446e-23 
  0.00010   1.85981e-30 7.33085e-29 1.14994e-27 4.89278e-26 5.51178e-25 1.37554e-24 6.80629e-24 7.15131e-23 
  0.00100   1.29780e-29 4.77892e-28 5.34722e-27 1.05403e-25 8.29162e-25 1.75482e-24 7.45314e-24 7.25518e-23 
  0.01000   9.80943e-29 3.48104e-27 3.38183e-26 4.12608e-25 2.15093e-24 3.70985e-24 1.14507e-23 7.92390e-23 
  0.10000   5.62181e-28 2.42846e-26 2.03782e-25 1.59754e-24 5.88110e-24 8.82899e-24 1.83971e-23 6.69779e-23 
  1.00000   1.62266e-27 9.25867e-26 5.64758e-25 3.14204e-24 7.51125e-24 9.41648e-24 1.44286e-23 2.51687e-23 
 10.00000   2.08128e-27 8.55263e-26 5.23717e-25 2.61435e-24 5.08759e-24 5.54320e-24 6.37907e-24 7.75638e-24 
100.00000   9.94978e-29 2.35213e-27 1.27675e-26 5.71027e-26 9.92135e-26 1.06891e-25 1.27785e-25 1.39564e-25 

         54
          200.0
  0.00001   1.01955e-30 3.31354e-29 1.28420e-27 1.02780e-25 1.12018e-24 2.50658e-24 9.89304e-24 8.32508e-23 
  0.00010   6.23640e-30 1.42717e-28 2.42283e-27 1.14978e-25 1.13652e-24 2.52743e-24 9.91861e-24 8.32435e-23 
  0.00100   3.79314e-29 7.56605e-28 8.06409e-27 1.77296e-25 1.33043e-24 2.77031e-24 1.01781e-23 8.28595e-23 
  0.01000   2.49976e-28 4.92346e-27 4.21290e-26 5.02426e-25 2.51761e-24 4.35119e-24 1.29075e-23 8.17403e-23 
  0.10000   1.33608e-27 3.29026e-26 2.34251e-25 1.68262e-24 6.07493e-24 9.03338e-24 1.83017e-23 6.40189e-23 
  1.00000   3.50290e-27 1.26037e-25 6.26066e-25 3.22934e-24 7.23675e-24 9.13937e-24 1.41244e-23 2.33287e-23 
 10.00000   3.77470e-27 1.35895e-25 6.00849e-25 2.99170e-24 5.38447e-24 5.74645e-24 6.24324e-24 7.21279e-24 
100.00000   3.45946e-28 6.17244e-27 2.45443e-26 1.12620e-25 1.69322e-25 1.85936e-25 2.05329e-25 2.13967e-25 

         54
          250.0
  0.00001   2.31644e-30 7.74844e-29 3.52927e-27 2.08530e-25 1.80281e-24 3.70080e-24 1.23402e-23 8.91260e-23 
  0.00010   1.45387e-29 2.62318e-28 4.91660e-27 2.18188e-25 1.81195e-24 3.71224e-24 1.23572e-23 8.90481e-23 
  0.00100   8.70641e-29 1.12671e-27 1.18727e-26 2.79001e-25 1.92253e-24 3.85522e-24 1.24701e-23 8.85637e-23 
  0.01000   5.22030e-28 6.50781e-27 5.07326e-26 6.04953e-25 2.89045e-24 5.03029e-24 1.42946e-23 8.49689e-23 
  0.10000   2.78244e-27 4.10166e-26 2.60781e-25 1.75885e-24 6.18844e-24 9.06540e-24 1.79909e-23 6.27156e-23 
  1.00000   7.12507e-27 1.59432e-25 6.78130e-25 3.23746e-24 7.00936e-24 8.84768e-24 1.39314e-23 2.23051e-23 
 10.00000   6.62966e-27 1.81886e-25 6.61802e-25 3.21272e-24 5.19593e-24 5.57130e-24 6.03867e-24 7.17278e-24 
100.00000   9.45421e-28 1.25090e-26 3.88015e-26 1.80816e-25 2.48238e-25 2.78239e-25 2.97564e-25 3.05327e-25 

         54
          300.0
  0.00001   3.68469e-30 1.62251e-28 7.87559e-27 3.47298e-25 2.47411e-24 4.78784e-24 1.41400e-23 9.02585e-23 
  0.00010   2.36634e-29 4.38479e-28 9.39895e-27 3.54169e-25 2.48077e-24 4.79493e-24 1.41495e-23 9.02845e-23 
  0.00100   1.57715e-28 1.59832e-27 1.72611e-26 4.08123e-25 2.55606e-24 4.89436e-24 1.42542e-23 9.00890e-23 
  0.01000   9.44047e-28 8.25773e-27 6.02883e-26 7.20952e-25 3.30143e-24 5.76385e-24 1.53959e-23 8.69114e-23 
  0.10000   5.07433e-27 4.92399e-26 2.84572e-25 1.82909e-24 6.26875e-24 8.96269e-24 1.77321e-23 6.38225e-23 
  1.00000   1.35031e-26 1.94195e-25 7.27129e-25 3.18917e-24 6.88429e-24 8.68289e-24 1.36909e-23 2.16403e-23 
 10.00000   1.26670e-26 2.16068e-25 7.29263e-25 3.41478e-24 4.95077e-24 5.24800e-24 5.77216e-24 7.47107e-24 
100.00000   2.23975e-27 2.06767e-26 5.68995e-26 2.58661e-25 3.33335e-25 3.70863e-25 4.08045e-25 4.28680e-25 

         54
          350.0
  0.00001   5.12863e-30 3.05085e-28 1.49536e-26 5.08982e-25 3.11328e-24 5.73967e-24 1.56884e-23 8.92185e-23 
  0.00010   3.20617e-29 6.68458e-28 1.64546e-26 5.13281e-25 3.11321e-24 5.74086e-24 1.56933e-23 8.92287e-23 
  0.00100   2.13500e-28 2.16739e-27 2.48454e-26 5.58212e-25 3.16349e-24 5.80297e-24 1.57766e-23 8.87848e-23 
  0.01000   1.42277e-27 1.00691e-26 7.16401e-26 8.47204e-25 3.73452e-24 6.43297e-24 1.63222e-23 8.61370e-23 
  0.10000   8.18307e-27 5.74066e-26 3.06453e-25 1.90364e-24 6.28936e-24 8.88364e-24 1.75944e-23 6.35789e-23 
  1.00000   2.37586e-26 2.18707e-25 7.76976e-25 3.17161e-24 6.76180e-24 8.60406e-24 1.33203e-23 2.11678e-23 
 10.00000   2.46069e-26 2.56638e-25 7.81139e-25 3.53988e-24 4.79027e-24 5.08704e-24 5.68626e-24 7.49683e-24 
100.00000   4.88043e-27 3.03024e-26 8.94253e-26 3.39049e-25 4.21909e-25 4.67761e-25 5.30430e-25 5.69814e-25 

         54
          400.0
  0.00001   6.69138e-30 5.10210e-28 2.43338e-26 6.77782e-25 3.68460e-24 6.49129e-24 1.67839e-23 8.78877e-23 
  0.00010   3.91828e-29 9.41988e-28 2.57817e-26 6.81257e-25 3.68655e-24 6.49473e-24 1.67811e-23 8.78453e-23 
  0.00100   2.58661e-28 2.76387e-27 3.48748e-26 7.18422e-25 3.72434e-24 6.53617e-24 1.68065e-23 8.75284e-23 
  0.01000   1.77130e-27 1.19295e-26 8.45659e-26 9.80131e-25 4.16020e-24 6.98051e-24 1.70444e-23 8.46110e-23 
  0.10000   1.11724e-26 6.51369e-26 3.26374e-25 1.97606e-24 6.29031e-24 8.83865e-24 1.71764e-23 6.20107e-23 
  1.00000   3.65738e-26 2.38604e-25 8.18539e-25 3.14269e-24 6.71135e-24 8.43919e-24 1.30526e-23 2.10565e-23 
 10.00000   4.27876e-26 2.95855e-25 8.26891e-25 3.50659e-24 4.67030e-24 5.00084e-24 5.76470e-24 7.35111e-24 
100.00000   9.26858e-27 4.13754e-26 1.22657e-25 4.16048e-25 5.03933e-25 5.71967e-25 6.57288e-25 7.05836e-25 

         54
          600.0
  0.00001   1.42430e-29 1.96367e-27 8.12955e-26 1.36105e-24 5.40456e-24 8.35895e-24 1.83800e-23 7.74258e-23 
  0.00010   6.58192e-29 2.54716e-27 8.21794e-26 1.36305e-24 5.40367e-24 8.35939e-24 1.83726e-23 7.73994e-23 
  0.00100   3.69062e-28 5.15601e-27 9.08261e-26 1.37808e-24 5.41383e-24 8.36539e-24 1.83511e-23 7.71056e-23 
  0.01000   2.52227e-27 1.82070e-26 1.46094e-25 1.52697e-24 5.53258e-24 8.40843e-24 1.80052e-23 7.47962e-23 
  0.10000   1.87935e-26 8.96894e-26 4.04215e-25 2.24046e-24 6.25253e-24 8.74253e-24 1.61720e-23 5.49878e-23 
  1.00000   8.90934e-26 2.98876e-25 9.09374e-25 3.03375e-24 6.36501e-24 8.00578e-24 1.18856e-23 1.99231e-23 
 10.00000   1.45555e-25 4.02748e-25 1.00415e-24 3.15251e-24 4.52681e-24 5.00530e-24 5.87739e-24 6.80458e-24 
100.00000   4.09301e-26 9.11118e-26 2.51081e-25 6.50459e-25 8.57479e-25 9.26741e-25 1.16948e-24 1.25782e-24 

         55
          100.0
  0.00001   1.15580e-33 1.17549e-32 2.65500e-31 2.26025e-29 6.06851e-28 1.72715e-27 1.54452e-26 3.37524e-25 
  0.00010   1.13466e-32 1.08457e-31 1.88648e-30 6.08033e-29 8.88961e-28 2.24279e-27 1.61955e-26 3.39111e-25 
  0.00100   1.11847e-31 1.00311e-30 1.47110e-29 2.75639e-28 2.09792e-27 4.32242e-27 2.15120e-26 3.55027e-25 
  0.01000   1.09469e-30 9.33072e-30 1.22101e-28 1.63602e-27 8.23758e-27 1.43143e-26 4.76025e-26 4.03013e-25 
  0.10000   1.00571e-29 7.34243e-29 8.40047e-28 7.28581e-27 2.80344e-26 4.12018e-26 8.53733e-26 2.88195e-25 
  1.00000   5.96885e-29 2.60509e-28 2.71567e-27 1.57670e-26 3.22620e-26 3.81635e-26 5.76055e-26 9.24018e-26 
 10.00000   7.44724e-29 1.55090e-28 2.12185e-27 1.01920e-26 1.29045e-26 1.39961e-26 1.73666e-26 2.63727e-26 
100.00000   9.76605e-31 2.16998e-30 3.55574e-29 2.23204e-28 3.08987e-28 3.30705e-28 3.73115e-28 7.91975e-28 

         55
          150.0
  0.00001   2.13456e-33 2.29675e-32 6.25021e-31 1.43808e-28 2.88528e-27 6.92341e-27 4.25850e-26 5.11848e-25 
  0.00010   2.09449e-32 2.10512e-31 3.84001e-30 2.20868e-28 3.11864e-27 7.18174e-27 4.29200e-26 5.11595e-25 
  0.00100   2.05648e-31 1.93186e-30 2.52604e-29 5.51910e-28 4.56762e-27 9.15771e-27 4.68556e-26 5.09145e-25 
  0.01000   2.01460e-30 1.75632e-29 1.80332e-28 2.37345e-27 1.18482e-26 2.06036e-26 7.03932e-26 4.92780e-25 
  0.10000   1.84308e-29 1.31464e-28 1.13103e-27 9.49748e-27 3.44020e-26 5.10324e-26 1.01457e-25 2.88501e-25 
  1.00000   1.06114e-28 3.95932e-28 3.76584e-27 1.85839e-26 3.54986e-26 4.19323e-26 6.09883e-26 1.27713e-25 
 10.00000   1.39589e-28 3.22009e-28 3.59552e-27 1.29058e-26 1.76012e-26 1.95633e-26 2.33435e-26 6.97553e-26 
100.00000   4.08368e-30 1.24850e-29 1.25755e-28 5.24995e-28 7.40077e-28 8.06148e-28 1.04490e-27 3.10468e-27 

         55
          200.0
  0.00001   3.39738e-33 3.78996e-32 1.23821e-30 5.16063e-28 7.38468e-27 1.55130e-26 7.78363e-26 6.19375e-25 
  0.00010   3.34963e-32 3.43253e-31 6.75983e-30 6.22517e-28 7.55447e-27 1.56698e-26 7.80323e-26 6.18558e-25 
  0.00100   3.30584e-31 3.13174e-30 3.95742e-29 1.04046e-27 8.87815e-27 1.71028e-26 8.01970e-26 6.11202e-25 
  0.01000   3.26471e-30 2.82553e-29 2.48484e-28 3.28418e-27 1.65576e-26 2.90214e-26 9.80836e-26 5.66363e-25 
  0.10000   3.02241e-29 2.09785e-28 1.42485e-27 1.17411e-26 4.08341e-26 6.06527e-26 1.21140e-25 3.17391e-25 
  1.00000   1.61295e-28 5.69720e-28 4.60963e-27 2.10928e-26 3.93275e-26 4.74344e-26 6.68389e-26 1.91885e-25 
 10.00000   2.14610e-28 5.63438e-28 5.19324e-27 1.46369e-26 2.19134e-26 2.39695e-26 3.15749e-26 1.56074e-25 
100.00000   1.08978e-29 3.81714e-29 2.95105e-28 8.93342e-28 1.28816e-27 1.50298e-27 2.22673e-27 1.07238e-26 

         55
          250.0
  0.00001   4.71931e-33 5.42106e-32 2.21658e-30 1.17256e-27 1.37451e-26 2.69819e-26 1.14627e-25 6.65750e-25 
  0.00010   4.67864e-32 4.79570e-31 1.03957e-29 1.31013e-27 1.39263e-26 2.71598e-26 1.14693e-25 6.64654e-25 
  0.00100   4.65165e-31 4.33799e-30 5.59463e-29 1.78663e-27 1.51316e-26 2.85282e-26 1.15688e-25 6.56952e-25 
  0.01000   4.62875e-30 3.93136e-29 3.21780e-28 4.36591e-27 2.27555e-26 3.99605e-26 1.27450e-25 6.05250e-25 
  0.10000   4.38766e-29 2.96291e-28 1.74108e-27 1.39608e-26 4.73189e-26 7.00796e-26 1.42788e-25 3.63696e-25 
  1.00000   2.15971e-28 8.18746e-28 5.39118e-27 2.32610e-26 4.29958e-26 5.28820e-26 7.70815e-26 2.91744e-25 
 10.00000   2.94183e-28 9.01048e-28 6.91919e-27 1.61337e-26 2.52121e-26 2.68935e-26 4.42327e-26 2.79162e-25 
100.00000   2.21372e-29 7.81891e-29 5.55594e-28 1.31060e-27 1.99158e-27 2.48522e-27 4.31987e-27 2.73681e-26 

         55
          300.0
  0.00001   5.77713e-33 6.91651e-32 3.86858e-30 2.04521e-27 2.16974e-26 4.19903e-26 1.51771e-25 6.74893e-25 
  0.00010   5.74443e-32 5.94939e-31 1.47214e-29 2.20122e-27 2.18797e-26 4.22206e-26 1.51829e-25 6.73941e-25 
  0.00100   5.72708e-31 5.33692e-30 7.23992e-29 2.73687e-27 2.30196e-26 4.38102e-26 1.52365e-25 6.67181e-25 
  0.01000   5.71420e-30 4.86691e-29 3.92218e-28 5.54635e-27 3.06769e-26 5.32386e-26 1.57132e-25 6.22156e-25 
  0.10000   5.54003e-29 3.72682e-28 2.04142e-27 1.62153e-26 5.40681e-26 7.99855e-26 1.62711e-25 4.21458e-25 
  1.00000   2.74383e-28 1.12752e-27 6.36836e-27 2.53131e-26 4.65344e-26 5.77332e-26 9.32183e-26 4.36591e-25 
 10.00000   3.66576e-28 1.35807e-27 8.39706e-27 1.75995e-26 2.76577e-26 3.01004e-26 6.12744e-26 4.17275e-25 
100.00000   3.91846e-29 1.44900e-28 9.06276e-28 1.79033e-27 2.95224e-27 3.75114e-27 8.07752e-27 5.25777e-26 

         55
          350.0
  0.00001   6.68424e-33 8.54543e-32 6.70694e-30 3.07404e-27 3.03492e-26 5.75809e-26 1.83779e-25 7.13043e-25 
  0.00010   6.64272e-32 7.05919e-31 1.99672e-29 3.22562e-27 3.05416e-26 5.78290e-26 1.83865e-25 7.13604e-25 
  0.00100   6.63747e-31 6.17220e-30 8.82884e-29 3.82040e-27 3.17368e-26 5.93449e-26 1.83824e-25 7.08796e-25 
  0.01000   6.63111e-30 5.56193e-29 4.56016e-28 6.76689e-27 3.93553e-26 6.78262e-26 1.87776e-25 6.71879e-25 
  0.10000   6.49388e-29 4.35564e-28 2.31095e-27 1.86336e-26 6.15180e-26 8.92484e-26 1.79023e-25 5.18091e-25 
  1.00000   3.42255e-28 1.41919e-27 7.27640e-27 2.75385e-26 5.12536e-26 6.40371e-26 1.09103e-25 5.87538e-25 
 10.00000   4.51118e-28 1.87003e-27 9.47644e-27 1.89466e-26 2.98254e-26 3.56786e-26 8.51034e-26 5.53205e-25 
100.00000   6.23775e-29 2.46970e-28 1.31790e-27 2.32011e-27 4.29102e-27 5.65861e-27 1.39419e-26 8.43082e-26 

         55
          400.0
  0.00001   7.26969e-33 9.92540e-32 1.09056e-29 4.17138e-27 3.85345e-26 7.17950e-26 2.12518e-25 7.62357e-25 
  0.00010   7.23351e-32 8.04719e-31 2.61483e-29 4.30654e-27 3.86830e-26 7.19755e-26 2.12475e-25 7.60249e-25 
  0.00100   7.20967e-31 6.86985e-30 1.02742e-28 4.94986e-27 3.99779e-26 7.35327e-26 2.12964e-25 7.58164e-25 
  0.01000   7.19730e-30 6.09909e-29 5.05955e-28 7.97192e-27 4.73901e-26 8.10869e-26 2.14137e-25 7.31288e-25 
  0.10000   7.08421e-29 4.80654e-28 2.52763e-27 2.06942e-26 6.84590e-26 9.75251e-26 1.95627e-25 6.14655e-25 
  1.00000   4.05652e-28 1.68845e-27 8.03079e-27 2.93583e-26 5.54756e-26 7.22575e-26 1.30166e-25 7.28941e-25 
 10.00000   5.43449e-28 2.34184e-27 1.05262e-26 2.05272e-26 3.13207e-26 4.25359e-26 1.07910e-25 6.63161e-25 
100.00000   9.03133e-29 3.64188e-28 1.75728e-27 2.84642e-27 5.98710e-27 8.17865e-27 2.07917e-26 1.17822e-25 

         55
          600.0
  0.00001   9.14215e-33 1.49182e-31 4.13668e-29 8.50016e-27 6.23584e-26 1.06576e-25 2.63370e-25 1.06498e-24 
  0.00010   8.96463e-32 1.07441e-30 6.27573e-29 8.56792e-27 6.24242e-26 1.06710e-25 2.63563e-25 1.06490e-24 
  0.00100   8.80938e-31 8.36085e-30 1.53775e-28 9.18168e-27 6.34585e-26 1.07870e-25 2.64761e-25 1.06201e-24 
  0.01000   8.70762e-30 7.04517e-29 6.19498e-28 1.24666e-26 6.95154e-26 1.12820e-25 2.65972e-25 1.04429e-24 
  0.10000   8.50297e-29 5.54789e-28 2.95449e-27 2.55172e-26 8.48500e-26 1.21836e-25 2.47392e-25 1.01719e-24 
  1.00000   5.40597e-28 2.42774e-27 9.72556e-27 3.43447e-26 7.68487e-26 1.03761e-25 2.29396e-25 1.18801e-24 
 10.00000   9.71550e-28 3.79690e-27 1.25026e-26 2.65019e-26 5.10132e-26 7.32008e-26 1.81252e-25 1.03984e-24 
100.00000   2.52805e-28 9.41704e-28 3.17619e-27 5.92953e-27 1.51802e-26 2.23938e-26 5.34552e-26 2.54125e-25 

